index,grupo,instituicao,ano,titulo,url,nota,acesso,tipo_fonte,referencia_apa7,camadas_relacionadas,uso_no_projeto
0,"Projeto, equipe e PRICI",Organização de Estados Ibero-americanos,2026,"Programa de Rotas e Itinerários Culturais Ibero-americanos, PRICI",https://oei.int/oficinas/secretaria-general/programas/programa-de-cooperacion-interinstitucional-de-rutas-e-itinerarios-culturales-euro-iberoamericanos/,,5 ago. 2026,Página institucional ou portal,"Organização de Estados Ibero-americanos. (2026). *Programa de Rotas e Itinerários Culturais Ibero-americanos, PRICI* [Página institucional ou portal]. Recuperado em 6 de agosto de 2026, de https://oei.int/oficinas/secretaria-general/programas/programa-de-cooperacion-interinstitucional-de-rutas-e-itinerarios-culturales-euro-iberoamericanos",,"Fonte do grupo temático Projeto, equipe e PRICI."
1,"Projeto, equipe e PRICI",Organização de Estados Ibero-americanos,2026,"Declaração da I Reunião do Programa de Rotas e Itinerários Culturais Ibero-americanos, Huelva, 4 de junho de 2026",https://oei.int/wp-content/uploads/2023/04/2-prici-declaracao-i-reuniao-do-programa-rotas-culturais-pt-sf.pdf,,5 ago. 2026,Documento ou publicação institucional,"Organização de Estados Ibero-americanos. (2026). *Declaração da I Reunião do Programa de Rotas e Itinerários Culturais Ibero-americanos, Huelva, 4 de junho de 2026* [Documento ou publicação institucional]. https://oei.int/wp-content/uploads/2023/04/2-prici-declaracao-i-reuniao-do-programa-rotas-culturais-pt-sf.pdf",,"Fonte do grupo temático Projeto, equipe e PRICI."
2,"Projeto, equipe e PRICI",ORCID,s.d.,"Carlos Busón Buesa, registro ORCID 0000-0002-1446-2252",https://orcid.org/0000-0002-1446-2252,,5 ago. 2026,Página institucional ou portal,"ORCID. (s.d.). *Carlos Busón Buesa, registro ORCID 0000-0002-1446-2252* [Página institucional ou portal]. Recuperado em 6 de agosto de 2026, de https://orcid.org/0000-0002-1446-2252",,"Fonte do grupo temático Projeto, equipe e PRICI."
3,"Projeto, equipe e PRICI",Universidade Estadual de Mato Grosso do Sul,2026,Corpo docente do Programa de Pós-Graduação em Desenvolvimento Regional e de Sistemas Produtivos,https://www.uems.br/ppg/ppgdrs/Corpo-Docente,Perfil institucional de Carlos Otávio Zamberlan,5 ago. 2026,Página institucional ou portal,"Universidade Estadual de Mato Grosso do Sul. (2026). *Corpo docente do Programa de Pós-Graduação em Desenvolvimento Regional e de Sistemas Produtivos* [Página institucional ou portal]. Recuperado em 6 de agosto de 2026, de https://www.uems.br/ppg/ppgdrs/Corpo-Docente",,Perfil institucional de Carlos Otávio Zamberlan
4,"Projeto, equipe e PRICI",Universidade Estadual de Mato Grosso do Sul,2026,Docentes do curso de Administração da Unidade de Ponta Porã,https://www.uems.br/cursos/graduacao/administracao-bacharelado-ponta-pora/Docentes,Perfil institucional de Moisés Centenaro,5 ago. 2026,Página institucional ou portal,"Universidade Estadual de Mato Grosso do Sul. (2026). *Docentes do curso de Administração da Unidade de Ponta Porã* [Página institucional ou portal]. Recuperado em 6 de agosto de 2026, de https://www.uems.br/cursos/graduacao/administracao-bacharelado-ponta-pora/Docentes",,Perfil institucional de Moisés Centenaro
5,"Projeto, equipe e PRICI",ORCID,s.d.,"Carlos Otávio Zamberlan, registro ORCID 0000-0001-9975-9612",https://orcid.org/0000-0001-9975-9612,,5 ago. 2026,Página institucional ou portal,"ORCID. (s.d.). *Carlos Otávio Zamberlan, registro ORCID 0000-0001-9975-9612* [Página institucional ou portal]. Recuperado em 6 de agosto de 2026, de https://orcid.org/0000-0001-9975-9612",,"Fonte do grupo temático Projeto, equipe e PRICI."
6,"Projeto, equipe e PRICI",ORCID,s.d.,"Moisés Centenaro, registro ORCID 0000-0003-2299-9102",https://orcid.org/0000-0003-2299-9102,,5 ago. 2026,Página institucional ou portal,"ORCID. (s.d.). *Moisés Centenaro, registro ORCID 0000-0003-2299-9102* [Página institucional ou portal]. Recuperado em 6 de agosto de 2026, de https://orcid.org/0000-0003-2299-9102",,"Fonte do grupo temático Projeto, equipe e PRICI."
7,"Território, municípios e população",IBGE,2025,"Malha Municipal Digital 2025, Mato Grosso do Sul",https://geoftp.ibge.gov.br/organizacao_do_territorio/malhas_territoriais/malhas_municipais/municipio_2025/UFs/MS/MS_Municipios_2025.zip,,5 ago. 2026,Conjunto de dados,"IBGE. (2025). *Malha Municipal Digital 2025, Mato Grosso do Sul* [Conjunto de dados]. https://geoftp.ibge.gov.br/organizacao_do_territorio/malhas_territoriais/malhas_municipais/municipio_2025/UFs/MS/MS_Municipios_2025.zip",,"Fonte do grupo temático Território, municípios e população."
8,"Território, municípios e população",IBGE,2025,Estimativas da população residente para os municípios e unidades da Federação,https://www.ibge.gov.br/estatisticas/sociais/populacao/9103-estimativas-de-populacao.html,,5 ago. 2026,Página institucional ou portal,"IBGE. (2025). *Estimativas da população residente para os municípios e unidades da Federação* [Página institucional ou portal]. Recuperado em 6 de agosto de 2026, de https://www.ibge.gov.br/estatisticas/sociais/populacao/9103-estimativas-de-populacao.html",,"Fonte do grupo temático Território, municípios e população."
9,"Território, municípios e população",IBGE,s.d.,IBGE Cidades e Estados,https://cidades.ibge.gov.br/,,5 ago. 2026,Página institucional ou portal,"IBGE. (s.d.). *IBGE Cidades e Estados* [Página institucional ou portal]. Recuperado em 6 de agosto de 2026, de https://cidades.ibge.gov.br",,"Fonte do grupo temático Território, municípios e população."
10,"Território, municípios e população",IBGE,s.d.,"API de Localidades, municípios brasileiros",https://servicodados.ibge.gov.br/api/docs/localidades,,5 ago. 2026,Serviço ou API geoespacial,"IBGE. (s.d.). *API de Localidades, municípios brasileiros* [Serviço ou API geoespacial]. Recuperado em 6 de agosto de 2026, de https://servicodados.ibge.gov.br/api/docs/localidades",,"Fonte do grupo temático Território, municípios e população."
11,"Território, municípios e população",IBGE,2022,Localidades do Brasil,https://www.ibge.gov.br/geociencias/organizacao-do-territorio/estrutura-territorial/27385-localidades.html,,5 ago. 2026,Página institucional ou portal,"IBGE. (2022). *Localidades do Brasil* [Página institucional ou portal]. Recuperado em 6 de agosto de 2026, de https://www.ibge.gov.br/geociencias/organizacao-do-territorio/estrutura-territorial/27385-localidades.html",,"Fonte do grupo temático Território, municípios e população."
12,"Território, municípios e população",IBGE,2022,Pacote vetorial Localidades do Brasil por unidades da Federação,https://geoftp.ibge.gov.br/organizacao_do_territorio/estrutura_territorial/localidades/Localidades_do_Brasil/2022/Localidades_UFs_shp.zip,,5 ago. 2026,Conjunto de dados,IBGE. (2022). *Pacote vetorial Localidades do Brasil por unidades da Federação* [Conjunto de dados]. https://geoftp.ibge.gov.br/organizacao_do_territorio/estrutura_territorial/localidades/Localidades_do_Brasil/2022/Localidades_UFs_shp.zip,localidades_ibge_completas,"Fonte do grupo temático Território, municípios e população."
13,"Território, municípios e população",PIN MS e AGRAER,s.d.,"Estado de Mato Grosso do Sul político, limites municipais",https://www.pinms.ms.gov.br/arcgis/rest/services/AGRAER_SERVICOS/Estado_de_MS_Politico/MapServer/0,,5 ago. 2026,Serviço ou API geoespacial,"PIN MS e AGRAER. (s.d.). *Estado de Mato Grosso do Sul político, limites municipais* [Serviço ou API geoespacial]. Recuperado em 6 de agosto de 2026, de https://www.pinms.ms.gov.br/arcgis/rest/services/AGRAER_SERVICOS/Estado_de_MS_Politico/MapServer/0",,"Fonte do grupo temático Território, municípios e população."
14,"Território, municípios e população",PIN MS e AGRAER,s.d.,Sedes municipais e aglomerados rurais e urbanos,https://www.pinms.ms.gov.br/arcgis/rest/services/AGRAER_SERVICOS/Sede_dos_municipios_e_aglomerados_rurais_e_urbano/FeatureServer/0,,5 ago. 2026,Serviço ou API geoespacial,"PIN MS e AGRAER. (s.d.). *Sedes municipais e aglomerados rurais e urbanos* [Serviço ou API geoespacial]. Recuperado em 6 de agosto de 2026, de https://www.pinms.ms.gov.br/arcgis/rest/services/AGRAER_SERVICOS/Sede_dos_municipios_e_aglomerados_rurais_e_urbano/FeatureServer/0",,"Fonte do grupo temático Território, municípios e população."
15,"Território, municípios e população",PIN MS e AGRAER,s.d.,Aglomerados rurais e urbanos,https://www.pinms.ms.gov.br/arcgis/rest/services/AGRAER_SERVICOS/Sede_dos_municipios_e_aglomerados_rurais_e_urbano/FeatureServer/1,,5 ago. 2026,Serviço ou API geoespacial,"PIN MS e AGRAER. (s.d.). *Aglomerados rurais e urbanos* [Serviço ou API geoespacial]. Recuperado em 6 de agosto de 2026, de https://www.pinms.ms.gov.br/arcgis/rest/services/AGRAER_SERVICOS/Sede_dos_municipios_e_aglomerados_rurais_e_urbano/FeatureServer/1",localidades_aglomerados,"Fonte do grupo temático Território, municípios e população."
16,Localidades indígenas e quilombolas,IBGE,"2022, atualização 2025",Localidades Indígenas do Censo Demográfico 2022,https://geoftp.ibge.gov.br/organizacao_do_territorio/estrutura_territorial/localidades/localidades_indigenas_2022/,Arquivo utilizado atualizado em 19 de setembro de 2025,5 ago. 2026,Página institucional ou portal,"IBGE. (2025). *Localidades Indígenas do Censo Demográfico 2022* [Página institucional ou portal]. Recuperado em 6 de agosto de 2026, de https://geoftp.ibge.gov.br/organizacao_do_territorio/estrutura_territorial/localidades/localidades_indigenas_2022",,Arquivo utilizado atualizado em 19 de setembro de 2025
17,Localidades indígenas e quilombolas,IBGE,"2022, arquivo 2024",Localidades Quilombolas do Censo Demográfico 2022,https://geoftp.ibge.gov.br/organizacao_do_territorio/estrutura_territorial/localidades/localidades_quilombolas_2022/,Arquivo utilizado datado de 10 de julho de 2024,5 ago. 2026,Página institucional ou portal,"IBGE. (2024). *Localidades Quilombolas do Censo Demográfico 2022* [Página institucional ou portal]. Recuperado em 6 de agosto de 2026, de https://geoftp.ibge.gov.br/organizacao_do_territorio/estrutura_territorial/localidades/localidades_quilombolas_2022",,Arquivo utilizado datado de 10 de julho de 2024
18,Localidades indígenas e quilombolas,IBGE,2022,"Censo Demográfico 2022, quilombolas e indígenas, níveis geográficos e recortes territoriais",https://biblioteca.ibge.gov.br/index.php/biblioteca-catalogo?id=73107&view=detalhes,,5 ago. 2026,Página institucional ou portal,"IBGE. (2022). *Censo Demográfico 2022, quilombolas e indígenas, níveis geográficos e recortes territoriais* [Página institucional ou portal]. Recuperado em 6 de agosto de 2026, de https://biblioteca.ibge.gov.br/index.php/biblioteca-catalogo?id=73107&view=detalhes",,Fonte do grupo temático Localidades indígenas e quilombolas.
19,Localidades indígenas e quilombolas,Fundação de Turismo de Mato Grosso do Sul,"2025, publicado em 2026",Guia de Afroturismo Isto é Mato Grosso do Sul,https://www.turismo.ms.gov.br/wp-content/uploads/2026/05/Guia-Isto-e-Mato-Grosso-do-Sul-AFROTURISMO.pdf,,5 ago. 2026,Documento ou publicação institucional,Fundação de Turismo de Mato Grosso do Sul. (2026). *Guia de Afroturismo Isto é Mato Grosso do Sul* [Documento ou publicação institucional]. https://www.turismo.ms.gov.br/wp-content/uploads/2026/05/Guia-Isto-e-Mato-Grosso-do-Sul-AFROTURISMO.pdf,,Fonte do grupo temático Localidades indígenas e quilombolas.
20,Educação,INEP,2025,Catálogo de Escolas,https://www.gov.br/inep/pt-br/acesso-a-informacao/dados-abertos/inep-data/catalogo-de-escolas,,5 ago. 2026,Página institucional ou portal,"INEP. (2025). *Catálogo de Escolas* [Página institucional ou portal]. Recuperado em 6 de agosto de 2026, de https://www.gov.br/inep/pt-br/acesso-a-informacao/dados-abertos/inep-data/catalogo-de-escolas",,Fonte do grupo temático Educação.
21,Educação,INEP,2025,Microdados do Censo Escolar da Educação Básica 2025,https://www.gov.br/inep/pt-br/acesso-a-informacao/dados-abertos/microdados/censo-escolar,,5 ago. 2026,Conjunto de dados,INEP. (2025). *Microdados do Censo Escolar da Educação Básica 2025* [Conjunto de dados]. https://www.gov.br/inep/pt-br/acesso-a-informacao/dados-abertos/microdados/censo-escolar,,Fonte do grupo temático Educação.
22,Educação,INEP,2025,Arquivo dos microdados do Censo Escolar 2025,https://download.inep.gov.br/dados_abertos/microdados_censo_escolar_2025_.zip,,5 ago. 2026,Conjunto de dados,INEP. (2025). *Arquivo dos microdados do Censo Escolar 2025* [Conjunto de dados]. https://download.inep.gov.br/dados_abertos/microdados_censo_escolar_2025_.zip,escolas,Fonte do grupo temático Educação.
23,Infraestrutura viária e hidrografia,PIN MS e SEMADESC,s.d.,Rodovias estaduais de Mato Grosso do Sul,https://www.pinms.ms.gov.br/arcgis/rest/services/SEMADESC/SEMADESC_MAPAS/MapServer/8,,5 ago. 2026,Serviço ou API geoespacial,"PIN MS e SEMADESC. (s.d.). *Rodovias estaduais de Mato Grosso do Sul* [Serviço ou API geoespacial]. Recuperado em 6 de agosto de 2026, de https://www.pinms.ms.gov.br/arcgis/rest/services/SEMADESC/SEMADESC_MAPAS/MapServer/8",,Fonte do grupo temático Infraestrutura viária e hidrografia.
24,Infraestrutura viária e hidrografia,PIN MS e SEMADESC,s.d.,Rodovias federais de Mato Grosso do Sul,https://www.pinms.ms.gov.br/arcgis/rest/services/SEMADESC/SEMADESC_MAPAS/MapServer/9,,5 ago. 2026,Serviço ou API geoespacial,"PIN MS e SEMADESC. (s.d.). *Rodovias federais de Mato Grosso do Sul* [Serviço ou API geoespacial]. Recuperado em 6 de agosto de 2026, de https://www.pinms.ms.gov.br/arcgis/rest/services/SEMADESC/SEMADESC_MAPAS/MapServer/9",,Fonte do grupo temático Infraestrutura viária e hidrografia.
25,Infraestrutura viária e hidrografia,PIN MS e SEMADESC,s.d.,Estradas vicinais de Mato Grosso do Sul,https://www.pinms.ms.gov.br/arcgis/rest/services/SEMADESC/SEMADESC_MAPAS/MapServer/11,,5 ago. 2026,Serviço ou API geoespacial,"PIN MS e SEMADESC. (s.d.). *Estradas vicinais de Mato Grosso do Sul* [Serviço ou API geoespacial]. Recuperado em 6 de agosto de 2026, de https://www.pinms.ms.gov.br/arcgis/rest/services/SEMADESC/SEMADESC_MAPAS/MapServer/11",,Fonte do grupo temático Infraestrutura viária e hidrografia.
26,Infraestrutura viária e hidrografia,PIN MS e AGRAER,s.d.,"Sistema viário estadual, camadas de rodovias estaduais e federais",https://www.pinms.ms.gov.br/arcgis/rest/services/AGRAER_SERVICOS/Viario_MS/MapServer,,5 ago. 2026,Serviço ou API geoespacial,"PIN MS e AGRAER. (s.d.). *Sistema viário estadual, camadas de rodovias estaduais e federais* [Serviço ou API geoespacial]. Recuperado em 6 de agosto de 2026, de https://www.pinms.ms.gov.br/arcgis/rest/services/AGRAER_SERVICOS/Viario_MS/MapServer",,Fonte do grupo temático Infraestrutura viária e hidrografia.
27,Infraestrutura viária e hidrografia,PIN MS e AGRAER,s.d.,Estradas vicinais,https://www.pinms.ms.gov.br/arcgis/rest/services/AGRAER_SERVICOS/Estradas_Vicinais/MapServer/0,,5 ago. 2026,Serviço ou API geoespacial,"PIN MS e AGRAER. (s.d.). *Estradas vicinais* [Serviço ou API geoespacial]. Recuperado em 6 de agosto de 2026, de https://www.pinms.ms.gov.br/arcgis/rest/services/AGRAER_SERVICOS/Estradas_Vicinais/MapServer/0",estradas_vicinais,Fonte do grupo temático Infraestrutura viária e hidrografia.
28,Infraestrutura viária e hidrografia,AGESUL,2026,Sistema Rodoviário Estadual de Mato Grosso do Sul,https://www.agesul.ms.gov.br/sre-ms/,,5 ago. 2026,Página institucional ou portal,"AGESUL. (2026). *Sistema Rodoviário Estadual de Mato Grosso do Sul* [Página institucional ou portal]. Recuperado em 6 de agosto de 2026, de https://www.agesul.ms.gov.br/sre-ms",,Fonte do grupo temático Infraestrutura viária e hidrografia.
29,Infraestrutura viária e hidrografia,DNIT,s.d.,"VGeo, visualizador de informações geográficas do DNIT",https://servicos.dnit.gov.br/vgeo/,,5 ago. 2026,Página institucional ou portal,"DNIT. (s.d.). *VGeo, visualizador de informações geográficas do DNIT* [Página institucional ou portal]. Recuperado em 6 de agosto de 2026, de https://servicos.dnit.gov.br/vgeo",,Fonte do grupo temático Infraestrutura viária e hidrografia.
30,Infraestrutura viária e hidrografia,PIN MS e AGRAER,s.d.,Hidrografia de Mato Grosso do Sul,https://www.pinms.ms.gov.br/arcgis/rest/services/AGRAER_SERVICOS/Hidrografia_MS/FeatureServer/0,,5 ago. 2026,Serviço ou API geoespacial,"PIN MS e AGRAER. (s.d.). *Hidrografia de Mato Grosso do Sul* [Serviço ou API geoespacial]. Recuperado em 6 de agosto de 2026, de https://www.pinms.ms.gov.br/arcgis/rest/services/AGRAER_SERVICOS/Hidrografia_MS/FeatureServer/0",rede_hidrica,Fonte do grupo temático Infraestrutura viária e hidrografia.
31,Infraestrutura viária e hidrografia,Agência Nacional de Águas e Saneamento Básico,s.d.,Metadados do Sistema Nacional de Informações sobre Recursos Hídricos,https://metadados.snirh.gov.br/,,5 ago. 2026,Página institucional ou portal,"Agência Nacional de Águas e Saneamento Básico. (s.d.). *Metadados do Sistema Nacional de Informações sobre Recursos Hídricos* [Página institucional ou portal]. Recuperado em 6 de agosto de 2026, de https://metadados.snirh.gov.br",,Fonte do grupo temático Infraestrutura viária e hidrografia.
32,Patrimônio arqueológico,IPHAN,2026,Cadastro de Sítios Arqueológicos,https://www.gov.br/iphan/pt-br/patrimonio-cultural/patrimonio-arqueologico/cadastro-de-sitios-arqueologicos,,5 ago. 2026,Página institucional ou portal,"IPHAN. (2026). *Cadastro de Sítios Arqueológicos* [Página institucional ou portal]. Recuperado em 6 de agosto de 2026, de https://www.gov.br/iphan/pt-br/patrimonio-cultural/patrimonio-arqueologico/cadastro-de-sitios-arqueologicos",,Fonte do grupo temático Patrimônio arqueológico.
33,Patrimônio arqueológico,"IPHAN e IBAMA, PAMGIA",s.d.,"Sítios arqueológicos, camada de pontos sincronizada",https://pamgia.ibama.gov.br/server/rest/services/BasesSincronizadas/loc_sitios_arqueologicos_iphan_p/FeatureServer/0,,5 ago. 2026,Serviço ou API geoespacial,"IPHAN e IBAMA, PAMGIA. (s.d.). *Sítios arqueológicos, camada de pontos sincronizada* [Serviço ou API geoespacial]. Recuperado em 6 de agosto de 2026, de https://pamgia.ibama.gov.br/server/rest/services/BasesSincronizadas/loc_sitios_arqueologicos_iphan_p/FeatureServer/0",,Fonte do grupo temático Patrimônio arqueológico.
34,Patrimônio arqueológico,"IPHAN e IBAMA, PAMGIA",s.d.,"Sítios arqueológicos, camada de delimitações sincronizada",https://pamgia.ibama.gov.br/server/rest/services/BasesSincronizadas/lim_sitios_arqueologicos_iphan_a/FeatureServer/0,,5 ago. 2026,Serviço ou API geoespacial,"IPHAN e IBAMA, PAMGIA. (s.d.). *Sítios arqueológicos, camada de delimitações sincronizada* [Serviço ou API geoespacial]. Recuperado em 6 de agosto de 2026, de https://pamgia.ibama.gov.br/server/rest/services/BasesSincronizadas/lim_sitios_arqueologicos_iphan_a/FeatureServer/0",sitios_arqueologicos_poligonos,Fonte do grupo temático Patrimônio arqueológico.
35,Patrimônio cultural imaterial,IPHAN,s.d.,"Bem Brasileiro, Banco de Referências Culturais",https://bcr.iphan.gov.br/,,5 ago. 2026,Página institucional ou portal,"IPHAN. (s.d.). *Bem Brasileiro, Banco de Referências Culturais* [Página institucional ou portal]. Recuperado em 6 de agosto de 2026, de https://bcr.iphan.gov.br",,Fonte do grupo temático Patrimônio cultural imaterial.
36,Patrimônio cultural imaterial,IPHAN,s.d.,Bens culturais imateriais registrados,https://bcr.iphan.gov.br/bens-culturais/,,5 ago. 2026,Página institucional ou portal,"IPHAN. (s.d.). *Bens culturais imateriais registrados* [Página institucional ou portal]. Recuperado em 6 de agosto de 2026, de https://bcr.iphan.gov.br/bens-culturais",,Fonte do grupo temático Patrimônio cultural imaterial.
37,Patrimônio cultural imaterial,IPHAN,s.d.,Banho de São João de Corumbá e Ladário,https://bcr.iphan.gov.br/bens-culturais/banho-de-sao-joao-de-corumba-e-ladario-ms/,,5 ago. 2026,Página institucional ou portal,"IPHAN. (s.d.). *Banho de São João de Corumbá e Ladário* [Página institucional ou portal]. Recuperado em 6 de agosto de 2026, de https://bcr.iphan.gov.br/bens-culturais/banho-de-sao-joao-de-corumba-e-ladario-ms",,Fonte do grupo temático Patrimônio cultural imaterial.
38,Patrimônio cultural imaterial,IPHAN,s.d.,Modo de Fazer Viola de Cocho associado ao Cururu e ao Siriri,https://bcr.iphan.gov.br/bens-culturais/modo-de-fazer-viola-de-cocho/,,5 ago. 2026,Página institucional ou portal,"IPHAN. (s.d.). *Modo de Fazer Viola de Cocho associado ao Cururu e ao Siriri* [Página institucional ou portal]. Recuperado em 6 de agosto de 2026, de https://bcr.iphan.gov.br/bens-culturais/modo-de-fazer-viola-de-cocho",,Fonte do grupo temático Patrimônio cultural imaterial.
39,Patrimônio cultural imaterial,IPHAN,s.d.,Choro,https://bcr.iphan.gov.br/bens-culturais/choro/,,5 ago. 2026,Página institucional ou portal,"IPHAN. (s.d.). *Choro* [Página institucional ou portal]. Recuperado em 6 de agosto de 2026, de https://bcr.iphan.gov.br/bens-culturais/choro",,Fonte do grupo temático Patrimônio cultural imaterial.
40,Patrimônio cultural imaterial,IPHAN,s.d.,Roda de Capoeira,https://bcr.iphan.gov.br/bens-culturais/roda-de-capoeira/,,5 ago. 2026,Página institucional ou portal,"IPHAN. (s.d.). *Roda de Capoeira* [Página institucional ou portal]. Recuperado em 6 de agosto de 2026, de https://bcr.iphan.gov.br/bens-culturais/roda-de-capoeira",,Fonte do grupo temático Patrimônio cultural imaterial.
41,Patrimônio cultural imaterial,IPHAN,s.d.,Ofício dos Mestres e Mestras da Capoeira,https://bcr.iphan.gov.br/bens-culturais/oficio-dos-mestres-de-capoeira/,,5 ago. 2026,Página institucional ou portal,"IPHAN. (s.d.). *Ofício dos Mestres e Mestras da Capoeira* [Página institucional ou portal]. Recuperado em 6 de agosto de 2026, de https://bcr.iphan.gov.br/bens-culturais/oficio-dos-mestres-de-capoeira",,Fonte do grupo temático Patrimônio cultural imaterial.
42,Patrimônio cultural imaterial,IPHAN,s.d.,"Ofício, saberes e práticas das parteiras tradicionais do Brasil",https://bcr.iphan.gov.br/bens-culturais/oficio-saberes-e-praticas-das-parteiras-tradicionais-do-brasil/,,5 ago. 2026,Página institucional ou portal,"IPHAN. (s.d.). *Ofício, saberes e práticas das parteiras tradicionais do Brasil* [Página institucional ou portal]. Recuperado em 6 de agosto de 2026, de https://bcr.iphan.gov.br/bens-culturais/oficio-saberes-e-praticas-das-parteiras-tradicionais-do-brasil",,Fonte do grupo temático Patrimônio cultural imaterial.
43,Patrimônio cultural imaterial,IPHAN,s.d.,Ofício de Raizeiras e Raizeiros do Cerrado,https://bcr.iphan.gov.br/bens-culturais/oficio-de-raizeiras-e-raizeiros-do-cerrado/,,5 ago. 2026,Página institucional ou portal,"IPHAN. (s.d.). *Ofício de Raizeiras e Raizeiros do Cerrado* [Página institucional ou portal]. Recuperado em 6 de agosto de 2026, de https://bcr.iphan.gov.br/bens-culturais/oficio-de-raizeiras-e-raizeiros-do-cerrado",,Fonte do grupo temático Patrimônio cultural imaterial.
44,Patrimônio cultural imaterial,IPHAN,s.d.,Circo de Tradição Familiar do Brasil,https://bcr.iphan.gov.br/bens-culturais/circo-de-tradicao-familiar-do-brasil/,,5 ago. 2026,Página institucional ou portal,"IPHAN. (s.d.). *Circo de Tradição Familiar do Brasil* [Página institucional ou portal]. Recuperado em 6 de agosto de 2026, de https://bcr.iphan.gov.br/bens-culturais/circo-de-tradicao-familiar-do-brasil",,Fonte do grupo temático Patrimônio cultural imaterial.
45,Geodiversidade e patrimônio geológico,Serviço Geológico do Brasil,s.d.,"GEOSSIT, inventário de geossítios e sítios da geodiversidade",https://www.sgb.gov.br/geossit/,,5 ago. 2026,Página institucional ou portal,"Serviço Geológico do Brasil. (s.d.). *GEOSSIT, inventário de geossítios e sítios da geodiversidade* [Página institucional ou portal]. Recuperado em 6 de agosto de 2026, de https://www.sgb.gov.br/geossit",,Fonte do grupo temático Geodiversidade e patrimônio geológico.
46,Geodiversidade e patrimônio geológico,Serviço Geológico do Brasil,s.d.,"Gruta do Lago Azul, registro 964",https://www.sgb.gov.br/geossit/geossitios/ver/964,O sistema indicava status Em análise na data de corte,5 ago. 2026,Página institucional ou portal,"Serviço Geológico do Brasil. (s.d.). *Gruta do Lago Azul, registro 964* [Página institucional ou portal]. Recuperado em 6 de agosto de 2026, de https://www.sgb.gov.br/geossit/geossitios/ver/964",,O sistema indicava status Em análise na data de corte
47,Geodiversidade e patrimônio geológico,Serviço Geológico do Brasil,s.d.,"Porto Ladário, registro 963",https://www.sgb.gov.br/geossit/geossitios/ver/963,O sistema indicava status Em análise na data de corte,5 ago. 2026,Página institucional ou portal,"Serviço Geológico do Brasil. (s.d.). *Porto Ladário, registro 963* [Página institucional ou portal]. Recuperado em 6 de agosto de 2026, de https://www.sgb.gov.br/geossit/geossitios/ver/963",,O sistema indicava status Em análise na data de corte
48,Geodiversidade e patrimônio geológico,Serviço Geológico do Brasil,s.d.,"Rochas Fosfáticas da Fazenda Ressaca e Primavera, registro 959",https://www.sgb.gov.br/geossit/geossitios/ver/959,O sistema indicava status Em análise na data de corte,5 ago. 2026,Página institucional ou portal,"Serviço Geológico do Brasil. (s.d.). *Rochas Fosfáticas da Fazenda Ressaca e Primavera, registro 959* [Página institucional ou portal]. Recuperado em 6 de agosto de 2026, de https://www.sgb.gov.br/geossit/geossitios/ver/959",,O sistema indicava status Em análise na data de corte
49,Geodiversidade e patrimônio geológico,Serviço Geológico do Brasil,s.d.,"Mineração Corcal, registro 958",https://www.sgb.gov.br/geossit/geossitios/ver/958,O sistema indicava status Em análise na data de corte,5 ago. 2026,Página institucional ou portal,"Serviço Geológico do Brasil. (s.d.). *Mineração Corcal, registro 958* [Página institucional ou portal]. Recuperado em 6 de agosto de 2026, de https://www.sgb.gov.br/geossit/geossitios/ver/958",,O sistema indicava status Em análise na data de corte
50,Geodiversidade e patrimônio geológico,Serviço Geológico do Brasil,s.d.,"Formação Urucum, registro 955",https://www.sgb.gov.br/geossit/geossitios/ver/955,O sistema indicava status Em análise na data de corte,5 ago. 2026,Página institucional ou portal,"Serviço Geológico do Brasil. (s.d.). *Formação Urucum, registro 955* [Página institucional ou portal]. Recuperado em 6 de agosto de 2026, de https://www.sgb.gov.br/geossit/geossitios/ver/955",,O sistema indicava status Em análise na data de corte
51,Geodiversidade e patrimônio geológico,Serviço Geológico do Brasil,s.d.,"Porto Limoeiro, registro 953",https://www.sgb.gov.br/geossit/geossitios/ver/953,O sistema indicava status Em análise na data de corte,5 ago. 2026,Página institucional ou portal,"Serviço Geológico do Brasil. (s.d.). *Porto Limoeiro, registro 953* [Página institucional ou portal]. Recuperado em 6 de agosto de 2026, de https://www.sgb.gov.br/geossit/geossitios/ver/953",,O sistema indicava status Em análise na data de corte
52,Geodiversidade e patrimônio geológico,Serviço Geológico do Brasil,s.d.,"Crosta Laterítica com Inscrições Rupestres, Fazenda Figueirinha, registro 951",https://www.sgb.gov.br/geossit/geossitios/ver/951,O sistema indicava status Em análise na data de corte,5 ago. 2026,Página institucional ou portal,"Serviço Geológico do Brasil. (s.d.). *Crosta Laterítica com Inscrições Rupestres, Fazenda Figueirinha, registro 951* [Página institucional ou portal]. Recuperado em 6 de agosto de 2026, de https://www.sgb.gov.br/geossit/geossitios/ver/951",,O sistema indicava status Em análise na data de corte
53,Geodiversidade e patrimônio geológico,Serviço Geológico do Brasil,s.d.,"Parque Municipal Marina Gatass, registro 1496",https://www.sgb.gov.br/geossit/geossitios/ver/1496,O sistema indicava status Em análise na data de corte,5 ago. 2026,Página institucional ou portal,"Serviço Geológico do Brasil. (s.d.). *Parque Municipal Marina Gatass, registro 1496* [Página institucional ou portal]. Recuperado em 6 de agosto de 2026, de https://www.sgb.gov.br/geossit/geossitios/ver/1496",,O sistema indicava status Em análise na data de corte
54,Geodiversidade e patrimônio geológico,"Rolim, F. G. e Theodorovicz, A.",2012,"Geoparque Bodoquena-Pantanal, MS, proposta",https://rigeo.sgb.gov.br/handle/doc/17164,"Capítulo de Geoparques do Brasil, propostas, CPRM",5 ago. 2026,Página institucional ou portal,"Rolim, F. G. e Theodorovicz, A. (2012). *Geoparque Bodoquena-Pantanal, MS, proposta* [Página institucional ou portal]. Recuperado em 6 de agosto de 2026, de https://rigeo.sgb.gov.br/handle/doc/17164",,"Capítulo de Geoparques do Brasil, propostas, CPRM"
55,Geodiversidade e patrimônio geológico,"Tavares, G. N. D., Boggiani, P. C., Leme, J. de M. e Trindade, R. I. F.",2020,The Inventory of the Geological and Paleontological Sites in the Area of the Aspirant Geopark Bodoquena-Pantanal in Brazil,https://doi.org/10.1007/s12371-020-00437-8,"Geoheritage, volume 12, número 1",5 ago. 2026,Artigo científico,"Tavares, G. N. D., Boggiani, P. C., Leme, J. M., & Trindade, R. I. F. (2020). The inventory of the geological and paleontological sites in the area of the aspirant Geopark Bodoquena–Pantanal in Brazil. *Geoheritage, 12*, Article 22. https://doi.org/10.1007/s12371-020-00437-8",pre_avaliacao_geocientifica_geoparques_250km2,"Geoheritage, volume 12, número 1"
56,"Festividades, turismo e inventário cultural",Fundação de Cultura de Mato Grosso do Sul,2026,"Carnaval 2026, blocos de rua tomam Campo Grande em três finais de semana",https://www.fundacaodecultura.ms.gov.br/carnaval-2026-blocos-de-rua-tomam-campo-grande-em-tres-finais-de-semana-de-folia-cultura-e-diversidade/,,5 ago. 2026,Página institucional ou portal,"Fundação de Cultura de Mato Grosso do Sul. (2026). *Carnaval 2026, blocos de rua tomam Campo Grande em três finais de semana* [Página institucional ou portal]. Recuperado em 6 de agosto de 2026, de https://www.fundacaodecultura.ms.gov.br/carnaval-2026-blocos-de-rua-tomam-campo-grande-em-tres-finais-de-semana-de-folia-cultura-e-diversidade",,"Fonte do grupo temático Festividades, turismo e inventário cultural."
57,"Festividades, turismo e inventário cultural",Fundação de Cultura de Mato Grosso do Sul,2026,"Feijoada de Jorge celebra fé, samba e ancestralidade na Vila Carvalho",https://www.fundacaodecultura.ms.gov.br/com-apoio-do-grupo-tez-feijoada-de-jorge-celebra-fe-samba-e-ancestralidade-na-vila-carvalho/,,5 ago. 2026,Página institucional ou portal,"Fundação de Cultura de Mato Grosso do Sul. (2026). *Feijoada de Jorge celebra fé, samba e ancestralidade na Vila Carvalho* [Página institucional ou portal]. Recuperado em 6 de agosto de 2026, de https://www.fundacaodecultura.ms.gov.br/com-apoio-do-grupo-tez-feijoada-de-jorge-celebra-fe-samba-e-ancestralidade-na-vila-carvalho",,"Fonte do grupo temático Festividades, turismo e inventário cultural."
58,"Festividades, turismo e inventário cultural",Prefeitura de Maracaju,2026,30ª Festa da Linguiça de Maracaju,https://turismo.maracaju.ms.gov.br/agenda/30-festa-da-linguica-de-maracaju/1098,,5 ago. 2026,Página institucional ou portal,"Prefeitura de Maracaju. (2026). *30ª Festa da Linguiça de Maracaju* [Página institucional ou portal]. Recuperado em 6 de agosto de 2026, de https://turismo.maracaju.ms.gov.br/agenda/30-festa-da-linguica-de-maracaju/1098",,"Fonte do grupo temático Festividades, turismo e inventário cultural."
59,"Festividades, turismo e inventário cultural",Fundação de Cultura de Mato Grosso do Sul,2026,Festival América do Sul 2026 transforma Corumbá em palco da integração latino-americana,https://www.fundacaodecultura.ms.gov.br/festival-america-do-sul-2026-transforma-corumba-em-palco-da-integracao-latino-americana/,,5 ago. 2026,Página institucional ou portal,"Fundação de Cultura de Mato Grosso do Sul. (2026). *Festival América do Sul 2026 transforma Corumbá em palco da integração latino-americana* [Página institucional ou portal]. Recuperado em 6 de agosto de 2026, de https://www.fundacaodecultura.ms.gov.br/festival-america-do-sul-2026-transforma-corumba-em-palco-da-integracao-latino-americana",,"Fonte do grupo temático Festividades, turismo e inventário cultural."
60,"Festividades, turismo e inventário cultural",Fundação de Turismo de Mato Grosso do Sul,2026,III Festival de Inverno de Turismo Rural valoriza experiências autênticas,https://www.turismo.ms.gov.br/iii-festival-de-inverno-de-turismo-rural-valoriza-experiencias-autenticas-na-regiao-turistica-campo-grande-dos-ipes/,,5 ago. 2026,Página institucional ou portal,"Fundação de Turismo de Mato Grosso do Sul. (2026). *III Festival de Inverno de Turismo Rural valoriza experiências autênticas* [Página institucional ou portal]. Recuperado em 6 de agosto de 2026, de https://www.turismo.ms.gov.br/iii-festival-de-inverno-de-turismo-rural-valoriza-experiencias-autenticas-na-regiao-turistica-campo-grande-dos-ipes",,"Fonte do grupo temático Festividades, turismo e inventário cultural."
61,"Festividades, turismo e inventário cultural",Fundação de Cultura de Mato Grosso do Sul,2026,Relação de bens materiais e imateriais do Estado de Mato Grosso do Sul,https://www.fundacaodecultura.ms.gov.br/wp-content/uploads/2026/05/RELACAO-BENS-MATERIAIS-E-IMATERIAIS-DO-ESTADO-DO-MATO-GROSSO-DO-SUL-atualizado.pdf,,5 ago. 2026,Documento ou publicação institucional,Fundação de Cultura de Mato Grosso do Sul. (2026). *Relação de bens materiais e imateriais do Estado de Mato Grosso do Sul* [Documento ou publicação institucional]. https://www.fundacaodecultura.ms.gov.br/wp-content/uploads/2026/05/RELACAO-BENS-MATERIAIS-E-IMATERIAIS-DO-ESTADO-DO-MATO-GROSSO-DO-SUL-atualizado.pdf,,"Fonte do grupo temático Festividades, turismo e inventário cultural."
62,"Festividades, turismo e inventário cultural",Fundação de Cultura de Mato Grosso do Sul,2026,Festival de Inverno de Bonito 2026 anuncia programação,https://www.fundacaodecultura.ms.gov.br/festival-de-inverno-de-bonito-2026-anuncia-grandes-shows-nacionais-e-reforca-valorizacao-da-cultura-sul-mato-grossense/,,5 ago. 2026,Página institucional ou portal,"Fundação de Cultura de Mato Grosso do Sul. (2026). *Festival de Inverno de Bonito 2026 anuncia programação* [Página institucional ou portal]. Recuperado em 6 de agosto de 2026, de https://www.fundacaodecultura.ms.gov.br/festival-de-inverno-de-bonito-2026-anuncia-grandes-shows-nacionais-e-reforca-valorizacao-da-cultura-sul-mato-grossense",,"Fonte do grupo temático Festividades, turismo e inventário cultural."
63,"Festividades, turismo e inventário cultural",Feira Central e Turística de Campo Grande,s.d.,Festival do Sobá,https://feiracentralcg.com.br/festival-do-soba/,,5 ago. 2026,Página institucional ou portal,"Feira Central e Turística de Campo Grande. (s.d.). *Festival do Sobá* [Página institucional ou portal]. Recuperado em 6 de agosto de 2026, de https://feiracentralcg.com.br/festival-do-soba",,"Fonte do grupo temático Festividades, turismo e inventário cultural."
64,Cartografia de base e bibliotecas,OpenStreetMap contributors,s.d.,"OpenStreetMap, cartografia de base",https://www.openstreetmap.org/copyright,,5 ago. 2026,Página institucional ou portal,"OpenStreetMap contributors. (s.d.). *OpenStreetMap, cartografia de base* [Página institucional ou portal]. Recuperado em 6 de agosto de 2026, de https://www.openstreetmap.org/copyright",,Fonte do grupo temático Cartografia de base e bibliotecas.
65,Cartografia de base e bibliotecas,Esri,s.d.,"World Imagery, serviço de imagens de satélite",https://www.arcgis.com/home/item.html?id=10df2279f9684e4a9f6a7f08febac2a9,,5 ago. 2026,Página institucional ou portal,"Esri. (s.d.). *World Imagery, serviço de imagens de satélite* [Página institucional ou portal]. Recuperado em 6 de agosto de 2026, de https://www.arcgis.com/home/item.html?id=10df2279f9684e4a9f6a7f08febac2a9",,Fonte do grupo temático Cartografia de base e bibliotecas.
66,Cartografia de base e bibliotecas,Leaflet,2023,"Leaflet 1.9.4, biblioteca de mapas interativos",https://leafletjs.com/,,5 ago. 2026,Documento ou publicação institucional,"Leaflet. (2023). *Leaflet 1.9.4, biblioteca de mapas interativos* [Documento ou publicação institucional]. https://leafletjs.com",,Fonte do grupo temático Cartografia de base e bibliotecas.
67,Cartografia de base e bibliotecas,Esri Leaflet,s.d.,Esri Leaflet,https://esri.github.io/esri-leaflet/,,5 ago. 2026,Página institucional ou portal,"Esri Leaflet. (s.d.). *Esri Leaflet* [Página institucional ou portal]. Recuperado em 6 de agosto de 2026, de https://esri.github.io/esri-leaflet",,Fonte do grupo temático Cartografia de base e bibliotecas.
68,Cartografia de base e bibliotecas,JSZip,s.d.,"JSZip, manipulação de arquivos ZIP no navegador",https://stuk.github.io/jszip/,,5 ago. 2026,Página institucional ou portal,"JSZip. (s.d.). *JSZip, manipulação de arquivos ZIP no navegador* [Página institucional ou portal]. Recuperado em 6 de agosto de 2026, de https://stuk.github.io/jszip",,Fonte do grupo temático Cartografia de base e bibliotecas.
69,Cartografia de base e bibliotecas,Papa Parse,s.d.,"Papa Parse, leitura de CSV no navegador",https://www.papaparse.com/,,5 ago. 2026,Página institucional ou portal,"Papa Parse. (s.d.). *Papa Parse, leitura de CSV no navegador* [Página institucional ou portal]. Recuperado em 6 de agosto de 2026, de https://www.papaparse.com",,Fonte do grupo temático Cartografia de base e bibliotecas.
70,Cartografia de base e bibliotecas,shpjs,s.d.,"shpjs, leitura de Shapefile no navegador",https://github.com/calvinmetcalf/shapefile-js,,5 ago. 2026,Página institucional ou portal,"shpjs. (s.d.). *shpjs, leitura de Shapefile no navegador* [Página institucional ou portal]. Recuperado em 6 de agosto de 2026, de https://github.com/calvinmetcalf/shapefile-js",,Fonte do grupo temático Cartografia de base e bibliotecas.
71,Patrimônio material e equipamentos culturais,Instituto do Patrimônio Histórico e Artístico Nacional,s.d.,"Bens Tombados, patrimônio material protegido pelo IPHAN",https://www.gov.br/iphan/pt-br/patrimonio-cultural/patrimonio-material/bens-tombados,Base institucional para bens materiais protegidos,5 ago. 2026,Página institucional ou portal,"Instituto do Patrimônio Histórico e Artístico Nacional. (s.d.). *Bens Tombados, patrimônio material protegido pelo IPHAN* [Página institucional ou portal]. Recuperado em 6 de agosto de 2026, de https://www.gov.br/iphan/pt-br/patrimonio-cultural/patrimonio-material/bens-tombados",patrimonio_material_tombado,Base institucional para bens materiais protegidos
72,Patrimônio material e equipamentos culturais,Instituto do Patrimônio Histórico e Artístico Nacional,s.d.,Patrimônio Material em Mato Grosso do Sul,https://portal.iphan.gov.br/pagina/detalhes/626,Síntese dos bens federais no estado,5 ago. 2026,Página institucional ou portal,"Instituto do Patrimônio Histórico e Artístico Nacional. (s.d.). *Patrimônio Material em Mato Grosso do Sul* [Página institucional ou portal]. Recuperado em 6 de agosto de 2026, de https://portal.iphan.gov.br/pagina/detalhes/626",,Síntese dos bens federais no estado
73,Patrimônio material e equipamentos culturais,Instituto Brasileiro de Museus,2026,"MuseusBr, Cadastro Nacional de Museus",https://cadastro.museus.gov.br/,Museus e pontos de memória,5 ago. 2026,Página institucional ou portal,"Instituto Brasileiro de Museus. (2026). *MuseusBr, Cadastro Nacional de Museus* [Página institucional ou portal]. Recuperado em 6 de agosto de 2026, de https://cadastro.museus.gov.br",museus_pontos_memoria,Museus e pontos de memória
74,Patrimônio material e equipamentos culturais,Ministério da Cultura,s.d.,"Mapa da Cultura, conjunto de dados e documentação da API",https://dados.cultura.gov.br/dataset/mapa-da-cultura,"Espaços, agentes, eventos e projetos culturais",5 ago. 2026,Conjunto de dados,"Ministério da Cultura. (s.d.). *Mapa da Cultura, conjunto de dados e documentação da API* [Conjunto de dados]. Recuperado em 6 de agosto de 2026, de https://dados.cultura.gov.br/dataset/mapa-da-cultura",espacos_culturais,"Espaços, agentes, eventos e projetos culturais"
75,Natureza protegida e cavernas,Instituto Chico Mendes de Conservação da Biodiversidade,2026,Dados geoespaciais do ICMBio,https://www.gov.br/icmbio/pt-br/dados-icmbio/dados_geoespaciais,Unidades de conservação e dados temáticos,5 ago. 2026,Página institucional ou portal,"Instituto Chico Mendes de Conservação da Biodiversidade. (2026). *Dados geoespaciais do ICMBio* [Página institucional ou portal]. Recuperado em 6 de agosto de 2026, de https://www.gov.br/icmbio/pt-br/dados-icmbio/dados_geoespaciais",centros_visitantes_trilhas,Unidades de conservação e dados temáticos
76,Natureza protegida e cavernas,Ministério do Meio Ambiente e IBAMA,2026,"CNUC, polígonos de unidades de conservação no PAMGIA",https://pamgia.ibama.gov.br/server/rest/services/BasesSincronizadas/lim_unidades_conserva%C3%A7%C3%A3o_mma_a/FeatureServer/0,Serviço vetorial oficial sincronizado,5 ago. 2026,Serviço ou API geoespacial,"Ministério do Meio Ambiente e IBAMA. (2026). *CNUC, polígonos de unidades de conservação no PAMGIA* [Serviço ou API geoespacial]. Recuperado em 6 de agosto de 2026, de https://pamgia.ibama.gov.br/server/rest/services/BasesSincronizadas/lim_unidades_conserva%C3%A7%C3%A3o_mma_a/FeatureServer/0",parque_nacional_serra_bodoquena,Serviço vetorial oficial sincronizado
77,Natureza protegida e cavernas,ICMBio e CECAV,2026,"Cadastro Nacional de Informações Espeleológicas, CANIE",https://www.gov.br/icmbio/pt-br/assuntos/centros-de-pesquisa/cavernas/cadastro-nacional-de-informacoes-espeleologicas/canie,Cadastro de cavernas com limitações declaradas pela fonte,5 ago. 2026,Página institucional ou portal,"ICMBio e CECAV. (2026). *Cadastro Nacional de Informações Espeleológicas, CANIE* [Página institucional ou portal]. Recuperado em 6 de agosto de 2026, de https://www.gov.br/icmbio/pt-br/assuntos/centros-de-pesquisa/cavernas/cadastro-nacional-de-informacoes-espeleologicas/canie",cavernas_canie,Cadastro de cavernas com limitações declaradas pela fonte
78,Turismo e economia cultural,Ministério do Turismo,2026,Conjuntos de dados do Cadastur,https://dados.turismo.gov.br/dataset/?tags=Cadastur,Prestadores de serviços turísticos,5 ago. 2026,Página institucional ou portal,"Ministério do Turismo. (2026). *Conjuntos de dados do Cadastur* [Página institucional ou portal]. Recuperado em 6 de agosto de 2026, de https://dados.turismo.gov.br/dataset/?tags=Cadastur",,Prestadores de serviços turísticos
79,Turismo e economia cultural,Ministério do Turismo,2026,"API Cadastur, catálogo Conecta gov.br",https://www.gov.br/conecta/catalogo/apis/cadastur-cadastro-de-prestadores-de-servicos-turisticos/swagger.json/swagger_view,Documentação da interface de consulta,5 ago. 2026,Página institucional ou portal,"Ministério do Turismo. (2026). *API Cadastur, catálogo Conecta gov.br* [Página institucional ou portal]. Recuperado em 6 de agosto de 2026, de https://www.gov.br/conecta/catalogo/apis/cadastur-cadastro-de-prestadores-de-servicos-turisticos/swagger.json/swagger_view",,Documentação da interface de consulta
80,Turismo e economia cultural,Fundação de Turismo de Mato Grosso do Sul,2026,Informações ao turista e centros de atendimento,https://www.turismo.ms.gov.br/tourist-information/,Pontos de apoio e órgãos municipais,5 ago. 2026,Página institucional ou portal,"Fundação de Turismo de Mato Grosso do Sul. (2026). *Informações ao turista e centros de atendimento* [Página institucional ou portal]. Recuperado em 6 de agosto de 2026, de https://www.turismo.ms.gov.br/tourist-information",,Pontos de apoio e órgãos municipais
81,Mobilidade multimodal,Infra S.A. e ANTT,2026,"Ferrovias concedidas em operação, serviço geoespacial",https://geo.infrasa.gov.br/server/rest/services/Ferrovias_Concedidas_em_opera%C3%A7%C3%A3o/FeatureServer,Malha ferroviária em operação,5 ago. 2026,Serviço ou API geoespacial,"Infra S.A. e ANTT. (2026). *Ferrovias concedidas em operação, serviço geoespacial* [Serviço ou API geoespacial]. Recuperado em 6 de agosto de 2026, de https://geo.infrasa.gov.br/server/rest/services/Ferrovias_Concedidas_em_opera%C3%A7%C3%A3o/FeatureServer",,Malha ferroviária em operação
82,Mobilidade multimodal,Infra S.A. e ANTAQ,2026,"Terminais e instalações portuárias, serviço geoespacial",https://geo.infrasa.gov.br/server/rest/services/Terminais_Portu%C3%A1rias/FeatureServer,Portos públicos e privados,5 ago. 2026,Serviço ou API geoespacial,"Infra S.A. e ANTAQ. (2026). *Terminais e instalações portuárias, serviço geoespacial* [Serviço ou API geoespacial]. Recuperado em 6 de agosto de 2026, de https://geo.infrasa.gov.br/server/rest/services/Terminais_Portu%C3%A1rias/FeatureServer",,Portos públicos e privados
83,Mobilidade multimodal,Infra S.A. e ANAC,2026,"Aeroportos, serviço geoespacial",https://geo.infrasa.gov.br/server/rest/services/Aeroportos/FeatureServer,Cadastro de aeroportos e aeródromos,5 ago. 2026,Serviço ou API geoespacial,"Infra S.A. e ANAC. (2026). *Aeroportos, serviço geoespacial* [Serviço ou API geoespacial]. Recuperado em 6 de agosto de 2026, de https://geo.infrasa.gov.br/server/rest/services/Aeroportos/FeatureServer",,Cadastro de aeroportos e aeródromos
84,Mobilidade multimodal,Departamento Nacional de Infraestrutura de Transportes,2026,"Conjuntos de dados abertos, condições do pavimento e obras",https://www.gov.br/dnit/pt-br/acesso-a-informacao/dados-abertos/conjuntos-de-dados,Dados operacionais rodoviários,5 ago. 2026,Página institucional ou portal,"Departamento Nacional de Infraestrutura de Transportes. (2026). *Conjuntos de dados abertos, condições do pavimento e obras* [Página institucional ou portal]. Recuperado em 6 de agosto de 2026, de https://www.gov.br/dnit/pt-br/acesso-a-informacao/dados-abertos/conjuntos-de-dados",condicao_pavimento,Dados operacionais rodoviários
85,Mobilidade multimodal,Infra S.A.,2026,Geoportal do Observatório Nacional de Transporte e Logística,https://geoportal.infrasa.gov.br/ontl/,Consulta multimodal integrada,5 ago. 2026,Página institucional ou portal,"Infra S.A. (2026). *Geoportal do Observatório Nacional de Transporte e Logística* [Página institucional ou portal]. Recuperado em 6 de agosto de 2026, de https://geoportal.infrasa.gov.br/ontl",terminais_rodoviarios_fronteiras,Consulta multimodal integrada
86,Paisagem e produção tradicional,MapBiomas Brasil,2026,"Coleção 10, uso e cobertura da terra de 1985 a 2024",https://brasil.mapbiomas.org/colecoes-mapbiomas/,Base de paisagem e transformação territorial,5 ago. 2026,Página institucional ou portal,"MapBiomas Brasil. (2026). *Coleção 10, uso e cobertura da terra de 1985 a 2024* [Página institucional ou portal]. Recuperado em 6 de agosto de 2026, de https://brasil.mapbiomas.org/colecoes-mapbiomas",,Base de paisagem e transformação territorial
87,Paisagem e produção tradicional,MapBiomas Brasil,2026,Downloads de mapas e camadas,https://brasil.mapbiomas.org/downloads/,Arquivos raster e vetoriais,5 ago. 2026,Documento ou publicação institucional,MapBiomas Brasil. (2026). *Downloads de mapas e camadas* [Documento ou publicação institucional]. https://brasil.mapbiomas.org/downloads,,Arquivos raster e vetoriais
88,"Apoio, segurança e saúde",Ministério da Saúde e DATASUS,2026,"CNES, estabelecimentos de saúde",https://datasus.saude.gov.br/cnes-estabelecimentos/,"Hospitais, unidades e serviços de saúde",5 ago. 2026,Página institucional ou portal,"Ministério da Saúde e DATASUS. (2026). *CNES, estabelecimentos de saúde* [Página institucional ou portal]. Recuperado em 6 de agosto de 2026, de https://datasus.saude.gov.br/cnes-estabelecimentos",unidades_saude,"Hospitais, unidades e serviços de saúde"
89,"Apoio, segurança e saúde",Governo de Mato Grosso do Sul,2024,"Decreto nº 16.448, estrutura operacional do Corpo de Bombeiros Militar",https://aacpdappls.net.ms.gov.br/appls/legislacao/secoge/govato.nsf/fd8600de8a55c7fc04256b210079ce25/5e7ddd6a7dc5185f04258b3300417537,Sedes e áreas operacionais,5 ago. 2026,Documento ou publicação institucional,"Governo de Mato Grosso do Sul. (2024). *Decreto nº 16.448, estrutura operacional do Corpo de Bombeiros Militar* [Documento ou publicação institucional]. https://aacpdappls.net.ms.gov.br/appls/legislacao/secoge/govato.nsf/fd8600de8a55c7fc04256b210079ce25/5e7ddd6a7dc5185f04258b3300417537",,Sedes e áreas operacionais
90,"Apoio, segurança e saúde",Polícia Civil de Mato Grosso do Sul,2026,Portal institucional e unidades de atendimento,https://www.pc.ms.gov.br/,Referência para pontos de segurança,5 ago. 2026,Página institucional ou portal,"Polícia Civil de Mato Grosso do Sul. (2026). *Portal institucional e unidades de atendimento* [Página institucional ou portal]. Recuperado em 6 de agosto de 2026, de https://www.pc.ms.gov.br",,Referência para pontos de segurança
91,Metodologia analítica do projeto,Projeto Atlas Interativo MS,2026,"Índice exploratório de disponibilidade territorial e documental, versão metodológica v1.6.0",METODOLOGIA_E_GOVERNANCA.md,"Fórmula explícita, pesos publicados e 500 simulações. As rotas e camadas derivadas foram excluídas do índice para evitar circularidade.",6 ago. 2026,Documento metodológico do projeto,"Busón Buesa, C., Zamberlan, C. O., & Centenaro, M. (2026). *Índice exploratório de disponibilidade territorial e documental* (Versão metodológica 1.6.0) [Documento metodológico do projeto]. METODOLOGIA_E_GOVERNANCA.md",indice_exploratorio_disponibilidade_territorial,"Fórmula explícita, pesos publicados e 500 simulações. As rotas e camadas derivadas foram excluídas do índice para evitar circularidade."
92,Cartografia de base e bibliotecas,Google,2026,"Maps URLs, abertura de vistas de mapa e imagem de satélite",https://developers.google.com/maps/documentation/urls/get-started?hl=pt-BR,Utilizado para abrir a posição atual do atlas no Google Maps,5 ago. 2026,Documento ou publicação institucional,"Google. (2026). *Maps URLs, abertura de vistas de mapa e imagem de satélite* [Documento ou publicação institucional]. https://developers.google.com/maps/documentation/urls/get-started?hl=pt-BR",,Utilizado para abrir a posição atual do atlas no Google Maps
93,Cartografia de base e bibliotecas,Google,2026,Google Earth para Web,https://earth.google.com/web/,Acesso externo para visualização tridimensional da posição atual,5 ago. 2026,Página institucional ou portal,"Google. (2026). *Google Earth para Web* [Página institucional ou portal]. Recuperado em 6 de agosto de 2026, de https://earth.google.com/web",,Acesso externo para visualização tridimensional da posição atual
94,Cartografia de base e bibliotecas,Esri,2026,"World Topographic Map, World Street Map e Light Gray Canvas",https://services.arcgisonline.com/ArcGIS/rest/services/,Mapas base alternativos utilizados no seletor da versão 12,5 ago. 2026,Página institucional ou portal,"Esri. (2026). *World Topographic Map, World Street Map e Light Gray Canvas* [Página institucional ou portal]. Recuperado em 6 de agosto de 2026, de https://services.arcgisonline.com/ArcGIS/rest/services",,Mapas base alternativos utilizados no seletor da versão 12
95,Educação superior e pesquisa,Ministério da Educação,2026,"e-MEC, consulta de instituições e cursos de educação superior",https://emec.mec.gov.br/,Validação das instituições públicas e privadas,5 ago. 2026,Página institucional ou portal,"Ministério da Educação. (2026). *e-MEC, consulta de instituições e cursos de educação superior* [Página institucional ou portal]. Recuperado em 6 de agosto de 2026, de https://emec.mec.gov.br",campus_ensino_superior,Validação das instituições públicas e privadas
96,Educação superior e pesquisa,Universidade Federal de Mato Grosso do Sul,2026,Câmpus da UFMS,https://www.ufms.br/universidade/campus-ufms/,Dez unidades no estado,5 ago. 2026,Página institucional ou portal,"Universidade Federal de Mato Grosso do Sul. (2026). *Câmpus da UFMS* [Página institucional ou portal]. Recuperado em 6 de agosto de 2026, de https://www.ufms.br/universidade/campus-ufms",,Dez unidades no estado
97,Educação superior e pesquisa,Universidade Estadual de Mato Grosso do Sul,2026,Unidades universitárias e polos,https://www.uems.br/cidades,Unidades presenciais e polos UAB,5 ago. 2026,Página institucional ou portal,"Universidade Estadual de Mato Grosso do Sul. (2026). *Unidades universitárias e polos* [Página institucional ou portal]. Recuperado em 6 de agosto de 2026, de https://www.uems.br/cidades",,Unidades presenciais e polos UAB
98,Educação superior e pesquisa,Universidade Federal da Grande Dourados,2026,Portal institucional da UFGD,https://www.ufgd.edu.br/,Campus e unidades em Dourados,5 ago. 2026,Página institucional ou portal,"Universidade Federal da Grande Dourados. (2026). *Portal institucional da UFGD* [Página institucional ou portal]. Recuperado em 6 de agosto de 2026, de https://www.ufgd.edu.br",,Campus e unidades em Dourados
99,Educação superior e pesquisa,Instituto Federal de Mato Grosso do Sul,2026,Campi do IFMS,https://www.ifms.edu.br/campi,Institutos federais no estado,5 ago. 2026,Página institucional ou portal,"Instituto Federal de Mato Grosso do Sul. (2026). *Campi do IFMS* [Página institucional ou portal]. Recuperado em 6 de agosto de 2026, de https://www.ifms.edu.br/campi",,Institutos federais no estado
100,Museus e memória,Instituto Brasileiro de Museus,2026,"MuseusBr, registros com endereço em Mato Grosso do Sul",https://cadastro.museus.gov.br/uf-endereco/ms/,Fonte institucional de validação dos museus e pontos de memória,5 ago. 2026,Página institucional ou portal,"Instituto Brasileiro de Museus. (2026). *MuseusBr, registros com endereço em Mato Grosso do Sul* [Página institucional ou portal]. Recuperado em 6 de agosto de 2026, de https://cadastro.museus.gov.br/uf-endereco/ms",,Fonte institucional de validação dos museus e pontos de memória
101,Bibliotecas e arquivos,Ministério da Cultura,2026,PNLD nas bibliotecas de Mato Grosso do Sul,https://www.gov.br/cultura/pt-br/assuntos/sistema-nacional-de-bibliotecas-publicas-snbp/pnld-bibliotecas/pnld-mato-grosso-do-sul,Relação de bibliotecas públicas e comunitárias,5 ago. 2026,Página institucional ou portal,"Ministério da Cultura. (2026). *PNLD nas bibliotecas de Mato Grosso do Sul* [Página institucional ou portal]. Recuperado em 6 de agosto de 2026, de https://www.gov.br/cultura/pt-br/assuntos/sistema-nacional-de-bibliotecas-publicas-snbp/pnld-bibliotecas/pnld-mato-grosso-do-sul",bibliotecas_arquivos,Relação de bibliotecas públicas e comunitárias
102,Bibliotecas e arquivos,Ministério da Cultura,2026,Sistema Estadual de Bibliotecas de Mato Grosso do Sul,https://www.gov.br/cultura/pt-br/assuntos/sistema-nacional-de-bibliotecas-publicas-snbp/teste01/sistemas-estaduais-1/sistema-estadual-de-bibliotecas-de-mato-grosso-do-sul,Referência institucional estadual,5 ago. 2026,Página institucional ou portal,"Ministério da Cultura. (2026). *Sistema Estadual de Bibliotecas de Mato Grosso do Sul* [Página institucional ou portal]. Recuperado em 6 de agosto de 2026, de https://www.gov.br/cultura/pt-br/assuntos/sistema-nacional-de-bibliotecas-publicas-snbp/teste01/sistemas-estaduais-1/sistema-estadual-de-bibliotecas-de-mato-grosso-do-sul",,Referência institucional estadual
103,Mobilidade rodoviária,AGEMS,2026,Transporte rodoviário intermunicipal de passageiros,https://www.agems.ms.gov.br/informativo/transporte-rodoviario-intermunicipal/,Validação operacional de terminais e serviços,5 ago. 2026,Página institucional ou portal,"AGEMS. (2026). *Transporte rodoviário intermunicipal de passageiros* [Página institucional ou portal]. Recuperado em 6 de agosto de 2026, de https://www.agems.ms.gov.br/informativo/transporte-rodoviario-intermunicipal",terminais_rodoviarios,Validação operacional de terminais e serviços
104,Turismo e atendimento,Fundação de Turismo de Mato Grosso do Sul,2026,Informações turísticas e Centros de Atendimento ao Turista,https://www.turismo.ms.gov.br/informacoes-turisticas/,CAT e apoio municipal ao visitante,5 ago. 2026,Página institucional ou portal,"Fundação de Turismo de Mato Grosso do Sul. (2026). *Informações turísticas e Centros de Atendimento ao Turista* [Página institucional ou portal]. Recuperado em 6 de agosto de 2026, de https://www.turismo.ms.gov.br/informacoes-turisticas",centros_atendimento_turista,CAT e apoio municipal ao visitante
105,Conectividade,Anatel,2026,"Mosaico SMP, mapas e arquivos de cobertura móvel",https://dados.gov.br/dados/conjuntos-dados/cobertura_movel,Conjunto de dados de cobertura móvel e metadados. A visualização complementar utiliza o Mosaico SMP.,5 ago. 2026,Documento ou publicação institucional,"Anatel. (2026). *Mosaico SMP, mapas e arquivos de cobertura móvel* [Documento ou publicação institucional]. https://dados.gov.br/dados/conjuntos-dados/cobertura_movel",cobertura_telefonia_movel,Conjunto de dados de cobertura móvel e metadados. A visualização complementar utiliza o Mosaico SMP.
106,Cartografia colaborativa,OpenStreetMap contributors,2026,OpenStreetMap e Overpass API,https://www.openstreetmap.org/,Captura espacial sob demanda de equipamentos sem base estadual única. Requer validação institucional,5 ago. 2026,Página institucional ou portal,"OpenStreetMap contributors. (2026). *OpenStreetMap e Overpass API* [Página institucional ou portal]. Recuperado em 6 de agosto de 2026, de https://www.openstreetmap.org",,Captura espacial sob demanda de equipamentos sem base estadual única. Requer validação institucional
107,Cartografia de base e bibliotecas,Google,2026,Maps JavaScript API,https://developers.google.com/maps/documentation/javascript/overview,Vista opcional configurável por chave restrita,5 ago. 2026,Página institucional ou portal,"Google. (2026). *Maps JavaScript API* [Página institucional ou portal]. Recuperado em 6 de agosto de 2026, de https://developers.google.com/maps/documentation/javascript/overview",,Vista opcional configurável por chave restrita
108,Terras indígenas,"Fundação Nacional dos Povos Indígenas, FUNAI",2026,"Terras Indígenas, dados geoespaciais e mapas",https://www.gov.br/funai/pt-br/atuacao/terras-indigenas/geoprocessamento-e-mapas,Dados atualizados e disponibilizados em formatos geoespaciais,5 ago. 2026,Documento ou publicação institucional,"Fundação Nacional dos Povos Indígenas, FUNAI. (2026). *Terras Indígenas, dados geoespaciais e mapas* [Documento ou publicação institucional]. https://www.gov.br/funai/pt-br/atuacao/terras-indigenas/geoprocessamento-e-mapas",terras_indigenas_poligonos,Dados atualizados e disponibilizados em formatos geoespaciais
109,Terras indígenas,PAMGIA IBAMA e FUNAI,2026,"Terra Indígena, camada vetorial FUNAI",https://pamgia.ibama.gov.br/server/rest/services/01_Publicacoes_Bases/lim_terra_indigena_a/FeatureServer/12,"Polígonos, etnia, município, fase administrativa e superfície",5 ago. 2026,Serviço ou API geoespacial,"PAMGIA IBAMA e FUNAI. (2026). *Terra Indígena, camada vetorial FUNAI* [Serviço ou API geoespacial]. Recuperado em 6 de agosto de 2026, de https://pamgia.ibama.gov.br/server/rest/services/01_Publicacoes_Bases/lim_terra_indigena_a/FeatureServer/12",terras_indigenas_poligonos,"Polígonos, etnia, município, fase administrativa e superfície"
110,Territórios quilombolas,INCRA,2026,Regularização de territórios quilombolas,https://www.gov.br/incra/pt-br/assuntos/governanca-fundiaria/quilombolas,Referência institucional da política de titulação,5 ago. 2026,Página institucional ou portal,"INCRA. (2026). *Regularização de territórios quilombolas* [Página institucional ou portal]. Recuperado em 6 de agosto de 2026, de https://www.gov.br/incra/pt-br/assuntos/governanca-fundiaria/quilombolas",,Referência institucional da política de titulação
111,Territórios quilombolas,PAMGIA IBAMA e INCRA,2026,"Territórios quilombolas, camada vetorial",https://pamgia.ibama.gov.br/server/rest/services/BasesSincronizadas/lim_quilombos_incra_a/FeatureServer/0,Polígonos sincronizados a partir da base do INCRA,5 ago. 2026,Serviço ou API geoespacial,"PAMGIA IBAMA e INCRA. (2026). *Territórios quilombolas, camada vetorial* [Serviço ou API geoespacial]. Recuperado em 6 de agosto de 2026, de https://pamgia.ibama.gov.br/server/rest/services/BasesSincronizadas/lim_quilombos_incra_a/FeatureServer/0",territorios_quilombolas_poligonos,Polígonos sincronizados a partir da base do INCRA
112,Assentamentos rurais,INCRA,2026,"Assentamentos, relação de projetos criados e reconhecidos",https://www.gov.br/incra/pt-br/assuntos/reforma-agraria/assentamentos-relacao-de-projetos,Relação atualizada em PDF e CSV,5 ago. 2026,Página institucional ou portal,"INCRA. (2026). *Assentamentos, relação de projetos criados e reconhecidos* [Página institucional ou portal]. Recuperado em 6 de agosto de 2026, de https://www.gov.br/incra/pt-br/assuntos/reforma-agraria/assentamentos-relacao-de-projetos",,Relação atualizada em PDF e CSV
113,Assentamentos rurais,PAMGIA IBAMA e INCRA,2026,"Assentamentos da reforma agrária, camada vetorial",https://pamgia.ibama.gov.br/server/rest/services/01_Publicacoes_Bases/assentamentos_incra/FeatureServer/1,"Polígonos com município, área, capacidade, famílias e fase",5 ago. 2026,Serviço ou API geoespacial,"PAMGIA IBAMA e INCRA. (2026). *Assentamentos da reforma agrária, camada vetorial* [Serviço ou API geoespacial]. Recuperado em 6 de agosto de 2026, de https://pamgia.ibama.gov.br/server/rest/services/01_Publicacoes_Bases/assentamentos_incra/FeatureServer/1",assentamentos_rurais_incra,"Polígonos com município, área, capacidade, famílias e fase"
114,Barragens,"Agência Nacional de Águas e Saneamento Básico, ANA",2026,"Sistema Nacional de Informações sobre Segurança de Barragens, SNISB",https://www.snisb.gov.br/,Cadastro nacional de barragens e informações de segurança,5 ago. 2026,Página institucional ou portal,"Agência Nacional de Águas e Saneamento Básico, ANA. (2026). *Sistema Nacional de Informações sobre Segurança de Barragens, SNISB* [Página institucional ou portal]. Recuperado em 6 de agosto de 2026, de https://www.snisb.gov.br",,Cadastro nacional de barragens e informações de segurança
115,Vulnerabilidade territorial,"Instituto Brasileiro de Geografia e Estatística, IBGE",2026,Panorama do Censo Demográfico 2022,https://censo2022.ibge.gov.br/panorama/,"Indicadores demográficos, domiciliares, educacionais e territoriais",5 ago. 2026,Página institucional ou portal,"Instituto Brasileiro de Geografia e Estatística, IBGE. (2026). *Panorama do Censo Demográfico 2022* [Página institucional ou portal]. Recuperado em 6 de agosto de 2026, de https://censo2022.ibge.gov.br/panorama",vulnerabilidade_territorial_censo_2022,"Indicadores demográficos, domiciliares, educacionais e territoriais"
116,Regionalização turística,Ministério do Turismo,2026,Mapa do Turismo Brasileiro,https://www.gov.br/turismo/pt-br/acesso-a-informacao/acoes-e-programas/programas-projetos-acoes-obras-e-atividades/programa-de-regionalizacao-do-turismo-2/mapa-do-turismo-brasileiro/mapa-do-turismo-brasileiro,Processo de atualização contínua conforme a página institucional vigente na data de corte.,5 ago. 2026,Documento ou publicação institucional,Ministério do Turismo. (2026). *Mapa do Turismo Brasileiro* [Documento ou publicação institucional]. https://www.gov.br/turismo/pt-br/acesso-a-informacao/acoes-e-programas/programas-projetos-acoes-obras-e-atividades/programa-de-regionalizacao-do-turismo-2/mapa-do-turismo-brasileiro/mapa-do-turismo-brasileiro,regioes_municipios_turisticos,Processo de atualização contínua conforme a página institucional vigente na data de corte.
117,Patrimônio estadual e ferroviário,Fundação de Cultura de Mato Grosso do Sul,2026,"Guias, manuais e inventários patrimoniais",https://www.fundacaodecultura.ms.gov.br/informativos/guias-e-manuais/,"Fontes para patrimônio material, imaterial e estações ferroviárias",5 ago. 2026,Documento ou publicação institucional,"Fundação de Cultura de Mato Grosso do Sul. (2026). *Guias, manuais e inventários patrimoniais* [Documento ou publicação institucional]. https://www.fundacaodecultura.ms.gov.br/informativos/guias-e-manuais",patrimonio_estadual_estacoes_ferroviarias,"Fontes para patrimônio material, imaterial e estações ferroviárias"
118,Geologia,"Serviço Geológico do Brasil, SGB",2006,"Mapa geológico de Mato Grosso do Sul, unidades litoestratigráficas, escala 1:1.000.000",https://geoportal.sgb.gov.br/server/rest/services/geologia/litoestratigrafia_estados/MapServer/7,Serviço vetorial oficial com atributos litoestratigráficos e simbologia por unidade,5 ago. 2026,Serviço ou API geoespacial,"Serviço Geológico do Brasil, SGB. (2006). *Mapa geológico de Mato Grosso do Sul, unidades litoestratigráficas, escala 1:1.000.000* [Serviço ou API geoespacial]. Recuperado em 6 de agosto de 2026, de https://geoportal.sgb.gov.br/server/rest/services/geologia/litoestratigrafia_estados/MapServer/7",mapa_geologico_ms,Serviço vetorial oficial com atributos litoestratigráficos e simbologia por unidade
119,Geologia,"Serviço Geológico do Brasil, SGB",2026,Serviço de mapeamentos geológicos estaduais do GeoSGB,https://geoportal.sgb.gov.br/server/rest/services/geologia/litoestratigrafia_estados/MapServer,"Integra mapas estaduais e disponibiliza WMS, WFS e consulta ArcGIS REST",5 ago. 2026,Serviço ou API geoespacial,"Serviço Geológico do Brasil, SGB. (2026). *Serviço de mapeamentos geológicos estaduais do GeoSGB* [Serviço ou API geoespacial]. Recuperado em 6 de agosto de 2026, de https://geoportal.sgb.gov.br/server/rest/services/geologia/litoestratigrafia_estados/MapServer",mapa_geologico_ms,"Integra mapas estaduais e disponibiliza WMS, WFS e consulta ArcGIS REST"
120,Hidrogeologia,"ABREU, Márcio Costa; PAULA, Thiago Luiz Feijó de; REMPEL, Katarina; SENHORINHO, Eliel Martins",2024,Mapa hidrogeológico do estado de Mato Grosso do Sul,https://rigeo.sgb.gov.br/handle/doc/25365,"Mapa estadual na escala 1:1.000.000, acompanhado de arquivos vetoriais para ArcGIS e QGIS",5 ago. 2026,Documento ou publicação institucional,"ABREU, Márcio Costa; PAULA, Thiago Luiz Feijó de; REMPEL, Katarina; SENHORINHO, Eliel Martins. (2024). *Mapa hidrogeológico do estado de Mato Grosso do Sul* [Documento ou publicação institucional]. https://rigeo.sgb.gov.br/handle/doc/25365",mapa_hidrogeologico_ms,"Mapa estadual na escala 1:1.000.000, acompanhado de arquivos vetoriais para ArcGIS e QGIS"
121,Hidrogeologia,"Serviço Geológico do Brasil, SGB",2026,"Hidrogeologia Atlas do Brasil, camada vetorial",https://geoportal.sgb.gov.br/server/rest/services/hidrologia/Mapa_Hidrogeologico_Atlas_Brasil/MapServer/1,Camada poligonal utilizada para captura e recorte espacial de Mato Grosso do Sul,5 ago. 2026,Serviço ou API geoespacial,"Serviço Geológico do Brasil, SGB. (2026). *Hidrogeologia Atlas do Brasil, camada vetorial* [Serviço ou API geoespacial]. Recuperado em 6 de agosto de 2026, de https://geoportal.sgb.gov.br/server/rest/services/hidrologia/Mapa_Hidrogeologico_Atlas_Brasil/MapServer/1",mapa_hidrogeologico_ms,Camada poligonal utilizada para captura e recorte espacial de Mato Grosso do Sul
122,Hidrogeologia,"Serviço Geológico do Brasil, SGB",2026,Mapas hidrogeológicos para download,https://www.sgb.gov.br/mapas-para-download,Portal que reúne o mapa estadual de Mato Grosso do Sul e outros produtos hidrogeológicos,5 ago. 2026,Documento ou publicação institucional,"Serviço Geológico do Brasil, SGB. (2026). *Mapas hidrogeológicos para download* [Documento ou publicação institucional]. https://www.sgb.gov.br/mapas-para-download",,Portal que reúne o mapa estadual de Mato Grosso do Sul e outros produtos hidrogeológicos
123,Geomorfologia,"Instituto Brasileiro de Geografia e Estatística, IBGE",2025,"Banco de Dados de Informações Ambientais, tema Geomorfologia",https://bdiaweb.ibge.gov.br/,Consulta e download de unidades geomorfológicas e seus atributos,5 ago. 2026,Página institucional ou portal,"Instituto Brasileiro de Geografia e Estatística, IBGE. (2025). *Banco de Dados de Informações Ambientais, tema Geomorfologia* [Página institucional ou portal]. Recuperado em 6 de agosto de 2026, de https://bdiaweb.ibge.gov.br",mapa_geomorfologico_ibge | mapa_vegetacao_original_radam,Consulta e download de unidades geomorfológicas e seus atributos
124,Geomorfologia,"Instituto Brasileiro de Geografia e Estatística, IBGE",2025,Geomorfologia na escala 1:250.000,https://www.ibge.gov.br/geociencias/informacoes-ambientais/geomorfologia/10870-geomorfologia.html,Produto cartográfico nacional utilizado como referência da camada estadual,5 ago. 2026,Página institucional ou portal,"Instituto Brasileiro de Geografia e Estatística, IBGE. (2025). *Geomorfologia na escala 1:250.000* [Página institucional ou portal]. Recuperado em 6 de agosto de 2026, de https://www.ibge.gov.br/geociencias/informacoes-ambientais/geomorfologia/10870-geomorfologia.html",mapa_geomorfologico_ibge,Produto cartográfico nacional utilizado como referência da camada estadual
125,Altimetria,SEMADESC e PIN MS,2026,Altimetria de Mato Grosso do Sul,https://www.pinms.ms.gov.br/arcgis/rest/services/SEMADESC/SEMADESC_MAPAS/MapServer/5,Serviço cartográfico estadual exibido sob demanda,5 ago. 2026,Serviço ou API geoespacial,"SEMADESC e PIN MS. (2026). *Altimetria de Mato Grosso do Sul* [Serviço ou API geoespacial]. Recuperado em 6 de agosto de 2026, de https://www.pinms.ms.gov.br/arcgis/rest/services/SEMADESC/SEMADESC_MAPAS/MapServer/5",mapa_altimetria_ms,Serviço cartográfico estadual exibido sob demanda
126,Geomorfometria,"Instituto Nacional de Pesquisas Espaciais, INPE",2026,"TOPODATA, Banco de Dados Geomorfométricos do Brasil",https://data.inpe.br/dados/topodata/,"Modelo refinado e variáveis como declividade, orientação e curvaturas",5 ago. 2026,Página institucional ou portal,"Instituto Nacional de Pesquisas Espaciais, INPE. (2026). *TOPODATA, Banco de Dados Geomorfométricos do Brasil* [Página institucional ou portal]. Recuperado em 6 de agosto de 2026, de https://data.inpe.br/dados/topodata",mapa_declividade_topodata,"Modelo refinado e variáveis como declividade, orientação e curvaturas"
127,Solos,IMASUL e PIN MS,2026,"Solos de Mato Grosso do Sul, escala 1:250.000",https://www.pinms.ms.gov.br/arcgis/rest/services/IMASUL/SiriemaGeo_Sisla/MapServer/42,Camada poligonal estadual com classes de solos e simbologia oficial,5 ago. 2026,Serviço ou API geoespacial,"IMASUL e PIN MS. (2026). *Solos de Mato Grosso do Sul, escala 1:250.000* [Serviço ou API geoespacial]. Recuperado em 6 de agosto de 2026, de https://www.pinms.ms.gov.br/arcgis/rest/services/IMASUL/SiriemaGeo_Sisla/MapServer/42",mapa_solos_ms,Camada poligonal estadual com classes de solos e simbologia oficial
128,Zoneamento Agroecológico,SEMADESC e Embrapa Solos,2026,"Zoneamento Agroecológico de Mato Grosso do Sul, ZAE MS",https://www.semadesc.ms.gov.br/programas-e-projetos/zae-ms/,"Inclui solos, água disponível, fragilidade ambiental, zonas agroecológicas e aptidões",5 ago. 2026,Página institucional ou portal,"SEMADESC e Embrapa Solos. (2026). *Zoneamento Agroecológico de Mato Grosso do Sul, ZAE MS* [Página institucional ou portal]. Recuperado em 6 de agosto de 2026, de https://www.semadesc.ms.gov.br/programas-e-projetos/zae-ms",mapa_fragilidade_ambiental_zae | mapa_macrozoneamento_zae | mapa_zoneamento_agroecologico_ms,"Inclui solos, água disponível, fragilidade ambiental, zonas agroecológicas e aptidões"
129,Vegetação,PIN MS e IBGE,2026,Vegetação RADAM de Mato Grosso do Sul,https://www.pinms.ms.gov.br/arcgis/rest/services/SGI/Vegetacao_RADAM_MS/MapServer,Serviço cartográfico de vegetação original para todo o estado,5 ago. 2026,Serviço ou API geoespacial,"PIN MS e IBGE. (2026). *Vegetação RADAM de Mato Grosso do Sul* [Serviço ou API geoespacial]. Recuperado em 6 de agosto de 2026, de https://www.pinms.ms.gov.br/arcgis/rest/services/SGI/Vegetacao_RADAM_MS/MapServer",mapa_vegetacao_original_radam,Serviço cartográfico de vegetação original para todo o estado
130,Uso da terra,Projeto MapBiomas,2026,Coleção 10.1 da Série Anual de Mapas de Cobertura e Uso da Terra do Brasil,https://brasil.mapbiomas.org/colecoes-mapbiomas/,Série anual de 1985 a 2024 e referência para mudanças de uso da terra,5 ago. 2026,Documento ou publicação institucional,Projeto MapBiomas. (2026). *Coleção 10.1 da Série Anual de Mapas de Cobertura e Uso da Terra do Brasil* [Documento ou publicação institucional]. https://brasil.mapbiomas.org/colecoes-mapbiomas,,Série anual de 1985 a 2024 e referência para mudanças de uso da terra
131,Uso da terra,Projeto MapBiomas,2026,Estatísticas e matrizes de transição de cobertura e uso da terra,https://brasil.mapbiomas.org/estatisticas/,Ferramenta para comparar transformações territoriais,5 ago. 2026,Página institucional ou portal,"Projeto MapBiomas. (2026). *Estatísticas e matrizes de transição de cobertura e uso da terra* [Página institucional ou portal]. Recuperado em 6 de agosto de 2026, de https://brasil.mapbiomas.org/estatisticas",mapa_mudancas_uso_solo | uso_cobertura_solo,Ferramenta para comparar transformações territoriais
132,Planejamento territorial,IMASUL e PIN MS,2026,"ZEE MS, primeira aproximação",https://www.pinms.ms.gov.br/arcgis/rest/services/IMASUL/SiriemaGeo_Sisla/MapServer/38,Zoneamento Ecológico Econômico exibido como mapa externo dinâmico,5 ago. 2026,Serviço ou API geoespacial,"IMASUL e PIN MS. (2026). *ZEE MS, primeira aproximação* [Serviço ou API geoespacial]. Recuperado em 6 de agosto de 2026, de https://www.pinms.ms.gov.br/arcgis/rest/services/IMASUL/SiriemaGeo_Sisla/MapServer/38",mapa_zee_ms,Zoneamento Ecológico Econômico exibido como mapa externo dinâmico
133,Recursos hídricos,SEMADESC e PIN MS,2026,"Bacias, sub-bacias e unidades de planejamento e gerenciamento de recursos hídricos",https://www.pinms.ms.gov.br/arcgis/rest/services/SEMADESC/SEMADESC_MAPAS/MapServer,Camadas estaduais das bacias do Paraguai e Paraná e UEPGRH,5 ago. 2026,Serviço ou API geoespacial,"SEMADESC e PIN MS. (2026). *Bacias, sub-bacias e unidades de planejamento e gerenciamento de recursos hídricos* [Serviço ou API geoespacial]. Recuperado em 6 de agosto de 2026, de https://www.pinms.ms.gov.br/arcgis/rest/services/SEMADESC/SEMADESC_MAPAS/MapServer",mapa_bacias_uepgrh | mapa_disponibilidade_hidrica | mapa_macrozoneamento_zae,Camadas estaduais das bacias do Paraguai e Paraná e UEPGRH
134,Recursos hídricos,SEMADESC e PIN MS,2026,Disponibilidade hídrica superficial e água disponível no solo,https://www.pinms.ms.gov.br/arcgis/rest/services/SEMADESC/SEMADESC_MAPAS/MapServer,Mapas de apoio à análise territorial e ambiental,5 ago. 2026,Serviço ou API geoespacial,"SEMADESC e PIN MS. (2026). *Disponibilidade hídrica superficial e água disponível no solo* [Serviço ou API geoespacial]. Recuperado em 6 de agosto de 2026, de https://www.pinms.ms.gov.br/arcgis/rest/services/SEMADESC/SEMADESC_MAPAS/MapServer",mapa_bacias_uepgrh | mapa_disponibilidade_hidrica | mapa_macrozoneamento_zae,Mapas de apoio à análise territorial e ambiental
135,Qualidade da água,"Agência Nacional de Águas e Saneamento Básico, ANA",2026,Portal da Qualidade das Águas,https://qualidadedaagua.ana.gov.br/,"Estações, indicadores e dados de monitoramento da qualidade da água",5 ago. 2026,Página institucional ou portal,"Agência Nacional de Águas e Saneamento Básico, ANA. (2026). *Portal da Qualidade das Águas* [Página institucional ou portal]. Recuperado em 6 de agosto de 2026, de https://qualidadedaagua.ana.gov.br",mapa_qualidade_agua_ana,"Estações, indicadores e dados de monitoramento da qualidade da água"
136,Fogo,"Instituto Nacional de Pesquisas Espaciais, INPE",2026,"Programa Queimadas, Painel do Fogo e dados abertos",https://data.inpe.br/queimadas/painel-do-fogo/,"Focos, eventos, áreas queimadas e risco de fogo",5 ago. 2026,Página institucional ou portal,"Instituto Nacional de Pesquisas Espaciais, INPE. (2026). *Programa Queimadas, Painel do Fogo e dados abertos* [Página institucional ou portal]. Recuperado em 6 de agosto de 2026, de https://data.inpe.br/queimadas/painel-do-fogo",mapa_focos_calor_risco,"Focos, eventos, áreas queimadas e risco de fogo"
137,Fogo,IBAMA PAMGIA,2026,Focos de calor atualizados,https://pamgia.ibama.gov.br/server/rest/services/DDA/focos_calor_dda/MapServer,Serviço cartográfico atualizado com dados originários do INPE,5 ago. 2026,Serviço ou API geoespacial,"IBAMA PAMGIA. (2026). *Focos de calor atualizados* [Serviço ou API geoespacial]. Recuperado em 6 de agosto de 2026, de https://pamgia.ibama.gov.br/server/rest/services/DDA/focos_calor_dda/MapServer",mapa_focos_calor_risco,Serviço cartográfico atualizado com dados originários do INPE
138,Recursos minerais,"Serviço Geológico do Brasil, SGB",2026,Ocorrências minerais do GeoSGB,https://geoportal.sgb.gov.br/server/rest/services/geologia/ocorrencias/MapServer/0,Ocorrências e substâncias minerais visualizadas sobre Mato Grosso do Sul,5 ago. 2026,Serviço ou API geoespacial,"Serviço Geológico do Brasil, SGB. (2026). *Ocorrências minerais do GeoSGB* [Serviço ou API geoespacial]. Recuperado em 6 de agosto de 2026, de https://geoportal.sgb.gov.br/server/rest/services/geologia/ocorrencias/MapServer/0",mapa_recursos_minerais_ms,Ocorrências e substâncias minerais visualizadas sobre Mato Grosso do Sul
139,Clima,"Centro de Monitoramento do Tempo e do Clima de Mato Grosso do Sul, CEMTEC",2026,Banco de dados meteorológicos de Mato Grosso do Sul,https://www.cemtec.ms.gov.br/bancodedados/,"Séries de precipitação, temperatura e produtos meteorológicos",5 ago. 2026,Página institucional ou portal,"Centro de Monitoramento do Tempo e do Clima de Mato Grosso do Sul, CEMTEC. (2026). *Banco de dados meteorológicos de Mato Grosso do Sul* [Página institucional ou portal]. Recuperado em 6 de agosto de 2026, de https://www.cemtec.ms.gov.br/bancodedados",mapa_climatico_ms,"Séries de precipitação, temperatura e produtos meteorológicos"
140,Clima,"Instituto Nacional de Meteorologia, INMET",2026,Portal meteorológico e dados de estações,https://portal.inmet.gov.br/,Referência complementar para clima e estações meteorológicas,5 ago. 2026,Página institucional ou portal,"Instituto Nacional de Meteorologia, INMET. (2026). *Portal meteorológico e dados de estações* [Página institucional ou portal]. Recuperado em 6 de agosto de 2026, de https://portal.inmet.gov.br",mapa_climatico_ms,Referência complementar para clima e estações meteorológicas
141,Geodiversidade,Governo do Estado de Mato Grosso do Sul,2009,"Decreto Estadual nº 12.897, de 22 de dezembro de 2009. Criação do Geopark Bodoquena-Pantanal e Anexo I com 54 geossítios",https://aacpdappls.net.ms.gov.br/appls/legislacao/secoge/govato.nsf/fd8600de8a55c7fc04256b210079ce25/9d2a7d2cb9c27f170425769a005c3d44?OpenDocument,"Fonte legal oficial do inventário estadual. Publicado no Diário Oficial nº 7.610, de 23 de dezembro de 2009",5 ago. 2026,Documento ou publicação institucional,"Governo do Estado de Mato Grosso do Sul. (2009). *Decreto Estadual nº 12.897, de 22 de dezembro de 2009. Criação do Geopark Bodoquena-Pantanal e Anexo I com 54 geossítios* [Documento ou publicação institucional]. https://aacpdappls.net.ms.gov.br/appls/legislacao/secoge/govato.nsf/fd8600de8a55c7fc04256b210079ce25/9d2a7d2cb9c27f170425769a005c3d44?OpenDocument",,"Fonte legal oficial do inventário estadual. Publicado no Diário Oficial nº 7.610, de 23 de dezembro de 2009"
142,Geodiversidade,Governo do Estado de Mato Grosso do Sul,2011,"Decreto Estadual nº 13.220, de 17 de junho de 2011. Alteração da estrutura do Conselho Gestor do Geopark Bodoquena-Pantanal",https://aacpdappls.net.ms.gov.br/appls/legislacao/secoge/govato.nsf/fd8600de8a55c7fc04256b210079ce25/85f3f8665191e580042578b50066ba59?OpenDocument,A alteração administrativa não modifica a relação dos geossítios do Anexo I,5 ago. 2026,Documento ou publicação institucional,"Governo do Estado de Mato Grosso do Sul. (2011). *Decreto Estadual nº 13.220, de 17 de junho de 2011. Alteração da estrutura do Conselho Gestor do Geopark Bodoquena-Pantanal* [Documento ou publicação institucional]. https://aacpdappls.net.ms.gov.br/appls/legislacao/secoge/govato.nsf/fd8600de8a55c7fc04256b210079ce25/85f3f8665191e580042578b50066ba59?OpenDocument",,A alteração administrativa não modifica a relação dos geossítios do Anexo I
143,Povos originários,Fundação Nacional dos Povos Indígenas,2026,Geoprocessamento e mapas de Terras Indígenas,https://www.gov.br/funai/pt-br/atuacao/terras-indigenas/geoprocessamento-e-mapas,Polígonos oficiais e situação administrativa. Atualização mensal informada pela instituição.,5 ago. 2026,Documento ou publicação institucional,Fundação Nacional dos Povos Indígenas. (2026). *Geoprocessamento e mapas de Terras Indígenas* [Documento ou publicação institucional]. https://www.gov.br/funai/pt-br/atuacao/terras-indigenas/geoprocessamento-e-mapas,terras_indigenas_poligonos,Polígonos oficiais e situação administrativa. Atualização mensal informada pela instituição.
144,Conservação,Instituto Chico Mendes de Conservação da Biodiversidade,2024,Dados geoespaciais e KML das Unidades de Conservação Federais,https://www.gov.br/icmbio/pt-br/assuntos/dados_geoespaciais_mapa_tematico-e-dados_geoestatisticos/dados_geoespaciais,Referência oficial para o Parque Nacional da Serra da Bodoquena.,5 ago. 2026,Página institucional ou portal,"Instituto Chico Mendes de Conservação da Biodiversidade. (2024). *Dados geoespaciais e KML das Unidades de Conservação Federais* [Página institucional ou portal]. Recuperado em 6 de agosto de 2026, de https://www.gov.br/icmbio/pt-br/assuntos/dados_geoespaciais_mapa_tematico-e-dados_geoestatisticos/dados_geoespaciais",,Referência oficial para o Parque Nacional da Serra da Bodoquena.
145,Fronteira,Receita Federal do Brasil,2026,Relação oficial de unidades e pontos aduaneiros em fronteira,https://www.gov.br/receitafederal/pt-br,"Base documental para os nós municipais de Corumbá, Mundo Novo, Ponta Porã e Bela Vista.",5 ago. 2026,Página institucional ou portal,"Receita Federal do Brasil. (2026). *Relação oficial de unidades e pontos aduaneiros em fronteira* [Página institucional ou portal]. Recuperado em 6 de agosto de 2026, de https://www.gov.br/receitafederal/pt-br",,"Base documental para os nós municipais de Corumbá, Mundo Novo, Ponta Porã e Bela Vista."
146,Geodiversidade,Comissão Brasileira de Sítios Geológicos e Paleobiológicos,s.d.,"Morraria do Puga, SIGEP 037",https://sigep.eco.br/sitio037/sitio037.pdf,Registro relacionado ao geossítio 2 do Decreto Estadual nº 12.897 de 2009.,5 ago. 2026,Documento ou publicação institucional,"Comissão Brasileira de Sítios Geológicos e Paleobiológicos. (s.d.). *Morraria do Puga, SIGEP 037* [Documento ou publicação institucional]. Recuperado em 6 de agosto de 2026, de https://sigep.eco.br/sitio037/sitio037.pdf",,Registro relacionado ao geossítio 2 do Decreto Estadual nº 12.897 de 2009.
147,Geodiversidade,Comissão Brasileira de Sítios Geológicos e Paleobiológicos,s.d.,"Tufas calcárias da Serra da Bodoquena, SIGEP 034",https://sigep.eco.br/sitio034/sitio034.pdf,Registro relacionado ao geossítio 49 do Decreto Estadual nº 12.897 de 2009.,5 ago. 2026,Documento ou publicação institucional,"Comissão Brasileira de Sítios Geológicos e Paleobiológicos. (s.d.). *Tufas calcárias da Serra da Bodoquena, SIGEP 034* [Documento ou publicação institucional]. Recuperado em 6 de agosto de 2026, de https://sigep.eco.br/sitio034/sitio034.pdf",,Registro relacionado ao geossítio 49 do Decreto Estadual nº 12.897 de 2009.
148,Hidrogeologia,Agência Nacional de Águas e Saneamento Básico,2013,Sistemas Aquíferos do Brasil,https://metadados.snirh.gov.br/geonetwork/geonetwork/api/records/3ec60e4f-85ea-4ba7-a90c-734b57594f90,Fonte oficial para a extensão aflorante dos sistemas aquíferos.,5 ago. 2026,Serviço ou API geoespacial,"Agência Nacional de Águas e Saneamento Básico. (2013). *Sistemas Aquíferos do Brasil* [Serviço ou API geoespacial]. Recuperado em 6 de agosto de 2026, de https://metadados.snirh.gov.br/geonetwork/geonetwork/api/records/3ec60e4f-85ea-4ba7-a90c-734b57594f90",sistema_aquifero_guarani_ana,Fonte oficial para a extensão aflorante dos sistemas aquíferos.
149,Pantanal e fogo,Instituto Brasileiro do Meio Ambiente e dos Recursos Naturais Renováveis,2026,Serviço cartográfico histórico de focos no Pantanal,https://pamgia.ibama.gov.br/server/rest/services/Focos_Pantanal_Historico_MIL1/MapServer,Camada preparada como referência ambiental e climática.,5 ago. 2026,Serviço ou API geoespacial,"Instituto Brasileiro do Meio Ambiente e dos Recursos Naturais Renováveis. (2026). *Serviço cartográfico histórico de focos no Pantanal* [Serviço ou API geoespacial]. Recuperado em 6 de agosto de 2026, de https://pamgia.ibama.gov.br/server/rest/services/Focos_Pantanal_Historico_MIL1/MapServer",pantanal_monitoramento_fogo,Camada preparada como referência ambiental e climática.
150,Riscos e governança territorial,Defesa Civil de Mato Grosso do Sul,2026,Departamento de Gestão de Riscos e Desastres,https://www.defesacivil.ms.gov.br/unidade-administrativa/departamento-de-gestao-de-riscos-e-desastres/,"Referência institucional para mapeamento de riscos, contingência e prevenção.",5 ago. 2026,Página institucional ou portal,"Defesa Civil de Mato Grosso do Sul. (2026). *Departamento de Gestão de Riscos e Desastres* [Página institucional ou portal]. Recuperado em 6 de agosto de 2026, de https://www.defesacivil.ms.gov.br/unidade-administrativa/departamento-de-gestao-de-riscos-e-desastres",riscos_sazonalidade,"Referência institucional para mapeamento de riscos, contingência e prevenção."
151,Riscos e governança territorial,Defesa Civil de Mato Grosso do Sul,2026,Programa MonitorAção,https://www.defesacivil.ms.gov.br/programas-e-projetos/monitoracao/,Monitoramento participativo de condições climáticas e eventos extremos.,5 ago. 2026,Página institucional ou portal,"Defesa Civil de Mato Grosso do Sul. (2026). *Programa MonitorAção* [Página institucional ou portal]. Recuperado em 6 de agosto de 2026, de https://www.defesacivil.ms.gov.br/programas-e-projetos/monitoracao",riscos_sazonalidade,Monitoramento participativo de condições climáticas e eventos extremos.
152,Rotas institucionais e itinerários em estudo,Fundação de Turismo de Mato Grosso do Sul,2024,Trilhas de Longo Curso em Mato Grosso do Sul: Rota dos Pioneiros e Aviturismo nas regiões Vale das Águas e Cone Sul,https://www.turismo.ms.gov.br/trilhas-de-longo-curso-em-mato-grosso-do-sul-rota-dos-pioneiros-e-aviturismo-nas-regioes-vale-das-aguas-e-cone-sul/,Fonte institucional da Rota dos Pioneiros e municípios abrangidos.,6 ago. 2026,Página institucional ou portal,"Fundação de Turismo de Mato Grosso do Sul. (2024). *Trilhas de Longo Curso em Mato Grosso do Sul: Rota dos Pioneiros e Aviturismo nas regiões Vale das Águas e Cone Sul* [Página institucional ou portal]. Recuperado em 6 de agosto de 2026, de https://www.turismo.ms.gov.br/trilhas-de-longo-curso-em-mato-grosso-do-sul-rota-dos-pioneiros-e-aviturismo-nas-regioes-vale-das-aguas-e-cone-sul",,Fonte institucional da Rota dos Pioneiros e municípios abrangidos.
153,Rotas institucionais e itinerários em estudo,Fundação de Turismo de Mato Grosso do Sul,2025,Mato Grosso do Sul lança Rota do Cerrado e nova marca para o Aviturismo durante o Avistar Brasil 2025,https://www.turismo.ms.gov.br/mato-grosso-do-sul-lanca-rota-do-cerrado-e-nova-marca-para-o-aviturismo-durante-o-avistar-brasil-2025/,Fonte institucional da Rota do Cerrado em Costa Rica e Alcinópolis.,6 ago. 2026,Página institucional ou portal,"Fundação de Turismo de Mato Grosso do Sul. (2025). *Mato Grosso do Sul lança Rota do Cerrado e nova marca para o Aviturismo durante o Avistar Brasil 2025* [Página institucional ou portal]. Recuperado em 6 de agosto de 2026, de https://www.turismo.ms.gov.br/mato-grosso-do-sul-lanca-rota-do-cerrado-e-nova-marca-para-o-aviturismo-durante-o-avistar-brasil-2025",,Fonte institucional da Rota do Cerrado em Costa Rica e Alcinópolis.
154,Rotas institucionais e itinerários em estudo,Fundação de Turismo de Mato Grosso do Sul,2024,Rota de Aviturismo nas Unidades de Conservação da Mata Atlântica de Mato Grosso do Sul,https://www.turismo.ms.gov.br/confira-os-destaques-de-mato-grosso-do-sul-na-17a-avistar-brasil-2024/,Fonte institucional da rota de aviturismo da Mata Atlântica.,6 ago. 2026,Página institucional ou portal,"Fundação de Turismo de Mato Grosso do Sul. (2024). *Rota de Aviturismo nas Unidades de Conservação da Mata Atlântica de Mato Grosso do Sul* [Página institucional ou portal]. Recuperado em 6 de agosto de 2026, de https://www.turismo.ms.gov.br/confira-os-destaques-de-mato-grosso-do-sul-na-17a-avistar-brasil-2024",,Fonte institucional da rota de aviturismo da Mata Atlântica.
155,Rotas institucionais e itinerários em estudo,Fundação de Turismo de Mato Grosso do Sul,2025,Rotas especializadas de aviturismo de Mato Grosso do Sul na Global Birdfair 2025,https://www.turismo.ms.gov.br/mato-grosso-do-sul-reforca-compromisso-com-o-turismo-de-observacao-de-aves-na-global-birdfair-2025/,"Identifica as rotas da Bioceânica, Mata Atlântica e Cerrado e produtos do Pantanal Sul e Serra da Bodoquena.",6 ago. 2026,Página institucional ou portal,"Fundação de Turismo de Mato Grosso do Sul. (2025). *Rotas especializadas de aviturismo de Mato Grosso do Sul na Global Birdfair 2025* [Página institucional ou portal]. Recuperado em 6 de agosto de 2026, de https://www.turismo.ms.gov.br/mato-grosso-do-sul-reforca-compromisso-com-o-turismo-de-observacao-de-aves-na-global-birdfair-2025",,"Identifica as rotas da Bioceânica, Mata Atlântica e Cerrado e produtos do Pantanal Sul e Serra da Bodoquena."
156,Rotas institucionais e itinerários em estudo,Fundação de Turismo de Mato Grosso do Sul,2017,Rota Bioceânica potencializará o turismo em Mato Grosso do Sul,https://www.turismo.ms.gov.br/rota-bioceanica-potencializara-o-turismo-em-mato-grosso-do-sul/,Referência institucional para o corredor bioceânico e intercâmbios turísticos e culturais.,6 ago. 2026,Página institucional ou portal,"Fundação de Turismo de Mato Grosso do Sul. (2017). *Rota Bioceânica potencializará o turismo em Mato Grosso do Sul* [Página institucional ou portal]. Recuperado em 6 de agosto de 2026, de https://www.turismo.ms.gov.br/rota-bioceanica-potencializara-o-turismo-em-mato-grosso-do-sul",,Referência institucional para o corredor bioceânico e intercâmbios turísticos e culturais.
157,Rotas institucionais e itinerários em estudo,Fundação de Turismo de Mato Grosso do Sul,2016,I Seminário Regional do Folclore Monçoeiro na Rota Norte de Mato Grosso do Sul,https://www.turismo.ms.gov.br/regiao-turistica-rota-norte-recebe-i-seminario-regional-do-folclore-moncoeiro/,Referência para o estudo da Rota das Monções e do folclore monçoeiro.,6 ago. 2026,Página institucional ou portal,"Fundação de Turismo de Mato Grosso do Sul. (2016). *I Seminário Regional do Folclore Monçoeiro na Rota Norte de Mato Grosso do Sul* [Página institucional ou portal]. Recuperado em 6 de agosto de 2026, de https://www.turismo.ms.gov.br/regiao-turistica-rota-norte-recebe-i-seminario-regional-do-folclore-moncoeiro",,Referência para o estudo da Rota das Monções e do folclore monçoeiro.
158,Rotas institucionais e itinerários em estudo,Fundação de Turismo de Mato Grosso do Sul,2016,Rota Pantanal-Bonito,https://www.turismo.ms.gov.br/rota-pantanal-bonito-recebeu-em-2015-mais-de-422-mil-turistas/,Referência do produto turístico integrado Pantanal-Bonito.,6 ago. 2026,Página institucional ou portal,"Fundação de Turismo de Mato Grosso do Sul. (2016). *Rota Pantanal-Bonito* [Página institucional ou portal]. Recuperado em 6 de agosto de 2026, de https://www.turismo.ms.gov.br/rota-pantanal-bonito-recebeu-em-2015-mais-de-422-mil-turistas",,Referência do produto turístico integrado Pantanal-Bonito.
159,Rotas institucionais e itinerários em estudo,Fundação de Turismo de Mato Grosso do Sul,2026,Guia de Afroturismo e estratégia estadual para o segmento,https://www.turismo.ms.gov.br/mato-grosso-do-sul-lanca-guia-de-afroturismo-e-apresenta-estrategia-para-fortalecer-o-segmento/,Referência complementar para rotas e experiências de afroturismo.,6 ago. 2026,Documento ou publicação institucional,Fundação de Turismo de Mato Grosso do Sul. (2026). *Guia de Afroturismo e estratégia estadual para o segmento* [Documento ou publicação institucional]. https://www.turismo.ms.gov.br/mato-grosso-do-sul-lanca-guia-de-afroturismo-e-apresenta-estrategia-para-fortalecer-o-segmento,,Referência complementar para rotas e experiências de afroturismo.
160,Rotas institucionais e itinerários em estudo,Fundação de Turismo de Mato Grosso do Sul,s.d.,Regiões turísticas de Mato Grosso do Sul,https://www.turismo.ms.gov.br/tourist-regions/,Base territorial e temática para hipóteses regionais.,6 ago. 2026,Página institucional ou portal,"Fundação de Turismo de Mato Grosso do Sul. (s.d.). *Regiões turísticas de Mato Grosso do Sul* [Página institucional ou portal]. Recuperado em 6 de agosto de 2026, de https://www.turismo.ms.gov.br/tourist-regions",,Base territorial e temática para hipóteses regionais.
161,Rotas institucionais e itinerários em estudo,Fundação de Turismo de Mato Grosso do Sul,s.d.,Artesanato das regiões turísticas de Mato Grosso do Sul,https://www.turismo.ms.gov.br/conheca-ms/artesanato/,Base documental da hipótese sobre artesanato e cerâmicas.,6 ago. 2026,Página institucional ou portal,"Fundação de Turismo de Mato Grosso do Sul. (s.d.). *Artesanato das regiões turísticas de Mato Grosso do Sul* [Página institucional ou portal]. Recuperado em 6 de agosto de 2026, de https://www.turismo.ms.gov.br/conheca-ms/artesanato",,Base documental da hipótese sobre artesanato e cerâmicas.
162,Roteamento e acessibilidade,Project OSRM,2026,"OSRM HTTP API, serviço Route e objetos RouteLeg e RouteStep",https://github.com/Project-OSRM/osrm-backend/blob/master/docs/http.md,"Documentação primária utilizada para o cálculo sob demanda de geometrias, distâncias e durações. O servidor público é externo ao atlas.",6 ago. 2026,Página institucional ou portal,"Project OSRM. (2026). *OSRM HTTP API, serviço Route e objetos RouteLeg e RouteStep* [Página institucional ou portal]. Recuperado em 6 de agosto de 2026, de https://github.com/Project-OSRM/osrm-backend/blob/master/docs/http.md",acessibilidade_rodoviaria_estimada_rotas_base_externa,"Documentação primária utilizada para o cálculo sob demanda de geometrias, distâncias e durações. O servidor público é externo ao atlas."
163,Áreas protegidas e espeleologia,Ministério do Meio Ambiente e Mudança do Clima,2026,CNUC 2026_03 — Unidades de Conservação com registro ativo,https://dados.mma.gov.br/dataset/44b6dc8a-dc82-4a84-8d95-1b0da7c85dac/resource/b1f7a269-a0b2-4a81-9ac5-108905e74a00,"Recurso oficial em Shapefile, março de 2026, licenciado como Creative Commons Atribuição.",6 ago. 2026,Página institucional ou portal,"Ministério do Meio Ambiente e Mudança do Clima. (2026). *CNUC 2026_03 — Unidades de Conservação com registro ativo* [Página institucional ou portal]. Recuperado em 6 de agosto de 2026, de https://dados.mma.gov.br/dataset/44b6dc8a-dc82-4a84-8d95-1b0da7c85dac/resource/b1f7a269-a0b2-4a81-9ac5-108905e74a00",unidades_conservacao,"Recurso oficial em Shapefile, março de 2026, licenciado como Creative Commons Atribuição."
164,Áreas protegidas e espeleologia,ICMBio — Centro Nacional de Pesquisa e Conservação de Cavernas,s.d.,Cadastro Nacional de Informações Espeleológicas — CANIE,https://www.gov.br/icmbio/pt-br/assuntos/centros-de-pesquisa/cavernas/cadastro-nacional-de-informacoes-espeleologicas/canie/,Base oficial de cavidades naturais. O cadastro não representa todo o universo de cavernas e não substitui validação de campo.,6 ago. 2026,Página institucional ou portal,"ICMBio — Centro Nacional de Pesquisa e Conservação de Cavernas. (s.d.). *Cadastro Nacional de Informações Espeleológicas — CANIE* [Página institucional ou portal]. Recuperado em 6 de agosto de 2026, de https://www.gov.br/icmbio/pt-br/assuntos/centros-de-pesquisa/cavernas/cadastro-nacional-de-informacoes-espeleologicas/canie",cavernas_canie,Base oficial de cavidades naturais. O cadastro não representa todo o universo de cavernas e não substitui validação de campo.
165,Patrimônio material,Instituto do Patrimônio Histórico e Artístico Nacional,2026,Planilha 2026_05_IPHAN_T.xlsx,https://www.gov.br/iphan/pt-br/patrimonio-cultural/patrimonio-material/bens-tombados/2026_05_iphan_t.xlsx,Planilha oficial utilizada na captura e na importação manual.,6 ago. 2026,Conjunto de dados,Instituto do Patrimônio Histórico e Artístico Nacional. (2026). *Planilha 2026_05_IPHAN_T.xlsx* [Conjunto de dados]. https://www.gov.br/iphan/pt-br/patrimonio-cultural/patrimonio-material/bens-tombados/2026_05_iphan_t.xlsx,patrimonio_material_tombado,Planilha oficial utilizada na captura e na importação manual.
166,Patrimônio material,Portal de Dados da Cultura,s.d.,SICG — bens tombados pelo Iphan,https://dados.cultura.gov.br/dataset?organization=iphan&res_format=CSV,Referência complementar de dados abertos do IPHAN.,6 ago. 2026,Página institucional ou portal,"Portal de Dados da Cultura. (s.d.). *SICG — bens tombados pelo Iphan* [Página institucional ou portal]. Recuperado em 6 de agosto de 2026, de https://dados.cultura.gov.br/dataset?organization=iphan&res_format=CSV",,Referência complementar de dados abertos do IPHAN.
167,Museus e memória,Instituto Brasileiro de Museus,2026,Cadastro Nacional de Museus,https://www.gov.br/museus/pt-br/acesso-a-informacao/acoes-e-programas/programas-projetos-acoes-obras-e-atividades/cadastro-nacional-de-museus,Define o CNM e a natureza verificada dos registros cadastrados.,6 ago. 2026,Página institucional ou portal,"Instituto Brasileiro de Museus. (2026). *Cadastro Nacional de Museus* [Página institucional ou portal]. Recuperado em 6 de agosto de 2026, de https://www.gov.br/museus/pt-br/acesso-a-informacao/acoes-e-programas/programas-projetos-acoes-obras-e-atividades/cadastro-nacional-de-museus",,Define o CNM e a natureza verificada dos registros cadastrados.
168,Museus e memória,MuseusBr,2025,Manual de uso e exportação de dados da Plataforma MuseusBr,https://cadastro.museus.gov.br/manual-de-uso-da-plataforma-museusbr/,"Documenta filtros, exportação CSV e painel analítico.",6 ago. 2026,Documento ou publicação institucional,MuseusBr. (2025). *Manual de uso e exportação de dados da Plataforma MuseusBr* [Documento ou publicação institucional]. https://cadastro.museus.gov.br/manual-de-uso-da-plataforma-museusbr,,"Documenta filtros, exportação CSV e painel analítico."
169,Turismo e Cadastur,Ministério do Turismo,2026,Prestadores de serviços turísticos — Meios de Hospedagem,https://dados.turismo.gov.br/pt_BR/dataset/meios-de-hospedagem,Conjunto oficial com atualização trimestral e licença ODbL.,6 ago. 2026,Página institucional ou portal,"Ministério do Turismo. (2026). *Prestadores de serviços turísticos — Meios de Hospedagem* [Página institucional ou portal]. Recuperado em 6 de agosto de 2026, de https://dados.turismo.gov.br/pt_BR/dataset/meios-de-hospedagem",cadastur_hospedagem,Conjunto oficial com atualização trimestral e licença ODbL.
170,Turismo e Cadastur,Ministério do Turismo,2026,Conjuntos de dados Cadastur,https://dados.turismo.gov.br/pt_BR/dataset/?tags=Cadastur,Catálogo oficial das categorias de prestadores.,6 ago. 2026,Página institucional ou portal,"Ministério do Turismo. (2026). *Conjuntos de dados Cadastur* [Página institucional ou portal]. Recuperado em 6 de agosto de 2026, de https://dados.turismo.gov.br/pt_BR/dataset/?tags=Cadastur",cadastur_agencias_guias,Catálogo oficial das categorias de prestadores.
171,Turismo e Cadastur,Conecta gov.br,2026,Webservice Cadastur API,https://www.gov.br/conecta/catalogo/apis/cadastur-cadastro-de-prestadores-de-servicos-turisticos,"Documenta campos, controle de acesso e natureza do cadastro.",6 ago. 2026,Página institucional ou portal,"Conecta gov.br. (2026). *Webservice Cadastur API* [Página institucional ou portal]. Recuperado em 6 de agosto de 2026, de https://www.gov.br/conecta/catalogo/apis/cadastur-cadastro-de-prestadores-de-servicos-turisticos",,"Documenta campos, controle de acesso e natureza do cadastro."
172,Uso e cobertura da terra,MapBiomas Brasil,2026,Coleção 10.1 — cobertura e uso da terra,https://doi.org/10.58053/MapBiomas/SJZOLT,"DOI da base de cobertura por bioma, estado e município.",6 ago. 2026,Artigo científico,MapBiomas Brasil. (2026). *Coleção 10.1 — cobertura e uso da terra* [Artigo científico]. https://doi.org/10.58053/MapBiomas/SJZOLT,,"DOI da base de cobertura por bioma, estado e município."
173,Hidrovias e navegação,Agência Nacional de Transportes Aquaviários,2025,Informações Geográficas — Vias Interiores Economicamente Navegadas,https://www.gov.br/antaq/pt-br/central-de-conteudos/informacoes-geograficas,Distribui VEN 2022 em Shapefile e relatório.,6 ago. 2026,Página institucional ou portal,"Agência Nacional de Transportes Aquaviários. (2025). *Informações Geográficas — Vias Interiores Economicamente Navegadas* [Página institucional ou portal]. Recuperado em 6 de agosto de 2026, de https://www.gov.br/antaq/pt-br/central-de-conteudos/informacoes-geograficas",hidrovia_paraguai_ven_antaq,Distribui VEN 2022 em Shapefile e relatório.
174,Hidrovias e navegação,Agência Nacional de Transportes Aquaviários,2026,Projeto de concessão da Hidrovia do Paraguai,https://www.gov.br/antaq/pt-br/assuntos/projetos-de-concessao/novas-concessoes-hidroviarias/paraguai,Projeto com extensão informada de 600 km entre Corumbá e a foz do rio Apa; não se confunde com a totalidade da VEN 2022.,6 ago. 2026,Página institucional ou portal,"Agência Nacional de Transportes Aquaviários. (2026). *Projeto de concessão da Hidrovia do Paraguai* [Página institucional ou portal]. Recuperado em 6 de agosto de 2026, de https://www.gov.br/antaq/pt-br/assuntos/projetos-de-concessao/novas-concessoes-hidroviarias/paraguai",,Projeto com extensão informada de 600 km entre Corumbá e a foz do rio Apa; não se confunde com a totalidade da VEN 2022.
175,Cartografia cultural e indicadores espaciais,"Ogletree, S. S.; Powell, R. B.; Baldwin, R. F.; Leonard, P. B.",2019,A framework for mapping cultural resources in landscape conservation planning,https://doi.org/10.1111/csp2.41,Precedente de agregação de recursos culturais em malha hexagonal e cálculo de diversidade para planejamento territorial.,6 ago. 2026,Artigo científico,"Ogletree, S. S., Powell, R. B., Baldwin, R. F., & Leonard, P. B. (2019). A framework for mapping cultural resources in landscape conservation planning. *Conservation Science and Practice, 1*(6), e41. https://doi.org/10.1111/csp2.41",polos_estruturantes_itinerarios_culturais_250km2,Precedente de agregação de recursos culturais em malha hexagonal e cálculo de diversidade para planejamento territorial.
176,Metodologia dos indicadores territoriais,International Council on Monuments and Sites,2008,Carta do ICOMOS sobre os Itinerários Culturais,https://openarchive.icomos.org/id/eprint/3141/,Fundamentação conceitual dos itinerários culturais como categoria patrimonial relacional e territorial.,6 ago. 2026,Documento ou publicação institucional,International Council on Monuments and Sites. (2008). *Carta do ICOMOS sobre os itinerários culturais*. https://openarchive.icomos.org/id/eprint/3141/,polos_estruturantes_itinerarios_culturais_250km2,Fundamentação conceitual dos itinerários culturais como categoria patrimonial relacional e territorial.
177,Metodologia dos indicadores territoriais,"Organização de Estados Ibero-americanos para a Educação, a Ciência e a Cultura",2026,Manual de rutas e itinerarios culturales para Iberoamérica e indicadores asociados: avanzando hacia la creación de un modelo de rutas e itinerarios culturales para Iberoamérica,https://oei.int/wp-content/uploads/2026/05/manual-rutas-e-itinerarios-culturales-para-iberoamerica-final-v18-mayo-2025.pdf,Referência metodológica do PRICI para a estruturação de rotas e itinerários culturais.,6 ago. 2026,Documento ou publicação institucional,"Organização de Estados Ibero-americanos para a Educação, a Ciência e a Cultura. (2026). *Manual de rutas e itinerarios culturales para Iberoamérica e indicadores asociados: Avanzando hacia la creación de un modelo de rutas e itinerarios culturales para Iberoamérica*. https://oei.int/wp-content/uploads/2026/05/manual-rutas-e-itinerarios-culturales-para-iberoamerica-final-v18-mayo-2025.pdf",polos_estruturantes_itinerarios_culturais_250km2,Referência metodológica do PRICI para a estruturação de rotas e itinerários culturais.
178,Metodologia dos indicadores territoriais,"United Nations Educational, Scientific and Cultural Organization",2015,Operational guidelines for UNESCO Global Geoparks,https://unesdoc.unesco.org/ark:/48223/pf0000260675_eng,Critérios e procedimentos oficiais; a camada do atlas é apenas uma pré-avaliação cartográfica.,6 ago. 2026,Página institucional ou portal,"United Nations Educational, Scientific and Cultural Organization. (2015). *Operational guidelines for UNESCO Global Geoparks*. https://unesdoc.unesco.org/ark:/48223/pf0000260675_eng",pre_avaliacao_geocientifica_geoparques_250km2,Critérios e procedimentos oficiais; a camada do atlas é apenas uma pré-avaliação cartográfica.
179,Metodologia dos indicadores territoriais,"United Nations Educational, Scientific and Cultural Organization",2026,UNESCO Global Geoparks: What is a UNESCO Global Geopark?,https://www.unesco.org/en/iggp/geoparks/about,"Define área unificada, valor geológico internacional, gestão holística, educação, desenvolvimento sustentável e participação local.",6 ago. 2026,Página institucional ou portal,"United Nations Educational, Scientific and Cultural Organization. (2026). *UNESCO Global Geoparks*. https://www.unesco.org/en/iggp/geoparks/about",pre_avaliacao_geocientifica_geoparques_250km2,"Define área unificada, valor geológico internacional, gestão holística, educação, desenvolvimento sustentável e participação local."
180,Metodologia dos indicadores territoriais,"United Nations Educational, Scientific and Cultural Organization",2026,Submit a UNESCO Global Geopark proposal,https://www.unesco.org/en/iggp/geoparks/proposals,"Requisitos mínimos de candidatura, gestão legal, plano abrangente, partes interessadas e articulação entre patrimônios.",6 ago. 2026,Página institucional ou portal,"United Nations Educational, Scientific and Cultural Organization. (2026). *Submit a UNESCO Global Geopark proposal*. https://www.unesco.org/en/iggp/geoparks/proposals",pre_avaliacao_geocientifica_geoparques_250km2,"Requisitos mínimos de candidatura, gestão legal, plano abrangente, partes interessadas e articulação entre patrimônios."
181,Metodologia dos indicadores territoriais,"Simpson, E. H.",1949,Measurement of diversity,https://doi.org/10.1038/163688a0,Fundamento do componente de equilíbrio entre dimensões.,6 ago. 2026,Artigo científico,"Simpson, E. H. (1949). Measurement of diversity. *Nature, 163*, 688. https://doi.org/10.1038/163688a0",polos_estruturantes_itinerarios_culturais_250km2,Fundamento do componente de equilíbrio entre dimensões.
182,Metodologia dos indicadores territoriais,"Perroux, F.",1955,Note sur la notion de « pôle de croissance »,https://doi.org/10.3406/ecoap.1955.2522,Inspiração interpretativa para a noção de polo; não é fundamento matemático nem prova de crescimento econômico.,6 ago. 2026,Artigo científico,"Perroux, F. (1955). Note sur la notion de « pôle de croissance ». *Économie Appliquée, 8*(1–2), 307–320. https://doi.org/10.3406/ecoap.1955.2522",polos_estruturantes_itinerarios_culturais_250km2,Inspiração interpretativa para a noção de polo; não é fundamento matemático nem prova de crescimento econômico.
