referencia_index,grupo_bibliografico,camada_id,camada,grupo_operacional,metodo_vinculacao,confianca,url_referencia
0,"Projeto, equipe e PRICI",rotas_culturais_propostas,Propostas metodológicas de rotas e itinerários culturais — marco PRICI,eventos,regra_curada,alta,https://oei.int/oficinas/secretaria-general/programas/programa-de-cooperacion-interinstitucional-de-rutas-e-itinerarios-culturales-euro-iberoamericanos
0,"Projeto, equipe e PRICI",pontos_interesse_itinerarios,Pontos de interesse para itinerários,eventos,regra_curada,alta,https://oei.int/oficinas/secretaria-general/programas/programa-de-cooperacion-interinstitucional-de-rutas-e-itinerarios-culturales-euro-iberoamericanos
0,"Projeto, equipe e PRICI",areas_exploratorias_influencia_cartografica,Áreas exploratórias de influência cartográfica,paisagem,regra_curada,alta,https://oei.int/oficinas/secretaria-general/programas/programa-de-cooperacion-interinstitucional-de-rutas-e-itinerarios-culturales-euro-iberoamericanos
0,"Projeto, equipe e PRICI",trechos_itinerarios,Trechos esquemáticos derivados das propostas metodológicas,analise,regra_curada,alta,https://oei.int/oficinas/secretaria-general/programas/programa-de-cooperacion-interinstitucional-de-rutas-e-itinerarios-culturales-euro-iberoamericanos
0,"Projeto, equipe e PRICI",pre_avaliacao_cartografica_itinerarios,Pré-avaliação cartográfica descritiva dos itinerários,analise,regra_curada,alta,https://oei.int/oficinas/secretaria-general/programas/programa-de-cooperacion-interinstitucional-de-rutas-e-itinerarios-culturales-euro-iberoamericanos
0,"Projeto, equipe e PRICI",corredores_exploratorios_aprofundamento,Eixos exploratórios para aprofundamento,analise,regra_curada,alta,https://oei.int/oficinas/secretaria-general/programas/programa-de-cooperacion-interinstitucional-de-rutas-e-itinerarios-culturales-euro-iberoamericanos
0,"Projeto, equipe e PRICI",polos_estruturantes_itinerarios_culturais_250km2,Estruturação territorial para itinerários culturais — 250 km²,analise,regra_curada,alta,https://oei.int/oficinas/secretaria-general/programas/programa-de-cooperacion-interinstitucional-de-rutas-e-itinerarios-culturales-euro-iberoamericanos
1,"Projeto, equipe e PRICI",rotas_culturais_propostas,Propostas metodológicas de rotas e itinerários culturais — marco PRICI,eventos,regra_curada,alta,https://oei.int/wp-content/uploads/2023/04/2-prici-declaracao-i-reuniao-do-programa-rotas-culturais-pt-sf.pdf
1,"Projeto, equipe e PRICI",pontos_interesse_itinerarios,Pontos de interesse para itinerários,eventos,regra_curada,alta,https://oei.int/wp-content/uploads/2023/04/2-prici-declaracao-i-reuniao-do-programa-rotas-culturais-pt-sf.pdf
1,"Projeto, equipe e PRICI",areas_exploratorias_influencia_cartografica,Áreas exploratórias de influência cartográfica,paisagem,regra_curada,alta,https://oei.int/wp-content/uploads/2023/04/2-prici-declaracao-i-reuniao-do-programa-rotas-culturais-pt-sf.pdf
1,"Projeto, equipe e PRICI",trechos_itinerarios,Trechos esquemáticos derivados das propostas metodológicas,analise,regra_curada,alta,https://oei.int/wp-content/uploads/2023/04/2-prici-declaracao-i-reuniao-do-programa-rotas-culturais-pt-sf.pdf
1,"Projeto, equipe e PRICI",pre_avaliacao_cartografica_itinerarios,Pré-avaliação cartográfica descritiva dos itinerários,analise,regra_curada,alta,https://oei.int/wp-content/uploads/2023/04/2-prici-declaracao-i-reuniao-do-programa-rotas-culturais-pt-sf.pdf
1,"Projeto, equipe e PRICI",corredores_exploratorios_aprofundamento,Eixos exploratórios para aprofundamento,analise,regra_curada,alta,https://oei.int/wp-content/uploads/2023/04/2-prici-declaracao-i-reuniao-do-programa-rotas-culturais-pt-sf.pdf
1,"Projeto, equipe e PRICI",polos_estruturantes_itinerarios_culturais_250km2,Estruturação territorial para itinerários culturais — 250 km²,analise,regra_curada,alta,https://oei.int/wp-content/uploads/2023/04/2-prici-declaracao-i-reuniao-do-programa-rotas-culturais-pt-sf.pdf
2,"Projeto, equipe e PRICI",rotas_culturais_propostas,Propostas metodológicas de rotas e itinerários culturais — marco PRICI,eventos,vinculo_contextual,contextual,https://orcid.org/0000-0002-1446-2252
2,"Projeto, equipe e PRICI",indice_exploratorio_disponibilidade_territorial,Índice exploratório de disponibilidade territorial e documental,analise,vinculo_contextual,contextual,https://orcid.org/0000-0002-1446-2252
2,"Projeto, equipe e PRICI",potencial_geocientifico_territorial_250km2,Potencial geocientífico territorial documentado — 250 km²,analise,vinculo_contextual,contextual,https://orcid.org/0000-0002-1446-2252
2,"Projeto, equipe e PRICI",polos_estruturantes_itinerarios_culturais_250km2,Estruturação territorial para itinerários culturais — 250 km²,analise,vinculo_contextual,contextual,https://orcid.org/0000-0002-1446-2252
3,"Projeto, equipe e PRICI",rotas_culturais_propostas,Propostas metodológicas de rotas e itinerários culturais — marco PRICI,eventos,vinculo_contextual,contextual,https://www.uems.br/ppg/ppgdrs/Corpo-Docente
3,"Projeto, equipe e PRICI",indice_exploratorio_disponibilidade_territorial,Índice exploratório de disponibilidade territorial e documental,analise,vinculo_contextual,contextual,https://www.uems.br/ppg/ppgdrs/Corpo-Docente
3,"Projeto, equipe e PRICI",potencial_geocientifico_territorial_250km2,Potencial geocientífico territorial documentado — 250 km²,analise,vinculo_contextual,contextual,https://www.uems.br/ppg/ppgdrs/Corpo-Docente
3,"Projeto, equipe e PRICI",polos_estruturantes_itinerarios_culturais_250km2,Estruturação territorial para itinerários culturais — 250 km²,analise,vinculo_contextual,contextual,https://www.uems.br/ppg/ppgdrs/Corpo-Docente
4,"Projeto, equipe e PRICI",rotas_culturais_propostas,Propostas metodológicas de rotas e itinerários culturais — marco PRICI,eventos,vinculo_contextual,contextual,https://www.uems.br/cursos/graduacao/administracao-bacharelado-ponta-pora/Docentes
4,"Projeto, equipe e PRICI",indice_exploratorio_disponibilidade_territorial,Índice exploratório de disponibilidade territorial e documental,analise,vinculo_contextual,contextual,https://www.uems.br/cursos/graduacao/administracao-bacharelado-ponta-pora/Docentes
4,"Projeto, equipe e PRICI",potencial_geocientifico_territorial_250km2,Potencial geocientífico territorial documentado — 250 km²,analise,vinculo_contextual,contextual,https://www.uems.br/cursos/graduacao/administracao-bacharelado-ponta-pora/Docentes
4,"Projeto, equipe e PRICI",polos_estruturantes_itinerarios_culturais_250km2,Estruturação territorial para itinerários culturais — 250 km²,analise,vinculo_contextual,contextual,https://www.uems.br/cursos/graduacao/administracao-bacharelado-ponta-pora/Docentes
5,"Projeto, equipe e PRICI",rotas_culturais_propostas,Propostas metodológicas de rotas e itinerários culturais — marco PRICI,eventos,vinculo_contextual,contextual,https://orcid.org/0000-0001-9975-9612
5,"Projeto, equipe e PRICI",indice_exploratorio_disponibilidade_territorial,Índice exploratório de disponibilidade territorial e documental,analise,vinculo_contextual,contextual,https://orcid.org/0000-0001-9975-9612
5,"Projeto, equipe e PRICI",potencial_geocientifico_territorial_250km2,Potencial geocientífico territorial documentado — 250 km²,analise,vinculo_contextual,contextual,https://orcid.org/0000-0001-9975-9612
5,"Projeto, equipe e PRICI",polos_estruturantes_itinerarios_culturais_250km2,Estruturação territorial para itinerários culturais — 250 km²,analise,vinculo_contextual,contextual,https://orcid.org/0000-0001-9975-9612
6,"Projeto, equipe e PRICI",rotas_culturais_propostas,Propostas metodológicas de rotas e itinerários culturais — marco PRICI,eventos,vinculo_contextual,contextual,https://orcid.org/0000-0003-2299-9102
6,"Projeto, equipe e PRICI",indice_exploratorio_disponibilidade_territorial,Índice exploratório de disponibilidade territorial e documental,analise,vinculo_contextual,contextual,https://orcid.org/0000-0003-2299-9102
6,"Projeto, equipe e PRICI",potencial_geocientifico_territorial_250km2,Potencial geocientífico territorial documentado — 250 km²,analise,vinculo_contextual,contextual,https://orcid.org/0000-0003-2299-9102
6,"Projeto, equipe e PRICI",polos_estruturantes_itinerarios_culturais_250km2,Estruturação territorial para itinerários culturais — 250 km²,analise,vinculo_contextual,contextual,https://orcid.org/0000-0003-2299-9102
7,"Território, municípios e população",municipios_limites,Limites municipais,territorio,regra_curada,alta,https://geoftp.ibge.gov.br/organizacao_do_territorio/malhas_territoriais/malhas_municipais/municipio_2025/UFs/MS/MS_Municipios_2025.zip
7,"Território, municípios e população",limite_operacional_ipg_fase3,Limite operacional de contingência da Fase 3.2,territorio,regra_curada,alta,https://geoftp.ibge.gov.br/organizacao_do_territorio/malhas_territoriais/malhas_municipais/municipio_2025/UFs/MS/MS_Municipios_2025.zip
8,"Território, municípios e população",municipios_sedes,Sedes municipais e população estimada 2025,territorio,regra_curada,alta,https://www.ibge.gov.br/estatisticas/sociais/populacao/9103-estimativas-de-populacao.html
8,"Território, municípios e população",localidades_populacoes,Localidades e populações consolidadas,territorio,regra_curada,alta,https://www.ibge.gov.br/estatisticas/sociais/populacao/9103-estimativas-de-populacao.html
8,"Território, municípios e população",limite_operacional_ipg_fase3,Limite operacional de contingência da Fase 3.2,territorio,regra_curada,alta,https://www.ibge.gov.br/estatisticas/sociais/populacao/9103-estimativas-de-populacao.html
9,"Território, municípios e população",municipios_sedes,Sedes municipais e população estimada 2025,territorio,regra_curada,alta,https://cidades.ibge.gov.br
9,"Território, municípios e população",localidades_populacoes,Localidades e populações consolidadas,territorio,regra_curada,alta,https://cidades.ibge.gov.br
9,"Território, municípios e população",limite_operacional_ipg_fase3,Limite operacional de contingência da Fase 3.2,territorio,regra_curada,alta,https://cidades.ibge.gov.br
10,"Território, municípios e população",municipios_sedes,Sedes municipais e população estimada 2025,territorio,regra_curada,alta,https://servicodados.ibge.gov.br/api/docs/localidades
10,"Território, municípios e população",localidades_ibge_completas,Localidades completas do IBGE,territorio,regra_curada,alta,https://servicodados.ibge.gov.br/api/docs/localidades
10,"Território, municípios e população",limite_operacional_ipg_fase3,Limite operacional de contingência da Fase 3.2,territorio,regra_curada,alta,https://servicodados.ibge.gov.br/api/docs/localidades
11,"Território, municípios e população",localidades_populacoes,Localidades e populações consolidadas,territorio,regra_curada,alta,https://www.ibge.gov.br/geociencias/organizacao-do-territorio/estrutura-territorial/27385-localidades.html
11,"Território, municípios e população",localidades_ibge_completas,Localidades completas do IBGE,territorio,regra_curada,alta,https://www.ibge.gov.br/geociencias/organizacao-do-territorio/estrutura-territorial/27385-localidades.html
12,"Território, municípios e população",localidades_populacoes,Localidades e populações consolidadas,territorio,regra_curada,alta,https://geoftp.ibge.gov.br/organizacao_do_territorio/estrutura_territorial/localidades/Localidades_do_Brasil/2022/Localidades_UFs_shp.zip
12,"Território, municípios e população",localidades_ibge_completas,Localidades completas do IBGE,territorio,url_exata,alta,https://geoftp.ibge.gov.br/organizacao_do_territorio/estrutura_territorial/localidades/Localidades_do_Brasil/2022/Localidades_UFs_shp.zip
13,"Território, municípios e população",municipios_limites,Limites municipais,territorio,regra_curada,alta,https://www.pinms.ms.gov.br/arcgis/rest/services/AGRAER_SERVICOS/Estado_de_MS_Politico/MapServer/0
14,"Território, municípios e população",municipios_sedes,Sedes municipais e população estimada 2025,territorio,regra_curada,alta,https://www.pinms.ms.gov.br/arcgis/rest/services/AGRAER_SERVICOS/Sede_dos_municipios_e_aglomerados_rurais_e_urbano/FeatureServer/0
14,"Território, municípios e população",localidades_aglomerados,Sedes e aglomerados rurais e urbanos,territorio,regra_curada,alta,https://www.pinms.ms.gov.br/arcgis/rest/services/AGRAER_SERVICOS/Sede_dos_municipios_e_aglomerados_rurais_e_urbano/FeatureServer/0
15,"Território, municípios e população",localidades_aglomerados,Sedes e aglomerados rurais e urbanos,territorio,url_exata,alta,https://www.pinms.ms.gov.br/arcgis/rest/services/AGRAER_SERVICOS/Sede_dos_municipios_e_aglomerados_rurais_e_urbano/FeatureServer/1
16,Localidades indígenas e quilombolas,localidades_indigenas_ibge,Aldeias e localidades indígenas,comunidades,regra_curada,alta,https://geoftp.ibge.gov.br/organizacao_do_territorio/estrutura_territorial/localidades/localidades_indigenas_2022
17,Localidades indígenas e quilombolas,localidades_quilombolas_ibge,Comunidades e localidades quilombolas,comunidades,regra_curada,alta,https://geoftp.ibge.gov.br/organizacao_do_territorio/estrutura_territorial/localidades/localidades_quilombolas_2022
18,Localidades indígenas e quilombolas,localidades_indigenas_ibge,Aldeias e localidades indígenas,comunidades,regra_curada,alta,https://biblioteca.ibge.gov.br/index.php/biblioteca-catalogo?id=73107&view=detalhes
18,Localidades indígenas e quilombolas,localidades_quilombolas_ibge,Comunidades e localidades quilombolas,comunidades,regra_curada,alta,https://biblioteca.ibge.gov.br/index.php/biblioteca-catalogo?id=73107&view=detalhes
19,Localidades indígenas e quilombolas,localidades_quilombolas_ibge,Comunidades e localidades quilombolas,comunidades,regra_curada,alta,https://www.turismo.ms.gov.br/wp-content/uploads/2026/05/Guia-Isto-e-Mato-Grosso-do-Sul-AFROTURISMO.pdf
19,Localidades indígenas e quilombolas,rotas_culturais_propostas,Propostas metodológicas de rotas e itinerários culturais — marco PRICI,eventos,regra_curada,alta,https://www.turismo.ms.gov.br/wp-content/uploads/2026/05/Guia-Isto-e-Mato-Grosso-do-Sul-AFROTURISMO.pdf
20,Educação,escolas,Escolas do Censo Escolar,educacao,regra_curada,alta,https://www.gov.br/inep/pt-br/acesso-a-informacao/dados-abertos/inep-data/catalogo-de-escolas
21,Educação,escolas,Escolas do Censo Escolar,educacao,regra_curada,alta,https://www.gov.br/inep/pt-br/acesso-a-informacao/dados-abertos/microdados/censo-escolar
22,Educação,escolas,Escolas do Censo Escolar,educacao,url_exata,alta,https://download.inep.gov.br/dados_abertos/microdados_censo_escolar_2025_.zip
23,Infraestrutura viária e hidrografia,rodovias_estaduais,Rodovias estaduais,infra,regra_curada,alta,https://www.pinms.ms.gov.br/arcgis/rest/services/SEMADESC/SEMADESC_MAPAS/MapServer/8
24,Infraestrutura viária e hidrografia,rodovias_federais,Rodovias federais,infra,regra_curada,alta,https://www.pinms.ms.gov.br/arcgis/rest/services/SEMADESC/SEMADESC_MAPAS/MapServer/9
25,Infraestrutura viária e hidrografia,estradas_vicinais,Estradas vicinais,infra,regra_curada,alta,https://www.pinms.ms.gov.br/arcgis/rest/services/SEMADESC/SEMADESC_MAPAS/MapServer/11
26,Infraestrutura viária e hidrografia,rodovias_estaduais,Rodovias estaduais,infra,regra_curada,alta,https://www.pinms.ms.gov.br/arcgis/rest/services/AGRAER_SERVICOS/Viario_MS/MapServer
26,Infraestrutura viária e hidrografia,rodovias_federais,Rodovias federais,infra,regra_curada,alta,https://www.pinms.ms.gov.br/arcgis/rest/services/AGRAER_SERVICOS/Viario_MS/MapServer
27,Infraestrutura viária e hidrografia,estradas_vicinais,Estradas vicinais,infra,url_exata,alta,https://www.pinms.ms.gov.br/arcgis/rest/services/AGRAER_SERVICOS/Estradas_Vicinais/MapServer/0
28,Infraestrutura viária e hidrografia,rodovias_estaduais,Rodovias estaduais,infra,regra_curada,alta,https://www.agesul.ms.gov.br/sre-ms
29,Infraestrutura viária e hidrografia,rodovias_federais,Rodovias federais,infra,regra_curada,alta,https://servicos.dnit.gov.br/vgeo
29,Infraestrutura viária e hidrografia,condicao_pavimento,"Condição do pavimento, obras e interrupções",mobilidade,regra_curada,alta,https://servicos.dnit.gov.br/vgeo
30,Infraestrutura viária e hidrografia,rede_hidrica,Rede hídrica,infra,url_exata,alta,https://www.pinms.ms.gov.br/arcgis/rest/services/AGRAER_SERVICOS/Hidrografia_MS/FeatureServer/0
31,Infraestrutura viária e hidrografia,rede_hidrica,Rede hídrica,infra,regra_curada,alta,https://metadados.snirh.gov.br
32,Patrimônio arqueológico,sitios_arqueologicos_pontos,Sítios arqueológicos,patrimonio,regra_curada,alta,https://www.gov.br/iphan/pt-br/patrimonio-cultural/patrimonio-arqueologico/cadastro-de-sitios-arqueologicos
32,Patrimônio arqueológico,sitios_arqueologicos_poligonos,Delimitações arqueológicas,patrimonio,regra_curada,alta,https://www.gov.br/iphan/pt-br/patrimonio-cultural/patrimonio-arqueologico/cadastro-de-sitios-arqueologicos
33,Patrimônio arqueológico,sitios_arqueologicos_pontos,Sítios arqueológicos,patrimonio,regra_curada,alta,https://pamgia.ibama.gov.br/server/rest/services/BasesSincronizadas/loc_sitios_arqueologicos_iphan_p/FeatureServer/0
34,Patrimônio arqueológico,sitios_arqueologicos_poligonos,Delimitações arqueológicas,patrimonio,url_exata,alta,https://pamgia.ibama.gov.br/server/rest/services/BasesSincronizadas/lim_sitios_arqueologicos_iphan_a/FeatureServer/0
35,Patrimônio cultural imaterial,bcr_bens_culturais_ms,Bens culturais relacionados com Mato Grosso do Sul,patrimonio,regra_curada,alta,https://bcr.iphan.gov.br
36,Patrimônio cultural imaterial,bcr_bens_culturais_ms,Bens culturais relacionados com Mato Grosso do Sul,patrimonio,regra_curada,alta,https://bcr.iphan.gov.br/bens-culturais
37,Patrimônio cultural imaterial,bcr_bens_culturais_ms,Bens culturais relacionados com Mato Grosso do Sul,patrimonio,regra_curada,alta,https://bcr.iphan.gov.br/bens-culturais/banho-de-sao-joao-de-corumba-e-ladario-ms
38,Patrimônio cultural imaterial,bcr_bens_culturais_ms,Bens culturais relacionados com Mato Grosso do Sul,patrimonio,regra_curada,alta,https://bcr.iphan.gov.br/bens-culturais/modo-de-fazer-viola-de-cocho
39,Patrimônio cultural imaterial,bcr_bens_culturais_ms,Bens culturais relacionados com Mato Grosso do Sul,patrimonio,regra_curada,alta,https://bcr.iphan.gov.br/bens-culturais/choro
40,Patrimônio cultural imaterial,bcr_bens_culturais_ms,Bens culturais relacionados com Mato Grosso do Sul,patrimonio,regra_curada,alta,https://bcr.iphan.gov.br/bens-culturais/roda-de-capoeira
41,Patrimônio cultural imaterial,bcr_bens_culturais_ms,Bens culturais relacionados com Mato Grosso do Sul,patrimonio,regra_curada,alta,https://bcr.iphan.gov.br/bens-culturais/oficio-dos-mestres-de-capoeira
42,Patrimônio cultural imaterial,bcr_bens_culturais_ms,Bens culturais relacionados com Mato Grosso do Sul,patrimonio,regra_curada,alta,https://bcr.iphan.gov.br/bens-culturais/oficio-saberes-e-praticas-das-parteiras-tradicionais-do-brasil
43,Patrimônio cultural imaterial,bcr_bens_culturais_ms,Bens culturais relacionados com Mato Grosso do Sul,patrimonio,regra_curada,alta,https://bcr.iphan.gov.br/bens-culturais/oficio-de-raizeiras-e-raizeiros-do-cerrado
44,Patrimônio cultural imaterial,bcr_bens_culturais_ms,Bens culturais relacionados com Mato Grosso do Sul,patrimonio,regra_curada,alta,https://bcr.iphan.gov.br/bens-culturais/circo-de-tradicao-familiar-do-brasil
45,Geodiversidade e patrimônio geológico,geossit_registros_ms,Registros GEOSSIT de Mato Grosso do Sul,geodiversidade,regra_curada,alta,https://www.sgb.gov.br/geossit
45,Geodiversidade e patrimônio geológico,geossitios_compilados_niveis_precisao,Geossítios compilados com níveis de precisão,geodiversidade,regra_curada,alta,https://www.sgb.gov.br/geossit
45,Geodiversidade e patrimônio geológico,inventario_geocientifico_fase3,Inventário geocientífico consolidado da Fase 3,geodiversidade,regra_curada,alta,https://www.sgb.gov.br/geossit
45,Geodiversidade e patrimônio geológico,potencial_geocientifico_territorial_250km2,Potencial geocientífico territorial documentado — 250 km²,analise,regra_curada,alta,https://www.sgb.gov.br/geossit
46,Geodiversidade e patrimônio geológico,geossit_registros_ms,Registros GEOSSIT de Mato Grosso do Sul,geodiversidade,regra_curada,alta,https://www.sgb.gov.br/geossit/geossitios/ver/964
46,Geodiversidade e patrimônio geológico,geossitios_compilados_niveis_precisao,Geossítios compilados com níveis de precisão,geodiversidade,regra_curada,alta,https://www.sgb.gov.br/geossit/geossitios/ver/964
46,Geodiversidade e patrimônio geológico,inventario_geocientifico_fase3,Inventário geocientífico consolidado da Fase 3,geodiversidade,regra_curada,alta,https://www.sgb.gov.br/geossit/geossitios/ver/964
46,Geodiversidade e patrimônio geológico,potencial_geocientifico_territorial_250km2,Potencial geocientífico territorial documentado — 250 km²,analise,regra_curada,alta,https://www.sgb.gov.br/geossit/geossitios/ver/964
47,Geodiversidade e patrimônio geológico,geossit_registros_ms,Registros GEOSSIT de Mato Grosso do Sul,geodiversidade,regra_curada,alta,https://www.sgb.gov.br/geossit/geossitios/ver/963
47,Geodiversidade e patrimônio geológico,geossitios_compilados_niveis_precisao,Geossítios compilados com níveis de precisão,geodiversidade,regra_curada,alta,https://www.sgb.gov.br/geossit/geossitios/ver/963
47,Geodiversidade e patrimônio geológico,inventario_geocientifico_fase3,Inventário geocientífico consolidado da Fase 3,geodiversidade,regra_curada,alta,https://www.sgb.gov.br/geossit/geossitios/ver/963
47,Geodiversidade e patrimônio geológico,potencial_geocientifico_territorial_250km2,Potencial geocientífico territorial documentado — 250 km²,analise,regra_curada,alta,https://www.sgb.gov.br/geossit/geossitios/ver/963
48,Geodiversidade e patrimônio geológico,geossit_registros_ms,Registros GEOSSIT de Mato Grosso do Sul,geodiversidade,regra_curada,alta,https://www.sgb.gov.br/geossit/geossitios/ver/959
48,Geodiversidade e patrimônio geológico,geossitios_compilados_niveis_precisao,Geossítios compilados com níveis de precisão,geodiversidade,regra_curada,alta,https://www.sgb.gov.br/geossit/geossitios/ver/959
48,Geodiversidade e patrimônio geológico,inventario_geocientifico_fase3,Inventário geocientífico consolidado da Fase 3,geodiversidade,regra_curada,alta,https://www.sgb.gov.br/geossit/geossitios/ver/959
48,Geodiversidade e patrimônio geológico,potencial_geocientifico_territorial_250km2,Potencial geocientífico territorial documentado — 250 km²,analise,regra_curada,alta,https://www.sgb.gov.br/geossit/geossitios/ver/959
49,Geodiversidade e patrimônio geológico,geossit_registros_ms,Registros GEOSSIT de Mato Grosso do Sul,geodiversidade,regra_curada,alta,https://www.sgb.gov.br/geossit/geossitios/ver/958
49,Geodiversidade e patrimônio geológico,geossitios_compilados_niveis_precisao,Geossítios compilados com níveis de precisão,geodiversidade,regra_curada,alta,https://www.sgb.gov.br/geossit/geossitios/ver/958
49,Geodiversidade e patrimônio geológico,inventario_geocientifico_fase3,Inventário geocientífico consolidado da Fase 3,geodiversidade,regra_curada,alta,https://www.sgb.gov.br/geossit/geossitios/ver/958
49,Geodiversidade e patrimônio geológico,potencial_geocientifico_territorial_250km2,Potencial geocientífico territorial documentado — 250 km²,analise,regra_curada,alta,https://www.sgb.gov.br/geossit/geossitios/ver/958
50,Geodiversidade e patrimônio geológico,geossit_registros_ms,Registros GEOSSIT de Mato Grosso do Sul,geodiversidade,regra_curada,alta,https://www.sgb.gov.br/geossit/geossitios/ver/955
50,Geodiversidade e patrimônio geológico,geossitios_compilados_niveis_precisao,Geossítios compilados com níveis de precisão,geodiversidade,regra_curada,alta,https://www.sgb.gov.br/geossit/geossitios/ver/955
50,Geodiversidade e patrimônio geológico,inventario_geocientifico_fase3,Inventário geocientífico consolidado da Fase 3,geodiversidade,regra_curada,alta,https://www.sgb.gov.br/geossit/geossitios/ver/955
50,Geodiversidade e patrimônio geológico,potencial_geocientifico_territorial_250km2,Potencial geocientífico territorial documentado — 250 km²,analise,regra_curada,alta,https://www.sgb.gov.br/geossit/geossitios/ver/955
51,Geodiversidade e patrimônio geológico,geossit_registros_ms,Registros GEOSSIT de Mato Grosso do Sul,geodiversidade,regra_curada,alta,https://www.sgb.gov.br/geossit/geossitios/ver/953
51,Geodiversidade e patrimônio geológico,geossitios_compilados_niveis_precisao,Geossítios compilados com níveis de precisão,geodiversidade,regra_curada,alta,https://www.sgb.gov.br/geossit/geossitios/ver/953
51,Geodiversidade e patrimônio geológico,inventario_geocientifico_fase3,Inventário geocientífico consolidado da Fase 3,geodiversidade,regra_curada,alta,https://www.sgb.gov.br/geossit/geossitios/ver/953
51,Geodiversidade e patrimônio geológico,potencial_geocientifico_territorial_250km2,Potencial geocientífico territorial documentado — 250 km²,analise,regra_curada,alta,https://www.sgb.gov.br/geossit/geossitios/ver/953
52,Geodiversidade e patrimônio geológico,geossit_registros_ms,Registros GEOSSIT de Mato Grosso do Sul,geodiversidade,regra_curada,alta,https://www.sgb.gov.br/geossit/geossitios/ver/951
52,Geodiversidade e patrimônio geológico,geossitios_compilados_niveis_precisao,Geossítios compilados com níveis de precisão,geodiversidade,regra_curada,alta,https://www.sgb.gov.br/geossit/geossitios/ver/951
52,Geodiversidade e patrimônio geológico,inventario_geocientifico_fase3,Inventário geocientífico consolidado da Fase 3,geodiversidade,regra_curada,alta,https://www.sgb.gov.br/geossit/geossitios/ver/951
52,Geodiversidade e patrimônio geológico,potencial_geocientifico_territorial_250km2,Potencial geocientífico territorial documentado — 250 km²,analise,regra_curada,alta,https://www.sgb.gov.br/geossit/geossitios/ver/951
53,Geodiversidade e patrimônio geológico,geossit_registros_ms,Registros GEOSSIT de Mato Grosso do Sul,geodiversidade,regra_curada,alta,https://www.sgb.gov.br/geossit/geossitios/ver/1496
53,Geodiversidade e patrimônio geológico,geossitios_compilados_niveis_precisao,Geossítios compilados com níveis de precisão,geodiversidade,regra_curada,alta,https://www.sgb.gov.br/geossit/geossitios/ver/1496
53,Geodiversidade e patrimônio geológico,inventario_geocientifico_fase3,Inventário geocientífico consolidado da Fase 3,geodiversidade,regra_curada,alta,https://www.sgb.gov.br/geossit/geossitios/ver/1496
53,Geodiversidade e patrimônio geológico,potencial_geocientifico_territorial_250km2,Potencial geocientífico territorial documentado — 250 km²,analise,regra_curada,alta,https://www.sgb.gov.br/geossit/geossitios/ver/1496
54,Geodiversidade e patrimônio geológico,geodiversidade_candidatos,Lugares candidatos do levantamento do projeto,geodiversidade,regra_curada,alta,https://rigeo.sgb.gov.br/handle/doc/17164
54,Geodiversidade e patrimônio geológico,lugares_interesse_geologico_propostos,Lugares de interesse geológico propostos ou indicados,geodiversidade,regra_curada,alta,https://rigeo.sgb.gov.br/handle/doc/17164
54,Geodiversidade e patrimônio geológico,inventario_geocientifico_fase3,Inventário geocientífico consolidado da Fase 3,geodiversidade,regra_curada,alta,https://rigeo.sgb.gov.br/handle/doc/17164
54,Geodiversidade e patrimônio geológico,potencial_geocientifico_territorial_250km2,Potencial geocientífico territorial documentado — 250 km²,analise,regra_curada,alta,https://rigeo.sgb.gov.br/handle/doc/17164
55,Geodiversidade e patrimônio geológico,inventario_geocientifico_fase3,Inventário geocientífico consolidado da Fase 3,geodiversidade,regra_curada,alta,https://doi.org/10.1007/s12371-020-00437-8
55,Geodiversidade e patrimônio geológico,potencial_geocientifico_territorial_250km2,Potencial geocientífico territorial documentado — 250 km²,analise,regra_curada,alta,https://doi.org/10.1007/s12371-020-00437-8
56,"Festividades, turismo e inventário cultural",festividades_inventario_2026,"Festas municipais, festividades e eventos até agosto de 2026",eventos,regra_curada,alta,https://www.fundacaodecultura.ms.gov.br/carnaval-2026-blocos-de-rua-tomam-campo-grande-em-tres-finais-de-semana-de-folia-cultura-e-diversidade
56,"Festividades, turismo e inventário cultural",pontos_interesse_itinerarios,Pontos de interesse para itinerários,eventos,regra_curada,alta,https://www.fundacaodecultura.ms.gov.br/carnaval-2026-blocos-de-rua-tomam-campo-grande-em-tres-finais-de-semana-de-folia-cultura-e-diversidade
57,"Festividades, turismo e inventário cultural",festividades_inventario_2026,"Festas municipais, festividades e eventos até agosto de 2026",eventos,regra_curada,alta,https://www.fundacaodecultura.ms.gov.br/com-apoio-do-grupo-tez-feijoada-de-jorge-celebra-fe-samba-e-ancestralidade-na-vila-carvalho
57,"Festividades, turismo e inventário cultural",pontos_interesse_itinerarios,Pontos de interesse para itinerários,eventos,regra_curada,alta,https://www.fundacaodecultura.ms.gov.br/com-apoio-do-grupo-tez-feijoada-de-jorge-celebra-fe-samba-e-ancestralidade-na-vila-carvalho
58,"Festividades, turismo e inventário cultural",festividades_inventario_2026,"Festas municipais, festividades e eventos até agosto de 2026",eventos,regra_curada,alta,https://turismo.maracaju.ms.gov.br/agenda/30-festa-da-linguica-de-maracaju/1098
58,"Festividades, turismo e inventário cultural",pontos_interesse_itinerarios,Pontos de interesse para itinerários,eventos,regra_curada,alta,https://turismo.maracaju.ms.gov.br/agenda/30-festa-da-linguica-de-maracaju/1098
59,"Festividades, turismo e inventário cultural",festividades_inventario_2026,"Festas municipais, festividades e eventos até agosto de 2026",eventos,regra_curada,alta,https://www.fundacaodecultura.ms.gov.br/festival-america-do-sul-2026-transforma-corumba-em-palco-da-integracao-latino-americana
59,"Festividades, turismo e inventário cultural",pontos_interesse_itinerarios,Pontos de interesse para itinerários,eventos,regra_curada,alta,https://www.fundacaodecultura.ms.gov.br/festival-america-do-sul-2026-transforma-corumba-em-palco-da-integracao-latino-americana
60,"Festividades, turismo e inventário cultural",festividades_inventario_2026,"Festas municipais, festividades e eventos até agosto de 2026",eventos,regra_curada,alta,https://www.turismo.ms.gov.br/iii-festival-de-inverno-de-turismo-rural-valoriza-experiencias-autenticas-na-regiao-turistica-campo-grande-dos-ipes
60,"Festividades, turismo e inventário cultural",pontos_interesse_itinerarios,Pontos de interesse para itinerários,eventos,regra_curada,alta,https://www.turismo.ms.gov.br/iii-festival-de-inverno-de-turismo-rural-valoriza-experiencias-autenticas-na-regiao-turistica-campo-grande-dos-ipes
61,"Festividades, turismo e inventário cultural",festividades_inventario_2026,"Festas municipais, festividades e eventos até agosto de 2026",eventos,regra_curada,alta,https://www.fundacaodecultura.ms.gov.br/wp-content/uploads/2026/05/RELACAO-BENS-MATERIAIS-E-IMATERIAIS-DO-ESTADO-DO-MATO-GROSSO-DO-SUL-atualizado.pdf
61,"Festividades, turismo e inventário cultural",pontos_interesse_itinerarios,Pontos de interesse para itinerários,eventos,regra_curada,alta,https://www.fundacaodecultura.ms.gov.br/wp-content/uploads/2026/05/RELACAO-BENS-MATERIAIS-E-IMATERIAIS-DO-ESTADO-DO-MATO-GROSSO-DO-SUL-atualizado.pdf
62,"Festividades, turismo e inventário cultural",festividades_inventario_2026,"Festas municipais, festividades e eventos até agosto de 2026",eventos,regra_curada,alta,https://www.fundacaodecultura.ms.gov.br/festival-de-inverno-de-bonito-2026-anuncia-grandes-shows-nacionais-e-reforca-valorizacao-da-cultura-sul-mato-grossense
62,"Festividades, turismo e inventário cultural",pontos_interesse_itinerarios,Pontos de interesse para itinerários,eventos,regra_curada,alta,https://www.fundacaodecultura.ms.gov.br/festival-de-inverno-de-bonito-2026-anuncia-grandes-shows-nacionais-e-reforca-valorizacao-da-cultura-sul-mato-grossense
63,"Festividades, turismo e inventário cultural",festividades_inventario_2026,"Festas municipais, festividades e eventos até agosto de 2026",eventos,regra_curada,alta,https://feiracentralcg.com.br/festival-do-soba
63,"Festividades, turismo e inventário cultural",pontos_interesse_itinerarios,Pontos de interesse para itinerários,eventos,regra_curada,alta,https://feiracentralcg.com.br/festival-do-soba
64,Cartografia de base e bibliotecas,campus_ensino_superior,"Referências cartográficas preliminares — Campus universitários, faculdades e institutos federais",educacao,componente_transversal,alta,https://www.openstreetmap.org/copyright
64,Cartografia de base e bibliotecas,patrimonio_estadual_estacoes_ferroviarias,Referências cartográficas preliminares — Patrimônio estadual e estações ferroviárias inventariadas,cultura,componente_transversal,alta,https://www.openstreetmap.org/copyright
64,Cartografia de base e bibliotecas,bibliotecas_arquivos,"Referências cartográficas preliminares — Bibliotecas públicas, comunitárias e arquivos",cultura,componente_transversal,alta,https://www.openstreetmap.org/copyright
64,Cartografia de base e bibliotecas,espacos_culturais,"Referências cartográficas preliminares — Centros culturais, teatros e outros espaços culturais",cultura,componente_transversal,alta,https://www.openstreetmap.org/copyright
64,Cartografia de base e bibliotecas,centros_visitantes_trilhas,"Referências cartográficas preliminares — Centros de visitantes, trilhas e acessos autorizados",ambiente,componente_transversal,alta,https://www.openstreetmap.org/copyright
64,Cartografia de base e bibliotecas,centros_atendimento_turista,Referências cartográficas preliminares — Centros de atendimento ao turista,turismo,componente_transversal,alta,https://www.openstreetmap.org/copyright
64,Cartografia de base e bibliotecas,turismo_rural_comunitario,"Referências cartográficas preliminares — Turismo rural, comunitário e propriedades de visitação",turismo,componente_transversal,alta,https://www.openstreetmap.org/copyright
64,Cartografia de base e bibliotecas,terminais_rodoviarios,Referências cartográficas preliminares — Estações e terminais rodoviários municipais,mobilidade,componente_transversal,alta,https://www.openstreetmap.org/copyright
64,Cartografia de base e bibliotecas,terminais_rodoviarios_fronteiras,"Referências cartográficas preliminares — Pontes, passagens e pontos de fronteira",mobilidade,componente_transversal,alta,https://www.openstreetmap.org/copyright
64,Cartografia de base e bibliotecas,artesanato_producao_tradicional,Referências cartográficas preliminares — Artesanato e produção tradicional,paisagem,componente_transversal,alta,https://www.openstreetmap.org/copyright
64,Cartografia de base e bibliotecas,gastronomia_mercados_feiras,"Referências cartográficas preliminares — Feiras, mercados, casas de artesanato e gastronomia tradicional",paisagem,componente_transversal,alta,https://www.openstreetmap.org/copyright
64,Cartografia de base e bibliotecas,unidades_saude,"Referências cartográficas preliminares — Hospitais, unidades de saúde e urgência",apoio,componente_transversal,alta,https://www.openstreetmap.org/copyright
64,Cartografia de base e bibliotecas,bombeiros_seguranca,"Referências cartográficas preliminares — Bombeiros, polícia e pontos de segurança",apoio,componente_transversal,alta,https://www.openstreetmap.org/copyright
64,Cartografia de base e bibliotecas,combustivel_oficinas_descanso,"Referências cartográficas preliminares — Combustível, oficinas e áreas de descanso",apoio,componente_transversal,alta,https://www.openstreetmap.org/copyright
64,Cartografia de base e bibliotecas,acessibilidade_servicos,"Referências cartográficas preliminares — Acessibilidade, banheiros, água e serviços ao visitante",apoio,componente_transversal,alta,https://www.openstreetmap.org/copyright
64,Cartografia de base e bibliotecas,acessibilidade_rodoviaria_estimada_rotas_base_externa,Acessibilidade rodoviária estimada das rotas com base externa,analise,componente_transversal,alta,https://www.openstreetmap.org/copyright
65,Cartografia de base e bibliotecas,dados_usuario,Dados importados pelo usuário,analise,componente_transversal,contextual,https://www.arcgis.com/home/item.html?id=10df2279f9684e4a9f6a7f08febac2a9
66,Cartografia de base e bibliotecas,indice_cenario_sessao,Cenário temporário calculado com camadas carregadas,analise,componente_transversal,contextual,https://leafletjs.com
66,Cartografia de base e bibliotecas,dados_usuario,Dados importados pelo usuário,analise,componente_transversal,contextual,https://leafletjs.com
67,Cartografia de base e bibliotecas,assentamentos_rurais_incra,Assentamentos rurais da reforma agrária,territorio,componente_transversal,alta,https://esri.github.io/esri-leaflet
67,Cartografia de base e bibliotecas,terras_indigenas_poligonos,Terras indígenas e fases administrativas,comunidades,componente_transversal,alta,https://esri.github.io/esri-leaflet
67,Cartografia de base e bibliotecas,territorios_quilombolas_poligonos,Territórios quilombolas delimitados e titulados,comunidades,componente_transversal,alta,https://esri.github.io/esri-leaflet
67,Cartografia de base e bibliotecas,sitios_arqueologicos_pontos,Sítios arqueológicos,patrimonio,componente_transversal,alta,https://esri.github.io/esri-leaflet
67,Cartografia de base e bibliotecas,sitios_arqueologicos_poligonos,Delimitações arqueológicas,patrimonio,componente_transversal,alta,https://esri.github.io/esri-leaflet
67,Cartografia de base e bibliotecas,unidades_conservacao,Unidades de conservação — CNUC,ambiente,componente_transversal,alta,https://esri.github.io/esri-leaflet
67,Cartografia de base e bibliotecas,cavernas_canie,Cavidades naturais subterrâneas — CANIE/CECAV,ambiente,componente_transversal,alta,https://esri.github.io/esri-leaflet
68,Cartografia de base e bibliotecas,dados_usuario,Dados importados pelo usuário,analise,componente_transversal,alta,https://stuk.github.io/jszip
69,Cartografia de base e bibliotecas,indice_cenario_sessao,Cenário temporário calculado com camadas carregadas,analise,componente_transversal,alta,https://www.papaparse.com
69,Cartografia de base e bibliotecas,dados_usuario,Dados importados pelo usuário,analise,componente_transversal,alta,https://www.papaparse.com
70,Cartografia de base e bibliotecas,dados_usuario,Dados importados pelo usuário,analise,componente_transversal,alta,https://github.com/calvinmetcalf/shapefile-js
71,Cartografia de base e bibliotecas,dados_usuario,Dados importados pelo usuário,analise,componente_transversal,contextual,https://developers.google.com/maps/documentation/urls/get-started?hl=pt-BR
72,Cartografia de base e bibliotecas,dados_usuario,Dados importados pelo usuário,analise,componente_transversal,contextual,https://earth.google.com/web
73,Cartografia de base e bibliotecas,dados_usuario,Dados importados pelo usuário,analise,componente_transversal,contextual,https://services.arcgisonline.com/ArcGIS/rest/services
74,Cartografia de base e bibliotecas,dados_usuario,Dados importados pelo usuário,analise,componente_transversal,contextual,https://developers.google.com/maps/documentation/javascript/overview
75,Patrimônio material e equipamentos culturais,patrimonio_material_tombado,Bens materiais tombados pelo IPHAN — base oficial,cultura,url_exata,alta,https://www.gov.br/iphan/pt-br/patrimonio-cultural/patrimonio-material/bens-tombados
76,Patrimônio material e equipamentos culturais,patrimonio_material_tombado,Bens materiais tombados pelo IPHAN — base oficial,cultura,regra_curada,alta,https://portal.iphan.gov.br/pagina/detalhes/626
77,Patrimônio material e equipamentos culturais,museus_pontos_memoria,Museus e pontos de memória — MuseusBr/IBRAM,cultura,url_exata,alta,https://cadastro.museus.gov.br
78,Patrimônio material e equipamentos culturais,espacos_culturais,"Referências cartográficas preliminares — Centros culturais, teatros e outros espaços culturais",cultura,url_exata,alta,https://dados.cultura.gov.br/dataset/mapa-da-cultura
78,Patrimônio material e equipamentos culturais,artesanato_producao_tradicional,Referências cartográficas preliminares — Artesanato e produção tradicional,paisagem,regra_curada,alta,https://dados.cultura.gov.br/dataset/mapa-da-cultura
79,Natureza protegida e cavernas,unidades_conservacao,Unidades de conservação — CNUC,ambiente,regra_curada,alta,https://www.gov.br/icmbio/pt-br/dados-icmbio/dados_geoespaciais
79,Natureza protegida e cavernas,parque_nacional_serra_bodoquena,Parque Nacional da Serra da Bodoquena,ambiente,regra_curada,alta,https://www.gov.br/icmbio/pt-br/dados-icmbio/dados_geoespaciais
79,Natureza protegida e cavernas,cavernas_canie,Cavidades naturais subterrâneas — CANIE/CECAV,ambiente,regra_curada,alta,https://www.gov.br/icmbio/pt-br/dados-icmbio/dados_geoespaciais
80,Natureza protegida e cavernas,unidades_conservacao,Unidades de conservação — CNUC,ambiente,regra_curada,alta,https://pamgia.ibama.gov.br/server/rest/services/BasesSincronizadas/lim_unidades_conserva%C3%A7%C3%A3o_mma_a/FeatureServer/0
80,Natureza protegida e cavernas,parque_nacional_serra_bodoquena,Parque Nacional da Serra da Bodoquena,ambiente,url_exata,alta,https://pamgia.ibama.gov.br/server/rest/services/BasesSincronizadas/lim_unidades_conserva%C3%A7%C3%A3o_mma_a/FeatureServer/0
81,Natureza protegida e cavernas,cavernas_canie,Cavidades naturais subterrâneas — CANIE/CECAV,ambiente,url_exata,alta,https://www.gov.br/icmbio/pt-br/assuntos/centros-de-pesquisa/cavernas/cadastro-nacional-de-informacoes-espeleologicas/canie
82,Turismo e economia cultural,cadastur_hospedagem,Cadastur oficial — meios de hospedagem por município,turismo,regra_curada,alta,https://dados.turismo.gov.br/dataset/?tags=Cadastur
82,Turismo e economia cultural,cadastur_agencias_guias,"Cadastur oficial — agências, guias e transportadoras por município",turismo,regra_curada,alta,https://dados.turismo.gov.br/dataset/?tags=Cadastur
83,Turismo e economia cultural,cadastur_hospedagem,Cadastur oficial — meios de hospedagem por município,turismo,regra_curada,alta,https://www.gov.br/conecta/catalogo/apis/cadastur-cadastro-de-prestadores-de-servicos-turisticos/swagger.json/swagger_view
83,Turismo e economia cultural,cadastur_agencias_guias,"Cadastur oficial — agências, guias e transportadoras por município",turismo,regra_curada,alta,https://www.gov.br/conecta/catalogo/apis/cadastur-cadastro-de-prestadores-de-servicos-turisticos/swagger.json/swagger_view
84,Turismo e economia cultural,centros_atendimento_turista,Referências cartográficas preliminares — Centros de atendimento ao turista,turismo,regra_curada,alta,https://www.turismo.ms.gov.br/tourist-information
85,Mobilidade multimodal,ferrovias_operacao,Ferrovias concedidas em operação,mobilidade,regra_curada,alta,https://geo.infrasa.gov.br/server/rest/services/Ferrovias_Concedidas_em_opera%C3%A7%C3%A3o/FeatureServer
86,Mobilidade multimodal,terminais_ferroviarios,Terminais e pátios ferroviários,mobilidade,regra_curada,alta,https://geo.infrasa.gov.br/server/rest/services/Terminais_Portu%C3%A1rias/FeatureServer
86,Mobilidade multimodal,instalacoes_portuarias,"Portos, terminais e instalações portuárias",mobilidade,regra_curada,alta,https://geo.infrasa.gov.br/server/rest/services/Terminais_Portu%C3%A1rias/FeatureServer
87,Mobilidade multimodal,aeroportos_aerodromos,Aeroportos e aeródromos,mobilidade,regra_curada,alta,https://geo.infrasa.gov.br/server/rest/services/Aeroportos/FeatureServer
88,Mobilidade multimodal,condicao_pavimento,"Condição do pavimento, obras e interrupções",mobilidade,url_exata,alta,https://www.gov.br/dnit/pt-br/acesso-a-informacao/dados-abertos/conjuntos-de-dados
89,Mobilidade multimodal,ferrovias_operacao,Ferrovias concedidas em operação,mobilidade,regra_curada,alta,https://geoportal.infrasa.gov.br/ontl
89,Mobilidade multimodal,terminais_ferroviarios,Terminais e pátios ferroviários,mobilidade,regra_curada,alta,https://geoportal.infrasa.gov.br/ontl
89,Mobilidade multimodal,instalacoes_portuarias,"Portos, terminais e instalações portuárias",mobilidade,regra_curada,alta,https://geoportal.infrasa.gov.br/ontl
89,Mobilidade multimodal,aeroportos_aerodromos,Aeroportos e aeródromos,mobilidade,regra_curada,alta,https://geoportal.infrasa.gov.br/ontl
89,Mobilidade multimodal,terminais_rodoviarios_fronteiras,"Referências cartográficas preliminares — Pontes, passagens e pontos de fronteira",mobilidade,url_exata,alta,https://geoportal.infrasa.gov.br/ontl
89,Mobilidade multimodal,concessoes_rodoviarias,Concessões rodoviárias e operação,mobilidade,regra_curada,alta,https://geoportal.infrasa.gov.br/ontl
90,Paisagem e produção tradicional,uso_cobertura_solo,MapBiomas 10.1 — cobertura e uso da terra por município,paisagem,regra_curada,alta,https://brasil.mapbiomas.org/colecoes-mapbiomas
90,Paisagem e produção tradicional,mapa_mudancas_uso_solo,MapBiomas 10.1 — desmatamento e vegetação secundária,paisagem,regra_curada,alta,https://brasil.mapbiomas.org/colecoes-mapbiomas
91,Paisagem e produção tradicional,uso_cobertura_solo,MapBiomas 10.1 — cobertura e uso da terra por município,paisagem,regra_curada,alta,https://brasil.mapbiomas.org/downloads
91,Paisagem e produção tradicional,mapa_mudancas_uso_solo,MapBiomas 10.1 — desmatamento e vegetação secundária,paisagem,regra_curada,alta,https://brasil.mapbiomas.org/downloads
92,"Apoio, segurança e saúde",unidades_saude,"Referências cartográficas preliminares — Hospitais, unidades de saúde e urgência",apoio,url_exata,alta,https://datasus.saude.gov.br/cnes-estabelecimentos
93,"Apoio, segurança e saúde",bombeiros_seguranca,"Referências cartográficas preliminares — Bombeiros, polícia e pontos de segurança",apoio,regra_curada,alta,https://aacpdappls.net.ms.gov.br/appls/legislacao/secoge/govato.nsf/fd8600de8a55c7fc04256b210079ce25/5e7ddd6a7dc5185f04258b3300417537
94,"Apoio, segurança e saúde",bombeiros_seguranca,"Referências cartográficas preliminares — Bombeiros, polícia e pontos de segurança",apoio,regra_curada,alta,https://www.pc.ms.gov.br
95,Metodologia analítica do projeto,indice_exploratorio_disponibilidade_territorial,Índice exploratório de disponibilidade territorial e documental,analise,regra_curada,alta,
96,Educação superior e pesquisa,campus_ensino_superior,"Referências cartográficas preliminares — Campus universitários, faculdades e institutos federais",educacao,url_exata,alta,https://emec.mec.gov.br
97,Educação superior e pesquisa,campus_ensino_superior,"Referências cartográficas preliminares — Campus universitários, faculdades e institutos federais",educacao,regra_curada,alta,https://www.ufms.br/universidade/campus-ufms
98,Educação superior e pesquisa,campus_ensino_superior,"Referências cartográficas preliminares — Campus universitários, faculdades e institutos federais",educacao,regra_curada,alta,https://www.uems.br/cidades
99,Educação superior e pesquisa,campus_ensino_superior,"Referências cartográficas preliminares — Campus universitários, faculdades e institutos federais",educacao,regra_curada,alta,https://www.ufgd.edu.br
100,Educação superior e pesquisa,campus_ensino_superior,"Referências cartográficas preliminares — Campus universitários, faculdades e institutos federais",educacao,regra_curada,alta,https://www.ifms.edu.br/campi
101,Museus e memória,museus_pontos_memoria,Museus e pontos de memória — MuseusBr/IBRAM,cultura,regra_curada,alta,https://cadastro.museus.gov.br/uf-endereco/ms
102,Museus e memória,museus_pontos_memoria,Museus e pontos de memória — MuseusBr/IBRAM,cultura,regra_curada,alta,https://www.gov.br/museus/pt-br/acesso-a-informacao/acoes-e-programas/programas-projetos-acoes-obras-e-atividades/cadastro-nacional-de-museus
103,Museus e memória,museus_pontos_memoria,Museus e pontos de memória — MuseusBr/IBRAM,cultura,regra_curada,alta,https://cadastro.museus.gov.br/manual-de-uso-da-plataforma-museusbr
104,Bibliotecas e arquivos,bibliotecas_arquivos,"Referências cartográficas preliminares — Bibliotecas públicas, comunitárias e arquivos",cultura,url_exata,alta,https://www.gov.br/cultura/pt-br/assuntos/sistema-nacional-de-bibliotecas-publicas-snbp/pnld-bibliotecas/pnld-mato-grosso-do-sul
105,Bibliotecas e arquivos,bibliotecas_arquivos,"Referências cartográficas preliminares — Bibliotecas públicas, comunitárias e arquivos",cultura,regra_curada,alta,https://www.gov.br/cultura/pt-br/assuntos/sistema-nacional-de-bibliotecas-publicas-snbp/teste01/sistemas-estaduais-1/sistema-estadual-de-bibliotecas-de-mato-grosso-do-sul
106,Mobilidade rodoviária,terminais_rodoviarios,Referências cartográficas preliminares — Estações e terminais rodoviários municipais,mobilidade,url_exata,alta,https://www.agems.ms.gov.br/informativo/transporte-rodoviario-intermunicipal
107,Turismo e atendimento,centros_atendimento_turista,Referências cartográficas preliminares — Centros de atendimento ao turista,turismo,url_exata,alta,https://www.turismo.ms.gov.br/informacoes-turisticas
108,Conectividade,cobertura_telefonia_movel,"Cobertura de telefonia móvel 2G, 3G, 4G e 5G",apoio,url_exata,alta,https://dados.gov.br/dados/conjuntos-dados/cobertura_movel
109,Cartografia colaborativa,campus_ensino_superior,"Referências cartográficas preliminares — Campus universitários, faculdades e institutos federais",educacao,componente_transversal,alta,https://www.openstreetmap.org
109,Cartografia colaborativa,patrimonio_estadual_estacoes_ferroviarias,Referências cartográficas preliminares — Patrimônio estadual e estações ferroviárias inventariadas,cultura,componente_transversal,alta,https://www.openstreetmap.org
109,Cartografia colaborativa,bibliotecas_arquivos,"Referências cartográficas preliminares — Bibliotecas públicas, comunitárias e arquivos",cultura,componente_transversal,alta,https://www.openstreetmap.org
109,Cartografia colaborativa,espacos_culturais,"Referências cartográficas preliminares — Centros culturais, teatros e outros espaços culturais",cultura,componente_transversal,alta,https://www.openstreetmap.org
109,Cartografia colaborativa,centros_visitantes_trilhas,"Referências cartográficas preliminares — Centros de visitantes, trilhas e acessos autorizados",ambiente,componente_transversal,alta,https://www.openstreetmap.org
109,Cartografia colaborativa,centros_atendimento_turista,Referências cartográficas preliminares — Centros de atendimento ao turista,turismo,componente_transversal,alta,https://www.openstreetmap.org
109,Cartografia colaborativa,turismo_rural_comunitario,"Referências cartográficas preliminares — Turismo rural, comunitário e propriedades de visitação",turismo,componente_transversal,alta,https://www.openstreetmap.org
109,Cartografia colaborativa,terminais_rodoviarios,Referências cartográficas preliminares — Estações e terminais rodoviários municipais,mobilidade,componente_transversal,alta,https://www.openstreetmap.org
109,Cartografia colaborativa,terminais_rodoviarios_fronteiras,"Referências cartográficas preliminares — Pontes, passagens e pontos de fronteira",mobilidade,componente_transversal,alta,https://www.openstreetmap.org
109,Cartografia colaborativa,artesanato_producao_tradicional,Referências cartográficas preliminares — Artesanato e produção tradicional,paisagem,componente_transversal,alta,https://www.openstreetmap.org
109,Cartografia colaborativa,gastronomia_mercados_feiras,"Referências cartográficas preliminares — Feiras, mercados, casas de artesanato e gastronomia tradicional",paisagem,componente_transversal,alta,https://www.openstreetmap.org
109,Cartografia colaborativa,unidades_saude,"Referências cartográficas preliminares — Hospitais, unidades de saúde e urgência",apoio,componente_transversal,alta,https://www.openstreetmap.org
109,Cartografia colaborativa,bombeiros_seguranca,"Referências cartográficas preliminares — Bombeiros, polícia e pontos de segurança",apoio,componente_transversal,alta,https://www.openstreetmap.org
109,Cartografia colaborativa,combustivel_oficinas_descanso,"Referências cartográficas preliminares — Combustível, oficinas e áreas de descanso",apoio,componente_transversal,alta,https://www.openstreetmap.org
109,Cartografia colaborativa,acessibilidade_servicos,"Referências cartográficas preliminares — Acessibilidade, banheiros, água e serviços ao visitante",apoio,componente_transversal,alta,https://www.openstreetmap.org
109,Cartografia colaborativa,acessibilidade_rodoviaria_estimada_rotas_base_externa,Acessibilidade rodoviária estimada das rotas com base externa,analise,componente_transversal,alta,https://www.openstreetmap.org
110,Terras indígenas,terras_indigenas_poligonos,Terras indígenas e fases administrativas,comunidades,url_exata,alta,https://www.gov.br/funai/pt-br/atuacao/terras-indigenas/geoprocessamento-e-mapas
111,Terras indígenas,terras_indigenas_poligonos,Terras indígenas e fases administrativas,comunidades,url_exata,alta,https://pamgia.ibama.gov.br/server/rest/services/01_Publicacoes_Bases/lim_terra_indigena_a/FeatureServer/12
112,Territórios quilombolas,territorios_quilombolas_poligonos,Territórios quilombolas delimitados e titulados,comunidades,regra_curada,alta,https://www.gov.br/incra/pt-br/assuntos/governanca-fundiaria/quilombolas
113,Territórios quilombolas,territorios_quilombolas_poligonos,Territórios quilombolas delimitados e titulados,comunidades,url_exata,alta,https://pamgia.ibama.gov.br/server/rest/services/BasesSincronizadas/lim_quilombos_incra_a/FeatureServer/0
114,Assentamentos rurais,assentamentos_rurais_incra,Assentamentos rurais da reforma agrária,territorio,regra_curada,alta,https://www.gov.br/incra/pt-br/assuntos/reforma-agraria/assentamentos-relacao-de-projetos
115,Assentamentos rurais,assentamentos_rurais_incra,Assentamentos rurais da reforma agrária,territorio,url_exata,alta,https://pamgia.ibama.gov.br/server/rest/services/01_Publicacoes_Bases/assentamentos_incra/FeatureServer/1
116,Barragens,barragens_snisb,Barragens cadastradas no SNISB — consulta oficial,ambiente,regra_curada,alta,https://www.snisb.gov.br
117,Vulnerabilidade territorial,vulnerabilidade_territorial_censo_2022,Vulnerabilidade territorial e indicadores do Censo 2022,analise,url_exata,alta,https://censo2022.ibge.gov.br/panorama
118,Regionalização turística,regioes_municipios_turisticos,Regiões e municípios do Mapa do Turismo Brasileiro,turismo,url_exata,alta,https://www.gov.br/turismo/pt-br/acesso-a-informacao/acoes-e-programas/programas-projetos-acoes-obras-e-atividades/programa-de-regionalizacao-do-turismo-2/mapa-do-turismo-brasileiro/mapa-do-turismo-brasileiro
119,Patrimônio estadual e ferroviário,patrimonio_estadual_estacoes_ferroviarias,Referências cartográficas preliminares — Patrimônio estadual e estações ferroviárias inventariadas,cultura,url_exata,alta,https://www.fundacaodecultura.ms.gov.br/informativos/guias-e-manuais
120,Geologia,mapa_geologico_ms,Mapa geológico de Mato Grosso do Sul 1:1.000.000,geodiversidade,url_exata,alta,https://geoportal.sgb.gov.br/server/rest/services/geologia/litoestratigrafia_estados/MapServer/7
120,Geologia,inventario_geocientifico_fase3,Inventário geocientífico consolidado da Fase 3,geodiversidade,regra_curada,alta,https://geoportal.sgb.gov.br/server/rest/services/geologia/litoestratigrafia_estados/MapServer/7
121,Geologia,mapa_geologico_ms,Mapa geológico de Mato Grosso do Sul 1:1.000.000,geodiversidade,url_exata,alta,https://geoportal.sgb.gov.br/server/rest/services/geologia/litoestratigrafia_estados/MapServer
121,Geologia,inventario_geocientifico_fase3,Inventário geocientífico consolidado da Fase 3,geodiversidade,regra_curada,alta,https://geoportal.sgb.gov.br/server/rest/services/geologia/litoestratigrafia_estados/MapServer
122,Hidrogeologia,mapa_hidrogeologico_ms,Mapa hidrogeológico de Mato Grosso do Sul,geodiversidade,url_exata,alta,https://rigeo.sgb.gov.br/handle/doc/25365
122,Hidrogeologia,inventario_geocientifico_fase3,Inventário geocientífico consolidado da Fase 3,geodiversidade,regra_curada,alta,https://rigeo.sgb.gov.br/handle/doc/25365
123,Hidrogeologia,mapa_hidrogeologico_ms,Mapa hidrogeológico de Mato Grosso do Sul,geodiversidade,url_exata,alta,https://geoportal.sgb.gov.br/server/rest/services/hidrologia/Mapa_Hidrogeologico_Atlas_Brasil/MapServer/1
123,Hidrogeologia,inventario_geocientifico_fase3,Inventário geocientífico consolidado da Fase 3,geodiversidade,regra_curada,alta,https://geoportal.sgb.gov.br/server/rest/services/hidrologia/Mapa_Hidrogeologico_Atlas_Brasil/MapServer/1
124,Hidrogeologia,mapa_hidrogeologico_ms,Mapa hidrogeológico de Mato Grosso do Sul,geodiversidade,regra_curada,alta,https://www.sgb.gov.br/mapas-para-download
124,Hidrogeologia,inventario_geocientifico_fase3,Inventário geocientífico consolidado da Fase 3,geodiversidade,regra_curada,alta,https://www.sgb.gov.br/mapas-para-download
125,Hidrogeologia,sistema_aquifero_guarani_ana,Sistema Aquífero Guarani,geodiversidade,url_exata,alta,https://metadados.snirh.gov.br/geonetwork/geonetwork/api/records/3ec60e4f-85ea-4ba7-a90c-734b57594f90
126,Geomorfologia,mapa_geomorfologico_ibge,Mapa geomorfológico do estado,geodiversidade,url_exata,alta,https://bdiaweb.ibge.gov.br
126,Geomorfologia,inventario_geocientifico_fase3,Inventário geocientífico consolidado da Fase 3,geodiversidade,regra_curada,alta,https://bdiaweb.ibge.gov.br
127,Geomorfologia,mapa_geomorfologico_ibge,Mapa geomorfológico do estado,geodiversidade,url_exata,alta,https://www.ibge.gov.br/geociencias/informacoes-ambientais/geomorfologia/10870-geomorfologia.html
127,Geomorfologia,inventario_geocientifico_fase3,Inventário geocientífico consolidado da Fase 3,geodiversidade,regra_curada,alta,https://www.ibge.gov.br/geociencias/informacoes-ambientais/geomorfologia/10870-geomorfologia.html
128,Altimetria,mapa_altimetria_ms,Mapa de altimetria e hipsometria,geodiversidade,url_exata,alta,https://www.pinms.ms.gov.br/arcgis/rest/services/SEMADESC/SEMADESC_MAPAS/MapServer/5
128,Altimetria,inventario_geocientifico_fase3,Inventário geocientífico consolidado da Fase 3,geodiversidade,regra_curada,alta,https://www.pinms.ms.gov.br/arcgis/rest/services/SEMADESC/SEMADESC_MAPAS/MapServer/5
129,Geomorfometria,mapa_declividade_topodata,Mapa de declividade e formas do terreno,geodiversidade,url_exata,alta,https://data.inpe.br/dados/topodata
129,Geomorfometria,inventario_geocientifico_fase3,Inventário geocientífico consolidado da Fase 3,geodiversidade,regra_curada,alta,https://data.inpe.br/dados/topodata
130,Solos,mapa_solos_ms,Mapa de solos de Mato Grosso do Sul 1:250.000,paisagem,url_exata,alta,https://www.pinms.ms.gov.br/arcgis/rest/services/IMASUL/SiriemaGeo_Sisla/MapServer/42
131,Zoneamento Agroecológico,mapa_fragilidade_ambiental_zae,Mapa de fragilidade ambiental,paisagem,url_exata,alta,https://www.semadesc.ms.gov.br/programas-e-projetos/zae-ms
131,Zoneamento Agroecológico,mapa_macrozoneamento_zae,Macrozoneamento de solos e apoio ao ZAE,paisagem,url_exata,alta,https://www.semadesc.ms.gov.br/programas-e-projetos/zae-ms
131,Zoneamento Agroecológico,mapa_zoneamento_agroecologico_ms,Zoneamento Agroecológico de Mato Grosso do Sul,paisagem,url_exata,alta,https://www.semadesc.ms.gov.br/programas-e-projetos/zae-ms
132,Vegetação,mapa_vegetacao_original_radam,Mapa de vegetação original RADAM,paisagem,url_exata,alta,https://www.pinms.ms.gov.br/arcgis/rest/services/SGI/Vegetacao_RADAM_MS/MapServer
133,Uso da terra,uso_cobertura_solo,MapBiomas 10.1 — cobertura e uso da terra por município,paisagem,regra_curada,alta,https://brasil.mapbiomas.org/colecoes-mapbiomas
133,Uso da terra,mapa_mudancas_uso_solo,MapBiomas 10.1 — desmatamento e vegetação secundária,paisagem,regra_curada,alta,https://brasil.mapbiomas.org/colecoes-mapbiomas
134,Uso da terra,uso_cobertura_solo,MapBiomas 10.1 — cobertura e uso da terra por município,paisagem,url_exata,alta,https://brasil.mapbiomas.org/estatisticas
134,Uso da terra,mapa_mudancas_uso_solo,MapBiomas 10.1 — desmatamento e vegetação secundária,paisagem,url_exata,alta,https://brasil.mapbiomas.org/estatisticas
135,Planejamento territorial,mapa_zee_ms,Zoneamento Ecológico Econômico de Mato Grosso do Sul,analise,url_exata,alta,https://www.pinms.ms.gov.br/arcgis/rest/services/IMASUL/SiriemaGeo_Sisla/MapServer/38
136,Recursos hídricos,mapa_bacias_uepgrh,"Bacias, sub-bacias e unidades de planejamento hídrico",ambiente,url_exata,alta,https://www.pinms.ms.gov.br/arcgis/rest/services/SEMADESC/SEMADESC_MAPAS/MapServer
137,Recursos hídricos,mapa_disponibilidade_hidrica,Disponibilidade hídrica superficial e água disponível no solo,ambiente,url_exata,alta,https://www.pinms.ms.gov.br/arcgis/rest/services/SEMADESC/SEMADESC_MAPAS/MapServer
138,Qualidade da água,mapa_qualidade_agua_ana,Qualidade da água e estações de monitoramento,ambiente,url_exata,alta,https://qualidadedaagua.ana.gov.br
139,Fogo,mapa_focos_calor_risco,"Focos de calor, áreas queimadas e risco de fogo",ambiente,url_exata,alta,https://data.inpe.br/queimadas/painel-do-fogo
140,Fogo,mapa_focos_calor_risco,"Focos de calor, áreas queimadas e risco de fogo",ambiente,url_exata,alta,https://pamgia.ibama.gov.br/server/rest/services/DDA/focos_calor_dda/MapServer
141,Recursos minerais,mapa_recursos_minerais_ms,Recursos minerais e ocorrências geológicas,geodiversidade,url_exata,alta,https://geoportal.sgb.gov.br/server/rest/services/geologia/ocorrencias/MapServer/0
141,Recursos minerais,inventario_geocientifico_fase3,Inventário geocientífico consolidado da Fase 3,geodiversidade,regra_curada,alta,https://geoportal.sgb.gov.br/server/rest/services/geologia/ocorrencias/MapServer/0
142,Clima,mapa_climatico_ms,"Mapa climático, precipitação e temperatura",ambiente,url_exata,alta,https://www.cemtec.ms.gov.br/bancodedados
143,Clima,mapa_climatico_ms,"Mapa climático, precipitação e temperatura",ambiente,url_exata,alta,https://portal.inmet.gov.br
144,Geodiversidade,retirada_laguna_nodos_municipais,Nós municipais da Retirada da Laguna,patrimonio,regra_curada,alta,https://aacpdappls.net.ms.gov.br/appls/legislacao/secoge/govato.nsf/fd8600de8a55c7fc04256b210079ce25/9d2a7d2cb9c27f170425769a005c3d44?OpenDocument
144,Geodiversidade,geossitios_decreto_12897_2009,54 geossítios do Decreto Estadual 12.897 de 2009,geodiversidade,regra_curada,alta,https://aacpdappls.net.ms.gov.br/appls/legislacao/secoge/govato.nsf/fd8600de8a55c7fc04256b210079ce25/9d2a7d2cb9c27f170425769a005c3d44?OpenDocument
144,Geodiversidade,geossitios_compilados_niveis_precisao,Geossítios compilados com níveis de precisão,geodiversidade,regra_curada,alta,https://aacpdappls.net.ms.gov.br/appls/legislacao/secoge/govato.nsf/fd8600de8a55c7fc04256b210079ce25/9d2a7d2cb9c27f170425769a005c3d44?OpenDocument
144,Geodiversidade,inventario_geocientifico_fase3,Inventário geocientífico consolidado da Fase 3,geodiversidade,regra_curada,alta,https://aacpdappls.net.ms.gov.br/appls/legislacao/secoge/govato.nsf/fd8600de8a55c7fc04256b210079ce25/9d2a7d2cb9c27f170425769a005c3d44?OpenDocument
144,Geodiversidade,potencial_geocientifico_territorial_250km2,Potencial geocientífico territorial documentado — 250 km²,analise,regra_curada,alta,https://aacpdappls.net.ms.gov.br/appls/legislacao/secoge/govato.nsf/fd8600de8a55c7fc04256b210079ce25/9d2a7d2cb9c27f170425769a005c3d44?OpenDocument
145,Geodiversidade,geodiversidade_candidatos,Lugares candidatos do levantamento do projeto,geodiversidade,regra_curada,alta,https://aacpdappls.net.ms.gov.br/appls/legislacao/secoge/govato.nsf/fd8600de8a55c7fc04256b210079ce25/85f3f8665191e580042578b50066ba59?OpenDocument
145,Geodiversidade,potencial_geocientifico_territorial_250km2,Potencial geocientífico territorial documentado — 250 km²,analise,regra_curada,alta,https://aacpdappls.net.ms.gov.br/appls/legislacao/secoge/govato.nsf/fd8600de8a55c7fc04256b210079ce25/85f3f8665191e580042578b50066ba59?OpenDocument
146,Geodiversidade,lugares_interesse_geologico_propostos,Lugares de interesse geológico propostos ou indicados,geodiversidade,regra_curada,alta,https://sigep.eco.br/sitio037/sitio037.pdf
146,Geodiversidade,geossitios_compilados_niveis_precisao,Geossítios compilados com níveis de precisão,geodiversidade,regra_curada,alta,https://sigep.eco.br/sitio037/sitio037.pdf
146,Geodiversidade,inventario_geocientifico_fase3,Inventário geocientífico consolidado da Fase 3,geodiversidade,regra_curada,alta,https://sigep.eco.br/sitio037/sitio037.pdf
146,Geodiversidade,potencial_geocientifico_territorial_250km2,Potencial geocientífico territorial documentado — 250 km²,analise,regra_curada,alta,https://sigep.eco.br/sitio037/sitio037.pdf
147,Geodiversidade,lugares_interesse_geologico_propostos,Lugares de interesse geológico propostos ou indicados,geodiversidade,regra_curada,alta,https://sigep.eco.br/sitio034/sitio034.pdf
147,Geodiversidade,geossitios_compilados_niveis_precisao,Geossítios compilados com níveis de precisão,geodiversidade,regra_curada,alta,https://sigep.eco.br/sitio034/sitio034.pdf
147,Geodiversidade,inventario_geocientifico_fase3,Inventário geocientífico consolidado da Fase 3,geodiversidade,regra_curada,alta,https://sigep.eco.br/sitio034/sitio034.pdf
147,Geodiversidade,potencial_geocientifico_territorial_250km2,Potencial geocientífico territorial documentado — 250 km²,analise,regra_curada,alta,https://sigep.eco.br/sitio034/sitio034.pdf
148,Povos originários,terras_indigenas_poligonos,Terras indígenas e fases administrativas,comunidades,url_exata,alta,https://www.gov.br/funai/pt-br/atuacao/terras-indigenas/geoprocessamento-e-mapas
149,Conservação,unidades_conservacao,Unidades de conservação — CNUC,ambiente,regra_curada,alta,https://www.gov.br/icmbio/pt-br/assuntos/dados_geoespaciais_mapa_tematico-e-dados_geoestatisticos/dados_geoespaciais
149,Conservação,parque_nacional_serra_bodoquena,Parque Nacional da Serra da Bodoquena,ambiente,regra_curada,alta,https://www.gov.br/icmbio/pt-br/assuntos/dados_geoespaciais_mapa_tematico-e-dados_geoestatisticos/dados_geoespaciais
150,Fronteira,municipios_pontos_fronteira_alfandegados,Municípios com pontos alfandegados de fronteira,mobilidade,regra_curada,alta,https://www.gov.br/receitafederal/pt-br
150,Fronteira,terminais_rodoviarios_fronteiras,"Referências cartográficas preliminares — Pontes, passagens e pontos de fronteira",mobilidade,regra_curada,alta,https://www.gov.br/receitafederal/pt-br
151,Pantanal e fogo,pantanal_monitoramento_fogo,Monitoramento de focos de calor no Pantanal,ambiente,url_exata,alta,https://pamgia.ibama.gov.br/server/rest/services/Focos_Pantanal_Historico_MIL1/MapServer
152,Riscos e governança territorial,riscos_sazonalidade,"Riscos, sazonalidade e restrições operacionais",analise,url_exata,alta,https://www.defesacivil.ms.gov.br/unidade-administrativa/departamento-de-gestao-de-riscos-e-desastres
153,Riscos e governança territorial,riscos_sazonalidade,"Riscos, sazonalidade e restrições operacionais",analise,url_exata,alta,https://www.defesacivil.ms.gov.br/programas-e-projetos/monitoracao
154,Rotas institucionais e itinerários em estudo,rotas_culturais_propostas,Propostas metodológicas de rotas e itinerários culturais — marco PRICI,eventos,regra_curada,alta,https://www.turismo.ms.gov.br/trilhas-de-longo-curso-em-mato-grosso-do-sul-rota-dos-pioneiros-e-aviturismo-nas-regioes-vale-das-aguas-e-cone-sul
154,Rotas institucionais e itinerários em estudo,pontos_interesse_itinerarios,Pontos de interesse para itinerários,eventos,regra_curada,alta,https://www.turismo.ms.gov.br/trilhas-de-longo-curso-em-mato-grosso-do-sul-rota-dos-pioneiros-e-aviturismo-nas-regioes-vale-das-aguas-e-cone-sul
154,Rotas institucionais e itinerários em estudo,areas_exploratorias_influencia_cartografica,Áreas exploratórias de influência cartográfica,paisagem,regra_curada,alta,https://www.turismo.ms.gov.br/trilhas-de-longo-curso-em-mato-grosso-do-sul-rota-dos-pioneiros-e-aviturismo-nas-regioes-vale-das-aguas-e-cone-sul
154,Rotas institucionais e itinerários em estudo,trechos_itinerarios,Trechos esquemáticos derivados das propostas metodológicas,analise,regra_curada,alta,https://www.turismo.ms.gov.br/trilhas-de-longo-curso-em-mato-grosso-do-sul-rota-dos-pioneiros-e-aviturismo-nas-regioes-vale-das-aguas-e-cone-sul
154,Rotas institucionais e itinerários em estudo,pre_avaliacao_cartografica_itinerarios,Pré-avaliação cartográfica descritiva dos itinerários,analise,regra_curada,alta,https://www.turismo.ms.gov.br/trilhas-de-longo-curso-em-mato-grosso-do-sul-rota-dos-pioneiros-e-aviturismo-nas-regioes-vale-das-aguas-e-cone-sul
154,Rotas institucionais e itinerários em estudo,corredores_exploratorios_aprofundamento,Eixos exploratórios para aprofundamento,analise,regra_curada,alta,https://www.turismo.ms.gov.br/trilhas-de-longo-curso-em-mato-grosso-do-sul-rota-dos-pioneiros-e-aviturismo-nas-regioes-vale-das-aguas-e-cone-sul
154,Rotas institucionais e itinerários em estudo,interacoes_rotas_unidades_conservacao,Interações exploratórias entre rotas e unidades de conservação,analise,regra_curada,alta,https://www.turismo.ms.gov.br/trilhas-de-longo-curso-em-mato-grosso-do-sul-rota-dos-pioneiros-e-aviturismo-nas-regioes-vale-das-aguas-e-cone-sul
154,Rotas institucionais e itinerários em estudo,cavidades_proximas_rotas_estudo,Cavidades próximas às rotas em estudo,analise,regra_curada,alta,https://www.turismo.ms.gov.br/trilhas-de-longo-curso-em-mato-grosso-do-sul-rota-dos-pioneiros-e-aviturismo-nas-regioes-vale-das-aguas-e-cone-sul
155,Rotas institucionais e itinerários em estudo,rotas_culturais_propostas,Propostas metodológicas de rotas e itinerários culturais — marco PRICI,eventos,regra_curada,alta,https://www.turismo.ms.gov.br/mato-grosso-do-sul-lanca-rota-do-cerrado-e-nova-marca-para-o-aviturismo-durante-o-avistar-brasil-2025
155,Rotas institucionais e itinerários em estudo,pontos_interesse_itinerarios,Pontos de interesse para itinerários,eventos,regra_curada,alta,https://www.turismo.ms.gov.br/mato-grosso-do-sul-lanca-rota-do-cerrado-e-nova-marca-para-o-aviturismo-durante-o-avistar-brasil-2025
155,Rotas institucionais e itinerários em estudo,areas_exploratorias_influencia_cartografica,Áreas exploratórias de influência cartográfica,paisagem,regra_curada,alta,https://www.turismo.ms.gov.br/mato-grosso-do-sul-lanca-rota-do-cerrado-e-nova-marca-para-o-aviturismo-durante-o-avistar-brasil-2025
155,Rotas institucionais e itinerários em estudo,trechos_itinerarios,Trechos esquemáticos derivados das propostas metodológicas,analise,regra_curada,alta,https://www.turismo.ms.gov.br/mato-grosso-do-sul-lanca-rota-do-cerrado-e-nova-marca-para-o-aviturismo-durante-o-avistar-brasil-2025
155,Rotas institucionais e itinerários em estudo,pre_avaliacao_cartografica_itinerarios,Pré-avaliação cartográfica descritiva dos itinerários,analise,regra_curada,alta,https://www.turismo.ms.gov.br/mato-grosso-do-sul-lanca-rota-do-cerrado-e-nova-marca-para-o-aviturismo-durante-o-avistar-brasil-2025
155,Rotas institucionais e itinerários em estudo,corredores_exploratorios_aprofundamento,Eixos exploratórios para aprofundamento,analise,regra_curada,alta,https://www.turismo.ms.gov.br/mato-grosso-do-sul-lanca-rota-do-cerrado-e-nova-marca-para-o-aviturismo-durante-o-avistar-brasil-2025
155,Rotas institucionais e itinerários em estudo,interacoes_rotas_unidades_conservacao,Interações exploratórias entre rotas e unidades de conservação,analise,regra_curada,alta,https://www.turismo.ms.gov.br/mato-grosso-do-sul-lanca-rota-do-cerrado-e-nova-marca-para-o-aviturismo-durante-o-avistar-brasil-2025
155,Rotas institucionais e itinerários em estudo,cavidades_proximas_rotas_estudo,Cavidades próximas às rotas em estudo,analise,regra_curada,alta,https://www.turismo.ms.gov.br/mato-grosso-do-sul-lanca-rota-do-cerrado-e-nova-marca-para-o-aviturismo-durante-o-avistar-brasil-2025
156,Rotas institucionais e itinerários em estudo,rotas_culturais_propostas,Propostas metodológicas de rotas e itinerários culturais — marco PRICI,eventos,regra_curada,alta,https://www.turismo.ms.gov.br/confira-os-destaques-de-mato-grosso-do-sul-na-17a-avistar-brasil-2024
156,Rotas institucionais e itinerários em estudo,pontos_interesse_itinerarios,Pontos de interesse para itinerários,eventos,regra_curada,alta,https://www.turismo.ms.gov.br/confira-os-destaques-de-mato-grosso-do-sul-na-17a-avistar-brasil-2024
156,Rotas institucionais e itinerários em estudo,areas_exploratorias_influencia_cartografica,Áreas exploratórias de influência cartográfica,paisagem,regra_curada,alta,https://www.turismo.ms.gov.br/confira-os-destaques-de-mato-grosso-do-sul-na-17a-avistar-brasil-2024
156,Rotas institucionais e itinerários em estudo,trechos_itinerarios,Trechos esquemáticos derivados das propostas metodológicas,analise,regra_curada,alta,https://www.turismo.ms.gov.br/confira-os-destaques-de-mato-grosso-do-sul-na-17a-avistar-brasil-2024
156,Rotas institucionais e itinerários em estudo,pre_avaliacao_cartografica_itinerarios,Pré-avaliação cartográfica descritiva dos itinerários,analise,regra_curada,alta,https://www.turismo.ms.gov.br/confira-os-destaques-de-mato-grosso-do-sul-na-17a-avistar-brasil-2024
156,Rotas institucionais e itinerários em estudo,corredores_exploratorios_aprofundamento,Eixos exploratórios para aprofundamento,analise,regra_curada,alta,https://www.turismo.ms.gov.br/confira-os-destaques-de-mato-grosso-do-sul-na-17a-avistar-brasil-2024
156,Rotas institucionais e itinerários em estudo,interacoes_rotas_unidades_conservacao,Interações exploratórias entre rotas e unidades de conservação,analise,regra_curada,alta,https://www.turismo.ms.gov.br/confira-os-destaques-de-mato-grosso-do-sul-na-17a-avistar-brasil-2024
156,Rotas institucionais e itinerários em estudo,cavidades_proximas_rotas_estudo,Cavidades próximas às rotas em estudo,analise,regra_curada,alta,https://www.turismo.ms.gov.br/confira-os-destaques-de-mato-grosso-do-sul-na-17a-avistar-brasil-2024
157,Rotas institucionais e itinerários em estudo,rotas_culturais_propostas,Propostas metodológicas de rotas e itinerários culturais — marco PRICI,eventos,regra_curada,alta,https://www.turismo.ms.gov.br/mato-grosso-do-sul-reforca-compromisso-com-o-turismo-de-observacao-de-aves-na-global-birdfair-2025
157,Rotas institucionais e itinerários em estudo,pontos_interesse_itinerarios,Pontos de interesse para itinerários,eventos,regra_curada,alta,https://www.turismo.ms.gov.br/mato-grosso-do-sul-reforca-compromisso-com-o-turismo-de-observacao-de-aves-na-global-birdfair-2025
157,Rotas institucionais e itinerários em estudo,areas_exploratorias_influencia_cartografica,Áreas exploratórias de influência cartográfica,paisagem,regra_curada,alta,https://www.turismo.ms.gov.br/mato-grosso-do-sul-reforca-compromisso-com-o-turismo-de-observacao-de-aves-na-global-birdfair-2025
157,Rotas institucionais e itinerários em estudo,trechos_itinerarios,Trechos esquemáticos derivados das propostas metodológicas,analise,regra_curada,alta,https://www.turismo.ms.gov.br/mato-grosso-do-sul-reforca-compromisso-com-o-turismo-de-observacao-de-aves-na-global-birdfair-2025
157,Rotas institucionais e itinerários em estudo,pre_avaliacao_cartografica_itinerarios,Pré-avaliação cartográfica descritiva dos itinerários,analise,regra_curada,alta,https://www.turismo.ms.gov.br/mato-grosso-do-sul-reforca-compromisso-com-o-turismo-de-observacao-de-aves-na-global-birdfair-2025
157,Rotas institucionais e itinerários em estudo,corredores_exploratorios_aprofundamento,Eixos exploratórios para aprofundamento,analise,regra_curada,alta,https://www.turismo.ms.gov.br/mato-grosso-do-sul-reforca-compromisso-com-o-turismo-de-observacao-de-aves-na-global-birdfair-2025
157,Rotas institucionais e itinerários em estudo,interacoes_rotas_unidades_conservacao,Interações exploratórias entre rotas e unidades de conservação,analise,regra_curada,alta,https://www.turismo.ms.gov.br/mato-grosso-do-sul-reforca-compromisso-com-o-turismo-de-observacao-de-aves-na-global-birdfair-2025
157,Rotas institucionais e itinerários em estudo,cavidades_proximas_rotas_estudo,Cavidades próximas às rotas em estudo,analise,regra_curada,alta,https://www.turismo.ms.gov.br/mato-grosso-do-sul-reforca-compromisso-com-o-turismo-de-observacao-de-aves-na-global-birdfair-2025
158,Rotas institucionais e itinerários em estudo,municipios_pontos_fronteira_alfandegados,Municípios com pontos alfandegados de fronteira,mobilidade,regra_curada,alta,https://www.turismo.ms.gov.br/rota-bioceanica-potencializara-o-turismo-em-mato-grosso-do-sul
158,Rotas institucionais e itinerários em estudo,rodovias_estaduais,Rodovias estaduais,infra,regra_curada,alta,https://www.turismo.ms.gov.br/rota-bioceanica-potencializara-o-turismo-em-mato-grosso-do-sul
158,Rotas institucionais e itinerários em estudo,rodovias_federais,Rodovias federais,infra,regra_curada,alta,https://www.turismo.ms.gov.br/rota-bioceanica-potencializara-o-turismo-em-mato-grosso-do-sul
158,Rotas institucionais e itinerários em estudo,rotas_culturais_propostas,Propostas metodológicas de rotas e itinerários culturais — marco PRICI,eventos,regra_curada,alta,https://www.turismo.ms.gov.br/rota-bioceanica-potencializara-o-turismo-em-mato-grosso-do-sul
158,Rotas institucionais e itinerários em estudo,pontos_interesse_itinerarios,Pontos de interesse para itinerários,eventos,regra_curada,alta,https://www.turismo.ms.gov.br/rota-bioceanica-potencializara-o-turismo-em-mato-grosso-do-sul
158,Rotas institucionais e itinerários em estudo,areas_exploratorias_influencia_cartografica,Áreas exploratórias de influência cartográfica,paisagem,regra_curada,alta,https://www.turismo.ms.gov.br/rota-bioceanica-potencializara-o-turismo-em-mato-grosso-do-sul
158,Rotas institucionais e itinerários em estudo,trechos_itinerarios,Trechos esquemáticos derivados das propostas metodológicas,analise,regra_curada,alta,https://www.turismo.ms.gov.br/rota-bioceanica-potencializara-o-turismo-em-mato-grosso-do-sul
158,Rotas institucionais e itinerários em estudo,pre_avaliacao_cartografica_itinerarios,Pré-avaliação cartográfica descritiva dos itinerários,analise,regra_curada,alta,https://www.turismo.ms.gov.br/rota-bioceanica-potencializara-o-turismo-em-mato-grosso-do-sul
158,Rotas institucionais e itinerários em estudo,corredores_exploratorios_aprofundamento,Eixos exploratórios para aprofundamento,analise,regra_curada,alta,https://www.turismo.ms.gov.br/rota-bioceanica-potencializara-o-turismo-em-mato-grosso-do-sul
158,Rotas institucionais e itinerários em estudo,interacoes_rotas_unidades_conservacao,Interações exploratórias entre rotas e unidades de conservação,analise,regra_curada,alta,https://www.turismo.ms.gov.br/rota-bioceanica-potencializara-o-turismo-em-mato-grosso-do-sul
158,Rotas institucionais e itinerários em estudo,cavidades_proximas_rotas_estudo,Cavidades próximas às rotas em estudo,analise,regra_curada,alta,https://www.turismo.ms.gov.br/rota-bioceanica-potencializara-o-turismo-em-mato-grosso-do-sul
159,Rotas institucionais e itinerários em estudo,rotas_culturais_propostas,Propostas metodológicas de rotas e itinerários culturais — marco PRICI,eventos,regra_curada,alta,https://www.turismo.ms.gov.br/regiao-turistica-rota-norte-recebe-i-seminario-regional-do-folclore-moncoeiro
159,Rotas institucionais e itinerários em estudo,pontos_interesse_itinerarios,Pontos de interesse para itinerários,eventos,regra_curada,alta,https://www.turismo.ms.gov.br/regiao-turistica-rota-norte-recebe-i-seminario-regional-do-folclore-moncoeiro
159,Rotas institucionais e itinerários em estudo,areas_exploratorias_influencia_cartografica,Áreas exploratórias de influência cartográfica,paisagem,regra_curada,alta,https://www.turismo.ms.gov.br/regiao-turistica-rota-norte-recebe-i-seminario-regional-do-folclore-moncoeiro
159,Rotas institucionais e itinerários em estudo,trechos_itinerarios,Trechos esquemáticos derivados das propostas metodológicas,analise,regra_curada,alta,https://www.turismo.ms.gov.br/regiao-turistica-rota-norte-recebe-i-seminario-regional-do-folclore-moncoeiro
159,Rotas institucionais e itinerários em estudo,pre_avaliacao_cartografica_itinerarios,Pré-avaliação cartográfica descritiva dos itinerários,analise,regra_curada,alta,https://www.turismo.ms.gov.br/regiao-turistica-rota-norte-recebe-i-seminario-regional-do-folclore-moncoeiro
159,Rotas institucionais e itinerários em estudo,corredores_exploratorios_aprofundamento,Eixos exploratórios para aprofundamento,analise,regra_curada,alta,https://www.turismo.ms.gov.br/regiao-turistica-rota-norte-recebe-i-seminario-regional-do-folclore-moncoeiro
159,Rotas institucionais e itinerários em estudo,interacoes_rotas_unidades_conservacao,Interações exploratórias entre rotas e unidades de conservação,analise,regra_curada,alta,https://www.turismo.ms.gov.br/regiao-turistica-rota-norte-recebe-i-seminario-regional-do-folclore-moncoeiro
159,Rotas institucionais e itinerários em estudo,cavidades_proximas_rotas_estudo,Cavidades próximas às rotas em estudo,analise,regra_curada,alta,https://www.turismo.ms.gov.br/regiao-turistica-rota-norte-recebe-i-seminario-regional-do-folclore-moncoeiro
160,Rotas institucionais e itinerários em estudo,rotas_culturais_propostas,Propostas metodológicas de rotas e itinerários culturais — marco PRICI,eventos,regra_curada,alta,https://www.turismo.ms.gov.br/rota-pantanal-bonito-recebeu-em-2015-mais-de-422-mil-turistas
160,Rotas institucionais e itinerários em estudo,pontos_interesse_itinerarios,Pontos de interesse para itinerários,eventos,regra_curada,alta,https://www.turismo.ms.gov.br/rota-pantanal-bonito-recebeu-em-2015-mais-de-422-mil-turistas
160,Rotas institucionais e itinerários em estudo,areas_exploratorias_influencia_cartografica,Áreas exploratórias de influência cartográfica,paisagem,regra_curada,alta,https://www.turismo.ms.gov.br/rota-pantanal-bonito-recebeu-em-2015-mais-de-422-mil-turistas
160,Rotas institucionais e itinerários em estudo,trechos_itinerarios,Trechos esquemáticos derivados das propostas metodológicas,analise,regra_curada,alta,https://www.turismo.ms.gov.br/rota-pantanal-bonito-recebeu-em-2015-mais-de-422-mil-turistas
160,Rotas institucionais e itinerários em estudo,pre_avaliacao_cartografica_itinerarios,Pré-avaliação cartográfica descritiva dos itinerários,analise,regra_curada,alta,https://www.turismo.ms.gov.br/rota-pantanal-bonito-recebeu-em-2015-mais-de-422-mil-turistas
160,Rotas institucionais e itinerários em estudo,corredores_exploratorios_aprofundamento,Eixos exploratórios para aprofundamento,analise,regra_curada,alta,https://www.turismo.ms.gov.br/rota-pantanal-bonito-recebeu-em-2015-mais-de-422-mil-turistas
160,Rotas institucionais e itinerários em estudo,interacoes_rotas_unidades_conservacao,Interações exploratórias entre rotas e unidades de conservação,analise,regra_curada,alta,https://www.turismo.ms.gov.br/rota-pantanal-bonito-recebeu-em-2015-mais-de-422-mil-turistas
160,Rotas institucionais e itinerários em estudo,cavidades_proximas_rotas_estudo,Cavidades próximas às rotas em estudo,analise,regra_curada,alta,https://www.turismo.ms.gov.br/rota-pantanal-bonito-recebeu-em-2015-mais-de-422-mil-turistas
161,Rotas institucionais e itinerários em estudo,localidades_quilombolas_ibge,Comunidades e localidades quilombolas,comunidades,regra_curada,alta,https://www.turismo.ms.gov.br/mato-grosso-do-sul-lanca-guia-de-afroturismo-e-apresenta-estrategia-para-fortalecer-o-segmento
161,Rotas institucionais e itinerários em estudo,rotas_culturais_propostas,Propostas metodológicas de rotas e itinerários culturais — marco PRICI,eventos,regra_curada,alta,https://www.turismo.ms.gov.br/mato-grosso-do-sul-lanca-guia-de-afroturismo-e-apresenta-estrategia-para-fortalecer-o-segmento
161,Rotas institucionais e itinerários em estudo,pontos_interesse_itinerarios,Pontos de interesse para itinerários,eventos,regra_curada,alta,https://www.turismo.ms.gov.br/mato-grosso-do-sul-lanca-guia-de-afroturismo-e-apresenta-estrategia-para-fortalecer-o-segmento
161,Rotas institucionais e itinerários em estudo,areas_exploratorias_influencia_cartografica,Áreas exploratórias de influência cartográfica,paisagem,regra_curada,alta,https://www.turismo.ms.gov.br/mato-grosso-do-sul-lanca-guia-de-afroturismo-e-apresenta-estrategia-para-fortalecer-o-segmento
161,Rotas institucionais e itinerários em estudo,trechos_itinerarios,Trechos esquemáticos derivados das propostas metodológicas,analise,regra_curada,alta,https://www.turismo.ms.gov.br/mato-grosso-do-sul-lanca-guia-de-afroturismo-e-apresenta-estrategia-para-fortalecer-o-segmento
161,Rotas institucionais e itinerários em estudo,pre_avaliacao_cartografica_itinerarios,Pré-avaliação cartográfica descritiva dos itinerários,analise,regra_curada,alta,https://www.turismo.ms.gov.br/mato-grosso-do-sul-lanca-guia-de-afroturismo-e-apresenta-estrategia-para-fortalecer-o-segmento
161,Rotas institucionais e itinerários em estudo,corredores_exploratorios_aprofundamento,Eixos exploratórios para aprofundamento,analise,regra_curada,alta,https://www.turismo.ms.gov.br/mato-grosso-do-sul-lanca-guia-de-afroturismo-e-apresenta-estrategia-para-fortalecer-o-segmento
161,Rotas institucionais e itinerários em estudo,interacoes_rotas_unidades_conservacao,Interações exploratórias entre rotas e unidades de conservação,analise,regra_curada,alta,https://www.turismo.ms.gov.br/mato-grosso-do-sul-lanca-guia-de-afroturismo-e-apresenta-estrategia-para-fortalecer-o-segmento
161,Rotas institucionais e itinerários em estudo,cavidades_proximas_rotas_estudo,Cavidades próximas às rotas em estudo,analise,regra_curada,alta,https://www.turismo.ms.gov.br/mato-grosso-do-sul-lanca-guia-de-afroturismo-e-apresenta-estrategia-para-fortalecer-o-segmento
162,Rotas institucionais e itinerários em estudo,rotas_culturais_propostas,Propostas metodológicas de rotas e itinerários culturais — marco PRICI,eventos,regra_curada,alta,https://www.turismo.ms.gov.br/tourist-regions
162,Rotas institucionais e itinerários em estudo,pontos_interesse_itinerarios,Pontos de interesse para itinerários,eventos,regra_curada,alta,https://www.turismo.ms.gov.br/tourist-regions
162,Rotas institucionais e itinerários em estudo,regioes_municipios_turisticos,Regiões e municípios do Mapa do Turismo Brasileiro,turismo,regra_curada,alta,https://www.turismo.ms.gov.br/tourist-regions
162,Rotas institucionais e itinerários em estudo,areas_exploratorias_influencia_cartografica,Áreas exploratórias de influência cartográfica,paisagem,regra_curada,alta,https://www.turismo.ms.gov.br/tourist-regions
162,Rotas institucionais e itinerários em estudo,trechos_itinerarios,Trechos esquemáticos derivados das propostas metodológicas,analise,regra_curada,alta,https://www.turismo.ms.gov.br/tourist-regions
162,Rotas institucionais e itinerários em estudo,pre_avaliacao_cartografica_itinerarios,Pré-avaliação cartográfica descritiva dos itinerários,analise,regra_curada,alta,https://www.turismo.ms.gov.br/tourist-regions
162,Rotas institucionais e itinerários em estudo,corredores_exploratorios_aprofundamento,Eixos exploratórios para aprofundamento,analise,regra_curada,alta,https://www.turismo.ms.gov.br/tourist-regions
162,Rotas institucionais e itinerários em estudo,interacoes_rotas_unidades_conservacao,Interações exploratórias entre rotas e unidades de conservação,analise,regra_curada,alta,https://www.turismo.ms.gov.br/tourist-regions
162,Rotas institucionais e itinerários em estudo,cavidades_proximas_rotas_estudo,Cavidades próximas às rotas em estudo,analise,regra_curada,alta,https://www.turismo.ms.gov.br/tourist-regions
163,Rotas institucionais e itinerários em estudo,rotas_culturais_propostas,Propostas metodológicas de rotas e itinerários culturais — marco PRICI,eventos,regra_curada,alta,https://www.turismo.ms.gov.br/conheca-ms/artesanato
163,Rotas institucionais e itinerários em estudo,pontos_interesse_itinerarios,Pontos de interesse para itinerários,eventos,regra_curada,alta,https://www.turismo.ms.gov.br/conheca-ms/artesanato
163,Rotas institucionais e itinerários em estudo,areas_exploratorias_influencia_cartografica,Áreas exploratórias de influência cartográfica,paisagem,regra_curada,alta,https://www.turismo.ms.gov.br/conheca-ms/artesanato
163,Rotas institucionais e itinerários em estudo,artesanato_producao_tradicional,Referências cartográficas preliminares — Artesanato e produção tradicional,paisagem,regra_curada,alta,https://www.turismo.ms.gov.br/conheca-ms/artesanato
163,Rotas institucionais e itinerários em estudo,trechos_itinerarios,Trechos esquemáticos derivados das propostas metodológicas,analise,regra_curada,alta,https://www.turismo.ms.gov.br/conheca-ms/artesanato
163,Rotas institucionais e itinerários em estudo,pre_avaliacao_cartografica_itinerarios,Pré-avaliação cartográfica descritiva dos itinerários,analise,regra_curada,alta,https://www.turismo.ms.gov.br/conheca-ms/artesanato
163,Rotas institucionais e itinerários em estudo,corredores_exploratorios_aprofundamento,Eixos exploratórios para aprofundamento,analise,regra_curada,alta,https://www.turismo.ms.gov.br/conheca-ms/artesanato
163,Rotas institucionais e itinerários em estudo,interacoes_rotas_unidades_conservacao,Interações exploratórias entre rotas e unidades de conservação,analise,regra_curada,alta,https://www.turismo.ms.gov.br/conheca-ms/artesanato
163,Rotas institucionais e itinerários em estudo,cavidades_proximas_rotas_estudo,Cavidades próximas às rotas em estudo,analise,regra_curada,alta,https://www.turismo.ms.gov.br/conheca-ms/artesanato
164,Roteamento e acessibilidade,acessibilidade_rodoviaria_estimada_rotas_base_externa,Acessibilidade rodoviária estimada das rotas com base externa,analise,url_exata,alta,https://github.com/Project-OSRM/osrm-backend/blob/master/docs/http.md
165,Áreas protegidas e espeleologia,unidades_conservacao,Unidades de conservação — CNUC,ambiente,url_exata,alta,https://dados.mma.gov.br/dataset/44b6dc8a-dc82-4a84-8d95-1b0da7c85dac/resource/b1f7a269-a0b2-4a81-9ac5-108905e74a00
165,Áreas protegidas e espeleologia,parque_nacional_serra_bodoquena,Parque Nacional da Serra da Bodoquena,ambiente,regra_curada,alta,https://dados.mma.gov.br/dataset/44b6dc8a-dc82-4a84-8d95-1b0da7c85dac/resource/b1f7a269-a0b2-4a81-9ac5-108905e74a00
165,Áreas protegidas e espeleologia,interacoes_rotas_unidades_conservacao,Interações exploratórias entre rotas e unidades de conservação,analise,regra_curada,alta,https://dados.mma.gov.br/dataset/44b6dc8a-dc82-4a84-8d95-1b0da7c85dac/resource/b1f7a269-a0b2-4a81-9ac5-108905e74a00
165,Áreas protegidas e espeleologia,cavidades_em_unidades_conservacao,Cavidades registradas em unidades de conservação,analise,regra_curada,alta,https://dados.mma.gov.br/dataset/44b6dc8a-dc82-4a84-8d95-1b0da7c85dac/resource/b1f7a269-a0b2-4a81-9ac5-108905e74a00
166,Áreas protegidas e espeleologia,cavernas_canie,Cavidades naturais subterrâneas — CANIE/CECAV,ambiente,url_exata,alta,https://www.gov.br/icmbio/pt-br/assuntos/centros-de-pesquisa/cavernas/cadastro-nacional-de-informacoes-espeleologicas/canie
166,Áreas protegidas e espeleologia,cavidades_proximas_rotas_estudo,Cavidades próximas às rotas em estudo,analise,regra_curada,alta,https://www.gov.br/icmbio/pt-br/assuntos/centros-de-pesquisa/cavernas/cadastro-nacional-de-informacoes-espeleologicas/canie
166,Áreas protegidas e espeleologia,cavidades_em_unidades_conservacao,Cavidades registradas em unidades de conservação,analise,regra_curada,alta,https://www.gov.br/icmbio/pt-br/assuntos/centros-de-pesquisa/cavernas/cadastro-nacional-de-informacoes-espeleologicas/canie
167,Patrimônio material,patrimonio_material_tombado,Bens materiais tombados pelo IPHAN — base oficial,cultura,url_exata,alta,https://www.gov.br/iphan/pt-br/patrimonio-cultural/patrimonio-material/bens-tombados/2026_05_iphan_t.xlsx
168,Patrimônio material,patrimonio_material_tombado,Bens materiais tombados pelo IPHAN — base oficial,cultura,regra_curada,alta,https://dados.cultura.gov.br/dataset?organization=iphan&res_format=CSV
169,Turismo e Cadastur,cadastur_hospedagem,Cadastur oficial — meios de hospedagem por município,turismo,url_exata,alta,https://dados.turismo.gov.br/pt_BR/dataset/meios-de-hospedagem
170,Turismo e Cadastur,cadastur_hospedagem,Cadastur oficial — meios de hospedagem por município,turismo,regra_curada,alta,https://dados.turismo.gov.br/pt_BR/dataset/?tags=Cadastur
170,Turismo e Cadastur,cadastur_agencias_guias,"Cadastur oficial — agências, guias e transportadoras por município",turismo,url_exata,alta,https://dados.turismo.gov.br/pt_BR/dataset/?tags=Cadastur
171,Turismo e Cadastur,cadastur_hospedagem,Cadastur oficial — meios de hospedagem por município,turismo,regra_curada,alta,https://www.gov.br/conecta/catalogo/apis/cadastur-cadastro-de-prestadores-de-servicos-turisticos
171,Turismo e Cadastur,cadastur_agencias_guias,"Cadastur oficial — agências, guias e transportadoras por município",turismo,regra_curada,alta,https://www.gov.br/conecta/catalogo/apis/cadastur-cadastro-de-prestadores-de-servicos-turisticos
172,Uso e cobertura da terra,uso_cobertura_solo,MapBiomas 10.1 — cobertura e uso da terra por município,paisagem,regra_curada,alta,https://doi.org/10.58053/MapBiomas/SJZOLT
172,Uso e cobertura da terra,mapa_mudancas_uso_solo,MapBiomas 10.1 — desmatamento e vegetação secundária,paisagem,regra_curada,alta,https://doi.org/10.58053/MapBiomas/SJZOLT
173,Hidrovias e navegação,hidrovia_paraguai_ven_antaq,Hidrovia do Paraguai e vias economicamente navegadas — ANTAQ,mobilidade,url_exata,alta,https://www.gov.br/antaq/pt-br/central-de-conteudos/informacoes-geograficas
174,Hidrovias e navegação,hidrovia_paraguai_ven_antaq,Hidrovia do Paraguai e vias economicamente navegadas — ANTAQ,mobilidade,regra_curada,alta,https://www.gov.br/antaq/pt-br/assuntos/projetos-de-concessao/novas-concessoes-hidroviarias/paraguai
175,Cartografia cultural e indicadores espaciais,rotas_culturais_propostas,Propostas metodológicas de rotas e itinerários culturais — marco PRICI,eventos,regra_curada,alta,https://doi.org/10.1111/csp2.41
175,Cartografia cultural e indicadores espaciais,polos_estruturantes_itinerarios_culturais_250km2,Estruturação territorial para itinerários culturais — 250 km²,analise,regra_curada,alta,https://doi.org/10.1111/csp2.41
176,Metodologia dos indicadores territoriais,rotas_culturais_propostas,Propostas metodológicas de rotas e itinerários culturais — marco PRICI,eventos,regra_curada,alta,https://openarchive.icomos.org/id/eprint/3141/
176,Metodologia dos indicadores territoriais,polos_estruturantes_itinerarios_culturais_250km2,Estruturação territorial para itinerários culturais — 250 km²,analise,regra_curada,alta,https://openarchive.icomos.org/id/eprint/3141/
177,Metodologia dos indicadores territoriais,rotas_culturais_propostas,Propostas metodológicas de rotas e itinerários culturais — marco PRICI,eventos,regra_curada,alta,https://oei.int/wp-content/uploads/2026/05/manual-rutas-e-itinerarios-culturales-para-iberoamerica-final-v18-mayo-2025.pdf
177,Metodologia dos indicadores territoriais,polos_estruturantes_itinerarios_culturais_250km2,Estruturação territorial para itinerários culturais — 250 km²,analise,regra_curada,alta,https://oei.int/wp-content/uploads/2026/05/manual-rutas-e-itinerarios-culturales-para-iberoamerica-final-v18-mayo-2025.pdf
178,Metodologia dos indicadores territoriais,potencial_geocientifico_territorial_250km2,Potencial geocientífico territorial documentado — 250 km²,analise,regra_curada,alta,https://unesdoc.unesco.org/ark:/48223/pf0000260675_eng
179,Metodologia dos indicadores territoriais,potencial_geocientifico_territorial_250km2,Potencial geocientífico territorial documentado — 250 km²,analise,regra_curada,alta,https://www.unesco.org/en/iggp/geoparks/about
180,Metodologia dos indicadores territoriais,potencial_geocientifico_territorial_250km2,Potencial geocientífico territorial documentado — 250 km²,analise,regra_curada,alta,https://www.unesco.org/en/iggp/geoparks/proposals
181,Metodologia dos indicadores territoriais,potencial_geocientifico_territorial_250km2,Potencial geocientífico territorial documentado — 250 km²,analise,regra_curada,alta,https://doi.org/10.1038/163688a0
181,Metodologia dos indicadores territoriais,polos_estruturantes_itinerarios_culturais_250km2,Estruturação territorial para itinerários culturais — 250 km²,analise,regra_curada,alta,https://doi.org/10.1038/163688a0
182,Metodologia dos indicadores territoriais,polos_estruturantes_itinerarios_culturais_250km2,Estruturação territorial para itinerários culturais — 250 km²,analise,regra_curada,alta,https://doi.org/10.3406/ecoap.1955.2522
183,Caminho para os Ervais,rotas_culturais_propostas,Propostas metodológicas de rotas e itinerários culturais — marco PRICI,eventos,regra_curada,alta,https://periodicosonline.uems.br/index.php/fronteiracidadania/article/view/2625
183,Caminho para os Ervais,pontos_interesse_itinerarios,Pontos de interesse para itinerários,eventos,regra_curada,alta,https://periodicosonline.uems.br/index.php/fronteiracidadania/article/view/2625
183,Caminho para os Ervais,areas_exploratorias_influencia_cartografica,Áreas exploratórias de influência cartográfica,paisagem,regra_curada,alta,https://periodicosonline.uems.br/index.php/fronteiracidadania/article/view/2625
183,Caminho para os Ervais,trechos_itinerarios,Trechos esquemáticos derivados das propostas metodológicas,analise,regra_curada,alta,https://periodicosonline.uems.br/index.php/fronteiracidadania/article/view/2625
183,Caminho para os Ervais,pre_avaliacao_cartografica_itinerarios,Pré-avaliação cartográfica descritiva dos itinerários,analise,regra_curada,alta,https://periodicosonline.uems.br/index.php/fronteiracidadania/article/view/2625
183,Caminho para os Ervais,corredores_exploratorios_aprofundamento,Eixos exploratórios para aprofundamento,analise,regra_curada,alta,https://periodicosonline.uems.br/index.php/fronteiracidadania/article/view/2625
184,Caminho para os Ervais,rotas_culturais_propostas,Propostas metodológicas de rotas e itinerários culturais — marco PRICI,eventos,regra_curada,alta,https://doi.org/10.5944/etfvi.13.2020.27170
184,Caminho para os Ervais,pontos_interesse_itinerarios,Pontos de interesse para itinerários,eventos,regra_curada,alta,https://doi.org/10.5944/etfvi.13.2020.27170
184,Caminho para os Ervais,areas_exploratorias_influencia_cartografica,Áreas exploratórias de influência cartográfica,paisagem,regra_curada,alta,https://doi.org/10.5944/etfvi.13.2020.27170
184,Caminho para os Ervais,trechos_itinerarios,Trechos esquemáticos derivados das propostas metodológicas,analise,regra_curada,alta,https://doi.org/10.5944/etfvi.13.2020.27170
184,Caminho para os Ervais,pre_avaliacao_cartografica_itinerarios,Pré-avaliação cartográfica descritiva dos itinerários,analise,regra_curada,alta,https://doi.org/10.5944/etfvi.13.2020.27170
184,Caminho para os Ervais,corredores_exploratorios_aprofundamento,Eixos exploratórios para aprofundamento,analise,regra_curada,alta,https://doi.org/10.5944/etfvi.13.2020.27170
185,Caminho para os Ervais,rotas_culturais_propostas,Propostas metodológicas de rotas e itinerários culturais — marco PRICI,eventos,regra_curada,alta,https://doi.org/10.24302/prof.v7iEd.esp.2610
185,Caminho para os Ervais,pontos_interesse_itinerarios,Pontos de interesse para itinerários,eventos,regra_curada,alta,https://doi.org/10.24302/prof.v7iEd.esp.2610
185,Caminho para os Ervais,areas_exploratorias_influencia_cartografica,Áreas exploratórias de influência cartográfica,paisagem,regra_curada,alta,https://doi.org/10.24302/prof.v7iEd.esp.2610
185,Caminho para os Ervais,trechos_itinerarios,Trechos esquemáticos derivados das propostas metodológicas,analise,regra_curada,alta,https://doi.org/10.24302/prof.v7iEd.esp.2610
185,Caminho para os Ervais,pre_avaliacao_cartografica_itinerarios,Pré-avaliação cartográfica descritiva dos itinerários,analise,regra_curada,alta,https://doi.org/10.24302/prof.v7iEd.esp.2610
185,Caminho para os Ervais,corredores_exploratorios_aprofundamento,Eixos exploratórios para aprofundamento,analise,regra_curada,alta,https://doi.org/10.24302/prof.v7iEd.esp.2610
186,Caminho para os Ervais,rotas_culturais_propostas,Propostas metodológicas de rotas e itinerários culturais — marco PRICI,eventos,regra_curada,alta,https://editoraufsm.com.br/ultimos-lancamentos/desenvolvimento-regional-ebook.html
186,Caminho para os Ervais,pontos_interesse_itinerarios,Pontos de interesse para itinerários,eventos,regra_curada,alta,https://editoraufsm.com.br/ultimos-lancamentos/desenvolvimento-regional-ebook.html
186,Caminho para os Ervais,areas_exploratorias_influencia_cartografica,Áreas exploratórias de influência cartográfica,paisagem,regra_curada,alta,https://editoraufsm.com.br/ultimos-lancamentos/desenvolvimento-regional-ebook.html
186,Caminho para os Ervais,trechos_itinerarios,Trechos esquemáticos derivados das propostas metodológicas,analise,regra_curada,alta,https://editoraufsm.com.br/ultimos-lancamentos/desenvolvimento-regional-ebook.html
186,Caminho para os Ervais,pre_avaliacao_cartografica_itinerarios,Pré-avaliação cartográfica descritiva dos itinerários,analise,regra_curada,alta,https://editoraufsm.com.br/ultimos-lancamentos/desenvolvimento-regional-ebook.html
186,Caminho para os Ervais,corredores_exploratorios_aprofundamento,Eixos exploratórios para aprofundamento,analise,regra_curada,alta,https://editoraufsm.com.br/ultimos-lancamentos/desenvolvimento-regional-ebook.html
187,Caminho para os Ervais,rotas_culturais_propostas,Propostas metodológicas de rotas e itinerários culturais — marco PRICI,eventos,regra_curada,alta,https://doi.org/10.32358/rpd.2022.v8.605
187,Caminho para os Ervais,pontos_interesse_itinerarios,Pontos de interesse para itinerários,eventos,regra_curada,alta,https://doi.org/10.32358/rpd.2022.v8.605
187,Caminho para os Ervais,areas_exploratorias_influencia_cartografica,Áreas exploratórias de influência cartográfica,paisagem,regra_curada,alta,https://doi.org/10.32358/rpd.2022.v8.605
187,Caminho para os Ervais,trechos_itinerarios,Trechos esquemáticos derivados das propostas metodológicas,analise,regra_curada,alta,https://doi.org/10.32358/rpd.2022.v8.605
187,Caminho para os Ervais,pre_avaliacao_cartografica_itinerarios,Pré-avaliação cartográfica descritiva dos itinerários,analise,regra_curada,alta,https://doi.org/10.32358/rpd.2022.v8.605
187,Caminho para os Ervais,corredores_exploratorios_aprofundamento,Eixos exploratórios para aprofundamento,analise,regra_curada,alta,https://doi.org/10.32358/rpd.2022.v8.605
188,Extensão e ativação geocientífica,ativacao_geocientifica_extensao,"Ativação geocientífica, educação e extensão documentadas",analise,regra_curada,alta,https://www.ufms.br/47a-oficiencia-sera-em-rio-verde-de-mato-grosso/
189,Extensão e ativação geocientífica,ativacao_geocientifica_extensao,"Ativação geocientífica, educação e extensão documentadas",analise,regra_curada,alta,https://cdn.diariodoestadoms.com.br/upload/dn_arquivo/2025/03/jornal-25-de-marco-de-2025-comprimido.pdf
190,Extensão e ativação geocientífica,ativacao_geocientifica_extensao,"Ativação geocientífica, educação e extensão documentadas",analise,regra_curada,alta,https://doi.org/10.5335/rep.v33.17418
0,"Projeto, equipe e PRICI",articulacao_itinerarios_peic_rotas_250km2,Articulação territorial de itinerários — PEIC + convergência de rotas — 250 km²,analise,derivada_combinada_PEIC_rotas,alta,https://oei.int/oficinas/secretaria-general/programas/programa-de-cooperacion-interinstitucional-de-rutas-e-itinerarios-culturales-euro-iberoamericanos
1,"Projeto, equipe e PRICI",articulacao_itinerarios_peic_rotas_250km2,Articulação territorial de itinerários — PEIC + convergência de rotas — 250 km²,analise,derivada_combinada_PEIC_rotas,alta,https://oei.int/wp-content/uploads/2023/04/2-prici-declaracao-i-reuniao-do-programa-rotas-culturais-pt-sf.pdf
2,"Projeto, equipe e PRICI",articulacao_itinerarios_peic_rotas_250km2,Articulação territorial de itinerários — PEIC + convergência de rotas — 250 km²,analise,derivada_combinada_PEIC_rotas,alta,https://orcid.org/0000-0002-1446-2252
3,"Projeto, equipe e PRICI",articulacao_itinerarios_peic_rotas_250km2,Articulação territorial de itinerários — PEIC + convergência de rotas — 250 km²,analise,derivada_combinada_PEIC_rotas,alta,https://www.uems.br/ppg/ppgdrs/Corpo-Docente
4,"Projeto, equipe e PRICI",articulacao_itinerarios_peic_rotas_250km2,Articulação territorial de itinerários — PEIC + convergência de rotas — 250 km²,analise,derivada_combinada_PEIC_rotas,alta,https://www.uems.br/cursos/graduacao/administracao-bacharelado-ponta-pora/Docentes
5,"Projeto, equipe e PRICI",articulacao_itinerarios_peic_rotas_250km2,Articulação territorial de itinerários — PEIC + convergência de rotas — 250 km²,analise,derivada_combinada_PEIC_rotas,alta,https://orcid.org/0000-0001-9975-9612
6,"Projeto, equipe e PRICI",articulacao_itinerarios_peic_rotas_250km2,Articulação territorial de itinerários — PEIC + convergência de rotas — 250 km²,analise,derivada_combinada_PEIC_rotas,alta,https://orcid.org/0000-0003-2299-9102
19,Localidades indígenas e quilombolas,articulacao_itinerarios_peic_rotas_250km2,Articulação territorial de itinerários — PEIC + convergência de rotas — 250 km²,analise,derivada_combinada_PEIC_rotas,alta,https://www.turismo.ms.gov.br/wp-content/uploads/2026/05/Guia-Isto-e-Mato-Grosso-do-Sul-AFROTURISMO.pdf
154,Rotas institucionais e itinerários em estudo,articulacao_itinerarios_peic_rotas_250km2,Articulação territorial de itinerários — PEIC + convergência de rotas — 250 km²,analise,derivada_combinada_PEIC_rotas,alta,https://www.turismo.ms.gov.br/trilhas-de-longo-curso-em-mato-grosso-do-sul-rota-dos-pioneiros-e-aviturismo-nas-regioes-vale-das-aguas-e-cone-sul
155,Rotas institucionais e itinerários em estudo,articulacao_itinerarios_peic_rotas_250km2,Articulação territorial de itinerários — PEIC + convergência de rotas — 250 km²,analise,derivada_combinada_PEIC_rotas,alta,https://www.turismo.ms.gov.br/mato-grosso-do-sul-lanca-rota-do-cerrado-e-nova-marca-para-o-aviturismo-durante-o-avistar-brasil-2025
156,Rotas institucionais e itinerários em estudo,articulacao_itinerarios_peic_rotas_250km2,Articulação territorial de itinerários — PEIC + convergência de rotas — 250 km²,analise,derivada_combinada_PEIC_rotas,alta,https://www.turismo.ms.gov.br/confira-os-destaques-de-mato-grosso-do-sul-na-17a-avistar-brasil-2024
157,Rotas institucionais e itinerários em estudo,articulacao_itinerarios_peic_rotas_250km2,Articulação territorial de itinerários — PEIC + convergência de rotas — 250 km²,analise,derivada_combinada_PEIC_rotas,alta,https://www.turismo.ms.gov.br/mato-grosso-do-sul-reforca-compromisso-com-o-turismo-de-observacao-de-aves-na-global-birdfair-2025
158,Rotas institucionais e itinerários em estudo,articulacao_itinerarios_peic_rotas_250km2,Articulação territorial de itinerários — PEIC + convergência de rotas — 250 km²,analise,derivada_combinada_PEIC_rotas,alta,https://www.turismo.ms.gov.br/rota-bioceanica-potencializara-o-turismo-em-mato-grosso-do-sul
159,Rotas institucionais e itinerários em estudo,articulacao_itinerarios_peic_rotas_250km2,Articulação territorial de itinerários — PEIC + convergência de rotas — 250 km²,analise,derivada_combinada_PEIC_rotas,alta,https://www.turismo.ms.gov.br/regiao-turistica-rota-norte-recebe-i-seminario-regional-do-folclore-moncoeiro
160,Rotas institucionais e itinerários em estudo,articulacao_itinerarios_peic_rotas_250km2,Articulação territorial de itinerários — PEIC + convergência de rotas — 250 km²,analise,derivada_combinada_PEIC_rotas,alta,https://www.turismo.ms.gov.br/rota-pantanal-bonito-recebeu-em-2015-mais-de-422-mil-turistas
161,Rotas institucionais e itinerários em estudo,articulacao_itinerarios_peic_rotas_250km2,Articulação territorial de itinerários — PEIC + convergência de rotas — 250 km²,analise,derivada_combinada_PEIC_rotas,alta,https://www.turismo.ms.gov.br/mato-grosso-do-sul-lanca-guia-de-afroturismo-e-apresenta-estrategia-para-fortalecer-o-segmento
162,Rotas institucionais e itinerários em estudo,articulacao_itinerarios_peic_rotas_250km2,Articulação territorial de itinerários — PEIC + convergência de rotas — 250 km²,analise,derivada_combinada_PEIC_rotas,alta,https://www.turismo.ms.gov.br/tourist-regions
163,Rotas institucionais e itinerários em estudo,articulacao_itinerarios_peic_rotas_250km2,Articulação territorial de itinerários — PEIC + convergência de rotas — 250 km²,analise,derivada_combinada_PEIC_rotas,alta,https://www.turismo.ms.gov.br/conheca-ms/artesanato
175,Cartografia cultural e indicadores espaciais,articulacao_itinerarios_peic_rotas_250km2,Articulação territorial de itinerários — PEIC + convergência de rotas — 250 km²,analise,derivada_combinada_PEIC_rotas,alta,https://doi.org/10.1111/csp2.41
176,Metodologia dos indicadores territoriais,articulacao_itinerarios_peic_rotas_250km2,Articulação territorial de itinerários — PEIC + convergência de rotas — 250 km²,analise,derivada_combinada_PEIC_rotas,alta,https://openarchive.icomos.org/id/eprint/3141/
177,Metodologia dos indicadores territoriais,articulacao_itinerarios_peic_rotas_250km2,Articulação territorial de itinerários — PEIC + convergência de rotas — 250 km²,analise,derivada_combinada_PEIC_rotas,alta,https://oei.int/wp-content/uploads/2026/05/manual-rutas-e-itinerarios-culturales-para-iberoamerica-final-v18-mayo-2025.pdf
181,Metodologia dos indicadores territoriais,articulacao_itinerarios_peic_rotas_250km2,Articulação territorial de itinerários — PEIC + convergência de rotas — 250 km²,analise,derivada_combinada_PEIC_rotas,alta,https://doi.org/10.1038/163688a0
182,Metodologia dos indicadores territoriais,articulacao_itinerarios_peic_rotas_250km2,Articulação territorial de itinerários — PEIC + convergência de rotas — 250 km²,analise,derivada_combinada_PEIC_rotas,alta,https://doi.org/10.3406/ecoap.1955.2522
183,Caminho para os Ervais,articulacao_itinerarios_peic_rotas_250km2,Articulação territorial de itinerários — PEIC + convergência de rotas — 250 km²,analise,derivada_combinada_PEIC_rotas,alta,https://periodicosonline.uems.br/index.php/fronteiracidadania/article/view/2625
184,Caminho para os Ervais,articulacao_itinerarios_peic_rotas_250km2,Articulação territorial de itinerários — PEIC + convergência de rotas — 250 km²,analise,derivada_combinada_PEIC_rotas,alta,https://doi.org/10.5944/etfvi.13.2020.27170
185,Caminho para os Ervais,articulacao_itinerarios_peic_rotas_250km2,Articulação territorial de itinerários — PEIC + convergência de rotas — 250 km²,analise,derivada_combinada_PEIC_rotas,alta,https://doi.org/10.24302/prof.v7iEd.esp.2610
186,Caminho para os Ervais,articulacao_itinerarios_peic_rotas_250km2,Articulação territorial de itinerários — PEIC + convergência de rotas — 250 km²,analise,derivada_combinada_PEIC_rotas,alta,https://editoraufsm.com.br/ultimos-lancamentos/desenvolvimento-regional-ebook.html
187,Caminho para os Ervais,articulacao_itinerarios_peic_rotas_250km2,Articulação territorial de itinerários — PEIC + convergência de rotas — 250 km²,analise,derivada_combinada_PEIC_rotas,alta,https://doi.org/10.32358/rpd.2022.v8.605
