<?xml version="1.0" encoding="UTF-8"?>
<kml xmlns="http://www.opengis.net/kml/2.2"><Document><name>JOAJU MS · Escolas INEP 2025</name><Placemark><name>EE MAL CASTELO BRANCO</name><description><![CDATA[Código INEP: 50011774<br>Município: Água Clara<br>Fonte: INEP Censo Escolar 2025 + Catálogo de Escolas InepData]]></description><Point><coordinates>-52.8781172,-20.4475751,0</coordinates></Point></Placemark><Placemark><name>EMEI RENATO RIVEIRA</name><description><![CDATA[Código INEP: 50011782<br>Município: Água Clara<br>Fonte: INEP Censo Escolar 2025 + Catálogo de Escolas InepData]]></description><Point><coordinates>-52.8896944,-20.4354385,0</coordinates></Point></Placemark><Placemark><name>EM ISOLINO CANDIDO DIAS - POLO</name><description><![CDATA[Código INEP: 50011790<br>Município: Água Clara<br>Fonte: INEP Censo Escolar 2025 + Catálogo de Escolas InepData]]></description><Point><coordinates>-52.8896985,-20.4354316,0</coordinates></Point></Placemark><Placemark><name>EM LUCIANO SILVERIO DE OLIVEIRA</name><description><![CDATA[Código INEP: 50011804<br>Município: Água Clara<br>Fonte: INEP Censo Escolar 2025 + Catálogo de Escolas InepData]]></description><Point><coordinates>-52.8896958,-20.4354368,0</coordinates></Point></Placemark><Placemark><name>EMEI - IRMA OLGA SALIM DAULIB</name><description><![CDATA[Código INEP: 50026941<br>Município: Água Clara<br>Fonte: INEP Censo Escolar 2025 + Catálogo de Escolas InepData]]></description><Point><coordinates>-52.8896934,-20.4354425,0</coordinates></Point></Placemark><Placemark><name>EE CHICO MENDES</name><description><![CDATA[Código INEP: 50027395<br>Município: Água Clara<br>Fonte: INEP Censo Escolar 2025 + Catálogo de Escolas InepData]]></description><Point><coordinates>-52.8744345,-20.4412758,0</coordinates></Point></Placemark><Placemark><name>CENTRO DE EDUCACAO ESPECIAL GENTE FELIZ</name><description><![CDATA[Código INEP: 50027697<br>Município: Água Clara<br>Fonte: INEP Censo Escolar 2025 + Catálogo de Escolas InepData]]></description><Point><coordinates>-52.8846611,-20.4399164,0</coordinates></Point></Placemark><Placemark><name>EM MARCIA CRISTINA FIORATTI JAVAREZ</name><description><![CDATA[Código INEP: 50029436<br>Município: Água Clara<br>Fonte: INEP Censo Escolar 2025 + Catálogo de Escolas InepData]]></description><Point><coordinates>-52.8896947,-20.4354384,0</coordinates></Point></Placemark><Placemark><name>CEINF - PAULO CELSO MUNHOZ</name><description><![CDATA[Código INEP: 50031848<br>Município: Água Clara<br>Fonte: INEP Censo Escolar 2025 + Catálogo de Escolas InepData]]></description><Point><coordinates>-52.8899896,-20.4354854,0</coordinates></Point></Placemark><Placemark><name>CENTRO DE EDUCACAO INFANTIL DANIELA DE ARAUJO FELICIO</name><description><![CDATA[Código INEP: 50034081<br>Município: Água Clara<br>Fonte: INEP Censo Escolar 2025 + Catálogo de Escolas InepData]]></description><Point><coordinates>-52.889708,-20.4354529,0</coordinates></Point></Placemark><Placemark><name>INSTITUTO EDUCACIONAL CECILIA MEIRELES</name><description><![CDATA[Código INEP: 50034421<br>Município: Água Clara<br>Fonte: INEP Censo Escolar 2025 + Catálogo de Escolas InepData]]></description><Point><coordinates>-52.87678599,-20.44250307,0</coordinates></Point></Placemark><Placemark><name>EMEC EVA DE FREITAS MATHIAS</name><description><![CDATA[Código INEP: 50035223<br>Município: Água Clara<br>Fonte: INEP Censo Escolar 2025 + Catálogo de Escolas InepData]]></description><Point><coordinates>-53.25920667,-19.879255,0</coordinates></Point></Placemark><Placemark><name>EE PROFª ROMILDA COSTA CARNEIRO</name><description><![CDATA[Código INEP: 50002961<br>Município: Alcinópolis<br>Fonte: INEP Censo Escolar 2025 + Catálogo de Escolas InepData]]></description><Point><coordinates>-53.71035694,-18.32815428,0</coordinates></Point></Placemark><Placemark><name>ESCOLA MUNICIPAL ALCINO CARNEIRO</name><description><![CDATA[Código INEP: 50003062<br>Município: Alcinópolis<br>Fonte: INEP Censo Escolar 2025 + Catálogo de Escolas InepData]]></description><Point><coordinates>-53.71366833,-18.32749667,0</coordinates></Point></Placemark><Placemark><name>CMEI - BRENNO CRISOSTOMO DUART</name><description><![CDATA[Código INEP: 50026534<br>Município: Alcinópolis<br>Fonte: INEP Censo Escolar 2025 + Catálogo de Escolas InepData]]></description><Point><coordinates>-53.7102,-18.32387833,0</coordinates></Point></Placemark><Placemark><name>CENTRO DE EDUCACAO ESPECIAL DE ALCINOPOLIS - CEDEAL</name><description><![CDATA[Código INEP: 50029690<br>Município: Alcinópolis<br>Fonte: INEP Censo Escolar 2025 + Catálogo de Escolas InepData]]></description><Point><coordinates>-53.7128126,-18.3273788,0</coordinates></Point></Placemark><Placemark><name>ESCOLA MUNICIPAL MIGUEL ANTONIO DE MORAIS</name><description><![CDATA[Código INEP: 50033123<br>Município: Alcinópolis<br>Fonte: INEP Censo Escolar 2025 + Catálogo de Escolas InepData]]></description><Point><coordinates>-54.0386914,-18.2593329,0</coordinates></Point></Placemark><Placemark><name>COLEGIO CELQ</name><description><![CDATA[Código INEP: 50015095<br>Município: Amambai<br>Fonte: INEP Censo Escolar 2025 + Catálogo de Escolas InepData]]></description><Point><coordinates>-55.2341636,-23.1011508,0</coordinates></Point></Placemark><Placemark><name>ESCOLA ESPECIAL RENASCER</name><description><![CDATA[Código INEP: 50015109<br>Município: Amambai<br>Fonte: INEP Censo Escolar 2025 + Catálogo de Escolas InepData]]></description><Point><coordinates>-55.2216753,-23.1172462,0</coordinates></Point></Placemark><Placemark><name>CEI - NOSSO MUNDO</name><description><![CDATA[Código INEP: 50015117<br>Município: Amambai<br>Fonte: INEP Censo Escolar 2025 + Catálogo de Escolas InepData]]></description><Point><coordinates>-55.2152548,-23.1138737,0</coordinates></Point></Placemark><Placemark><name>EMP INDIGENA MBO EROY GUARANI KAIOWA</name><description><![CDATA[Código INEP: 50015141<br>Município: Amambai<br>Fonte: INEP Censo Escolar 2025 + Catálogo de Escolas InepData]]></description><Point><coordinates>-55.2081509,-23.0621647,0</coordinates></Point></Placemark><Placemark><name>E M POLO JOAO RODRIGUES</name><description><![CDATA[Código INEP: 50015150<br>Município: Amambai<br>Fonte: INEP Censo Escolar 2025 + Catálogo de Escolas InepData]]></description><Point><coordinates>-55.1953806,-23.1521318,0</coordinates></Point></Placemark><Placemark><name>EE DR FERNANDO CORREA DA COSTA</name><description><![CDATA[Código INEP: 50015168<br>Município: Amambai<br>Fonte: INEP Censo Escolar 2025 + Catálogo de Escolas InepData]]></description><Point><coordinates>-55.23372442,-23.09519932,0</coordinates></Point></Placemark><Placemark><name>EE VESPASIANO MARTINS</name><description><![CDATA[Código INEP: 50015176<br>Município: Amambai<br>Fonte: INEP Censo Escolar 2025 + Catálogo de Escolas InepData]]></description><Point><coordinates>-55.22066,-23.11121,0</coordinates></Point></Placemark><Placemark><name>EM DR RACHID SALDANHA DERZI</name><description><![CDATA[Código INEP: 50015214<br>Município: Amambai<br>Fonte: INEP Censo Escolar 2025 + Catálogo de Escolas InepData]]></description><Point><coordinates>-55.2330347,-23.1038476,0</coordinates></Point></Placemark><Placemark><name>EM ANTONIO PINTO DA SILVA</name><description><![CDATA[Código INEP: 50015222<br>Município: Amambai<br>Fonte: INEP Censo Escolar 2025 + Catálogo de Escolas InepData]]></description><Point><coordinates>-55.2406178,-23.1002776,0</coordinates></Point></Placemark><Placemark><name>ESCOLA MUNICIPAL JULIO MANVAILER</name><description><![CDATA[Código INEP: 50015230<br>Município: Amambai<br>Fonte: INEP Censo Escolar 2025 + Catálogo de Escolas InepData]]></description><Point><coordinates>-55.21577754,-23.1215046,0</coordinates></Point></Placemark><Placemark><name>EE CEL FELIPE DE BRUM</name><description><![CDATA[Código INEP: 50015249<br>Município: Amambai<br>Fonte: INEP Censo Escolar 2025 + Catálogo de Escolas InepData]]></description><Point><coordinates>-55.23144167,-23.10721667,0</coordinates></Point></Placemark><Placemark><name>EE DOM AQUINO CORREA</name><description><![CDATA[Código INEP: 50015257<br>Município: Amambai<br>Fonte: INEP Censo Escolar 2025 + Catálogo de Escolas InepData]]></description><Point><coordinates>-55.22098,-23.10016,0</coordinates></Point></Placemark><Placemark><name>EM PROFª MARIA BATAGLIN MACHADO</name><description><![CDATA[Código INEP: 50025074<br>Município: Amambai<br>Fonte: INEP Censo Escolar 2025 + Catálogo de Escolas InepData]]></description><Point><coordinates>-55.2148053,-23.1087465,0</coordinates></Point></Placemark><Placemark><name>CEI - NOSSO LAR</name><description><![CDATA[Código INEP: 50027077<br>Município: Amambai<br>Fonte: INEP Censo Escolar 2025 + Catálogo de Escolas InepData]]></description><Point><coordinates>-55.2289324,-23.1120754,0</coordinates></Point></Placemark><Placemark><name>CEI - DEBORAH ALMEIDA BARROS QUINZANI</name><description><![CDATA[Código INEP: 50027085<br>Município: Amambai<br>Fonte: INEP Censo Escolar 2025 + Catálogo de Escolas InepData]]></description><Point><coordinates>-55.2126487,-23.1428146,0</coordinates></Point></Placemark><Placemark><name>EM FLAVIO AUGUSTO COELHO DERZI</name><description><![CDATA[Código INEP: 50028430<br>Município: Amambai<br>Fonte: INEP Censo Escolar 2025 + Catálogo de Escolas InepData]]></description><Point><coordinates>-55.213122,-23.1404907,0</coordinates></Point></Placemark><Placemark><name>EM POLO INDIGENA MBO ERENDA TUPA I NANDEVA</name><description><![CDATA[Código INEP: 50029010<br>Município: Amambai<br>Fonte: INEP Censo Escolar 2025 + Catálogo de Escolas InepData]]></description><Point><coordinates>-55.2051726,-23.1867296,0</coordinates></Point></Placemark><Placemark><name>ESCOLA MUNICIPAL MARLENE VILARINHO DE ALBUQUERQUE</name><description><![CDATA[Código INEP: 50029029<br>Município: Amambai<br>Fonte: INEP Censo Escolar 2025 + Catálogo de Escolas InepData]]></description><Point><coordinates>-55.2409826,-23.0919162,0</coordinates></Point></Placemark><Placemark><name>EM MITA RORY</name><description><![CDATA[Código INEP: 50029037<br>Município: Amambai<br>Fonte: INEP Censo Escolar 2025 + Catálogo de Escolas InepData]]></description><Point><coordinates>-55.2111789,-23.0647299,0</coordinates></Point></Placemark><Placemark><name>CEI - TERRA MATER</name><description><![CDATA[Código INEP: 50029835<br>Município: Amambai<br>Fonte: INEP Censo Escolar 2025 + Catálogo de Escolas InepData]]></description><Point><coordinates>-55.2261115,-23.0998642,0</coordinates></Point></Placemark><Placemark><name>ESCOLA MUNICIPAL AYRTON SENNA DA SILVA</name><description><![CDATA[Código INEP: 50029843<br>Município: Amambai<br>Fonte: INEP Censo Escolar 2025 + Catálogo de Escolas InepData]]></description><Point><coordinates>-55.2136639,-23.1188752,0</coordinates></Point></Placemark><Placemark><name>EE INDIGENA MBO EROY GUARANI KAIOWA</name><description><![CDATA[Código INEP: 50030370<br>Município: Amambai<br>Fonte: INEP Censo Escolar 2025 + Catálogo de Escolas InepData]]></description><Point><coordinates>-55.2080565,-23.0616944,0</coordinates></Point></Placemark><Placemark><name>ESCOLA INFANTIL TUPA SY</name><description><![CDATA[Código INEP: 50031171<br>Município: Amambai<br>Fonte: INEP Censo Escolar 2025 + Catálogo de Escolas InepData]]></description><Point><coordinates>-55.1863508,-23.0801484,0</coordinates></Point></Placemark><Placemark><name>ESCOLA MUNICIPAL POLO INDIGENA MBOERENDA YPYENDY</name><description><![CDATA[Código INEP: 50034103<br>Município: Amambai<br>Fonte: INEP Censo Escolar 2025 + Catálogo de Escolas InepData]]></description><Point><coordinates>-55.1720549,-23.0785467,0</coordinates></Point></Placemark><Placemark><name>CENTRO DE EDUCACAO INFANTIL OLINDA LEMES CAMILO</name><description><![CDATA[Código INEP: 50035053<br>Município: Amambai<br>Fonte: INEP Censo Escolar 2025 + Catálogo de Escolas InepData]]></description><Point><coordinates>-55.21284535,-23.11746199,0</coordinates></Point></Placemark><Placemark><name>ESCOLA HOLISTICA</name><description><![CDATA[Código INEP: 50035533<br>Município: Amambai<br>Fonte: INEP Censo Escolar 2025 + Catálogo de Escolas InepData]]></description><Point><coordinates>-55.22128752,-23.11400194,0</coordinates></Point></Placemark><Placemark><name>CELQ KIDS</name><description><![CDATA[Código INEP: 50035711<br>Município: Amambai<br>Fonte: INEP Censo Escolar 2025 + Catálogo de Escolas InepData]]></description><Point><coordinates>-55.23446667,-23.10106,0</coordinates></Point></Placemark><Placemark><name>CEI - RECANTO DO SABER</name><description><![CDATA[Código INEP: 50059807<br>Município: Amambai<br>Fonte: INEP Censo Escolar 2025 + Catálogo de Escolas InepData]]></description><Point><coordinates>-55.2412898,-23.0922068,0</coordinates></Point></Placemark><Placemark><name>CEI - PEQUENO APRENDIZ</name><description><![CDATA[Código INEP: 50066811<br>Município: Amambai<br>Fonte: INEP Censo Escolar 2025 + Catálogo de Escolas InepData]]></description><Point><coordinates>-55.2165064,-23.1253248,0</coordinates></Point></Placemark><Placemark><name>ESCOLA MUNICIPAL CIVICO-MILITAR TEODORO RONDON</name><description><![CDATA[Código INEP: 50001078<br>Município: Anastácio<br>Fonte: INEP Censo Escolar 2025 + Catálogo de Escolas InepData]]></description><Point><coordinates>-55.80602973,-20.48011779,0</coordinates></Point></Placemark><Placemark><name>EE CARLOS DRUMMOND DE ANDRADE</name><description><![CDATA[Código INEP: 50001086<br>Município: Anastácio<br>Fonte: INEP Censo Escolar 2025 + Catálogo de Escolas InepData]]></description><Point><coordinates>-55.8147581,-20.4816949,0</coordinates></Point></Placemark><Placemark><name>EE DEP CARLOS SOUZA MEDEIROS</name><description><![CDATA[Código INEP: 50001094<br>Município: Anastácio<br>Fonte: INEP Censo Escolar 2025 + Catálogo de Escolas InepData]]></description><Point><coordinates>-55.79952333,-20.49558,0</coordinates></Point></Placemark><Placemark><name>EE ROBERTO SCAFF</name><description><![CDATA[Código INEP: 50001108<br>Município: Anastácio<br>Fonte: INEP Censo Escolar 2025 + Catálogo de Escolas InepData]]></description><Point><coordinates>-55.8051086,-20.4880432,0</coordinates></Point></Placemark><Placemark><name>EE CIVICO MILITAR MARIA CORREA DIAS</name><description><![CDATA[Código INEP: 50001116<br>Município: Anastácio<br>Fonte: INEP Censo Escolar 2025 + Catálogo de Escolas InepData]]></description><Point><coordinates>-55.8028386,-20.4839824,0</coordinates></Point></Placemark><Placemark><name>EE ROMALINO ALVES DE ALBRES</name><description><![CDATA[Código INEP: 50001124<br>Município: Anastácio<br>Fonte: INEP Censo Escolar 2025 + Catálogo de Escolas InepData]]></description><Point><coordinates>-55.8106712,-20.4893458,0</coordinates></Point></Placemark><Placemark><name>EPM JARDIM INDEPENDENCIA</name><description><![CDATA[Código INEP: 50001159<br>Município: Anastácio<br>Fonte: INEP Censo Escolar 2025 + Catálogo de Escolas InepData]]></description><Point><coordinates>-55.80013176,-20.50390673,0</coordinates></Point></Placemark><Placemark><name>ESCOLA POLO MUNICIPAL RURAL MANOEL VALERIO DA SILVA</name><description><![CDATA[Código INEP: 50001175<br>Município: Anastácio<br>Fonte: INEP Censo Escolar 2025 + Catálogo de Escolas InepData]]></description><Point><coordinates>-55.7024406,-20.5617287,0</coordinates></Point></Placemark><Placemark><name>ESCOLA-POLO MUNICIPAL RURAL KM 21</name><description><![CDATA[Código INEP: 50001310<br>Município: Anastácio<br>Fonte: INEP Censo Escolar 2025 + Catálogo de Escolas InepData]]></description><Point><coordinates>-55.8975031,-20.6521775,0</coordinates></Point></Placemark><Placemark><name>ESCOLA- POLO MUNICIPAL RURAL NOVO PROGRESSO</name><description><![CDATA[Código INEP: 50001361<br>Município: Anastácio<br>Fonte: INEP Censo Escolar 2025 + Catálogo de Escolas InepData]]></description><Point><coordinates>-55.66547241,-20.82573511,0</coordinates></Point></Placemark><Placemark><name>ESCOLA -POLO MUNICIPAL RURAL SAO MANOEL</name><description><![CDATA[Código INEP: 50001469<br>Município: Anastácio<br>Fonte: INEP Censo Escolar 2025 + Catálogo de Escolas InepData]]></description><Point><coordinates>-55.6926733,-20.7089827,0</coordinates></Point></Placemark><Placemark><name>INSTITUTO EDUCACIONAL DE ANASTACIO</name><description><![CDATA[Código INEP: 50001515<br>Município: Anastácio<br>Fonte: INEP Censo Escolar 2025 + Catálogo de Escolas InepData]]></description><Point><coordinates>-55.810254,-20.4840143,0</coordinates></Point></Placemark><Placemark><name>ESCOLA MUNICIPAL ARACY MOREIRA DOS SANTOS</name><description><![CDATA[Código INEP: 50024060<br>Município: Anastácio<br>Fonte: INEP Censo Escolar 2025 + Catálogo de Escolas InepData]]></description><Point><coordinates>-55.8054683,-20.48120719,0</coordinates></Point></Placemark><Placemark><name>ESCOLA MUNICIPAL JOSEFA MARIA DA CONCEICAO - DONA ZEFA</name><description><![CDATA[Código INEP: 50024078<br>Município: Anastácio<br>Fonte: INEP Censo Escolar 2025 + Catálogo de Escolas InepData]]></description><Point><coordinates>-55.79477706,-20.49185483,0</coordinates></Point></Placemark><Placemark><name>ESCOLA MUNICIPAL IRMA DULCE</name><description><![CDATA[Código INEP: 50024086<br>Município: Anastácio<br>Fonte: INEP Censo Escolar 2025 + Catálogo de Escolas InepData]]></description><Point><coordinates>-55.81405263,-20.48925603,0</coordinates></Point></Placemark><Placemark><name>CENTRO DE EDUCACAO INFANTIL JARDIM INDEPENDENCIA</name><description><![CDATA[Código INEP: 50028316<br>Município: Anastácio<br>Fonte: INEP Censo Escolar 2025 + Catálogo de Escolas InepData]]></description><Point><coordinates>-55.7986643,-20.5032378,0</coordinates></Point></Placemark><Placemark><name>EE INDIGENA GUILHERMINA DA SILVA</name><description><![CDATA[Código INEP: 50029819<br>Município: Anastácio<br>Fonte: INEP Censo Escolar 2025 + Catálogo de Escolas InepData]]></description><Point><coordinates>-55.7981123,-20.490053,0</coordinates></Point></Placemark><Placemark><name>CENTRO DE EDUCACAO INFANTIL NIZETE FIGUEIREDO</name><description><![CDATA[Código INEP: 50033336<br>Município: Anastácio<br>Fonte: INEP Censo Escolar 2025 + Catálogo de Escolas InepData]]></description><Point><coordinates>-55.79410288,-20.50451012,0</coordinates></Point></Placemark><Placemark><name>EM- HONORIVALDO ALVES DE ALBRES</name><description><![CDATA[Código INEP: 50034278<br>Município: Anastácio<br>Fonte: INEP Censo Escolar 2025 + Catálogo de Escolas InepData]]></description><Point><coordinates>-55.7937043,-20.50399545,0</coordinates></Point></Placemark><Placemark><name>CENTRO DE EDUCACAO INFANTIL ANALIA ADOLPHO ALBRES</name><description><![CDATA[Código INEP: 50034618<br>Município: Anastácio<br>Fonte: INEP Censo Escolar 2025 + Catálogo de Escolas InepData]]></description><Point><coordinates>-55.80736695,-20.49059349,0</coordinates></Point></Placemark><Placemark><name>ESCOLA MUNICIPAL ALCEBIADES ALVES DE ALBRES</name><description><![CDATA[Código INEP: 50034693<br>Município: Anastácio<br>Fonte: INEP Censo Escolar 2025 + Catálogo de Escolas InepData]]></description><Point><coordinates>-55.81892467,-20.49854179,0</coordinates></Point></Placemark><Placemark><name>CAOECS- CENTRO DE APOIO E ORIENTACAO ESPECIALIZADO CAMINHOS DO SABER- APAE ANASTACIO</name><description><![CDATA[Código INEP: 50052802<br>Município: Anastácio<br>Fonte: INEP Censo Escolar 2025 + Catálogo de Escolas InepData]]></description><Point><coordinates>-55.8108957,-20.4744053,0</coordinates></Point></Placemark><Placemark><name>CEI PROFª EDNAI PAIM AGUILLERA</name><description><![CDATA[Código INEP: 50072951<br>Município: Anastácio<br>Fonte: INEP Censo Escolar 2025 + Catálogo de Escolas InepData]]></description><Point><coordinates>-55.81735693,-20.48164388,0</coordinates></Point></Placemark><Placemark><name>EE PROF EZEQUIEL BALBINO</name><description><![CDATA[Código INEP: 50012550<br>Município: Anaurilândia<br>Fonte: INEP Censo Escolar 2025 + Catálogo de Escolas InepData]]></description><Point><coordinates>-52.51221333,-22.01246667,0</coordinates></Point></Placemark><Placemark><name>EMR LUCIANO DA COSTA LIMA</name><description><![CDATA[Código INEP: 50012800<br>Município: Anaurilândia<br>Fonte: INEP Censo Escolar 2025 + Catálogo de Escolas InepData]]></description><Point><coordinates>-52.52776519,-22.00278877,0</coordinates></Point></Placemark><Placemark><name>EE MARIA JOSE</name><description><![CDATA[Código INEP: 50012975<br>Município: Anaurilândia<br>Fonte: INEP Censo Escolar 2025 + Catálogo de Escolas InepData]]></description><Point><coordinates>-52.7184217,-22.1816233,0</coordinates></Point></Placemark><Placemark><name>ESCOLA DE EDUC ESP CAMINHO DA ESPERANCA</name><description><![CDATA[Código INEP: 50024639<br>Município: Anaurilândia<br>Fonte: INEP Censo Escolar 2025 + Catálogo de Escolas InepData]]></description><Point><coordinates>-52.7161953,-22.1873016,0</coordinates></Point></Placemark><Placemark><name>ESCOLA MUNICIPAL DO ENSINO FUNDAMENTAL PROFESSOR PAULO NEY</name><description><![CDATA[Código INEP: 50026267<br>Município: Anaurilândia<br>Fonte: INEP Censo Escolar 2025 + Catálogo de Escolas InepData]]></description><Point><coordinates>-52.7146148,-22.1851712,0</coordinates></Point></Placemark><Placemark><name>EMEI RISQUE E RABISQUE-POLO</name><description><![CDATA[Código INEP: 50027000<br>Município: Anaurilândia<br>Fonte: INEP Censo Escolar 2025 + Catálogo de Escolas InepData]]></description><Point><coordinates>-52.718292,-22.1817055,0</coordinates></Point></Placemark><Placemark><name>CAEE - CAMINHO DA ESPERANCA</name><description><![CDATA[Código INEP: 50032380<br>Município: Anaurilândia<br>Fonte: INEP Censo Escolar 2025 + Catálogo de Escolas InepData]]></description><Point><coordinates>-52.7159934,-22.1874147,0</coordinates></Point></Placemark><Placemark><name>EE SEN FILINTO MULLER</name><description><![CDATA[Código INEP: 50019473<br>Município: Angélica<br>Fonte: INEP Censo Escolar 2025 + Catálogo de Escolas InepData]]></description><Point><coordinates>-53.7727437,-22.154041,0</coordinates></Point></Placemark><Placemark><name>EE DR JOSE MANOEL FONTANILLAS FRAGELLI</name><description><![CDATA[Código INEP: 50019503<br>Município: Angélica<br>Fonte: INEP Censo Escolar 2025 + Catálogo de Escolas InepData]]></description><Point><coordinates>-53.7719933,-22.1610945,0</coordinates></Point></Placemark><Placemark><name>EMEIEF NAPOLEAO BATISTA ALBUQUERQUE</name><description><![CDATA[Código INEP: 50019511<br>Município: Angélica<br>Fonte: INEP Censo Escolar 2025 + Catálogo de Escolas InepData]]></description><Point><coordinates>-53.7684186,-22.1550368,0</coordinates></Point></Placemark><Placemark><name>CEI - TEMPO FELIZ</name><description><![CDATA[Código INEP: 50029002<br>Município: Angélica<br>Fonte: INEP Censo Escolar 2025 + Catálogo de Escolas InepData]]></description><Point><coordinates>-53.7721463,-22.157813,0</coordinates></Point></Placemark><Placemark><name>EMEIEF MAURO FASCINCANI</name><description><![CDATA[Código INEP: 50033034<br>Município: Angélica<br>Fonte: INEP Censo Escolar 2025 + Catálogo de Escolas InepData]]></description><Point><coordinates>-53.78258487,-22.16079635,0</coordinates></Point></Placemark><Placemark><name>CENTRO DE EDUCACAO INFANTIL CANTINHO DO CEU</name><description><![CDATA[Código INEP: 50034332<br>Município: Angélica<br>Fonte: INEP Censo Escolar 2025 + Catálogo de Escolas InepData]]></description><Point><coordinates>-53.76831333,-22.15537333,0</coordinates></Point></Placemark><Placemark><name>EE LUIS VAZ DE CAMOES</name><description><![CDATA[Código INEP: 50019520<br>Município: Angélica<br>Fonte: INEP Censo Escolar 2025 + Catálogo de Escolas InepData]]></description><Point><coordinates>-54.0694086,-22.0535363,0</coordinates></Point></Placemark><Placemark><name>CENTRO DE EDUCACAO ESPECIAL VALQUIRIA ARRUDA DA SILVA</name><description><![CDATA[Código INEP: 50023993<br>Município: Angélica<br>Fonte: INEP Censo Escolar 2025 + Catálogo de Escolas InepData]]></description><Point><coordinates>-53.76276667,-22.15629167,0</coordinates></Point></Placemark><Placemark><name>CEI - NOVO TEMPO</name><description><![CDATA[Código INEP: 50028995<br>Município: Angélica<br>Fonte: INEP Censo Escolar 2025 + Catálogo de Escolas InepData]]></description><Point><coordinates>-54.0694002,-22.0522655,0</coordinates></Point></Placemark><Placemark><name>EE ARAL MOREIRA</name><description><![CDATA[Código INEP: 50015281<br>Município: Antônio João<br>Fonte: INEP Censo Escolar 2025 + Catálogo de Escolas InepData]]></description><Point><coordinates>-55.9459348,-22.1893093,0</coordinates></Point></Placemark><Placemark><name>ESCOLA ESTADUAL PANTALEAO COELHO XAVIER</name><description><![CDATA[Código INEP: 50015290<br>Município: Antônio João<br>Fonte: INEP Censo Escolar 2025 + Catálogo de Escolas InepData]]></description><Point><coordinates>-55.9516334,-22.1920983,0</coordinates></Point></Placemark><Placemark><name>ESCOLA MUNICIPAL MAIKA SANABRIA PINHEIRO</name><description><![CDATA[Código INEP: 50015311<br>Município: Antônio João<br>Fonte: INEP Censo Escolar 2025 + Catálogo de Escolas InepData]]></description><Point><coordinates>-55.9503776,-22.1848355,0</coordinates></Point></Placemark><Placemark><name>CENTRO DE EDUCACAO INFANTIL MUNDO ENCANTADO</name><description><![CDATA[Código INEP: 50026445<br>Município: Antônio João<br>Fonte: INEP Censo Escolar 2025 + Catálogo de Escolas InepData]]></description><Point><coordinates>-55.9427433,-22.1956546,0</coordinates></Point></Placemark><Placemark><name>CENTRO DE EDUCACAO INFANTIL DONA LILI</name><description><![CDATA[Código INEP: 50026453<br>Município: Antônio João<br>Fonte: INEP Censo Escolar 2025 + Catálogo de Escolas InepData]]></description><Point><coordinates>-55.9434042,-22.1957649,0</coordinates></Point></Placemark><Placemark><name>CENTRO DE EDUCACAO ESPECIAL SEMENTE DE LUZ - APAE</name><description><![CDATA[Código INEP: 50030914<br>Município: Antônio João<br>Fonte: INEP Censo Escolar 2025 + Catálogo de Escolas InepData]]></description><Point><coordinates>-55.9604319,-22.1910506,0</coordinates></Point></Placemark><Placemark><name>CENTRO DE EDUCACAO INFANTIL PROFESSORA LUCILA DE ALMEIDA</name><description><![CDATA[Código INEP: 50035401<br>Município: Antônio João<br>Fonte: INEP Censo Escolar 2025 + Catálogo de Escolas InepData]]></description><Point><coordinates>-55.9465809,-22.1886763,0</coordinates></Point></Placemark><Placemark><name>PROFESSORA DELACY APARECIDA LEITE</name><description><![CDATA[Código INEP: 50059831<br>Município: Antônio João<br>Fonte: INEP Censo Escolar 2025 + Catálogo de Escolas InepData]]></description><Point><coordinates>-55.9517977,-22.1840276,0</coordinates></Point></Placemark><Placemark><name>ESCOLA MUNICIPAL MBO EROY TUPA I ARANDU RENOI</name><description><![CDATA[Código INEP: 50024655<br>Município: Antônio João<br>Fonte: INEP Censo Escolar 2025 + Catálogo de Escolas InepData]]></description><Point><coordinates>-56.0398281,-22.2076156,0</coordinates></Point></Placemark><Placemark><name>CENTRO EDUC DE APARECIDA DO TABOADO - APAE</name><description><![CDATA[Código INEP: 50011006<br>Município: Aparecida do Taboado<br>Fonte: INEP Censo Escolar 2025 + Catálogo de Escolas InepData]]></description><Point><coordinates>-51.0960969,-20.07985838,0</coordinates></Point></Placemark><Placemark><name>CENTRO MUNICIPAL DE EDUCACAO INFANTIL - CMEI ADELICE BERNARDES DE MELO</name><description><![CDATA[Código INEP: 50011014<br>Município: Aparecida do Taboado<br>Fonte: INEP Censo Escolar 2025 + Catálogo de Escolas InepData]]></description><Point><coordinates>-51.1006225,-20.0759938,0</coordinates></Point></Placemark><Placemark><name>EE ERNESTO RODRIGUES</name><description><![CDATA[Código INEP: 50011022<br>Município: Aparecida do Taboado<br>Fonte: INEP Censo Escolar 2025 + Catálogo de Escolas InepData]]></description><Point><coordinates>-51.0999246,-20.082655,0</coordinates></Point></Placemark><Placemark><name>EE FREI VITAL DE GARIBALDI</name><description><![CDATA[Código INEP: 50011030<br>Município: Aparecida do Taboado<br>Fonte: INEP Censo Escolar 2025 + Catálogo de Escolas InepData]]></description><Point><coordinates>-51.10179727,-20.08236852,0</coordinates></Point></Placemark><Placemark><name>EE GEORGINA DE OLIVEIRA ROCHA</name><description><![CDATA[Código INEP: 50011049<br>Município: Aparecida do Taboado<br>Fonte: INEP Censo Escolar 2025 + Catálogo de Escolas InepData]]></description><Point><coordinates>-51.1047367,-20.0939209,0</coordinates></Point></Placemark><Placemark><name>CMEI ANA MARIA DO NASCIMENTO</name><description><![CDATA[Código INEP: 50011057<br>Município: Aparecida do Taboado<br>Fonte: INEP Censo Escolar 2025 + Catálogo de Escolas InepData]]></description><Point><coordinates>-51.09763,-20.08857667,0</coordinates></Point></Placemark><Placemark><name>EM CORONEL JOAO ALVES LARA</name><description><![CDATA[Código INEP: 50011081<br>Município: Aparecida do Taboado<br>Fonte: INEP Censo Escolar 2025 + Catálogo de Escolas InepData]]></description><Point><coordinates>-51.09543,-20.087243,0</coordinates></Point></Placemark><Placemark><name>ESCOLA MUNICIPAL JOAO LUIZ PEREIRA</name><description><![CDATA[Código INEP: 50011090<br>Município: Aparecida do Taboado<br>Fonte: INEP Censo Escolar 2025 + Catálogo de Escolas InepData]]></description><Point><coordinates>-51.11048126,-20.09635666,0</coordinates></Point></Placemark><Placemark><name>ESCOLA MUNICIPAL JOAO CHAMA</name><description><![CDATA[Código INEP: 50011120<br>Município: Aparecida do Taboado<br>Fonte: INEP Censo Escolar 2025 + Catálogo de Escolas InepData]]></description><Point><coordinates>-51.09356333,-20.07303667,0</coordinates></Point></Placemark><Placemark><name>CMEI SAO JERONIMO</name><description><![CDATA[Código INEP: 50011146<br>Município: Aparecida do Taboado<br>Fonte: INEP Censo Escolar 2025 + Catálogo de Escolas InepData]]></description><Point><coordinates>-51.10336592,-20.09982441,0</coordinates></Point></Placemark><Placemark><name>ESCOLA MUNICIPAL PROFESSOR JESUS JOSE DE SOUZA</name><description><![CDATA[Código INEP: 50026992<br>Município: Aparecida do Taboado<br>Fonte: INEP Censo Escolar 2025 + Catálogo de Escolas InepData]]></description><Point><coordinates>-51.0950953,-20.0939838,0</coordinates></Point></Placemark><Placemark><name>ESCOLA RECANTO</name><description><![CDATA[Código INEP: 50027689<br>Município: Aparecida do Taboado<br>Fonte: INEP Censo Escolar 2025 + Catálogo de Escolas InepData]]></description><Point><coordinates>-51.0935587,-20.087267,0</coordinates></Point></Placemark><Placemark><name>CMEI - PROFESSORA ROSALIA QUEIROZ DE OLIVEIRA</name><description><![CDATA[Código INEP: 50031678<br>Município: Aparecida do Taboado<br>Fonte: INEP Censo Escolar 2025 + Catálogo de Escolas InepData]]></description><Point><coordinates>-51.1007008,-20.0761621,0</coordinates></Point></Placemark><Placemark><name>CENTRO INTEGRADO SESI - SENAI APARECIDA DO TABOADO</name><description><![CDATA[Código INEP: 50032690<br>Município: Aparecida do Taboado<br>Fonte: INEP Censo Escolar 2025 + Catálogo de Escolas InepData]]></description><Point><coordinates>-51.11607724,-20.08685953,0</coordinates></Point></Placemark><Placemark><name>ESCOLA DO SESI APARECIDA DO TABOADO</name><description><![CDATA[Código INEP: 50032941<br>Município: Aparecida do Taboado<br>Fonte: INEP Censo Escolar 2025 + Catálogo de Escolas InepData]]></description><Point><coordinates>-51.11623726,-20.08716084,0</coordinates></Point></Placemark><Placemark><name>CENTRO MUNICIPAL DE ED INF ADALBERTON RODRIGUES DE ALMEIDA</name><description><![CDATA[Código INEP: 50034170<br>Município: Aparecida do Taboado<br>Fonte: INEP Censo Escolar 2025 + Catálogo de Escolas InepData]]></description><Point><coordinates>-51.1084012,-20.0915487,0</coordinates></Point></Placemark><Placemark><name>CENTRO DE ATENDIMENTO EDUCACIONAL ESPECIALIZADO DE APARECIDA DO TABOADO - MS</name><description><![CDATA[Código INEP: 50034588<br>Município: Aparecida do Taboado<br>Fonte: INEP Censo Escolar 2025 + Catálogo de Escolas InepData]]></description><Point><coordinates>-51.0961566,-20.07984523,0</coordinates></Point></Placemark><Placemark><name>ESCOLA ESPECIALIZADA MUNDO FELIZ</name><description><![CDATA[Código INEP: 50001566<br>Município: Aquidauana<br>Fonte: INEP Censo Escolar 2025 + Catálogo de Escolas InepData]]></description><Point><coordinates>-55.7746683,-20.4726706,0</coordinates></Point></Placemark><Placemark><name>ESCOLA MUNICIPAL CORONEL ANTONIO TRINDADE</name><description><![CDATA[Código INEP: 50001582<br>Município: Aquidauana<br>Fonte: INEP Censo Escolar 2025 + Catálogo de Escolas InepData]]></description><Point><coordinates>-55.79608999,-20.45854774,0</coordinates></Point></Placemark><Placemark><name>EE FELIPE ORRO</name><description><![CDATA[Código INEP: 50001590<br>Município: Aquidauana<br>Fonte: INEP Censo Escolar 2025 + Catálogo de Escolas InepData]]></description><Point><coordinates>-55.76601793,-20.46587965,0</coordinates></Point></Placemark><Placemark><name>EE CANDIDO MARIANO</name><description><![CDATA[Código INEP: 50001655<br>Município: Aquidauana<br>Fonte: INEP Censo Escolar 2025 + Catálogo de Escolas InepData]]></description><Point><coordinates>-55.7919806,-20.48066877,0</coordinates></Point></Placemark><Placemark><name>EE CEL JOSE ALVES RIBEIRO</name><description><![CDATA[Código INEP: 50001663<br>Município: Aquidauana<br>Fonte: INEP Censo Escolar 2025 + Catálogo de Escolas InepData]]></description><Point><coordinates>-55.7913944,-20.4716227,0</coordinates></Point></Placemark><Placemark><name>EE PROFª MARLY RUSSO RODRIGUES</name><description><![CDATA[Código INEP: 50001671<br>Município: Aquidauana<br>Fonte: INEP Censo Escolar 2025 + Catálogo de Escolas InepData]]></description><Point><coordinates>-55.7913707,-20.4523921,0</coordinates></Point></Placemark><Placemark><name>EE PROFª DORIS MENDES TRINDADE</name><description><![CDATA[Código INEP: 50001698<br>Município: Aquidauana<br>Fonte: INEP Censo Escolar 2025 + Catálogo de Escolas InepData]]></description><Point><coordinates>-55.7614294,-20.4634677,0</coordinates></Point></Placemark><Placemark><name>EM ERSO GOMES</name><description><![CDATA[Código INEP: 50001701<br>Município: Aquidauana<br>Fonte: INEP Censo Escolar 2025 + Catálogo de Escolas InepData]]></description><Point><coordinates>-55.7705178,-20.4693529,0</coordinates></Point></Placemark><Placemark><name>CENTRO DE EDUCACAO PROFISSIONAL DE AQUIDAUANA GERALDO AFONSO GARCIA FERREIRA</name><description><![CDATA[Código INEP: 50001752<br>Município: Aquidauana<br>Fonte: INEP Censo Escolar 2025 + Catálogo de Escolas InepData]]></description><Point><coordinates>-55.6713126,-20.4557483,0</coordinates></Point></Placemark><Placemark><name>EE PROF ANTONIO SALUSTIO AREIAS</name><description><![CDATA[Código INEP: 50001825<br>Município: Aquidauana<br>Fonte: INEP Censo Escolar 2025 + Catálogo de Escolas InepData]]></description><Point><coordinates>-55.78111667,-20.46815667,0</coordinates></Point></Placemark><Placemark><name>EM PROF LUIZ MONGELLI</name><description><![CDATA[Código INEP: 50001833<br>Município: Aquidauana<br>Fonte: INEP Censo Escolar 2025 + Catálogo de Escolas InepData]]></description><Point><coordinates>-55.75857269,-20.47388974,0</coordinates></Point></Placemark><Placemark><name>INSTITUTO EDUCACIONAL FALCAO</name><description><![CDATA[Código INEP: 50001850<br>Município: Aquidauana<br>Fonte: INEP Censo Escolar 2025 + Catálogo de Escolas InepData]]></description><Point><coordinates>-55.7908265,-20.4718819,0</coordinates></Point></Placemark><Placemark><name>EM INDIGENA POLO LUTUMA DIAS</name><description><![CDATA[Código INEP: 50001922<br>Município: Aquidauana<br>Fonte: INEP Censo Escolar 2025 + Catálogo de Escolas InepData]]></description><Point><coordinates>-55.68555432,-20.3252511,0</coordinates></Point></Placemark><Placemark><name>EE MAL DEODORO DA FONSECA</name><description><![CDATA[Código INEP: 50021990<br>Município: Aquidauana<br>Fonte: INEP Censo Escolar 2025 + Catálogo de Escolas InepData]]></description><Point><coordinates>-55.78386,-20.45925,0</coordinates></Point></Placemark><Placemark><name>CAIC ANTONIO PACE</name><description><![CDATA[Código INEP: 50024124<br>Município: Aquidauana<br>Fonte: INEP Censo Escolar 2025 + Catálogo de Escolas InepData]]></description><Point><coordinates>-55.769725,-20.4543933,0</coordinates></Point></Placemark><Placemark><name>ESCOLA MUNICIPAL POLO PANTANEIRA</name><description><![CDATA[Código INEP: 50026844<br>Município: Aquidauana<br>Fonte: INEP Censo Escolar 2025 + Catálogo de Escolas InepData]]></description><Point><coordinates>-55.6450805,-20.0675221,0</coordinates></Point></Placemark><Placemark><name>CMEI- ANDREA PACE DE OLIVEIRA</name><description><![CDATA[Código INEP: 50027654<br>Município: Aquidauana<br>Fonte: INEP Censo Escolar 2025 + Catálogo de Escolas InepData]]></description><Point><coordinates>-55.770275,-20.45456667,0</coordinates></Point></Placemark><Placemark><name>CMEI BEZERRA DE MENEZES</name><description><![CDATA[Código INEP: 50027719<br>Município: Aquidauana<br>Fonte: INEP Censo Escolar 2025 + Catálogo de Escolas InepData]]></description><Point><coordinates>-55.7873033,-20.47282918,0</coordinates></Point></Placemark><Placemark><name>CCE - CENTRO CRISTAO DE ENSINO EI EF</name><description><![CDATA[Código INEP: 50029762<br>Município: Aquidauana<br>Fonte: INEP Censo Escolar 2025 + Catálogo de Escolas InepData]]></description><Point><coordinates>-55.7925752,-20.4728558,0</coordinates></Point></Placemark><Placemark><name>EE INDIGENA DE EM PASCOAL LEITE DIAS</name><description><![CDATA[Código INEP: 50030396<br>Município: Aquidauana<br>Fonte: INEP Censo Escolar 2025 + Catálogo de Escolas InepData]]></description><Point><coordinates>-55.68773615,-20.32650793,0</coordinates></Point></Placemark><Placemark><name>CENTRO MUNICIPAL EM ALFABETIZACAO ROTARY CLUB</name><description><![CDATA[Código INEP: 50031066<br>Município: Aquidauana<br>Fonte: INEP Censo Escolar 2025 + Catálogo de Escolas InepData]]></description><Point><coordinates>-55.7845083,-20.4829768,0</coordinates></Point></Placemark><Placemark><name>CMEI MARISA NOGUEIRA ROSA SCAFF</name><description><![CDATA[Código INEP: 50031074<br>Município: Aquidauana<br>Fonte: INEP Censo Escolar 2025 + Catálogo de Escolas InepData]]></description><Point><coordinates>-55.75515668,-20.47184432,0</coordinates></Point></Placemark><Placemark><name>CMEI - DONA MAFALDA</name><description><![CDATA[Código INEP: 50031236<br>Município: Aquidauana<br>Fonte: INEP Censo Escolar 2025 + Catálogo de Escolas InepData]]></description><Point><coordinates>-55.7845733,-20.45878,0</coordinates></Point></Placemark><Placemark><name>CMEI - POLO VALDIR CATHCART FERREIRA</name><description><![CDATA[Código INEP: 50031252<br>Município: Aquidauana<br>Fonte: INEP Censo Escolar 2025 + Catálogo de Escolas InepData]]></description><Point><coordinates>-55.79609366,-20.45987656,0</coordinates></Point></Placemark><Placemark><name>CAEE - MARISA SCAFF</name><description><![CDATA[Código INEP: 50032321<br>Município: Aquidauana<br>Fonte: INEP Censo Escolar 2025 + Catálogo de Escolas InepData]]></description><Point><coordinates>-55.7744634,-20.4726681,0</coordinates></Point></Placemark><Placemark><name>CMEI PROF JOSE RODOLFO FALCAO</name><description><![CDATA[Código INEP: 50034014<br>Município: Aquidauana<br>Fonte: INEP Censo Escolar 2025 + Catálogo de Escolas InepData]]></description><Point><coordinates>-55.7931831,-20.4445481,0</coordinates></Point></Placemark><Placemark><name>CMEI - PROF ENIO DE CASTRO CABRAL</name><description><![CDATA[Código INEP: 50034340<br>Município: Aquidauana<br>Fonte: INEP Censo Escolar 2025 + Catálogo de Escolas InepData]]></description><Point><coordinates>-55.7627157,-20.4615581,0</coordinates></Point></Placemark><Placemark><name>CMEI - VEREADOR ADEMIR BRITES</name><description><![CDATA[Código INEP: 50034359<br>Município: Aquidauana<br>Fonte: INEP Censo Escolar 2025 + Catálogo de Escolas InepData]]></description><Point><coordinates>-55.76992,-20.46973,0</coordinates></Point></Placemark><Placemark><name>CMEI - DR ANTONIO DE ARRUDA SAMPAIO</name><description><![CDATA[Código INEP: 50034367<br>Município: Aquidauana<br>Fonte: INEP Censo Escolar 2025 + Catálogo de Escolas InepData]]></description><Point><coordinates>-55.76520433,-20.44971817,0</coordinates></Point></Placemark><Placemark><name>IFMS - CAMPUS AQUIDAUANA</name><description><![CDATA[Código INEP: 50082817<br>Município: Aquidauana<br>Fonte: INEP Censo Escolar 2025 + Catálogo de Escolas InepData]]></description><Point><coordinates>-55.7727562,-20.4813237,0</coordinates></Point></Placemark><Placemark><name>CMA - EMILIA ALVES NOGUEIRA</name><description><![CDATA[Código INEP: 50082922<br>Município: Aquidauana<br>Fonte: INEP Censo Escolar 2025 + Catálogo de Escolas InepData]]></description><Point><coordinates>-55.7913516,-20.4502932,0</coordinates></Point></Placemark><Placemark><name>EM FRANKLIN CASSIANO</name><description><![CDATA[Código INEP: 50002015<br>Município: Aquidauana<br>Fonte: INEP Censo Escolar 2025 + Catálogo de Escolas InepData]]></description><Point><coordinates>-55.63379935,-20.48326461,0</coordinates></Point></Placemark><Placemark><name>EM ADA MOREIRA BARROS</name><description><![CDATA[Código INEP: 50002023<br>Município: Aquidauana<br>Fonte: INEP Censo Escolar 2025 + Catálogo de Escolas InepData]]></description><Point><coordinates>-55.3922239,-20.1280461,0</coordinates></Point></Placemark><Placemark><name>EM ANTONIO SANTOS RIBEIRO</name><description><![CDATA[Código INEP: 50002031<br>Município: Aquidauana<br>Fonte: INEP Censo Escolar 2025 + Catálogo de Escolas InepData]]></description><Point><coordinates>-55.53592999,-20.4764898,0</coordinates></Point></Placemark><Placemark><name>ESCOLA EVANGELICA LOURENCO BUCKMAN</name><description><![CDATA[Código INEP: 50002040<br>Município: Aquidauana<br>Fonte: INEP Censo Escolar 2025 + Catálogo de Escolas InepData]]></description><Point><coordinates>-56.07505167,-20.290455,0</coordinates></Point></Placemark><Placemark><name>ESCOLA MUNICIPAL VISCONDE DE TAUNAY</name><description><![CDATA[Código INEP: 50002058<br>Município: Aquidauana<br>Fonte: INEP Censo Escolar 2025 + Catálogo de Escolas InepData]]></description><Point><coordinates>-56.0763106,-20.2898875,0</coordinates></Point></Placemark><Placemark><name>EM INDIGENA POLO GENERAL RONDON</name><description><![CDATA[Código INEP: 50002066<br>Município: Aquidauana<br>Fonte: INEP Censo Escolar 2025 + Catálogo de Escolas InepData]]></description><Point><coordinates>-56.0679347,-20.2539117,0</coordinates></Point></Placemark><Placemark><name>ESCOLA MUNICIPAL INDIGENA POLO FELICIANO PIO</name><description><![CDATA[Código INEP: 50002112<br>Município: Aquidauana<br>Fonte: INEP Censo Escolar 2025 + Catálogo de Escolas InepData]]></description><Point><coordinates>-56.04535452,-20.23034755,0</coordinates></Point></Placemark><Placemark><name>EMI POLO MARCOLINO LILI</name><description><![CDATA[Código INEP: 50022067<br>Município: Aquidauana<br>Fonte: INEP Censo Escolar 2025 + Catálogo de Escolas InepData]]></description><Point><coordinates>-56.075111,-20.26997144,0</coordinates></Point></Placemark><Placemark><name>EM INDIGENA FRANCISCO FARIAS</name><description><![CDATA[Código INEP: 50022075<br>Município: Aquidauana<br>Fonte: INEP Censo Escolar 2025 + Catálogo de Escolas InepData]]></description><Point><coordinates>-56.0486781,-20.2735377,0</coordinates></Point></Placemark><Placemark><name>EE INDIGENA DE EM PROF DOMINGOS VERISSIMO MARCOS - MIHIN</name><description><![CDATA[Código INEP: 50030400<br>Município: Aquidauana<br>Fonte: INEP Censo Escolar 2025 + Catálogo de Escolas InepData]]></description><Point><coordinates>-56.0672483,-20.2545765,0</coordinates></Point></Placemark><Placemark><name>EE INDIGENA DE EM PASTOR REGINALDO MIGUEL - HOYENO O</name><description><![CDATA[Código INEP: 50031112<br>Município: Aquidauana<br>Fonte: INEP Censo Escolar 2025 + Catálogo de Escolas InepData]]></description><Point><coordinates>-55.7692515,-20.4715863,0</coordinates></Point></Placemark><Placemark><name>EE DR FERNANDO CORREA DA COSTA</name><description><![CDATA[Código INEP: 50015354<br>Município: Aral Moreira<br>Fonte: INEP Censo Escolar 2025 + Catálogo de Escolas InepData]]></description><Point><coordinates>-55.62805,-22.9526049,0</coordinates></Point></Placemark><Placemark><name>EE EUFRAZIA FAGUNDES MARQUES</name><description><![CDATA[Código INEP: 50015362<br>Município: Aral Moreira<br>Fonte: INEP Censo Escolar 2025 + Catálogo de Escolas InepData]]></description><Point><coordinates>-55.5868783,-23.0229333,0</coordinates></Point></Placemark><Placemark><name>EE JOAO VITORINO MARQUES</name><description><![CDATA[Código INEP: 50015370<br>Município: Aral Moreira<br>Fonte: INEP Censo Escolar 2025 + Catálogo de Escolas InepData]]></description><Point><coordinates>-55.6287423,-22.9490935,0</coordinates></Point></Placemark><Placemark><name>ESCOLA MUNICIPAL JOAQUIM MOREIRA LOPES</name><description><![CDATA[Código INEP: 50015397<br>Município: Aral Moreira<br>Fonte: INEP Censo Escolar 2025 + Catálogo de Escolas InepData]]></description><Point><coordinates>-55.6271496,-22.9530044,0</coordinates></Point></Placemark><Placemark><name>ESCOLA MUNICIPAL VENITA RIBEIRO MARQUES</name><description><![CDATA[Código INEP: 50015400<br>Município: Aral Moreira<br>Fonte: INEP Censo Escolar 2025 + Catálogo de Escolas InepData]]></description><Point><coordinates>-55.4350397,-22.9352584,0</coordinates></Point></Placemark><Placemark><name>ESCOLA POLO MUNICIPAL ADROALDO DA CRUZ E SALA DE EXTENSAO MARIA DE LOURDES FRAGELLI</name><description><![CDATA[Código INEP: 50029770<br>Município: Aral Moreira<br>Fonte: INEP Censo Escolar 2025 + Catálogo de Escolas InepData]]></description><Point><coordinates>-55.613304,-22.7553181,0</coordinates></Point></Placemark><Placemark><name>ESCOLA POLO MUNICIPAL INDIGENA ARANDU RENDA GUARANI KAIOWA E SALA DE EXTENSAO CHE RU APYCA RENDY</name><description><![CDATA[Código INEP: 50029789<br>Município: Aral Moreira<br>Fonte: INEP Censo Escolar 2025 + Catálogo de Escolas InepData]]></description><Point><coordinates>-55.4910154,-23.0640795,0</coordinates></Point></Placemark><Placemark><name>ESCOLA MUNICIPAL MARIA DE LOURDES FRAGELLI</name><description><![CDATA[Código INEP: 50029797<br>Município: Aral Moreira<br>Fonte: INEP Censo Escolar 2025 + Catálogo de Escolas InepData]]></description><Point><coordinates>-55.4831145,-22.7430644,0</coordinates></Point></Placemark><Placemark><name>ESCOLA POLO MUNICIPAL GIL NORBERTO SANTA ROSA LOPES E SALA DE EXTENSAO VENITA RIBEIRO MARQUES</name><description><![CDATA[Código INEP: 50029800<br>Município: Aral Moreira<br>Fonte: INEP Censo Escolar 2025 + Catálogo de Escolas InepData]]></description><Point><coordinates>-55.5868028,-23.0246682,0</coordinates></Point></Placemark><Placemark><name>CENTRO DE EDUCACAO INFANTIL GERALDO ANTONIO LOPES</name><description><![CDATA[Código INEP: 50032062<br>Município: Aral Moreira<br>Fonte: INEP Censo Escolar 2025 + Catálogo de Escolas InepData]]></description><Point><coordinates>-55.6266539,-22.9538279,0</coordinates></Point></Placemark><Placemark><name>CENTRO DE ATENDIMENTO ESPECIAL LUZ E VIDA - APAE</name><description><![CDATA[Código INEP: 50082914<br>Município: Aral Moreira<br>Fonte: INEP Censo Escolar 2025 + Catálogo de Escolas InepData]]></description><Point><coordinates>-55.62824,-22.9552,0</coordinates></Point></Placemark><Placemark><name>EE ERNESTO SOLON BORGES</name><description><![CDATA[Código INEP: 50004700<br>Município: Bandeirantes<br>Fonte: INEP Censo Escolar 2025 + Catálogo de Escolas InepData]]></description><Point><coordinates>-54.36363924,-19.91997974,0</coordinates></Point></Placemark><Placemark><name>EE JOAO RIBEIRO GUIMARAES</name><description><![CDATA[Código INEP: 50004719<br>Município: Bandeirantes<br>Fonte: INEP Censo Escolar 2025 + Catálogo de Escolas InepData]]></description><Point><coordinates>-54.3572343,-19.9285457,0</coordinates></Point></Placemark><Placemark><name>ESCOLA MUNICIPAL PATOTINHA</name><description><![CDATA[Código INEP: 50004727<br>Município: Bandeirantes<br>Fonte: INEP Censo Escolar 2025 + Catálogo de Escolas InepData]]></description><Point><coordinates>-54.3634526,-19.9167085,0</coordinates></Point></Placemark><Placemark><name>ESCOLA MUNICIPAL LEONTINA LUCIANA DA SILVA</name><description><![CDATA[Código INEP: 50004743<br>Município: Bandeirantes<br>Fonte: INEP Censo Escolar 2025 + Catálogo de Escolas InepData]]></description><Point><coordinates>-54.3740347,-19.9169501,0</coordinates></Point></Placemark><Placemark><name>CEEB - CENTRO DE EDUCACAO ESPECIAL BANDEIRANTES HERICLEIA PEREIRA DE SOUZA</name><description><![CDATA[Código INEP: 50023730<br>Município: Bandeirantes<br>Fonte: INEP Censo Escolar 2025 + Catálogo de Escolas InepData]]></description><Point><coordinates>-54.3609585,-19.9266216,0</coordinates></Point></Placemark><Placemark><name>CENTRO MUNICIPAL DE EDUCACAO INFANTIL PROF RAILSON FERREIRA DOS SANTOS-POLO</name><description><![CDATA[Código INEP: 50059858<br>Município: Bandeirantes<br>Fonte: INEP Censo Escolar 2025 + Catálogo de Escolas InepData]]></description><Point><coordinates>-54.3646183,-19.9183804,0</coordinates></Point></Placemark><Placemark><name>ESCOLA MUNICIPAL JOSE BONIFACIO</name><description><![CDATA[Código INEP: 50005014<br>Município: Bandeirantes<br>Fonte: INEP Censo Escolar 2025 + Catálogo de Escolas InepData]]></description><Point><coordinates>-54.3539083,-19.6799834,0</coordinates></Point></Placemark><Placemark><name>CENTRO EDUCACIONAL JUVENTUDE DO AMANHA</name><description><![CDATA[Código INEP: 50013017<br>Município: Bataguassu<br>Fonte: INEP Censo Escolar 2025 + Catálogo de Escolas InepData]]></description><Point><coordinates>-52.4157011,-21.7161214,0</coordinates></Point></Placemark><Placemark><name>EE MANOEL DA COSTA LIMA</name><description><![CDATA[Código INEP: 50013025<br>Município: Bataguassu<br>Fonte: INEP Censo Escolar 2025 + Catálogo de Escolas InepData]]></description><Point><coordinates>-52.4246034,-21.7156255,0</coordinates></Point></Placemark><Placemark><name>EE PERI MARTINS</name><description><![CDATA[Código INEP: 50013033<br>Município: Bataguassu<br>Fonte: INEP Censo Escolar 2025 + Catálogo de Escolas InepData]]></description><Point><coordinates>-52.41660004,-21.71467087,0</coordinates></Point></Placemark><Placemark><name>EE PROF BRAZ SINIGAGLIA</name><description><![CDATA[Código INEP: 50013050<br>Município: Bataguassu<br>Fonte: INEP Censo Escolar 2025 + Catálogo de Escolas InepData]]></description><Point><coordinates>-52.4218867,-21.71786,0</coordinates></Point></Placemark><Placemark><name>ESCOLA MUNICIPAL MARECHAL RONDON POLO E EXTENSAO</name><description><![CDATA[Código INEP: 50013068<br>Município: Bataguassu<br>Fonte: INEP Censo Escolar 2025 + Catálogo de Escolas InepData]]></description><Point><coordinates>-52.4284744,-21.7156948,0</coordinates></Point></Placemark><Placemark><name>ESCOLA DE EDUCACAO ESPECIAL PROF JOSE DOMINGOS CHIONHA</name><description><![CDATA[Código INEP: 50021931<br>Município: Bataguassu<br>Fonte: INEP Censo Escolar 2025 + Catálogo de Escolas InepData]]></description><Point><coordinates>-52.4318978,-21.7156448,0</coordinates></Point></Placemark><Placemark><name>EE PROF LUIZ ALBERTO ABRAHAM</name><description><![CDATA[Código INEP: 50024019<br>Município: Bataguassu<br>Fonte: INEP Censo Escolar 2025 + Catálogo de Escolas InepData]]></description><Point><coordinates>-52.4201485,-21.7237324,0</coordinates></Point></Placemark><Placemark><name>CEI - CASA DA VOVO DIVA</name><description><![CDATA[Código INEP: 50025449<br>Município: Bataguassu<br>Fonte: INEP Censo Escolar 2025 + Catálogo de Escolas InepData]]></description><Point><coordinates>-52.421307,-21.7113234,0</coordinates></Point></Placemark><Placemark><name>ESCOLA MUNICIPAL - DO CAMPO PROF MARIA DA CONCEICAO</name><description><![CDATA[Código INEP: 50029983<br>Município: Bataguassu<br>Fonte: INEP Censo Escolar 2025 + Catálogo de Escolas InepData]]></description><Point><coordinates>-53.0471352,-21.7947133,0</coordinates></Point></Placemark><Placemark><name>CENTRO DE EDUCACAO INFANTIL PREFEITO ENIO MARTINS</name><description><![CDATA[Código INEP: 50031597<br>Município: Bataguassu<br>Fonte: INEP Censo Escolar 2025 + Catálogo de Escolas InepData]]></description><Point><coordinates>-52.4188171,-21.7240741,0</coordinates></Point></Placemark><Placemark><name>IIEB - INST IDEAL DE ENSINO DE BATAGUASSU</name><description><![CDATA[Código INEP: 50032038<br>Município: Bataguassu<br>Fonte: INEP Censo Escolar 2025 + Catálogo de Escolas InepData]]></description><Point><coordinates>-52.40825601,-21.71489635,0</coordinates></Point></Placemark><Placemark><name>CENTRO DE EDUCACAO INFANTIL VILMA MARTINS E SOUZA</name><description><![CDATA[Código INEP: 50035568<br>Município: Bataguassu<br>Fonte: INEP Censo Escolar 2025 + Catálogo de Escolas InepData]]></description><Point><coordinates>-52.43202477,-21.72074109,0</coordinates></Point></Placemark><Placemark><name>CEI - IRMA PURA PAGANI</name><description><![CDATA[Código INEP: 50056808<br>Município: Bataguassu<br>Fonte: INEP Censo Escolar 2025 + Catálogo de Escolas InepData]]></description><Point><coordinates>-52.4217711,-21.7142704,0</coordinates></Point></Placemark><Placemark><name>EE PROF LADISLAU DEAK FILHO</name><description><![CDATA[Código INEP: 50013149<br>Município: Bataguassu<br>Fonte: INEP Censo Escolar 2025 + Catálogo de Escolas InepData]]></description><Point><coordinates>-52.2581689,-21.7226779,0</coordinates></Point></Placemark><Placemark><name>ESCOLA MUNICIPAL PROFESSOR PEDRO DOMINGUES DE FIGUEIREDO</name><description><![CDATA[Código INEP: 50024876<br>Município: Bataguassu<br>Fonte: INEP Censo Escolar 2025 + Catálogo de Escolas InepData]]></description><Point><coordinates>-52.26083313,-21.72273444,0</coordinates></Point></Placemark><Placemark><name>CENTRO DE EDUCACAO INFANTIL PROFESSORA ANA MARIA BERRO</name><description><![CDATA[Código INEP: 50025503<br>Município: Bataguassu<br>Fonte: INEP Censo Escolar 2025 + Catálogo de Escolas InepData]]></description><Point><coordinates>-52.26085416,-21.7219135,0</coordinates></Point></Placemark><Placemark><name>EM BENEDITA FIGUEIRO DE OLIVEIRA</name><description><![CDATA[Código INEP: 50013165<br>Município: Batayporã<br>Fonte: INEP Censo Escolar 2025 + Catálogo de Escolas InepData]]></description><Point><coordinates>-53.27318582,-22.29445784,0</coordinates></Point></Placemark><Placemark><name>ESCOLA MUNICIPAL ANIZIO TEIXEIRA DA SILVA - POLO</name><description><![CDATA[Código INEP: 50013173<br>Município: Batayporã<br>Fonte: INEP Censo Escolar 2025 + Catálogo de Escolas InepData]]></description><Point><coordinates>-53.26248256,-22.29664309,0</coordinates></Point></Placemark><Placemark><name>EE BRAZ SINIGAGLIA</name><description><![CDATA[Código INEP: 50013181<br>Município: Batayporã<br>Fonte: INEP Censo Escolar 2025 + Catálogo de Escolas InepData]]></description><Point><coordinates>-53.2654324,-22.2992094,0</coordinates></Point></Placemark><Placemark><name>EE JAN ANTONIN BATA</name><description><![CDATA[Código INEP: 50013190<br>Município: Batayporã<br>Fonte: INEP Censo Escolar 2025 + Catálogo de Escolas InepData]]></description><Point><coordinates>-53.2712722,-22.299959,0</coordinates></Point></Placemark><Placemark><name>ESCOLA DE EDUCACAO ESPECIAL LUZ DO AMANHA</name><description><![CDATA[Código INEP: 50029720<br>Município: Batayporã<br>Fonte: INEP Censo Escolar 2025 + Catálogo de Escolas InepData]]></description><Point><coordinates>-53.272859,-22.2940665,0</coordinates></Point></Placemark><Placemark><name>ESCOLA MUNICIPAL SHIOZO TAKAHASHI</name><description><![CDATA[Código INEP: 50034995<br>Município: Batayporã<br>Fonte: INEP Censo Escolar 2025 + Catálogo de Escolas InepData]]></description><Point><coordinates>-53.25955051,-22.29432519,0</coordinates></Point></Placemark><Placemark><name>COLEGIO CEFRON</name><description><![CDATA[Código INEP: 50013831<br>Município: Bela Vista<br>Fonte: INEP Censo Escolar 2025 + Catálogo de Escolas InepData]]></description><Point><coordinates>-56.5353521,-22.1065395,0</coordinates></Point></Placemark><Placemark><name>EE CASTELO BRANCO</name><description><![CDATA[Código INEP: 50013890<br>Município: Bela Vista<br>Fonte: INEP Censo Escolar 2025 + Catálogo de Escolas InepData]]></description><Point><coordinates>-56.5327451,-22.1094184,0</coordinates></Point></Placemark><Placemark><name>EE DR JOAQUIM MURTINHO</name><description><![CDATA[Código INEP: 50013904<br>Município: Bela Vista<br>Fonte: INEP Censo Escolar 2025 + Catálogo de Escolas InepData]]></description><Point><coordinates>-56.53287,-22.1135333,0</coordinates></Point></Placemark><Placemark><name>EE ESTER SILVA</name><description><![CDATA[Código INEP: 50013912<br>Município: Bela Vista<br>Fonte: INEP Censo Escolar 2025 + Catálogo de Escolas InepData]]></description><Point><coordinates>-56.5299472,-22.1029332,0</coordinates></Point></Placemark><Placemark><name>EM JARBAS PASSARINHO</name><description><![CDATA[Código INEP: 50013955<br>Município: Bela Vista<br>Fonte: INEP Censo Escolar 2025 + Catálogo de Escolas InepData]]></description><Point><coordinates>-56.5444352,-22.1055731,0</coordinates></Point></Placemark><Placemark><name>EM NOSSA SENHORA DO PERPETUO SOCORRO</name><description><![CDATA[Código INEP: 50013963<br>Município: Bela Vista<br>Fonte: INEP Censo Escolar 2025 + Catálogo de Escolas InepData]]></description><Point><coordinates>-56.5268042,-22.110164,0</coordinates></Point></Placemark><Placemark><name>ESCOLA MUNICIPAL PREFEITO CLOVIS MARCELINO DE OLIVEIRA</name><description><![CDATA[Código INEP: 50013971<br>Município: Bela Vista<br>Fonte: INEP Censo Escolar 2025 + Catálogo de Escolas InepData]]></description><Point><coordinates>-56.5566494,-22.1225859,0</coordinates></Point></Placemark><Placemark><name>E M PROFESSORA CLOTILDE G DE CASTRO PINTO</name><description><![CDATA[Código INEP: 50013980<br>Município: Bela Vista<br>Fonte: INEP Censo Escolar 2025 + Catálogo de Escolas InepData]]></description><Point><coordinates>-56.5213582,-22.0969852,0</coordinates></Point></Placemark><Placemark><name>EM SONETE LEITE LINO</name><description><![CDATA[Código INEP: 50013998<br>Município: Bela Vista<br>Fonte: INEP Censo Escolar 2025 + Catálogo de Escolas InepData]]></description><Point><coordinates>-56.5328146,-22.1172356,0</coordinates></Point></Placemark><Placemark><name>EE PROFª VERA GUIMARAES LOUREIRO</name><description><![CDATA[Código INEP: 50014048<br>Município: Bela Vista<br>Fonte: INEP Censo Escolar 2025 + Catálogo de Escolas InepData]]></description><Point><coordinates>-56.5316261,-22.1005129,0</coordinates></Point></Placemark><Placemark><name>INSTITUTO DE EDUCACAO DE BELA VISTA</name><description><![CDATA[Código INEP: 50014056<br>Município: Bela Vista<br>Fonte: INEP Censo Escolar 2025 + Catálogo de Escolas InepData]]></description><Point><coordinates>-56.52088,-22.10696,0</coordinates></Point></Placemark><Placemark><name>ESCOLA MUNICIPAL PEDRO AJALA</name><description><![CDATA[Código INEP: 50014064<br>Município: Bela Vista<br>Fonte: INEP Censo Escolar 2025 + Catálogo de Escolas InepData]]></description><Point><coordinates>-56.5161483,-22.0763001,0</coordinates></Point></Placemark><Placemark><name>CENTRO DE EDUCACAO ESPECIAL RIO APA</name><description><![CDATA[Código INEP: 50021877<br>Município: Bela Vista<br>Fonte: INEP Censo Escolar 2025 + Catálogo de Escolas InepData]]></description><Point><coordinates>-56.5346787,-22.0987973,0</coordinates></Point></Placemark><Placemark><name>ESCOLA MUNICIPAL INDIGENA PIRACUA</name><description><![CDATA[Código INEP: 50024213<br>Município: Bela Vista<br>Fonte: INEP Censo Escolar 2025 + Catálogo de Escolas InepData]]></description><Point><coordinates>-56.07387,-22.01588,0</coordinates></Point></Placemark><Placemark><name>EM ENIR MONTEIRO NUNES RONDAO</name><description><![CDATA[Código INEP: 50025589<br>Município: Bela Vista<br>Fonte: INEP Censo Escolar 2025 + Catálogo de Escolas InepData]]></description><Point><coordinates>-56.6687235,-22.1321735,0</coordinates></Point></Placemark><Placemark><name>COLEGIO CEFRON</name><description><![CDATA[Código INEP: 50029525<br>Município: Bela Vista<br>Fonte: INEP Censo Escolar 2025 + Catálogo de Escolas InepData]]></description><Point><coordinates>-56.5352399,-22.106567,0</coordinates></Point></Placemark><Placemark><name>ESCOLA MUNICIPAL SANTA MARINA</name><description><![CDATA[Código INEP: 50030990<br>Município: Bela Vista<br>Fonte: INEP Censo Escolar 2025 + Catálogo de Escolas InepData]]></description><Point><coordinates>-56.5939319,-22.1126154,0</coordinates></Point></Placemark><Placemark><name>CEIM - ALEXANDRINA ARMOA ZACARIAS - DONA CHIRA</name><description><![CDATA[Código INEP: 50032135<br>Município: Bela Vista<br>Fonte: INEP Censo Escolar 2025 + Catálogo de Escolas InepData]]></description><Point><coordinates>-56.5293937,-22.113894,0</coordinates></Point></Placemark><Placemark><name>ESCOLA MUNICIPAL SAO GERALDO</name><description><![CDATA[Código INEP: 50033522<br>Município: Bela Vista<br>Fonte: INEP Censo Escolar 2025 + Catálogo de Escolas InepData]]></description><Point><coordinates>-56.5108952,-22.0865908,0</coordinates></Point></Placemark><Placemark><name>CEIM IRMA ANGELINA</name><description><![CDATA[Código INEP: 50033760<br>Município: Bela Vista<br>Fonte: INEP Censo Escolar 2025 + Catálogo de Escolas InepData]]></description><Point><coordinates>-56.5428226,-22.1071063,0</coordinates></Point></Placemark><Placemark><name>CEIM PREFEITO WALTER ESCOBAR NUNES</name><description><![CDATA[Código INEP: 50033778<br>Município: Bela Vista<br>Fonte: INEP Censo Escolar 2025 + Catálogo de Escolas InepData]]></description><Point><coordinates>-56.5135197,-22.0791171,0</coordinates></Point></Placemark><Placemark><name>CEIM DONA ZIFA</name><description><![CDATA[Código INEP: 50033786<br>Município: Bela Vista<br>Fonte: INEP Censo Escolar 2025 + Catálogo de Escolas InepData]]></description><Point><coordinates>-56.5551037,-22.1141462,0</coordinates></Point></Placemark><Placemark><name>CEIM PROFESSORA ZULMIRA OSSUNA</name><description><![CDATA[Código INEP: 50033794<br>Município: Bela Vista<br>Fonte: INEP Censo Escolar 2025 + Catálogo de Escolas InepData]]></description><Point><coordinates>-56.5305298,-22.1134389,0</coordinates></Point></Placemark><Placemark><name>CEIM CRIANCA FELIZ</name><description><![CDATA[Código INEP: 50033816<br>Município: Bela Vista<br>Fonte: INEP Censo Escolar 2025 + Catálogo de Escolas InepData]]></description><Point><coordinates>-56.5215564,-22.0978597,0</coordinates></Point></Placemark><Placemark><name>EM SAO CLEMENTE - POLO</name><description><![CDATA[Código INEP: 50014072<br>Município: Bela Vista<br>Fonte: INEP Censo Escolar 2025 + Catálogo de Escolas InepData]]></description><Point><coordinates>-56.5987178,-22.0899312,0</coordinates></Point></Placemark><Placemark><name>EE JOAQUIM MARIO BONFIM</name><description><![CDATA[Código INEP: 50014102<br>Município: Bodoquena<br>Fonte: INEP Censo Escolar 2025 + Catálogo de Escolas InepData]]></description><Point><coordinates>-56.67992014,-20.55191947,0</coordinates></Point></Placemark><Placemark><name>EE JOAO PEDRO PEDROSSIAN</name><description><![CDATA[Código INEP: 50014110<br>Município: Bodoquena<br>Fonte: INEP Censo Escolar 2025 + Catálogo de Escolas InepData]]></description><Point><coordinates>-56.67810612,-20.55110869,0</coordinates></Point></Placemark><Placemark><name>EM DR ARNALDO ESTEVAO DE FIGUEIREDO</name><description><![CDATA[Código INEP: 50014129<br>Município: Bodoquena<br>Fonte: INEP Censo Escolar 2025 + Catálogo de Escolas InepData]]></description><Point><coordinates>-56.6754806,-20.5494976,0</coordinates></Point></Placemark><Placemark><name>EM ATAIDE SAMPAIO</name><description><![CDATA[Código INEP: 50014137<br>Município: Bodoquena<br>Fonte: INEP Censo Escolar 2025 + Catálogo de Escolas InepData]]></description><Point><coordinates>-56.8426081,-20.38363537,0</coordinates></Point></Placemark><Placemark><name>CEI - MARIA MADALENA FARIAS PINA</name><description><![CDATA[Código INEP: 50026283<br>Município: Bodoquena<br>Fonte: INEP Censo Escolar 2025 + Catálogo de Escolas InepData]]></description><Point><coordinates>-56.671435,-20.5513456,0</coordinates></Point></Placemark><Placemark><name>EM JOAO BATISTA PACHECO</name><description><![CDATA[Código INEP: 50026879<br>Município: Bodoquena<br>Fonte: INEP Censo Escolar 2025 + Catálogo de Escolas InepData]]></description><Point><coordinates>-56.6726445,-20.5481316,0</coordinates></Point></Placemark><Placemark><name>CEI - BODOQUENA</name><description><![CDATA[Código INEP: 50027387<br>Município: Bodoquena<br>Fonte: INEP Censo Escolar 2025 + Catálogo de Escolas InepData]]></description><Point><coordinates>-56.6817567,-20.5510333,0</coordinates></Point></Placemark><Placemark><name>CENTRO DE ATENDIMENTO EDUCACIONAL ESPECIALIZADO DE BODOQUENA-CAEEB</name><description><![CDATA[Código INEP: 50033980<br>Município: Bodoquena<br>Fonte: INEP Censo Escolar 2025 + Catálogo de Escolas InepData]]></description><Point><coordinates>-56.6752292,-20.5538892,0</coordinates></Point></Placemark><Placemark><name>CENTRO DE EDUCACAO INFANTIL GILDETE AUSENI GOMES</name><description><![CDATA[Código INEP: 50034391<br>Município: Bodoquena<br>Fonte: INEP Censo Escolar 2025 + Catálogo de Escolas InepData]]></description><Point><coordinates>-56.67499552,-20.54948184,0</coordinates></Point></Placemark><Placemark><name>EM MAL RONDON</name><description><![CDATA[Código INEP: 50014170<br>Município: Bodoquena<br>Fonte: INEP Censo Escolar 2025 + Catálogo de Escolas InepData]]></description><Point><coordinates>-56.89994006,-20.53691955,0</coordinates></Point></Placemark><Placemark><name>EE LUIZ DA COSTA FALCAO</name><description><![CDATA[Código INEP: 50014196<br>Município: Bonito<br>Fonte: INEP Censo Escolar 2025 + Catálogo de Escolas InepData]]></description><Point><coordinates>-56.495846,-21.1234093,0</coordinates></Point></Placemark><Placemark><name>EM PROFª DURVALINA DORNELES TEIXEIRA</name><description><![CDATA[Código INEP: 50014218<br>Município: Bonito<br>Fonte: INEP Censo Escolar 2025 + Catálogo de Escolas InepData]]></description><Point><coordinates>-56.4827485,-21.1189744,0</coordinates></Point></Placemark><Placemark><name>EM JOAO ALVES DA NOBREGA</name><description><![CDATA[Código INEP: 50014226<br>Município: Bonito<br>Fonte: INEP Censo Escolar 2025 + Catálogo de Escolas InepData]]></description><Point><coordinates>-56.49253,-21.13619,0</coordinates></Point></Placemark><Placemark><name>ESCOLA MUNICIPAL JOAO ALVES DE ARRUDA</name><description><![CDATA[Código INEP: 50014234<br>Município: Bonito<br>Fonte: INEP Censo Escolar 2025 + Catálogo de Escolas InepData]]></description><Point><coordinates>-56.4766683,-21.132893,0</coordinates></Point></Placemark><Placemark><name>EM MANOEL INACIO DE FARIAS</name><description><![CDATA[Código INEP: 50014242<br>Município: Bonito<br>Fonte: INEP Censo Escolar 2025 + Catálogo de Escolas InepData]]></description><Point><coordinates>-56.5001581,-21.122789,0</coordinates></Point></Placemark><Placemark><name>ESCOLA MUNICIPAL VITALINA VARGAS MACHADO</name><description><![CDATA[Código INEP: 50014250<br>Município: Bonito<br>Fonte: INEP Censo Escolar 2025 + Catálogo de Escolas InepData]]></description><Point><coordinates>-56.5091282,-21.1164822,0</coordinates></Point></Placemark><Placemark><name>EMR OZORIO JACQUES</name><description><![CDATA[Código INEP: 50014269<br>Município: Bonito<br>Fonte: INEP Censo Escolar 2025 + Catálogo de Escolas InepData]]></description><Point><coordinates>-56.8593037,-20.9314033,0</coordinates></Point></Placemark><Placemark><name>EPEPG SAGRADA FAMILIA</name><description><![CDATA[Código INEP: 50014285<br>Município: Bonito<br>Fonte: INEP Censo Escolar 2025 + Catálogo de Escolas InepData]]></description><Point><coordinates>-56.48258224,-21.12938322,0</coordinates></Point></Placemark><Placemark><name>ESC ESP CAMINHO DA ESPERANCA - PESTALOZZI</name><description><![CDATA[Código INEP: 50014340<br>Município: Bonito<br>Fonte: INEP Censo Escolar 2025 + Catálogo de Escolas InepData]]></description><Point><coordinates>-56.4760094,-21.1320211,0</coordinates></Point></Placemark><Placemark><name>ESCOLA MUNICIPAL PROFESSORA IZAURA PINTO GUIMARAES</name><description><![CDATA[Código INEP: 50027018<br>Município: Bonito<br>Fonte: INEP Censo Escolar 2025 + Catálogo de Escolas InepData]]></description><Point><coordinates>-56.4778822,-21.1136567,0</coordinates></Point></Placemark><Placemark><name>CEI - LAURA VICUNA</name><description><![CDATA[Código INEP: 50027557<br>Município: Bonito<br>Fonte: INEP Censo Escolar 2025 + Catálogo de Escolas InepData]]></description><Point><coordinates>-56.5004058,-21.1224385,0</coordinates></Point></Placemark><Placemark><name>CEI - VERA LUCIA GHIZZI FIGUEIREDO</name><description><![CDATA[Código INEP: 50027565<br>Município: Bonito<br>Fonte: INEP Censo Escolar 2025 + Catálogo de Escolas InepData]]></description><Point><coordinates>-56.4922384,-21.1347005,0</coordinates></Point></Placemark><Placemark><name>CEI - HERMINIA TEIXEIRA SIQUEIRA</name><description><![CDATA[Código INEP: 50028103<br>Município: Bonito<br>Fonte: INEP Censo Escolar 2025 + Catálogo de Escolas InepData]]></description><Point><coordinates>-56.4806152,-21.1140139,0</coordinates></Point></Placemark><Placemark><name>COLEGIO HONORATO JACQUES</name><description><![CDATA[Código INEP: 50028839<br>Município: Bonito<br>Fonte: INEP Censo Escolar 2025 + Catálogo de Escolas InepData]]></description><Point><coordinates>-56.4800758,-21.13196115,0</coordinates></Point></Placemark><Placemark><name>RENOVO INSTITUTO EDUCACIONAL</name><description><![CDATA[Código INEP: 50030302<br>Município: Bonito<br>Fonte: INEP Censo Escolar 2025 + Catálogo de Escolas InepData]]></description><Point><coordinates>-56.48795,-21.13435,0</coordinates></Point></Placemark><Placemark><name>CENTRO DE ATENDIMENTO EDUCACIONAL ESPECIALIZADO TECENDO SONHOS</name><description><![CDATA[Código INEP: 50033093<br>Município: Bonito<br>Fonte: INEP Censo Escolar 2025 + Catálogo de Escolas InepData]]></description><Point><coordinates>-56.47738,-21.13079,0</coordinates></Point></Placemark><Placemark><name>ESCOLA INFANTIL NOVA GERACAO</name><description><![CDATA[Código INEP: 50034294<br>Município: Bonito<br>Fonte: INEP Censo Escolar 2025 + Catálogo de Escolas InepData]]></description><Point><coordinates>-56.48893,-21.12386,0</coordinates></Point></Placemark><Placemark><name>CEI - IZALTINA VIEIRA COELHO</name><description><![CDATA[Código INEP: 50035606<br>Município: Bonito<br>Fonte: INEP Censo Escolar 2025 + Catálogo de Escolas InepData]]></description><Point><coordinates>-56.5023153,-21.1189503,0</coordinates></Point></Placemark><Placemark><name>EE BONIFACIO CAMARGO GOMES</name><description><![CDATA[Código INEP: 50014200<br>Município: Bonito<br>Fonte: INEP Censo Escolar 2025 + Catálogo de Escolas InepData]]></description><Point><coordinates>-56.4849543,-21.1248665,0</coordinates></Point></Placemark><Placemark><name>ESCOLA MUNICIPAL RURAL PROFESSOR FRANCISCO ANISIO CORREA FERREIRA</name><description><![CDATA[Código INEP: 50027573<br>Município: Bonito<br>Fonte: INEP Censo Escolar 2025 + Catálogo de Escolas InepData]]></description><Point><coordinates>-56.094743,-20.7623219,0</coordinates></Point></Placemark><Placemark><name>EE ADILSON ALVES DA SILVA</name><description><![CDATA[Código INEP: 50011847<br>Município: Brasilândia<br>Fonte: INEP Censo Escolar 2025 + Catálogo de Escolas InepData]]></description><Point><coordinates>-52.0347251,-21.2571272,0</coordinates></Point></Placemark><Placemark><name>ESCOLA MUNICIPAL ARTHUR HOFFIG</name><description><![CDATA[Código INEP: 50011863<br>Município: Brasilândia<br>Fonte: INEP Censo Escolar 2025 + Catálogo de Escolas InepData]]></description><Point><coordinates>-52.02932056,-21.245647,0</coordinates></Point></Placemark><Placemark><name>ESCOLA MUNICIPAL PAULO SIMOES BRAGA</name><description><![CDATA[Código INEP: 50011871<br>Município: Brasilândia<br>Fonte: INEP Censo Escolar 2025 + Catálogo de Escolas InepData]]></description><Point><coordinates>-52.0479241,-21.2650187,0</coordinates></Point></Placemark><Placemark><name>ESCOLA MUNICIPAL ANTONIO HENRIQUE FILHO</name><description><![CDATA[Código INEP: 50011880<br>Município: Brasilândia<br>Fonte: INEP Censo Escolar 2025 + Catálogo de Escolas InepData]]></description><Point><coordinates>-52.0318487,-21.2522105,0</coordinates></Point></Placemark><Placemark><name>ESCOLA MUNICIPAL OFAIE INIECHEKI</name><description><![CDATA[Código INEP: 50021850<br>Município: Brasilândia<br>Fonte: INEP Censo Escolar 2025 + Catálogo de Escolas InepData]]></description><Point><coordinates>-52.132832,-21.2485331,0</coordinates></Point></Placemark><Placemark><name>ASSOC DE PAIS E AMIGOS DOS EXCEPCIONAIS FLORECER</name><description><![CDATA[Código INEP: 50025031<br>Município: Brasilândia<br>Fonte: INEP Censo Escolar 2025 + Catálogo de Escolas InepData]]></description><Point><coordinates>-52.03579909,-21.25308699,0</coordinates></Point></Placemark><Placemark><name>CENTRO EDUCACIONAL INFANTIL PROFESSORA CARMELITA BARBOSA CAITANO</name><description><![CDATA[Código INEP: 50028901<br>Município: Brasilândia<br>Fonte: INEP Censo Escolar 2025 + Catálogo de Escolas InepData]]></description><Point><coordinates>-52.0311967,-21.2527267,0</coordinates></Point></Placemark><Placemark><name>CENTRO EDUCACIONAL INFANTIL GISELY RIBEIRO HIPPLER</name><description><![CDATA[Código INEP: 50032186<br>Município: Brasilândia<br>Fonte: INEP Censo Escolar 2025 + Catálogo de Escolas InepData]]></description><Point><coordinates>-52.0291701,-21.2549453,0</coordinates></Point></Placemark><Placemark><name>CENTRO EDUCACIONAL INFANTIL PROFESSOR HENRIQUE MENDONCA QUINTINO</name><description><![CDATA[Código INEP: 50060848<br>Município: Brasilândia<br>Fonte: INEP Censo Escolar 2025 + Catálogo de Escolas InepData]]></description><Point><coordinates>-52.0430158,-21.2600574,0</coordinates></Point></Placemark><Placemark><name>ESCOLA MUNICIPAL ASSENTAMENTO MUTUM</name><description><![CDATA[Código INEP: 50072820<br>Município: Brasilândia<br>Fonte: INEP Censo Escolar 2025 + Catálogo de Escolas InepData]]></description><Point><coordinates>-53.0471851,-20.7086134,0</coordinates></Point></Placemark><Placemark><name>ESCOLA MUNICIPAL RAIMUNDO PEDRO DE SOUZA</name><description><![CDATA[Código INEP: 50072838<br>Município: Brasilândia<br>Fonte: INEP Censo Escolar 2025 + Catálogo de Escolas InepData]]></description><Point><coordinates>-52.6109885,-20.8096815,0</coordinates></Point></Placemark><Placemark><name>EE DEBRASA</name><description><![CDATA[Código INEP: 50011910<br>Município: Brasilândia<br>Fonte: INEP Censo Escolar 2025 + Catálogo de Escolas InepData]]></description><Point><coordinates>-52.327257,-21.4662515,0</coordinates></Point></Placemark><Placemark><name>CENTRO EDUCACIONAL INFANTIL RAIO DE LUZ</name><description><![CDATA[Código INEP: 50027476<br>Município: Brasilândia<br>Fonte: INEP Censo Escolar 2025 + Catálogo de Escolas InepData]]></description><Point><coordinates>-52.32569513,-21.46743086,0</coordinates></Point></Placemark><Placemark><name>CMEI PROFESSOR JULIO USHIGIMA - POLO</name><description><![CDATA[Código INEP: 50015427<br>Município: Caarapó<br>Fonte: INEP Censo Escolar 2025 + Catálogo de Escolas InepData]]></description><Point><coordinates>-54.8330756,-22.6222424,0</coordinates></Point></Placemark><Placemark><name>EM CANDIDO LEMES DOS SANTOS</name><description><![CDATA[Código INEP: 50015435<br>Município: Caarapó<br>Fonte: INEP Censo Escolar 2025 + Catálogo de Escolas InepData]]></description><Point><coordinates>-54.8149098,-22.6299852,0</coordinates></Point></Placemark><Placemark><name>EM RUI BARBOSA</name><description><![CDATA[Código INEP: 50015443<br>Município: Caarapó<br>Fonte: INEP Censo Escolar 2025 + Catálogo de Escolas InepData]]></description><Point><coordinates>-54.8378956,-22.6269535,0</coordinates></Point></Placemark><Placemark><name>EE TEN AVIADOR ANTONIO JOAO</name><description><![CDATA[Código INEP: 50015451<br>Município: Caarapó<br>Fonte: INEP Censo Escolar 2025 + Catálogo de Escolas InepData]]></description><Point><coordinates>-54.8204534,-22.6375624,0</coordinates></Point></Placemark><Placemark><name>EE PROFª CLEUZA APARECIDA VARGAS GALHARDO</name><description><![CDATA[Código INEP: 50015460<br>Município: Caarapó<br>Fonte: INEP Censo Escolar 2025 + Catálogo de Escolas InepData]]></description><Point><coordinates>-54.8313195,-22.6389294,0</coordinates></Point></Placemark><Placemark><name>EE PROF JOAQUIM ALFREDO SOARES VIANNA</name><description><![CDATA[Código INEP: 50015478<br>Município: Caarapó<br>Fonte: INEP Censo Escolar 2025 + Catálogo de Escolas InepData]]></description><Point><coordinates>-54.8299076,-22.6316531,0</coordinates></Point></Placemark><Placemark><name>EE ARCENIO ROJAS</name><description><![CDATA[Código INEP: 50015486<br>Município: Caarapó<br>Fonte: INEP Censo Escolar 2025 + Catálogo de Escolas InepData]]></description><Point><coordinates>-54.8315343,-22.6254212,0</coordinates></Point></Placemark><Placemark><name>CMEI DONA CHINA</name><description><![CDATA[Código INEP: 50015540<br>Município: Caarapó<br>Fonte: INEP Censo Escolar 2025 + Catálogo de Escolas InepData]]></description><Point><coordinates>-54.8167351,-22.6398066,0</coordinates></Point></Placemark><Placemark><name>CMEI PROFESSOR ARMANDO CAMPOS BELO</name><description><![CDATA[Código INEP: 50015559<br>Município: Caarapó<br>Fonte: INEP Censo Escolar 2025 + Catálogo de Escolas InepData]]></description><Point><coordinates>-54.82410154,-22.63307822,0</coordinates></Point></Placemark><Placemark><name>ESCOLA DE EDUCACAO ESPECIAL JULIO CESAR NOBRE</name><description><![CDATA[Código INEP: 50021974<br>Município: Caarapó<br>Fonte: INEP Censo Escolar 2025 + Catálogo de Escolas InepData]]></description><Point><coordinates>-54.82011363,-22.63035396,0</coordinates></Point></Placemark><Placemark><name>EM PROFESSOR MOACIR FRANCO DE CARVALHO</name><description><![CDATA[Código INEP: 50023721<br>Município: Caarapó<br>Fonte: INEP Censo Escolar 2025 + Catálogo de Escolas InepData]]></description><Point><coordinates>-54.8320441,-22.6181384,0</coordinates></Point></Placemark><Placemark><name>ESCOLA SAO VICENTE</name><description><![CDATA[Código INEP: 50023985<br>Município: Caarapó<br>Fonte: INEP Censo Escolar 2025 + Catálogo de Escolas InepData]]></description><Point><coordinates>-54.8304972,-22.6384258,0</coordinates></Point></Placemark><Placemark><name>CMEI ARISTIDES MACIEL DA SILVA</name><description><![CDATA[Código INEP: 50024914<br>Município: Caarapó<br>Fonte: INEP Censo Escolar 2025 + Catálogo de Escolas InepData]]></description><Point><coordinates>-54.8278737,-22.6312852,0</coordinates></Point></Placemark><Placemark><name>EM INDIGENA NANDEJARA - POLO</name><description><![CDATA[Código INEP: 50028375<br>Município: Caarapó<br>Fonte: INEP Censo Escolar 2025 + Catálogo de Escolas InepData]]></description><Point><coordinates>-54.9682808,-22.5903041,0</coordinates></Point></Placemark><Placemark><name>EE INDIGENA DE EM YVY POTY</name><description><![CDATA[Código INEP: 50030884<br>Município: Caarapó<br>Fonte: INEP Censo Escolar 2025 + Catálogo de Escolas InepData]]></description><Point><coordinates>-54.9689062,-22.5896286,0</coordinates></Point></Placemark><Placemark><name>CMEI FREI MATEUS</name><description><![CDATA[Código INEP: 50031384<br>Município: Caarapó<br>Fonte: INEP Censo Escolar 2025 + Catálogo de Escolas InepData]]></description><Point><coordinates>-54.83598,-22.63075,0</coordinates></Point></Placemark><Placemark><name>CMEI PROFESSORA ROSELI ALVES DE BRITO</name><description><![CDATA[Código INEP: 50032070<br>Município: Caarapó<br>Fonte: INEP Censo Escolar 2025 + Catálogo de Escolas InepData]]></description><Point><coordinates>-54.8302367,-22.6321643,0</coordinates></Point></Placemark><Placemark><name>CENTRO EDUCACIONAL A CORUJINHA</name><description><![CDATA[Código INEP: 50033077<br>Município: Caarapó<br>Fonte: INEP Censo Escolar 2025 + Catálogo de Escolas InepData]]></description><Point><coordinates>-54.8308548,-22.641046,0</coordinates></Point></Placemark><Placemark><name>CMEI ENEIDA CLARO ALVARES</name><description><![CDATA[Código INEP: 50035584<br>Município: Caarapó<br>Fonte: INEP Censo Escolar 2025 + Catálogo de Escolas InepData]]></description><Point><coordinates>-54.83819808,-22.62483734,0</coordinates></Point></Placemark><Placemark><name>COLEGIO INSPIRE SABER</name><description><![CDATA[Código INEP: 50035614<br>Município: Caarapó<br>Fonte: INEP Censo Escolar 2025 + Catálogo de Escolas InepData]]></description><Point><coordinates>-54.82369698,-22.63367511,0</coordinates></Point></Placemark><Placemark><name>EE PADRE JOSE DE ANCHIETA</name><description><![CDATA[Código INEP: 50015567<br>Município: Caarapó<br>Fonte: INEP Censo Escolar 2025 + Catálogo de Escolas InepData]]></description><Point><coordinates>-54.7555483,-22.5001938,0</coordinates></Point></Placemark><Placemark><name>EE FREI JOAO DAMASCENO</name><description><![CDATA[Código INEP: 50015583<br>Município: Caarapó<br>Fonte: INEP Censo Escolar 2025 + Catálogo de Escolas InepData]]></description><Point><coordinates>-54.8652323,-22.4984057,0</coordinates></Point></Placemark><Placemark><name>CMEI RITA TEREZA DE ARAUJO SILVA - POLO</name><description><![CDATA[Código INEP: 50028367<br>Município: Caarapó<br>Fonte: INEP Censo Escolar 2025 + Catálogo de Escolas InepData]]></description><Point><coordinates>-54.8669033,-22.4982828,0</coordinates></Point></Placemark><Placemark><name>CENTRO DE EDUCACAO ESPECIAL DE CAMAPUA - MS</name><description><![CDATA[Código INEP: 50003070<br>Município: Camapuã<br>Fonte: INEP Censo Escolar 2025 + Catálogo de Escolas InepData]]></description><Point><coordinates>-54.0375464,-19.5303786,0</coordinates></Point></Placemark><Placemark><name>EE ABADIA FAUSTINO INACIO</name><description><![CDATA[Código INEP: 50003089<br>Município: Camapuã<br>Fonte: INEP Censo Escolar 2025 + Catálogo de Escolas InepData]]></description><Point><coordinates>-54.0421822,-19.5421767,0</coordinates></Point></Placemark><Placemark><name>EE CAMILO BONFIM</name><description><![CDATA[Código INEP: 50003097<br>Município: Camapuã<br>Fonte: INEP Censo Escolar 2025 + Catálogo de Escolas InepData]]></description><Point><coordinates>-54.0439294,-19.5382663,0</coordinates></Point></Placemark><Placemark><name>EE MIGUEL SUTIL</name><description><![CDATA[Código INEP: 50003100<br>Município: Camapuã<br>Fonte: INEP Censo Escolar 2025 + Catálogo de Escolas InepData]]></description><Point><coordinates>-54.04522494,-19.53098959,0</coordinates></Point></Placemark><Placemark><name>ESCOLA MUNICIPAL CLAUDIO JOSE DE LIMA</name><description><![CDATA[Código INEP: 50003119<br>Município: Camapuã<br>Fonte: INEP Censo Escolar 2025 + Catálogo de Escolas InepData]]></description><Point><coordinates>-54.0404987,-19.5291391,0</coordinates></Point></Placemark><Placemark><name>ESCOLA MUNICIPAL LUCAS ALVES DO VALLE - POLO</name><description><![CDATA[Código INEP: 50003127<br>Município: Camapuã<br>Fonte: INEP Censo Escolar 2025 + Catálogo de Escolas InepData]]></description><Point><coordinates>-54.0399054,-19.5568374,0</coordinates></Point></Placemark><Placemark><name>ESCOLA MUNICIPAL DR SUDALYDIO RODRIGUES MACHADO</name><description><![CDATA[Código INEP: 50003208<br>Município: Camapuã<br>Fonte: INEP Censo Escolar 2025 + Catálogo de Escolas InepData]]></description><Point><coordinates>-54.0432903,-19.5183656,0</coordinates></Point></Placemark><Placemark><name>ESCOLA MUNICIPAL ERNESTO SOLON BORGES</name><description><![CDATA[Código INEP: 50003232<br>Município: Camapuã<br>Fonte: INEP Censo Escolar 2025 + Catálogo de Escolas InepData]]></description><Point><coordinates>-54.0373868,-19.5367166,0</coordinates></Point></Placemark><Placemark><name>ESCOLA MUNICIPAL EURICO GASPAR DUTRA</name><description><![CDATA[Código INEP: 50003240<br>Município: Camapuã<br>Fonte: INEP Censo Escolar 2025 + Catálogo de Escolas InepData]]></description><Point><coordinates>-54.0361477,-19.5897978,0</coordinates></Point></Placemark><Placemark><name>COLEGIO MONTEIRO LOBATO</name><description><![CDATA[Código INEP: 50003399<br>Município: Camapuã<br>Fonte: INEP Censo Escolar 2025 + Catálogo de Escolas InepData]]></description><Point><coordinates>-54.0424876,-19.531299,0</coordinates></Point></Placemark><Placemark><name>CRECHE MENINO JESUS - ASSOCIACAO DE AMPARO AS CRIANCAS DE CAMAPUA</name><description><![CDATA[Código INEP: 50024388<br>Município: Camapuã<br>Fonte: INEP Censo Escolar 2025 + Catálogo de Escolas InepData]]></description><Point><coordinates>-54.0394099,-19.5325609,0</coordinates></Point></Placemark><Placemark><name>CENTRO DE EDUCACAO INFANTIL MARIA RUFINA DE JESUS MADRUGA</name><description><![CDATA[Código INEP: 50027522<br>Município: Camapuã<br>Fonte: INEP Censo Escolar 2025 + Catálogo de Escolas InepData]]></description><Point><coordinates>-54.0383136,-19.5892911,0</coordinates></Point></Placemark><Placemark><name>CENTRO DE EDUCACAO INFANTIL PROFESSORA IRAIDES GONCALVES DE MEDEIROS TECA</name><description><![CDATA[Código INEP: 50031708<br>Município: Camapuã<br>Fonte: INEP Censo Escolar 2025 + Catálogo de Escolas InepData]]></description><Point><coordinates>-54.0501292,-19.5189066,0</coordinates></Point></Placemark><Placemark><name>C EST DE EDUC PROFIS MARCIO ELIAS NERY</name><description><![CDATA[Código INEP: 50031961<br>Município: Camapuã<br>Fonte: INEP Censo Escolar 2025 + Catálogo de Escolas InepData]]></description><Point><coordinates>-54.030973,-19.5863589,0</coordinates></Point></Placemark><Placemark><name>EE JOAQUIM MALAQUIAS DA SILVA</name><description><![CDATA[Código INEP: 50022040<br>Município: Camapuã<br>Fonte: INEP Censo Escolar 2025 + Catálogo de Escolas InepData]]></description><Point><coordinates>-53.902131,-19.0129104,0</coordinates></Point></Placemark><Placemark><name>ATIVA IDADE EDUCACAO INFANTIL E ENSINO FUNDAMENTAL</name><description><![CDATA[Código INEP: 50005049<br>Município: Campo Grande<br>Fonte: INEP Censo Escolar 2025 + Catálogo de Escolas InepData]]></description><Point><coordinates>-54.58425,-20.45936,0</coordinates></Point></Placemark><Placemark><name>CENTRO EDUCACIONAL PADRAO</name><description><![CDATA[Código INEP: 50005090<br>Município: Campo Grande<br>Fonte: INEP Censo Escolar 2025 + Catálogo de Escolas InepData]]></description><Point><coordinates>-54.5910718,-20.467531,0</coordinates></Point></Placemark><Placemark><name>CEINF - PARAISO DA CRIANCA E CE FENNIX</name><description><![CDATA[Código INEP: 50005103<br>Município: Campo Grande<br>Fonte: INEP Censo Escolar 2025 + Catálogo de Escolas InepData]]></description><Point><coordinates>-54.6348233,-20.41617,0</coordinates></Point></Placemark><Placemark><name>C EST ATEND AO DEF DA AUDIOCOMUNICACAO</name><description><![CDATA[Código INEP: 50005111<br>Município: Campo Grande<br>Fonte: INEP Censo Escolar 2025 + Catálogo de Escolas InepData]]></description><Point><coordinates>-54.5901398,-20.4734488,0</coordinates></Point></Placemark><Placemark><name>COLEGIO IMPACTO CENTRO DE ENSINO LTDA - ME</name><description><![CDATA[Código INEP: 50005120<br>Município: Campo Grande<br>Fonte: INEP Censo Escolar 2025 + Catálogo de Escolas InepData]]></description><Point><coordinates>-54.59651,-20.45006,0</coordinates></Point></Placemark><Placemark><name>CEDAE - C ESP NO DESENV E ACOMP ESCOLAR</name><description><![CDATA[Código INEP: 50005154<br>Município: Campo Grande<br>Fonte: INEP Censo Escolar 2025 + Catálogo de Escolas InepData]]></description><Point><coordinates>-54.6383682,-20.4725412,0</coordinates></Point></Placemark><Placemark><name>CEGRAN - CENTRO DE ENSINO CAMPOGRANDENSE</name><description><![CDATA[Código INEP: 50005162<br>Município: Campo Grande<br>Fonte: INEP Censo Escolar 2025 + Catálogo de Escolas InepData]]></description><Point><coordinates>-54.6272976,-20.4655066,0</coordinates></Point></Placemark><Placemark><name>CENTRO DE EDUCACAO ESPECIAL GIRASSOL</name><description><![CDATA[Código INEP: 50005189<br>Município: Campo Grande<br>Fonte: INEP Censo Escolar 2025 + Catálogo de Escolas InepData]]></description><Point><coordinates>-54.617541,-20.5166724,0</coordinates></Point></Placemark><Placemark><name>COLEGIO TICTAC E INSTITUTO PENRABEL</name><description><![CDATA[Código INEP: 50005200<br>Município: Campo Grande<br>Fonte: INEP Censo Escolar 2025 + Catálogo de Escolas InepData]]></description><Point><coordinates>-54.66032,-20.44798,0</coordinates></Point></Placemark><Placemark><name>INSTITUTO EDUCACIONAL PAULO FREIRE</name><description><![CDATA[Código INEP: 50005260<br>Município: Campo Grande<br>Fonte: INEP Censo Escolar 2025 + Catálogo de Escolas InepData]]></description><Point><coordinates>-54.58421,-20.46467,0</coordinates></Point></Placemark><Placemark><name>COLEGIO PINTE O SETE</name><description><![CDATA[Código INEP: 50005278<br>Município: Campo Grande<br>Fonte: INEP Censo Escolar 2025 + Catálogo de Escolas InepData]]></description><Point><coordinates>-54.57626,-20.55308,0</coordinates></Point></Placemark><Placemark><name>CENTRO DESENV DO POTENCIAL HUMANO RAIO DE LUZ</name><description><![CDATA[Código INEP: 50005286<br>Município: Campo Grande<br>Fonte: INEP Censo Escolar 2025 + Catálogo de Escolas InepData]]></description><Point><coordinates>-54.6434823,-20.4712049,0</coordinates></Point></Placemark><Placemark><name>ESCOLA CARROSSEL NOVO ESTILO</name><description><![CDATA[Código INEP: 50005316<br>Município: Campo Grande<br>Fonte: INEP Censo Escolar 2025 + Catálogo de Escolas InepData]]></description><Point><coordinates>-54.6507013,-20.4860233,0</coordinates></Point></Placemark><Placemark><name>CENTRO DE EDUCACAO DE JOVENS E ADULTOS PROFª IGNES DE LAMONICA GUIMARAES - CEEJA-MS</name><description><![CDATA[Código INEP: 50005340<br>Município: Campo Grande<br>Fonte: INEP Censo Escolar 2025 + Catálogo de Escolas InepData]]></description><Point><coordinates>-54.586582,-20.4633943,0</coordinates></Point></Placemark><Placemark><name>COLEGIO MARISTA ALEXANDER FLEMING</name><description><![CDATA[Código INEP: 50005405<br>Município: Campo Grande<br>Fonte: INEP Censo Escolar 2025 + Catálogo de Escolas InepData]]></description><Point><coordinates>-54.591445,-20.4481333,0</coordinates></Point></Placemark><Placemark><name>COLEGIO MILITAR DE CAMPO GRANDE</name><description><![CDATA[Código INEP: 50005499<br>Município: Campo Grande<br>Fonte: INEP Censo Escolar 2025 + Catálogo de Escolas InepData]]></description><Point><coordinates>-54.6466837,-20.4366252,0</coordinates></Point></Placemark><Placemark><name>CEI- JOSE EDUARDO MARTINS JALLAD - ZEDU</name><description><![CDATA[Código INEP: 50005588<br>Município: Campo Grande<br>Fonte: INEP Censo Escolar 2025 + Catálogo de Escolas InepData]]></description><Point><coordinates>-54.5538614,-20.4436836,0</coordinates></Point></Placemark><Placemark><name>CEI - MARIA APARECIDA MORAES DAVILA - SANTA CASA</name><description><![CDATA[Código INEP: 50005596<br>Município: Campo Grande<br>Fonte: INEP Censo Escolar 2025 + Catálogo de Escolas InepData]]></description><Point><coordinates>-54.6155895,-20.4546553,0</coordinates></Point></Placemark><Placemark><name>COLEGIO ADVENTISTA JARDIM DOS ESTADOS</name><description><![CDATA[Código INEP: 50005618<br>Município: Campo Grande<br>Fonte: INEP Censo Escolar 2025 + Catálogo de Escolas InepData]]></description><Point><coordinates>-54.6011712,-20.4581754,0</coordinates></Point></Placemark><Placemark><name>COLEGIO ADVENTISTA CAMPO-GRANDENSE</name><description><![CDATA[Código INEP: 50005626<br>Município: Campo Grande<br>Fonte: INEP Censo Escolar 2025 + Catálogo de Escolas InepData]]></description><Point><coordinates>-54.6520813,-20.4975068,0</coordinates></Point></Placemark><Placemark><name>EM ADVOGADO DEMOSTHENES MARTINS</name><description><![CDATA[Código INEP: 50005723<br>Município: Campo Grande<br>Fonte: INEP Censo Escolar 2025 + Catálogo de Escolas InepData]]></description><Point><coordinates>-54.6093542,-20.4201076,0</coordinates></Point></Placemark><Placemark><name>EE ARACY EUDOCIAK</name><description><![CDATA[Código INEP: 50005731<br>Município: Campo Grande<br>Fonte: INEP Censo Escolar 2025 + Catálogo de Escolas InepData]]></description><Point><coordinates>-54.6640588,-20.5175288,0</coordinates></Point></Placemark><Placemark><name>EE ELVIRA MATHIAS DE OLIVEIRA</name><description><![CDATA[Código INEP: 50005740<br>Município: Campo Grande<br>Fonte: INEP Censo Escolar 2025 + Catálogo de Escolas InepData]]></description><Point><coordinates>-54.5927335,-20.5224955,0</coordinates></Point></Placemark><Placemark><name>EE JOAO CARLOS FLORES</name><description><![CDATA[Código INEP: 50005758<br>Município: Campo Grande<br>Fonte: INEP Censo Escolar 2025 + Catálogo de Escolas InepData]]></description><Point><coordinates>-54.5909816,-20.5012488,0</coordinates></Point></Placemark><Placemark><name>EE JOSE FERREIRA BARBOSA</name><description><![CDATA[Código INEP: 50005766<br>Município: Campo Grande<br>Fonte: INEP Censo Escolar 2025 + Catálogo de Escolas InepData]]></description><Point><coordinates>-54.7062603,-20.4578337,0</coordinates></Point></Placemark><Placemark><name>EE LUISA VIDAL BORGES DANIEL</name><description><![CDATA[Código INEP: 50005774<br>Município: Campo Grande<br>Fonte: INEP Censo Escolar 2025 + Catálogo de Escolas InepData]]></description><Point><coordinates>-54.6634071,-20.4916358,0</coordinates></Point></Placemark><Placemark><name>EE MARCAL DE SOUZA TUPA-Y</name><description><![CDATA[Código INEP: 50005782<br>Município: Campo Grande<br>Fonte: INEP Censo Escolar 2025 + Catálogo de Escolas InepData]]></description><Point><coordinates>-54.622908,-20.5520401,0</coordinates></Point></Placemark><Placemark><name>EE PADRE FRANCO DELPIANO</name><description><![CDATA[Código INEP: 50005804<br>Município: Campo Grande<br>Fonte: INEP Censo Escolar 2025 + Catálogo de Escolas InepData]]></description><Point><coordinates>-54.549548,-20.3724592,0</coordinates></Point></Placemark><Placemark><name>EE PROFª ADA TEIXEIRA DOS SANTOS PEREIRA</name><description><![CDATA[Código INEP: 50005812<br>Município: Campo Grande<br>Fonte: INEP Censo Escolar 2025 + Catálogo de Escolas InepData]]></description><Point><coordinates>-54.5812355,-20.4007406,0</coordinates></Point></Placemark><Placemark><name>EM PROFESSOR CARLOS HENRIQUE SCHRADER</name><description><![CDATA[Código INEP: 50005820<br>Município: Campo Grande<br>Fonte: INEP Censo Escolar 2025 + Catálogo de Escolas InepData]]></description><Point><coordinates>-54.5765918,-20.4687951,0</coordinates></Point></Placemark><Placemark><name>ESCOLA ESTADUAL PROFESSORA FLAVINA MARIA DA SILVA</name><description><![CDATA[Código INEP: 50005839<br>Município: Campo Grande<br>Fonte: INEP Censo Escolar 2025 + Catálogo de Escolas InepData]]></description><Point><coordinates>-54.6239203,-20.5235596,0</coordinates></Point></Placemark><Placemark><name>EM PROFESSORA HILDA DE SOUZA FERREIRA</name><description><![CDATA[Código INEP: 50005847<br>Município: Campo Grande<br>Fonte: INEP Censo Escolar 2025 + Catálogo de Escolas InepData]]></description><Point><coordinates>-54.6558911,-20.43331986,0</coordinates></Point></Placemark><Placemark><name>EE PROFª JOELINA DE ALMEIDA XAVIER</name><description><![CDATA[Código INEP: 50005855<br>Município: Campo Grande<br>Fonte: INEP Censo Escolar 2025 + Catálogo de Escolas InepData]]></description><Point><coordinates>-54.58769,-20.4237481,0</coordinates></Point></Placemark><Placemark><name>EE PROFª THEREZA NORONHA DE CARVALHO</name><description><![CDATA[Código INEP: 50005863<br>Município: Campo Grande<br>Fonte: INEP Censo Escolar 2025 + Catálogo de Escolas InepData]]></description><Point><coordinates>-54.6463439,-20.5476463,0</coordinates></Point></Placemark><Placemark><name>EE PROFª ELIA FRANCA CARDOSO</name><description><![CDATA[Código INEP: 50005871<br>Município: Campo Grande<br>Fonte: INEP Censo Escolar 2025 + Catálogo de Escolas InepData]]></description><Point><coordinates>-54.6720283,-20.4982567,0</coordinates></Point></Placemark><Placemark><name>EE PROF HENRIQUE CIRYLLO CORREA</name><description><![CDATA[Código INEP: 50005880<br>Município: Campo Grande<br>Fonte: INEP Censo Escolar 2025 + Catálogo de Escolas InepData]]></description><Point><coordinates>-54.5941142,-20.4372746,0</coordinates></Point></Placemark><Placemark><name>EE AMELIO DE CARVALHO BAIS</name><description><![CDATA[Código INEP: 50005901<br>Município: Campo Grande<br>Fonte: INEP Censo Escolar 2025 + Catálogo de Escolas InepData]]></description><Point><coordinates>-54.6484826,-20.4356911,0</coordinates></Point></Placemark><Placemark><name>EE ARLINDO DE ANDRADE GOMES</name><description><![CDATA[Código INEP: 50005910<br>Município: Campo Grande<br>Fonte: INEP Censo Escolar 2025 + Catálogo de Escolas InepData]]></description><Point><coordinates>-54.6428215,-20.455454,0</coordinates></Point></Placemark><Placemark><name>EE BLANCHE DOS SANTOS PEREIRA</name><description><![CDATA[Código INEP: 50005928<br>Município: Campo Grande<br>Fonte: INEP Censo Escolar 2025 + Catálogo de Escolas InepData]]></description><Point><coordinates>-54.6642373,-20.5078434,0</coordinates></Point></Placemark><Placemark><name>EE DOLOR FERREIRA DE ANDRADE</name><description><![CDATA[Código INEP: 50005936<br>Município: Campo Grande<br>Fonte: INEP Censo Escolar 2025 + Catálogo de Escolas InepData]]></description><Point><coordinates>-54.5492982,-20.4691517,0</coordinates></Point></Placemark><Placemark><name>EE DONA CONSUELO MULLER</name><description><![CDATA[Código INEP: 50005944<br>Município: Campo Grande<br>Fonte: INEP Censo Escolar 2025 + Catálogo de Escolas InepData]]></description><Point><coordinates>-54.6393672,-20.4859035,0</coordinates></Point></Placemark><Placemark><name>EE DR ARTHUR DE VASCONCELLOS DIAS</name><description><![CDATA[Código INEP: 50005952<br>Município: Campo Grande<br>Fonte: INEP Censo Escolar 2025 + Catálogo de Escolas InepData]]></description><Point><coordinates>-54.5961582,-20.4202786,0</coordinates></Point></Placemark><Placemark><name>EE JOSE BARBOSA RODRIGUES</name><description><![CDATA[Código INEP: 50005979<br>Município: Campo Grande<br>Fonte: INEP Censo Escolar 2025 + Catálogo de Escolas InepData]]></description><Point><coordinates>-54.5959295,-20.5195054,0</coordinates></Point></Placemark><Placemark><name>EE JOSE MAMEDE DE AQUINO</name><description><![CDATA[Código INEP: 50005987<br>Município: Campo Grande<br>Fonte: INEP Censo Escolar 2025 + Catálogo de Escolas InepData]]></description><Point><coordinates>-54.6873578,-20.441602,0</coordinates></Point></Placemark><Placemark><name>EE JOSE MARIA HUGO RODRIGUES</name><description><![CDATA[Código INEP: 50005995<br>Município: Campo Grande<br>Fonte: INEP Censo Escolar 2025 + Catálogo de Escolas InepData]]></description><Point><coordinates>-54.5703712,-20.4250539,0</coordinates></Point></Placemark><Placemark><name>ESCOLA ESTADUAL LINO VILLACHA</name><description><![CDATA[Código INEP: 50006002<br>Município: Campo Grande<br>Fonte: INEP Censo Escolar 2025 + Catálogo de Escolas InepData]]></description><Point><coordinates>-54.5654238,-20.389199,0</coordinates></Point></Placemark><Placemark><name>EE LUCIA MARTINS COELHO</name><description><![CDATA[Código INEP: 50006010<br>Município: Campo Grande<br>Fonte: INEP Censo Escolar 2025 + Catálogo de Escolas InepData]]></description><Point><coordinates>-54.6025017,-20.4595468,0</coordinates></Point></Placemark><Placemark><name>EE MAESTRO FREDERICO LIEBERMANN</name><description><![CDATA[Código INEP: 50006029<br>Município: Campo Grande<br>Fonte: INEP Censo Escolar 2025 + Catálogo de Escolas InepData]]></description><Point><coordinates>-54.6086852,-20.4349731,0</coordinates></Point></Placemark><Placemark><name>EE MAESTRO HEITOR VILLA LOBOS</name><description><![CDATA[Código INEP: 50006037<br>Município: Campo Grande<br>Fonte: INEP Censo Escolar 2025 + Catálogo de Escolas InepData]]></description><Point><coordinates>-54.6329318,-20.509167,0</coordinates></Point></Placemark><Placemark><name>EE MARIA ELIZA BOCAYUVA CORREA DA COSTA</name><description><![CDATA[Código INEP: 50006045<br>Município: Campo Grande<br>Fonte: INEP Censo Escolar 2025 + Catálogo de Escolas InepData]]></description><Point><coordinates>-54.5893826,-20.4341193,0</coordinates></Point></Placemark><Placemark><name>CEEP PE JOAO GREINER</name><description><![CDATA[Código INEP: 50006053<br>Município: Campo Grande<br>Fonte: INEP Censo Escolar 2025 + Catálogo de Escolas InepData]]></description><Point><coordinates>-54.5973048,-20.4183504,0</coordinates></Point></Placemark><Placemark><name>EE PADRE MARIO BLANDINO</name><description><![CDATA[Código INEP: 50006061<br>Município: Campo Grande<br>Fonte: INEP Censo Escolar 2025 + Catálogo de Escolas InepData]]></description><Point><coordinates>-54.6490136,-20.5207565,0</coordinates></Point></Placemark><Placemark><name>EE PROFª IZAURA HIGA</name><description><![CDATA[Código INEP: 50006070<br>Município: Campo Grande<br>Fonte: INEP Censo Escolar 2025 + Catálogo de Escolas InepData]]></description><Point><coordinates>-54.586789,-20.5551886,0</coordinates></Point></Placemark><Placemark><name>EE PROFª ALICE NUNES ZAMPIERE</name><description><![CDATA[Código INEP: 50006088<br>Município: Campo Grande<br>Fonte: INEP Censo Escolar 2025 + Catálogo de Escolas InepData]]></description><Point><coordinates>-54.65864,-20.4392,0</coordinates></Point></Placemark><Placemark><name>EE PROFª CELIA MARIA NAGLIS</name><description><![CDATA[Código INEP: 50006096<br>Município: Campo Grande<br>Fonte: INEP Censo Escolar 2025 + Catálogo de Escolas InepData]]></description><Point><coordinates>-54.5723869,-20.5553424,0</coordinates></Point></Placemark><Placemark><name>EE PROF EMYGDIO CAMPOS WIDAL</name><description><![CDATA[Código INEP: 50006100<br>Município: Campo Grande<br>Fonte: INEP Censo Escolar 2025 + Catálogo de Escolas InepData]]></description><Point><coordinates>-54.5951571,-20.4821277,0</coordinates></Point></Placemark><Placemark><name>EE PROFª MARIA DE LOURDES TOLEDO AREIAS</name><description><![CDATA[Código INEP: 50006118<br>Município: Campo Grande<br>Fonte: INEP Censo Escolar 2025 + Catálogo de Escolas InepData]]></description><Point><coordinates>-54.5833493,-20.5266361,0</coordinates></Point></Placemark><Placemark><name>CEEP PROFª MARIA DE LOURDES WIDAL ROMA</name><description><![CDATA[Código INEP: 50006126<br>Município: Campo Grande<br>Fonte: INEP Censo Escolar 2025 + Catálogo de Escolas InepData]]></description><Point><coordinates>-54.5735038,-20.5570869,0</coordinates></Point></Placemark><Placemark><name>ESCOLA ESTADUAL PROF SEVERINO DE QUEIROZ</name><description><![CDATA[Código INEP: 50006169<br>Município: Campo Grande<br>Fonte: INEP Censo Escolar 2025 + Catálogo de Escolas InepData]]></description><Point><coordinates>-54.60357,-20.4472,0</coordinates></Point></Placemark><Placemark><name>ESCOLA ESTADUAL PROF SILVIO OLIVEIRA DOS SANTOS</name><description><![CDATA[Código INEP: 50006177<br>Município: Campo Grande<br>Fonte: INEP Censo Escolar 2025 + Catálogo de Escolas InepData]]></description><Point><coordinates>-54.65832,-20.52943,0</coordinates></Point></Placemark><Placemark><name>EE PROF ULISSES SERRA</name><description><![CDATA[Código INEP: 50006185<br>Município: Campo Grande<br>Fonte: INEP Censo Escolar 2025 + Catálogo de Escolas InepData]]></description><Point><coordinates>-54.75294167,-20.47969,0</coordinates></Point></Placemark><Placemark><name>EE PROFª BRASILINA FERRAZ MANTERO</name><description><![CDATA[Código INEP: 50006207<br>Município: Campo Grande<br>Fonte: INEP Censo Escolar 2025 + Catálogo de Escolas InepData]]></description><Point><coordinates>-54.652547,-20.4937154,0</coordinates></Point></Placemark><Placemark><name>EE RUI BARBOSA</name><description><![CDATA[Código INEP: 50006215<br>Município: Campo Grande<br>Fonte: INEP Censo Escolar 2025 + Catálogo de Escolas InepData]]></description><Point><coordinates>-54.6549483,-20.4573,0</coordinates></Point></Placemark><Placemark><name>EE SEBASTIAO SANTANA DE OLIVEIRA</name><description><![CDATA[Código INEP: 50006223<br>Município: Campo Grande<br>Fonte: INEP Censo Escolar 2025 + Catálogo de Escolas InepData]]></description><Point><coordinates>-54.6623208,-20.417737,0</coordinates></Point></Placemark><Placemark><name>EE TEOTONIO VILELA</name><description><![CDATA[Código INEP: 50006231<br>Município: Campo Grande<br>Fonte: INEP Censo Escolar 2025 + Catálogo de Escolas InepData]]></description><Point><coordinates>-54.61918,-20.53639,0</coordinates></Point></Placemark><Placemark><name>EE WALDEMIR BARROS DA SILVA</name><description><![CDATA[Código INEP: 50006240<br>Município: Campo Grande<br>Fonte: INEP Censo Escolar 2025 + Catálogo de Escolas InepData]]></description><Point><coordinates>-54.5766129,-20.5496841,0</coordinates></Point></Placemark><Placemark><name>EE CORACAO DE MARIA</name><description><![CDATA[Código INEP: 50006274<br>Município: Campo Grande<br>Fonte: INEP Censo Escolar 2025 + Catálogo de Escolas InepData]]></description><Point><coordinates>-54.6113155,-20.4795454,0</coordinates></Point></Placemark><Placemark><name>EE GAL MALAN</name><description><![CDATA[Código INEP: 50006282<br>Município: Campo Grande<br>Fonte: INEP Censo Escolar 2025 + Catálogo de Escolas InepData]]></description><Point><coordinates>-54.63395915,-20.46668815,0</coordinates></Point></Placemark><Placemark><name>EE ANTONIO DELFINO PEREIRA E C CULT ED TIA EVA</name><description><![CDATA[Código INEP: 50006290<br>Município: Campo Grande<br>Fonte: INEP Censo Escolar 2025 + Catálogo de Escolas InepData]]></description><Point><coordinates>-54.61612523,-20.42536629,0</coordinates></Point></Placemark><Placemark><name>EM NICOLAU FRAGELLI</name><description><![CDATA[Código INEP: 50006304<br>Município: Campo Grande<br>Fonte: INEP Censo Escolar 2025 + Catálogo de Escolas InepData]]></description><Point><coordinates>-54.6206918,-20.4430504,0</coordinates></Point></Placemark><Placemark><name>EE ORCIRIO THIAGO DE OLIVEIRA</name><description><![CDATA[Código INEP: 50006312<br>Município: Campo Grande<br>Fonte: INEP Censo Escolar 2025 + Catálogo de Escolas InepData]]></description><Point><coordinates>-54.6051287,-20.4901297,0</coordinates></Point></Placemark><Placemark><name>EE PROFª FAUSTA GARCIA BUENO</name><description><![CDATA[Código INEP: 50006320<br>Município: Campo Grande<br>Fonte: INEP Censo Escolar 2025 + Catálogo de Escolas InepData]]></description><Point><coordinates>-54.6344766,-20.4233407,0</coordinates></Point></Placemark><Placemark><name>EE SAO FRANCISCO</name><description><![CDATA[Código INEP: 50006339<br>Município: Campo Grande<br>Fonte: INEP Censo Escolar 2025 + Catálogo de Escolas InepData]]></description><Point><coordinates>-54.622907,-20.4401986,0</coordinates></Point></Placemark><Placemark><name>EE SAO JOSE</name><description><![CDATA[Código INEP: 50006347<br>Município: Campo Grande<br>Fonte: INEP Censo Escolar 2025 + Catálogo de Escolas InepData]]></description><Point><coordinates>-54.60795435,-20.45047544,0</coordinates></Point></Placemark><Placemark><name>EE 11 DE OUTUBRO</name><description><![CDATA[Código INEP: 50006355<br>Município: Campo Grande<br>Fonte: INEP Censo Escolar 2025 + Catálogo de Escolas InepData]]></description><Point><coordinates>-54.6605245,-20.4934777,0</coordinates></Point></Placemark><Placemark><name>EE 26 DE AGOSTO</name><description><![CDATA[Código INEP: 50006363<br>Município: Campo Grande<br>Fonte: INEP Censo Escolar 2025 + Catálogo de Escolas InepData]]></description><Point><coordinates>-54.617251,-20.445274,0</coordinates></Point></Placemark><Placemark><name>EE ADVENTOR DIVINO DE ALMEIDA</name><description><![CDATA[Código INEP: 50006371<br>Município: Campo Grande<br>Fonte: INEP Censo Escolar 2025 + Catálogo de Escolas InepData]]></description><Point><coordinates>-54.6387478,-20.4586948,0</coordinates></Point></Placemark><Placemark><name>EE AMANDO DE OLIVEIRA</name><description><![CDATA[Código INEP: 50006380<br>Município: Campo Grande<br>Fonte: INEP Censo Escolar 2025 + Catálogo de Escolas InepData]]></description><Point><coordinates>-54.6291471,-20.4979875,0</coordinates></Point></Placemark><Placemark><name>EE ARLINDO DE SAMPAIO JORGE</name><description><![CDATA[Código INEP: 50006398<br>Município: Campo Grande<br>Fonte: INEP Censo Escolar 2025 + Catálogo de Escolas InepData]]></description><Point><coordinates>-54.5775326,-20.5565064,0</coordinates></Point></Placemark><Placemark><name>EE JOAQUIM MURTINHO</name><description><![CDATA[Código INEP: 50006410<br>Município: Campo Grande<br>Fonte: INEP Censo Escolar 2025 + Catálogo de Escolas InepData]]></description><Point><coordinates>-54.6130972,-20.4627765,0</coordinates></Point></Placemark><Placemark><name>EE MANOEL BONIFACIO NUNES DA CUNHA</name><description><![CDATA[Código INEP: 50006436<br>Município: Campo Grande<br>Fonte: INEP Censo Escolar 2025 + Catálogo de Escolas InepData]]></description><Point><coordinates>-54.6690207,-20.5427533,0</coordinates></Point></Placemark><Placemark><name>EE MARIA CONSTANCA BARROS MACHADO</name><description><![CDATA[Código INEP: 50006444<br>Município: Campo Grande<br>Fonte: INEP Censo Escolar 2025 + Catálogo de Escolas InepData]]></description><Point><coordinates>-54.627285,-20.461115,0</coordinates></Point></Placemark><Placemark><name>EE OLINDA CONCEICAO TEIXEIRA BACHA</name><description><![CDATA[Código INEP: 50006452<br>Município: Campo Grande<br>Fonte: INEP Censo Escolar 2025 + Catálogo de Escolas InepData]]></description><Point><coordinates>-54.6691536,-20.4939353,0</coordinates></Point></Placemark><Placemark><name>EE PADRE JOSE SCAMPINI</name><description><![CDATA[Código INEP: 50006460<br>Município: Campo Grande<br>Fonte: INEP Censo Escolar 2025 + Catálogo de Escolas InepData]]></description><Point><coordinates>-54.6698779,-20.536126,0</coordinates></Point></Placemark><Placemark><name>EE PROFª DELMIRA RAMOS DOS SANTOS</name><description><![CDATA[Código INEP: 50006479<br>Município: Campo Grande<br>Fonte: INEP Censo Escolar 2025 + Catálogo de Escolas InepData]]></description><Point><coordinates>-54.6732953,-20.5345589,0</coordinates></Point></Placemark><Placemark><name>EE VESPASIANO MARTINS</name><description><![CDATA[Código INEP: 50006495<br>Município: Campo Grande<br>Fonte: INEP Censo Escolar 2025 + Catálogo de Escolas InepData]]></description><Point><coordinates>-54.6140877,-20.471919,0</coordinates></Point></Placemark><Placemark><name>CEEP HERCULES MAYMONE</name><description><![CDATA[Código INEP: 50006509<br>Município: Campo Grande<br>Fonte: INEP Censo Escolar 2025 + Catálogo de Escolas InepData]]></description><Point><coordinates>-54.5894973,-20.4706448,0</coordinates></Point></Placemark><Placemark><name>EM CARLOS VILHALVA CRISTALDO</name><description><![CDATA[Código INEP: 50006525<br>Município: Campo Grande<br>Fonte: INEP Censo Escolar 2025 + Catálogo de Escolas InepData]]></description><Point><coordinates>-54.6864381,-20.446569,0</coordinates></Point></Placemark><Placemark><name>EM CEL ANTONINO</name><description><![CDATA[Código INEP: 50006533<br>Município: Campo Grande<br>Fonte: INEP Censo Escolar 2025 + Catálogo de Escolas InepData]]></description><Point><coordinates>-54.59902682,-20.43101581,0</coordinates></Point></Placemark><Placemark><name>EM CEL SEBASTIAO LIMA</name><description><![CDATA[Código INEP: 50006541<br>Município: Campo Grande<br>Fonte: INEP Censo Escolar 2025 + Catálogo de Escolas InepData]]></description><Point><coordinates>-54.6844649,-20.4574894,0</coordinates></Point></Placemark><Placemark><name>EM DR TERTULIANO MEIRELLES</name><description><![CDATA[Código INEP: 50006550<br>Município: Campo Grande<br>Fonte: INEP Censo Escolar 2025 + Catálogo de Escolas InepData]]></description><Point><coordinates>-54.64768144,-20.48281454,0</coordinates></Point></Placemark><Placemark><name>EM ETALIVIO PEREIRA MARTINS</name><description><![CDATA[Código INEP: 50006568<br>Município: Campo Grande<br>Fonte: INEP Censo Escolar 2025 + Catálogo de Escolas InepData]]></description><Point><coordinates>-54.60754286,-20.4381478,0</coordinates></Point></Placemark><Placemark><name>EM IMACULADA CONCEICAO</name><description><![CDATA[Código INEP: 50006576<br>Município: Campo Grande<br>Fonte: INEP Censo Escolar 2025 + Catálogo de Escolas InepData]]></description><Point><coordinates>-54.6605463,-20.5229213,0</coordinates></Point></Placemark><Placemark><name>EM JOAO DE PAULA RIBEIRO</name><description><![CDATA[Código INEP: 50006584<br>Município: Campo Grande<br>Fonte: INEP Censo Escolar 2025 + Catálogo de Escolas InepData]]></description><Point><coordinates>-54.6167617,-20.4349168,0</coordinates></Point></Placemark><Placemark><name>EM JOAO NEPOMUCENO</name><description><![CDATA[Código INEP: 50006592<br>Município: Campo Grande<br>Fonte: INEP Censo Escolar 2025 + Catálogo de Escolas InepData]]></description><Point><coordinates>-54.63378925,-20.47996342,0</coordinates></Point></Placemark><Placemark><name>EM JOSE DORILEO DE PINA</name><description><![CDATA[Código INEP: 50006606<br>Município: Campo Grande<br>Fonte: INEP Censo Escolar 2025 + Catálogo de Escolas InepData]]></description><Point><coordinates>-54.6017976,-20.5311758,0</coordinates></Point></Placemark><Placemark><name>EM JOSE RODRIGUES BENFICA</name><description><![CDATA[Código INEP: 50006614<br>Município: Campo Grande<br>Fonte: INEP Censo Escolar 2025 + Catálogo de Escolas InepData]]></description><Point><coordinates>-54.6250024,-20.4686156,0</coordinates></Point></Placemark><Placemark><name>EM KAME ADANIA</name><description><![CDATA[Código INEP: 50006622<br>Município: Campo Grande<br>Fonte: INEP Censo Escolar 2025 + Catálogo de Escolas InepData]]></description><Point><coordinates>-54.5928239,-20.4119711,0</coordinates></Point></Placemark><Placemark><name>EM PREF MANOEL INACIO DE SOUZA</name><description><![CDATA[Código INEP: 50006630<br>Município: Campo Grande<br>Fonte: INEP Censo Escolar 2025 + Catálogo de Escolas InepData]]></description><Point><coordinates>-54.64908198,-20.45960069,0</coordinates></Point></Placemark><Placemark><name>EM PROFª ADAIR DE OLIVEIRA</name><description><![CDATA[Código INEP: 50006649<br>Município: Campo Grande<br>Fonte: INEP Censo Escolar 2025 + Catálogo de Escolas InepData]]></description><Point><coordinates>-54.63337452,-20.49756596,0</coordinates></Point></Placemark><Placemark><name>EM PROF ARLINDO LIMA</name><description><![CDATA[Código INEP: 50006657<br>Município: Campo Grande<br>Fonte: INEP Censo Escolar 2025 + Catálogo de Escolas InepData]]></description><Point><coordinates>-54.6051637,-20.4603481,0</coordinates></Point></Placemark><Placemark><name>EM PROFª BRIGIDA FERRAZ FOSS</name><description><![CDATA[Código INEP: 50006665<br>Município: Campo Grande<br>Fonte: INEP Censo Escolar 2025 + Catálogo de Escolas InepData]]></description><Point><coordinates>-54.63914881,-20.48776415,0</coordinates></Point></Placemark><Placemark><name>EM PROFª DANDA NUNES</name><description><![CDATA[Código INEP: 50006673<br>Município: Campo Grande<br>Fonte: INEP Censo Escolar 2025 + Catálogo de Escolas InepData]]></description><Point><coordinates>-54.58184863,-20.4504803,0</coordinates></Point></Placemark><Placemark><name>EM PROFª ELIZABEL MARIA GOMES SALLES</name><description><![CDATA[Código INEP: 50006681<br>Município: Campo Grande<br>Fonte: INEP Censo Escolar 2025 + Catálogo de Escolas InepData]]></description><Point><coordinates>-54.64322334,-20.41245646,0</coordinates></Point></Placemark><Placemark><name>EM PROF ERNESTO GARCIA DE ARAUJO</name><description><![CDATA[Código INEP: 50006690<br>Município: Campo Grande<br>Fonte: INEP Censo Escolar 2025 + Catálogo de Escolas InepData]]></description><Point><coordinates>-54.6829658,-20.4534112,0</coordinates></Point></Placemark><Placemark><name>EM PROFª EULALIA NETO LESSA</name><description><![CDATA[Código INEP: 50006703<br>Município: Campo Grande<br>Fonte: INEP Censo Escolar 2025 + Catálogo de Escolas InepData]]></description><Point><coordinates>-54.6505112,-20.4270864,0</coordinates></Point></Placemark><Placemark><name>EM PROFª LEIRE PIMENTEL DE CARVALHO CORREA</name><description><![CDATA[Código INEP: 50006738<br>Município: Campo Grande<br>Fonte: INEP Censo Escolar 2025 + Catálogo de Escolas InepData]]></description><Point><coordinates>-54.60600151,-20.52547017,0</coordinates></Point></Placemark><Placemark><name>EM PROFª MARIA TEREZA RODRIGUES</name><description><![CDATA[Código INEP: 50006746<br>Município: Campo Grande<br>Fonte: INEP Censo Escolar 2025 + Catálogo de Escolas InepData]]></description><Point><coordinates>-54.67513677,-20.50211533,0</coordinates></Point></Placemark><Placemark><name>EM PROFª MARINA COUTO FORTES</name><description><![CDATA[Código INEP: 50006754<br>Município: Campo Grande<br>Fonte: INEP Censo Escolar 2025 + Catálogo de Escolas InepData]]></description><Point><coordinates>-54.6447712,-20.5023722,0</coordinates></Point></Placemark><Placemark><name>EM PROFª OLIVA ENCISO</name><description><![CDATA[Código INEP: 50006762<br>Município: Campo Grande<br>Fonte: INEP Censo Escolar 2025 + Catálogo de Escolas InepData]]></description><Point><coordinates>-54.57010386,-20.4808249,0</coordinates></Point></Placemark><Placemark><name>EM SANTOS DUMONT</name><description><![CDATA[Código INEP: 50006770<br>Município: Campo Grande<br>Fonte: INEP Censo Escolar 2025 + Catálogo de Escolas InepData]]></description><Point><coordinates>-54.6491262,-20.4465955,0</coordinates></Point></Placemark><Placemark><name>EM FREDERICO SOARES</name><description><![CDATA[Código INEP: 50006789<br>Município: Campo Grande<br>Fonte: INEP Censo Escolar 2025 + Catálogo de Escolas InepData]]></description><Point><coordinates>-54.7036452,-20.4533366,0</coordinates></Point></Placemark><Placemark><name>EM GOV HARRY AMORIM COSTA</name><description><![CDATA[Código INEP: 50006797<br>Município: Campo Grande<br>Fonte: INEP Censo Escolar 2025 + Catálogo de Escolas InepData]]></description><Point><coordinates>-54.6444485,-20.4939451,0</coordinates></Point></Placemark><Placemark><name>EM JOAO EVANGELISTA VIEIRA DE ALMEIDA</name><description><![CDATA[Código INEP: 50006800<br>Município: Campo Grande<br>Fonte: INEP Censo Escolar 2025 + Catálogo de Escolas InepData]]></description><Point><coordinates>-54.6524933,-20.4407722,0</coordinates></Point></Placemark><Placemark><name>EM PE JOSE DE ANCHIETA</name><description><![CDATA[Código INEP: 50006819<br>Município: Campo Grande<br>Fonte: INEP Censo Escolar 2025 + Catálogo de Escolas InepData]]></description><Point><coordinates>-54.631955,-20.45623667,0</coordinates></Point></Placemark><Placemark><name>EM PADRE HEITOR CASTOLDI</name><description><![CDATA[Código INEP: 50006827<br>Município: Campo Grande<br>Fonte: INEP Censo Escolar 2025 + Catálogo de Escolas InepData]]></description><Point><coordinates>-54.63313552,-20.49404793,0</coordinates></Point></Placemark><Placemark><name>EM PROF ALCIDIO PIMENTEL</name><description><![CDATA[Código INEP: 50006835<br>Município: Campo Grande<br>Fonte: INEP Censo Escolar 2025 + Catálogo de Escolas InepData]]></description><Point><coordinates>-54.6227734,-20.47732887,0</coordinates></Point></Placemark><Placemark><name>EM PROF LICURGO DE OLIVEIRA BASTOS</name><description><![CDATA[Código INEP: 50006843<br>Município: Campo Grande<br>Fonte: INEP Censo Escolar 2025 + Catálogo de Escolas InepData]]></description><Point><coordinates>-54.6350691,-20.4150031,0</coordinates></Point></Placemark><Placemark><name>EM PROFª MARIA LUCIA PASSARELLI</name><description><![CDATA[Código INEP: 50006851<br>Município: Campo Grande<br>Fonte: INEP Censo Escolar 2025 + Catálogo de Escolas InepData]]></description><Point><coordinates>-54.6531208,-20.5342106,0</coordinates></Point></Placemark><Placemark><name>EM PROF MUCIO TEIXEIRA JR</name><description><![CDATA[Código INEP: 50006860<br>Município: Campo Grande<br>Fonte: INEP Censo Escolar 2025 + Catálogo de Escolas InepData]]></description><Point><coordinates>-54.5991001,-20.48993836,0</coordinates></Point></Placemark><Placemark><name>EM PROF NAGIB RASLAN</name><description><![CDATA[Código INEP: 50006878<br>Município: Campo Grande<br>Fonte: INEP Censo Escolar 2025 + Catálogo de Escolas InepData]]></description><Point><coordinates>-54.6678296,-20.4522461,0</coordinates></Point></Placemark><Placemark><name>EM ABEL FREIRE DE ARAGAO</name><description><![CDATA[Código INEP: 50006916<br>Município: Campo Grande<br>Fonte: INEP Censo Escolar 2025 + Catálogo de Escolas InepData]]></description><Point><coordinates>-54.61463856,-20.51828947,0</coordinates></Point></Placemark><Placemark><name>EM DARTHESY NOVAES CAMINHA</name><description><![CDATA[Código INEP: 50006959<br>Município: Campo Grande<br>Fonte: INEP Censo Escolar 2025 + Catálogo de Escolas InepData]]></description><Point><coordinates>-54.58386163,-20.69157384,0</coordinates></Point></Placemark><Placemark><name>EM DR EDUARDO OLIMPIO MACHADO</name><description><![CDATA[Código INEP: 50006975<br>Município: Campo Grande<br>Fonte: INEP Censo Escolar 2025 + Catálogo de Escolas InepData]]></description><Point><coordinates>-54.6690421,-20.5316609,0</coordinates></Point></Placemark><Placemark><name>EM GERALDO CASTELO</name><description><![CDATA[Código INEP: 50007033<br>Município: Campo Grande<br>Fonte: INEP Censo Escolar 2025 + Catálogo de Escolas InepData]]></description><Point><coordinates>-54.60882209,-20.4715962,0</coordinates></Point></Placemark><Placemark><name>EM IRMA EDITH COELHO NETTO</name><description><![CDATA[Código INEP: 50007041<br>Município: Campo Grande<br>Fonte: INEP Censo Escolar 2025 + Catálogo de Escolas InepData]]></description><Point><coordinates>-54.549973,-20.3821474,0</coordinates></Point></Placemark><Placemark><name>EM LEOVEGILDO DE MELO</name><description><![CDATA[Código INEP: 50007076<br>Município: Campo Grande<br>Fonte: INEP Censo Escolar 2025 + Catálogo de Escolas InepData]]></description><Point><coordinates>-54.392458,-20.4735498,0</coordinates></Point></Placemark><Placemark><name>EM MAESTRO JOAO CORREA RIBEIRO</name><description><![CDATA[Código INEP: 50007092<br>Município: Campo Grande<br>Fonte: INEP Censo Escolar 2025 + Catálogo de Escolas InepData]]></description><Point><coordinates>-54.5927692,-20.4047926,0</coordinates></Point></Placemark><Placemark><name>EM MAJOR AVIADOR Y - JUCA PIRAMA DE ALMEIDA</name><description><![CDATA[Código INEP: 50007106<br>Município: Campo Grande<br>Fonte: INEP Censo Escolar 2025 + Catálogo de Escolas InepData]]></description><Point><coordinates>-54.65365672,-20.47080251,0</coordinates></Point></Placemark><Placemark><name>EM ORLANDINA OLIVEIRA LIMA</name><description><![CDATA[Código INEP: 50007149<br>Município: Campo Grande<br>Fonte: INEP Censo Escolar 2025 + Catálogo de Escolas InepData]]></description><Point><coordinates>-54.78991421,-20.24192991,0</coordinates></Point></Placemark><Placemark><name>EM PE JOSE VALENTIM</name><description><![CDATA[Código INEP: 50007165<br>Município: Campo Grande<br>Fonte: INEP Censo Escolar 2025 + Catálogo de Escolas InepData]]></description><Point><coordinates>-54.6247371,-20.49144076,0</coordinates></Point></Placemark><Placemark><name>EM PROF ANTONIO LOPES LINS</name><description><![CDATA[Código INEP: 50007181<br>Município: Campo Grande<br>Fonte: INEP Censo Escolar 2025 + Catálogo de Escolas InepData]]></description><Point><coordinates>-54.679001,-20.522944,0</coordinates></Point></Placemark><Placemark><name>EM PROFª GONCALINA FAUSTINA DE OLIVEIRA</name><description><![CDATA[Código INEP: 50007211<br>Município: Campo Grande<br>Fonte: INEP Censo Escolar 2025 + Catálogo de Escolas InepData]]></description><Point><coordinates>-54.6720936,-20.5444152,0</coordinates></Point></Placemark><Placemark><name>EM PROF HERCULES MAYMONE</name><description><![CDATA[Código INEP: 50007220<br>Município: Campo Grande<br>Fonte: INEP Censo Escolar 2025 + Catálogo de Escolas InepData]]></description><Point><coordinates>-54.57362943,-20.40848542,0</coordinates></Point></Placemark><Placemark><name>EM PROFª LENITA DE SENA NACHIF</name><description><![CDATA[Código INEP: 50007238<br>Município: Campo Grande<br>Fonte: INEP Censo Escolar 2025 + Catálogo de Escolas InepData]]></description><Point><coordinates>-54.60975124,-20.55256852,0</coordinates></Point></Placemark><Placemark><name>EM PROF LUIZ CAVALLON</name><description><![CDATA[Código INEP: 50007246<br>Município: Campo Grande<br>Fonte: INEP Censo Escolar 2025 + Catálogo de Escolas InepData]]></description><Point><coordinates>-54.62506167,-20.52389333,0</coordinates></Point></Placemark><Placemark><name>EM PROF NELSON DE SOUZA PINHEIRO</name><description><![CDATA[Código INEP: 50007254<br>Município: Campo Grande<br>Fonte: INEP Censo Escolar 2025 + Catálogo de Escolas InepData]]></description><Point><coordinates>-54.62979168,-20.4471111,0</coordinates></Point></Placemark><Placemark><name>EM PROF VIRGILIO ALVES DE CAMPOS</name><description><![CDATA[Código INEP: 50007270<br>Município: Campo Grande<br>Fonte: INEP Censo Escolar 2025 + Catálogo de Escolas InepData]]></description><Point><coordinates>-54.57641508,-20.42305637,0</coordinates></Point></Placemark><Placemark><name>EM BERNARDO FRANCO BAIS</name><description><![CDATA[Código INEP: 50007300<br>Município: Campo Grande<br>Fonte: INEP Censo Escolar 2025 + Catálogo de Escolas InepData]]></description><Point><coordinates>-54.616487,-20.4788271,0</coordinates></Point></Placemark><Placemark><name>EM DOMINGOS GONCALVES GOMES</name><description><![CDATA[Código INEP: 50007319<br>Município: Campo Grande<br>Fonte: INEP Censo Escolar 2025 + Catálogo de Escolas InepData]]></description><Point><coordinates>-54.60902679,-20.51387083,0</coordinates></Point></Placemark><Placemark><name>EM PROF PLINIO MENDES DOS SANTOS</name><description><![CDATA[Código INEP: 50007327<br>Município: Campo Grande<br>Fonte: INEP Censo Escolar 2025 + Catálogo de Escolas InepData]]></description><Point><coordinates>-54.6483026,-20.4991566,0</coordinates></Point></Placemark><Placemark><name>EM PROFª IRACEMA DE SOUZA MENDONCA</name><description><![CDATA[Código INEP: 50007335<br>Município: Campo Grande<br>Fonte: INEP Censo Escolar 2025 + Catálogo de Escolas InepData]]></description><Point><coordinates>-54.60393124,-20.52258947,0</coordinates></Point></Placemark><Placemark><name>COLEGIO MULTIPLICANDO</name><description><![CDATA[Código INEP: 50007351<br>Município: Campo Grande<br>Fonte: INEP Censo Escolar 2025 + Catálogo de Escolas InepData]]></description><Point><coordinates>-54.6335597,-20.4490449,0</coordinates></Point></Placemark><Placemark><name>ESCOLA RAIO DE SOL</name><description><![CDATA[Código INEP: 50007424<br>Município: Campo Grande<br>Fonte: INEP Censo Escolar 2025 + Catálogo de Escolas InepData]]></description><Point><coordinates>-54.6522439,-20.4501741,0</coordinates></Point></Placemark><Placemark><name>ESCOLA URSINHO PANDA</name><description><![CDATA[Código INEP: 50007432<br>Município: Campo Grande<br>Fonte: INEP Censo Escolar 2025 + Catálogo de Escolas InepData]]></description><Point><coordinates>-54.66506,-20.44397,0</coordinates></Point></Placemark><Placemark><name>COLEGIO ABC DE EIEF</name><description><![CDATA[Código INEP: 50007467<br>Município: Campo Grande<br>Fonte: INEP Censo Escolar 2025 + Catálogo de Escolas InepData]]></description><Point><coordinates>-54.6086,-20.48721,0</coordinates></Point></Placemark><Placemark><name>COLEGIO ALBERTO BETTENCOURT</name><description><![CDATA[Código INEP: 50007475<br>Município: Campo Grande<br>Fonte: INEP Censo Escolar 2025 + Catálogo de Escolas InepData]]></description><Point><coordinates>-54.6897321,-20.4590746,0</coordinates></Point></Placemark><Placemark><name>ESCOLA IDEAL</name><description><![CDATA[Código INEP: 50007483<br>Município: Campo Grande<br>Fonte: INEP Censo Escolar 2025 + Catálogo de Escolas InepData]]></description><Point><coordinates>-54.6694,-20.44376,0</coordinates></Point></Placemark><Placemark><name>ESCOLA AMARELINHA YELLOW</name><description><![CDATA[Código INEP: 50007491<br>Município: Campo Grande<br>Fonte: INEP Censo Escolar 2025 + Catálogo de Escolas InepData]]></description><Point><coordinates>-54.57123,-20.42575,0</coordinates></Point></Placemark><Placemark><name>INSTITUTO EDUCAP</name><description><![CDATA[Código INEP: 50007505<br>Município: Campo Grande<br>Fonte: INEP Censo Escolar 2025 + Catálogo de Escolas InepData]]></description><Point><coordinates>-54.5974,-20.52598,0</coordinates></Point></Placemark><Placemark><name>COLEGIO BALAO MAGICO</name><description><![CDATA[Código INEP: 50007530<br>Município: Campo Grande<br>Fonte: INEP Censo Escolar 2025 + Catálogo de Escolas InepData]]></description><Point><coordinates>-54.57779,-20.55104,0</coordinates></Point></Placemark><Placemark><name>ESCOLA CRESCENDO EIEF</name><description><![CDATA[Código INEP: 50007629<br>Município: Campo Grande<br>Fonte: INEP Censo Escolar 2025 + Catálogo de Escolas InepData]]></description><Point><coordinates>-54.63748,-20.48916,0</coordinates></Point></Placemark><Placemark><name>ESCOLA DE EDUCACAO INFANTIL FAZ DE CONTA E ENSINO FUNDAMENTAL NOVA GERACAO</name><description><![CDATA[Código INEP: 50007661<br>Município: Campo Grande<br>Fonte: INEP Censo Escolar 2025 + Catálogo de Escolas InepData]]></description><Point><coordinates>-54.64441,-20.47432,0</coordinates></Point></Placemark><Placemark><name>CENTRO DE ENSINO CAMPO-GRANDENSE - CECAMP</name><description><![CDATA[Código INEP: 50007688<br>Município: Campo Grande<br>Fonte: INEP Censo Escolar 2025 + Catálogo de Escolas InepData]]></description><Point><coordinates>-54.6172,-20.46848,0</coordinates></Point></Placemark><Placemark><name>ESCOLA NAZARE EIEF</name><description><![CDATA[Código INEP: 50007700<br>Município: Campo Grande<br>Fonte: INEP Censo Escolar 2025 + Catálogo de Escolas InepData]]></description><Point><coordinates>-54.65890967,-20.49944247,0</coordinates></Point></Placemark><Placemark><name>COLEGIO ALMIRANTE TAMANDARE</name><description><![CDATA[Código INEP: 50007718<br>Município: Campo Grande<br>Fonte: INEP Censo Escolar 2025 + Catálogo de Escolas InepData]]></description><Point><coordinates>-54.635054,-20.4621217,0</coordinates></Point></Placemark><Placemark><name>O CASULO ESTABELECIMENTO DE ENSINO</name><description><![CDATA[Código INEP: 50007734<br>Município: Campo Grande<br>Fonte: INEP Censo Escolar 2025 + Catálogo de Escolas InepData]]></description><Point><coordinates>-54.6091241,-20.47792541,0</coordinates></Point></Placemark><Placemark><name>METROPOLITANO INST DE EDUC E CULTURA</name><description><![CDATA[Código INEP: 50007742<br>Município: Campo Grande<br>Fonte: INEP Censo Escolar 2025 + Catálogo de Escolas InepData]]></description><Point><coordinates>-54.6154,-20.45536,0</coordinates></Point></Placemark><Placemark><name>ESCOLA ATUAL EIEF</name><description><![CDATA[Código INEP: 50007750<br>Município: Campo Grande<br>Fonte: INEP Censo Escolar 2025 + Catálogo de Escolas InepData]]></description><Point><coordinates>-54.54819096,-20.47257481,0</coordinates></Point></Placemark><Placemark><name>ESCOLA TURMA DA MONICA</name><description><![CDATA[Código INEP: 50007823<br>Município: Campo Grande<br>Fonte: INEP Censo Escolar 2025 + Catálogo de Escolas InepData]]></description><Point><coordinates>-54.6652296,-20.4772812,0</coordinates></Point></Placemark><Placemark><name>ESCOLA VISCONDE DE CAIRU</name><description><![CDATA[Código INEP: 50007831<br>Município: Campo Grande<br>Fonte: INEP Censo Escolar 2025 + Catálogo de Escolas InepData]]></description><Point><coordinates>-54.61942119,-20.45778148,0</coordinates></Point></Placemark><Placemark><name>COLEGIO SALESIANO DOM BOSCO</name><description><![CDATA[Código INEP: 50007858<br>Município: Campo Grande<br>Fonte: INEP Censo Escolar 2025 + Catálogo de Escolas InepData]]></description><Point><coordinates>-54.6179549,-20.4549682,0</coordinates></Point></Placemark><Placemark><name>CENTRO DE ENS NOSSA SENHORA AUXILIADORA</name><description><![CDATA[Código INEP: 50007874<br>Município: Campo Grande<br>Fonte: INEP Censo Escolar 2025 + Catálogo de Escolas InepData]]></description><Point><coordinates>-54.6128679,-20.4558947,0</coordinates></Point></Placemark><Placemark><name>COLEGIO OSWALDO TOGNINI</name><description><![CDATA[Código INEP: 50007890<br>Município: Campo Grande<br>Fonte: INEP Censo Escolar 2025 + Catálogo de Escolas InepData]]></description><Point><coordinates>-54.57944638,-20.46113194,0</coordinates></Point></Placemark><Placemark><name>MABE MODERNA ASSOCIACAO BRASILEIRA DE ENSINO MEDIO LTDA</name><description><![CDATA[Código INEP: 50007904<br>Município: Campo Grande<br>Fonte: INEP Censo Escolar 2025 + Catálogo de Escolas InepData]]></description><Point><coordinates>-54.6140304,-20.4672701,0</coordinates></Point></Placemark><Placemark><name>COLEGIO PROF LOURIVAL MARTINS FAGUNDES</name><description><![CDATA[Código INEP: 50007912<br>Município: Campo Grande<br>Fonte: INEP Censo Escolar 2025 + Catálogo de Escolas InepData]]></description><Point><coordinates>-54.56637,-20.41489,0</coordinates></Point></Placemark><Placemark><name>COLEGIO RAUL SANS DE MATOS</name><description><![CDATA[Código INEP: 50007920<br>Município: Campo Grande<br>Fonte: INEP Censo Escolar 2025 + Catálogo de Escolas InepData]]></description><Point><coordinates>-54.61322925,-20.47839382,0</coordinates></Point></Placemark><Placemark><name>COLEGIO SANTEL</name><description><![CDATA[Código INEP: 50007971<br>Município: Campo Grande<br>Fonte: INEP Censo Escolar 2025 + Catálogo de Escolas InepData]]></description><Point><coordinates>-54.58279,-20.47159,0</coordinates></Point></Placemark><Placemark><name>ESCOLA ESPECIAL RAIO DE SOL</name><description><![CDATA[Código INEP: 50008064<br>Município: Campo Grande<br>Fonte: INEP Censo Escolar 2025 + Catálogo de Escolas InepData]]></description><Point><coordinates>-54.6062654,-20.4486837,0</coordinates></Point></Placemark><Placemark><name>ESCOLA ESPECIAL COLIBRI</name><description><![CDATA[Código INEP: 50008080<br>Município: Campo Grande<br>Fonte: INEP Censo Escolar 2025 + Catálogo de Escolas InepData]]></description><Point><coordinates>-54.6492718,-20.4472334,0</coordinates></Point></Placemark><Placemark><name>EE PROFª MARIA RITA DE CASSIA PONTES TEIXEIRA</name><description><![CDATA[Código INEP: 50008463<br>Município: Campo Grande<br>Fonte: INEP Censo Escolar 2025 + Catálogo de Escolas InepData]]></description><Point><coordinates>-54.6663421,-20.4799029,0</coordinates></Point></Placemark><Placemark><name>EE PROFª ZELIA QUEVEDO CHAVES</name><description><![CDATA[Código INEP: 50008501<br>Município: Campo Grande<br>Fonte: INEP Censo Escolar 2025 + Catálogo de Escolas InepData]]></description><Point><coordinates>-54.6451285,-20.5336419,0</coordinates></Point></Placemark><Placemark><name>EM PROF ALDO DE QUEIROZ</name><description><![CDATA[Código INEP: 50008714<br>Município: Campo Grande<br>Fonte: INEP Censo Escolar 2025 + Catálogo de Escolas InepData]]></description><Point><coordinates>-54.58679773,-20.55085912,0</coordinates></Point></Placemark><Placemark><name>EM PROF JOAO CANDIDO DE SOUZA</name><description><![CDATA[Código INEP: 50008803<br>Município: Campo Grande<br>Fonte: INEP Censo Escolar 2025 + Catálogo de Escolas InepData]]></description><Point><coordinates>-54.56836676,-20.37266522,0</coordinates></Point></Placemark><Placemark><name>EM ANTONIO JOSE PANIAGO</name><description><![CDATA[Código INEP: 50008862<br>Município: Campo Grande<br>Fonte: INEP Censo Escolar 2025 + Catálogo de Escolas InepData]]></description><Point><coordinates>-54.57001613,-20.51180266,0</coordinates></Point></Placemark><Placemark><name>COLEGIO MARIA MONTESSORI</name><description><![CDATA[Código INEP: 50009060<br>Município: Campo Grande<br>Fonte: INEP Censo Escolar 2025 + Catálogo de Escolas InepData]]></description><Point><coordinates>-54.60319878,-20.45239672,0</coordinates></Point></Placemark><Placemark><name>INST SMG CEGOS FLORIVALDO VARGAS - ISMAC</name><description><![CDATA[Código INEP: 50009079<br>Município: Campo Grande<br>Fonte: INEP Censo Escolar 2025 + Catálogo de Escolas InepData]]></description><Point><coordinates>-54.6045767,-20.4609074,0</coordinates></Point></Placemark><Placemark><name>NOTA 10 INTERNACIONAL - UNIDADE MAXIMA</name><description><![CDATA[Código INEP: 50009087<br>Município: Campo Grande<br>Fonte: INEP Censo Escolar 2025 + Catálogo de Escolas InepData]]></description><Point><coordinates>-54.59599536,-20.45682183,0</coordinates></Point></Placemark><Placemark><name>INSTITUTO DE EDUCACAO HARMONIA</name><description><![CDATA[Código INEP: 50009095<br>Município: Campo Grande<br>Fonte: INEP Censo Escolar 2025 + Catálogo de Escolas InepData]]></description><Point><coordinates>-54.5965376,-20.4735445,0</coordinates></Point></Placemark><Placemark><name>ESCOLA INOVACAO</name><description><![CDATA[Código INEP: 50009133<br>Município: Campo Grande<br>Fonte: INEP Censo Escolar 2025 + Catálogo de Escolas InepData]]></description><Point><coordinates>-54.6137799,-20.4380107,0</coordinates></Point></Placemark><Placemark><name>COLEGIO STATUS - UNIDADE 1</name><description><![CDATA[Código INEP: 50009141<br>Município: Campo Grande<br>Fonte: INEP Censo Escolar 2025 + Catálogo de Escolas InepData]]></description><Point><coordinates>-54.604065,-20.4880012,0</coordinates></Point></Placemark><Placemark><name>ASSOCIACAO FILANTROPICA ACACIA MORENA</name><description><![CDATA[Código INEP: 50009206<br>Município: Campo Grande<br>Fonte: INEP Censo Escolar 2025 + Catálogo de Escolas InepData]]></description><Point><coordinates>-54.6355298,-20.5010218,0</coordinates></Point></Placemark><Placemark><name>EMEI MENINO JESUS DE PRAGA</name><description><![CDATA[Código INEP: 50021842<br>Município: Campo Grande<br>Fonte: INEP Censo Escolar 2025 + Catálogo de Escolas InepData]]></description><Point><coordinates>-54.6706,-20.5357949,0</coordinates></Point></Placemark><Placemark><name>INSTITUTO DE EDUC HARMONIA UNIDADE II</name><description><![CDATA[Código INEP: 50022890<br>Município: Campo Grande<br>Fonte: INEP Censo Escolar 2025 + Catálogo de Escolas InepData]]></description><Point><coordinates>-54.5987729,-20.4762993,0</coordinates></Point></Placemark><Placemark><name>ASSOCIACAO ESCOLA CLINICA SANTA TEREZINHA</name><description><![CDATA[Código INEP: 50022903<br>Município: Campo Grande<br>Fonte: INEP Censo Escolar 2025 + Catálogo de Escolas InepData]]></description><Point><coordinates>-54.6221186,-20.4988161,0</coordinates></Point></Placemark><Placemark><name>ESCOLA DE DESENVOLVIMENTO ESPECIAL JULIANO FERNANDES VARELA</name><description><![CDATA[Código INEP: 50022920<br>Município: Campo Grande<br>Fonte: INEP Censo Escolar 2025 + Catálogo de Escolas InepData]]></description><Point><coordinates>-54.62379,-20.47582,0</coordinates></Point></Placemark><Placemark><name>ASEADEM- ASSOCIACAO ESPECIAL DE ATENDIMENTO AO DEFICIENTE MENTAL</name><description><![CDATA[Código INEP: 50022938<br>Município: Campo Grande<br>Fonte: INEP Censo Escolar 2025 + Catálogo de Escolas InepData]]></description><Point><coordinates>-54.5899373,-20.4104153,0</coordinates></Point></Placemark><Placemark><name>AMA - ASSOCIACAO DE PAIS E AMIGOS DO AUTISTA</name><description><![CDATA[Código INEP: 50022962<br>Município: Campo Grande<br>Fonte: INEP Censo Escolar 2025 + Catálogo de Escolas InepData]]></description><Point><coordinates>-54.6271905,-20.4674214,0</coordinates></Point></Placemark><Placemark><name>EE JOSE ANTONIO PEREIRA</name><description><![CDATA[Código INEP: 50022997<br>Município: Campo Grande<br>Fonte: INEP Censo Escolar 2025 + Catálogo de Escolas InepData]]></description><Point><coordinates>-54.6451906,-20.4751888,0</coordinates></Point></Placemark><Placemark><name>EE PROFª NEYDER SUELLY COSTA VIEIRA</name><description><![CDATA[Código INEP: 50023004<br>Município: Campo Grande<br>Fonte: INEP Censo Escolar 2025 + Catálogo de Escolas InepData]]></description><Point><coordinates>-54.6565619,-20.5220248,0</coordinates></Point></Placemark><Placemark><name>EMEI NOSSA SENHORA DE FATIMA</name><description><![CDATA[Código INEP: 50023039<br>Município: Campo Grande<br>Fonte: INEP Censo Escolar 2025 + Catálogo de Escolas InepData]]></description><Point><coordinates>-54.6613096,-20.494279,0</coordinates></Point></Placemark><Placemark><name>EMEI NOSSA SENHORA AUXILIADORA</name><description><![CDATA[Código INEP: 50023047<br>Município: Campo Grande<br>Fonte: INEP Censo Escolar 2025 + Catálogo de Escolas InepData]]></description><Point><coordinates>-54.64863212,-20.51994363,0</coordinates></Point></Placemark><Placemark><name>EMEI PROFª LINA LEMES DE OLIVEIRA</name><description><![CDATA[Código INEP: 50023055<br>Município: Campo Grande<br>Fonte: INEP Censo Escolar 2025 + Catálogo de Escolas InepData]]></description><Point><coordinates>-54.5793173,-20.48016418,0</coordinates></Point></Placemark><Placemark><name>EMEI SANTA EDWIRGES</name><description><![CDATA[Código INEP: 50023063<br>Município: Campo Grande<br>Fonte: INEP Censo Escolar 2025 + Catálogo de Escolas InepData]]></description><Point><coordinates>-54.65864019,-20.52971376,0</coordinates></Point></Placemark><Placemark><name>EMEI CRISTO E VIDA</name><description><![CDATA[Código INEP: 50023071<br>Município: Campo Grande<br>Fonte: INEP Censo Escolar 2025 + Catálogo de Escolas InepData]]></description><Point><coordinates>-54.7038044,-20.4481689,0</coordinates></Point></Placemark><Placemark><name>EMEI SAO JOSE</name><description><![CDATA[Código INEP: 50023080<br>Município: Campo Grande<br>Fonte: INEP Censo Escolar 2025 + Catálogo de Escolas InepData]]></description><Point><coordinates>-54.61362942,-20.51741563,0</coordinates></Point></Placemark><Placemark><name>EMEI TRIANGULO AZUL</name><description><![CDATA[Código INEP: 50023098<br>Município: Campo Grande<br>Fonte: INEP Censo Escolar 2025 + Catálogo de Escolas InepData]]></description><Point><coordinates>-54.58876674,-20.54943805,0</coordinates></Point></Placemark><Placemark><name>ASSOCIACAO CAMILLE FLAMMARION</name><description><![CDATA[Código INEP: 50023136<br>Município: Campo Grande<br>Fonte: INEP Censo Escolar 2025 + Catálogo de Escolas InepData]]></description><Point><coordinates>-54.6234683,-20.5005075,0</coordinates></Point></Placemark><Placemark><name>EM PROFª FLORA GUIMARAES ROSA PIRES</name><description><![CDATA[Código INEP: 50023144<br>Município: Campo Grande<br>Fonte: INEP Censo Escolar 2025 + Catálogo de Escolas InepData]]></description><Point><coordinates>-54.6031079,-20.4993347,0</coordinates></Point></Placemark><Placemark><name>EM PROF LUIS ANTONIO DE SA CARVALHO</name><description><![CDATA[Código INEP: 50023152<br>Município: Campo Grande<br>Fonte: INEP Censo Escolar 2025 + Catálogo de Escolas InepData]]></description><Point><coordinates>-54.5972382,-20.4517816,0</coordinates></Point></Placemark><Placemark><name>EM VALDETE ROSA DA SILVA</name><description><![CDATA[Código INEP: 50023160<br>Município: Campo Grande<br>Fonte: INEP Censo Escolar 2025 + Catálogo de Escolas InepData]]></description><Point><coordinates>-54.6175462,-20.5531224,0</coordinates></Point></Placemark><Placemark><name>EM PROF WILSON TAVEIRA ROSALINO</name><description><![CDATA[Código INEP: 50023179<br>Município: Campo Grande<br>Fonte: INEP Censo Escolar 2025 + Catálogo de Escolas InepData]]></description><Point><coordinates>-54.6467041,-20.5148864,0</coordinates></Point></Placemark><Placemark><name>EMEI PROFª GEORGIA DE FATIMA NOGUEIRA BORGES</name><description><![CDATA[Código INEP: 50023187<br>Município: Campo Grande<br>Fonte: INEP Censo Escolar 2025 + Catálogo de Escolas InepData]]></description><Point><coordinates>-54.5999506,-20.4370368,0</coordinates></Point></Placemark><Placemark><name>EMEI LAR DE SHEILA</name><description><![CDATA[Código INEP: 50023195<br>Município: Campo Grande<br>Fonte: INEP Censo Escolar 2025 + Catálogo de Escolas InepData]]></description><Point><coordinates>-54.65562126,-20.43267122,0</coordinates></Point></Placemark><Placemark><name>EMEI DOM ANTONIO BARBOSA</name><description><![CDATA[Código INEP: 50023209<br>Município: Campo Grande<br>Fonte: INEP Censo Escolar 2025 + Catálogo de Escolas InepData]]></description><Point><coordinates>-54.6470818,-20.5155149,0</coordinates></Point></Placemark><Placemark><name>ASSOCIACAO EVANGELICA DE PROTECAO A CRIANCAS</name><description><![CDATA[Código INEP: 50023217<br>Município: Campo Grande<br>Fonte: INEP Censo Escolar 2025 + Catálogo de Escolas InepData]]></description><Point><coordinates>-54.64467846,-20.48600247,0</coordinates></Point></Placemark><Placemark><name>EMEI SAO FRANCISCO DE ASSIS</name><description><![CDATA[Código INEP: 50023225<br>Município: Campo Grande<br>Fonte: INEP Censo Escolar 2025 + Catálogo de Escolas InepData]]></description><Point><coordinates>-54.64345847,-20.49551136,0</coordinates></Point></Placemark><Placemark><name>CEI - JOAO PAULO II</name><description><![CDATA[Código INEP: 50023233<br>Município: Campo Grande<br>Fonte: INEP Censo Escolar 2025 + Catálogo de Escolas InepData]]></description><Point><coordinates>-54.60234,-20.52762,0</coordinates></Point></Placemark><Placemark><name>EMEI PEDACINHO DO CEU</name><description><![CDATA[Código INEP: 50023241<br>Município: Campo Grande<br>Fonte: INEP Censo Escolar 2025 + Catálogo de Escolas InepData]]></description><Point><coordinates>-54.5983637,-20.5185185,0</coordinates></Point></Placemark><Placemark><name>EMEI JOSE MORESCHI</name><description><![CDATA[Código INEP: 50023268<br>Município: Campo Grande<br>Fonte: INEP Censo Escolar 2025 + Catálogo de Escolas InepData]]></description><Point><coordinates>-54.65276792,-20.51865417,0</coordinates></Point></Placemark><Placemark><name>EMEI SANTA BARBARA</name><description><![CDATA[Código INEP: 50023276<br>Município: Campo Grande<br>Fonte: INEP Censo Escolar 2025 + Catálogo de Escolas InepData]]></description><Point><coordinates>-54.65689005,-20.52207369,0</coordinates></Point></Placemark><Placemark><name>EMEI SANTA TEREZINHA</name><description><![CDATA[Código INEP: 50023284<br>Município: Campo Grande<br>Fonte: INEP Censo Escolar 2025 + Catálogo de Escolas InepData]]></description><Point><coordinates>-54.6048494,-20.4905706,0</coordinates></Point></Placemark><Placemark><name>EM IRMA IRMA ZORZI</name><description><![CDATA[Código INEP: 50023292<br>Município: Campo Grande<br>Fonte: INEP Censo Escolar 2025 + Catálogo de Escolas InepData]]></description><Point><coordinates>-54.66662169,-20.44650229,0</coordinates></Point></Placemark><Placemark><name>EMEI PROFª CIRENE RODRIGUES LIMA</name><description><![CDATA[Código INEP: 50023306<br>Município: Campo Grande<br>Fonte: INEP Censo Escolar 2025 + Catálogo de Escolas InepData]]></description><Point><coordinates>-54.64577573,-20.45190927,0</coordinates></Point></Placemark><Placemark><name>EMEI LAURA DE VICUNA</name><description><![CDATA[Código INEP: 50023314<br>Município: Campo Grande<br>Fonte: INEP Censo Escolar 2025 + Catálogo de Escolas InepData]]></description><Point><coordinates>-54.6680156,-20.5271297,0</coordinates></Point></Placemark><Placemark><name>EMEI CORDEIRINHO DE JESUS</name><description><![CDATA[Código INEP: 50023322<br>Município: Campo Grande<br>Fonte: INEP Censo Escolar 2025 + Catálogo de Escolas InepData]]></description><Point><coordinates>-54.66154167,-20.41777833,0</coordinates></Point></Placemark><Placemark><name>CEI - PEQUENO PRINCIPE</name><description><![CDATA[Código INEP: 50023330<br>Município: Campo Grande<br>Fonte: INEP Censo Escolar 2025 + Catálogo de Escolas InepData]]></description><Point><coordinates>-54.5927934,-20.4427196,0</coordinates></Point></Placemark><Placemark><name>EMEI PROFª ROSA MARIA RODRIGUES</name><description><![CDATA[Código INEP: 50023365<br>Município: Campo Grande<br>Fonte: INEP Censo Escolar 2025 + Catálogo de Escolas InepData]]></description><Point><coordinates>-54.68793704,-20.44162024,0</coordinates></Point></Placemark><Placemark><name>CEI - FLAMINGOS</name><description><![CDATA[Código INEP: 50023381<br>Município: Campo Grande<br>Fonte: INEP Censo Escolar 2025 + Catálogo de Escolas InepData]]></description><Point><coordinates>-54.6437743,-20.4516313,0</coordinates></Point></Placemark><Placemark><name>EMEI ELEODES ESTEVAN</name><description><![CDATA[Código INEP: 50023403<br>Município: Campo Grande<br>Fonte: INEP Censo Escolar 2025 + Catálogo de Escolas InepData]]></description><Point><coordinates>-54.60427,-20.4614317,0</coordinates></Point></Placemark><Placemark><name>EMEI ANTONIO MARIO GONCALVES</name><description><![CDATA[Código INEP: 50023420<br>Município: Campo Grande<br>Fonte: INEP Censo Escolar 2025 + Catálogo de Escolas InepData]]></description><Point><coordinates>-54.56034,-20.4720817,0</coordinates></Point></Placemark><Placemark><name>EMEI O BOM PASTOR</name><description><![CDATA[Código INEP: 50023438<br>Município: Campo Grande<br>Fonte: INEP Censo Escolar 2025 + Catálogo de Escolas InepData]]></description><Point><coordinates>-54.5953417,-20.4203889,0</coordinates></Point></Placemark><Placemark><name>SOCIEDADE ASSISTENCIAL MEIMEI CASA DA CRIANCA MEIMEI</name><description><![CDATA[Código INEP: 50023446<br>Município: Campo Grande<br>Fonte: INEP Censo Escolar 2025 + Catálogo de Escolas InepData]]></description><Point><coordinates>-54.63812809,-20.41827704,0</coordinates></Point></Placemark><Placemark><name>ESPACO LIVRE</name><description><![CDATA[Código INEP: 50023888<br>Município: Campo Grande<br>Fonte: INEP Censo Escolar 2025 + Catálogo de Escolas InepData]]></description><Point><coordinates>-54.6024,-20.44945,0</coordinates></Point></Placemark><Placemark><name>COLEGIO LICEU</name><description><![CDATA[Código INEP: 50023900<br>Município: Campo Grande<br>Fonte: INEP Censo Escolar 2025 + Catálogo de Escolas InepData]]></description><Point><coordinates>-54.6371085,-20.45820784,0</coordinates></Point></Placemark><Placemark><name>COLEGIO NOVA DIMENSAO UNIDADE I</name><description><![CDATA[Código INEP: 50023918<br>Município: Campo Grande<br>Fonte: INEP Censo Escolar 2025 + Catálogo de Escolas InepData]]></description><Point><coordinates>-54.61700333,-20.51875667,0</coordinates></Point></Placemark><Placemark><name>CENTRO EDUCACIONAL ALCEU VIANA</name><description><![CDATA[Código INEP: 50024353<br>Município: Campo Grande<br>Fonte: INEP Censo Escolar 2025 + Catálogo de Escolas InepData]]></description><Point><coordinates>-54.5675771,-20.4135972,0</coordinates></Point></Placemark><Placemark><name>EM AGRICOLA GOV ARNALDO ESTEVAO DE FIGUEIREDO</name><description><![CDATA[Código INEP: 50024507<br>Município: Campo Grande<br>Fonte: INEP Censo Escolar 2025 + Catálogo de Escolas InepData]]></description><Point><coordinates>-54.53151667,-20.62646333,0</coordinates></Point></Placemark><Placemark><name>EM RAFAELA ABRAO</name><description><![CDATA[Código INEP: 50024523<br>Município: Campo Grande<br>Fonte: INEP Censo Escolar 2025 + Catálogo de Escolas InepData]]></description><Point><coordinates>-54.6530412,-20.5097261,0</coordinates></Point></Placemark><Placemark><name>ESCOLA CAMINHO DO SABER</name><description><![CDATA[Código INEP: 50024604<br>Município: Campo Grande<br>Fonte: INEP Censo Escolar 2025 + Catálogo de Escolas InepData]]></description><Point><coordinates>-54.60424,-20.42992,0</coordinates></Point></Placemark><Placemark><name>EM PROF VANDERLEI ROSA DE OLIVEIRA</name><description><![CDATA[Código INEP: 50024647<br>Município: Campo Grande<br>Fonte: INEP Censo Escolar 2025 + Catálogo de Escolas InepData]]></description><Point><coordinates>-54.55717809,-20.4199814,0</coordinates></Point></Placemark><Placemark><name>EM NAZIRA ANACHE</name><description><![CDATA[Código INEP: 50024795<br>Município: Campo Grande<br>Fonte: INEP Censo Escolar 2025 + Catálogo de Escolas InepData]]></description><Point><coordinates>-54.56066115,-20.3808624,0</coordinates></Point></Placemark><Placemark><name>EM PE TOMAZ GHIRARDELLI</name><description><![CDATA[Código INEP: 50024809<br>Município: Campo Grande<br>Fonte: INEP Censo Escolar 2025 + Catálogo de Escolas InepData]]></description><Point><coordinates>-54.6488143,-20.551811,0</coordinates></Point></Placemark><Placemark><name>EM PROFª ONEIDA RAMOS</name><description><![CDATA[Código INEP: 50024817<br>Município: Campo Grande<br>Fonte: INEP Censo Escolar 2025 + Catálogo de Escolas InepData]]></description><Point><coordinates>-54.57691823,-20.51894431,0</coordinates></Point></Placemark><Placemark><name>EM ELPIDIO REIS</name><description><![CDATA[Código INEP: 50024825<br>Município: Campo Grande<br>Fonte: INEP Censo Escolar 2025 + Catálogo de Escolas InepData]]></description><Point><coordinates>-54.5712805,-20.427427,0</coordinates></Point></Placemark><Placemark><name>EM DES CARLOS GARCIA DE QUEIROZ</name><description><![CDATA[Código INEP: 50024833<br>Município: Campo Grande<br>Fonte: INEP Censo Escolar 2025 + Catálogo de Escolas InepData]]></description><Point><coordinates>-54.67341263,-20.43298341,0</coordinates></Point></Placemark><Placemark><name>CRECHE SANTA FE</name><description><![CDATA[Código INEP: 50024990<br>Município: Campo Grande<br>Fonte: INEP Censo Escolar 2025 + Catálogo de Escolas InepData]]></description><Point><coordinates>-54.5886483,-20.4520667,0</coordinates></Point></Placemark><Placemark><name>ENERGIA EEIEF</name><description><![CDATA[Código INEP: 50025058<br>Município: Campo Grande<br>Fonte: INEP Censo Escolar 2025 + Catálogo de Escolas InepData]]></description><Point><coordinates>-54.61117,-20.44494,0</coordinates></Point></Placemark><Placemark><name>COLEGIO SUCESSO</name><description><![CDATA[Código INEP: 50025139<br>Município: Campo Grande<br>Fonte: INEP Censo Escolar 2025 + Catálogo de Escolas InepData]]></description><Point><coordinates>-54.60055,-20.43911,0</coordinates></Point></Placemark><Placemark><name>ESCOLA TECNICA DO SUS PROFª ENA DE ARAUJO GALVAO</name><description><![CDATA[Código INEP: 50025180<br>Município: Campo Grande<br>Fonte: INEP Censo Escolar 2025 + Catálogo de Escolas InepData]]></description><Point><coordinates>-54.6206962,-20.5061178,0</coordinates></Point></Placemark><Placemark><name>EM SULIVAN SILVESTRE OLIVEIRA - TUMUNE KALIVONO - CRIANCA DO FUTURO</name><description><![CDATA[Código INEP: 50025708<br>Município: Campo Grande<br>Fonte: INEP Censo Escolar 2025 + Catálogo de Escolas InepData]]></description><Point><coordinates>-54.57014521,-20.46848486,0</coordinates></Point></Placemark><Placemark><name>EM PROFª IONE CATARINA GIANOTTI IGYDIO</name><description><![CDATA[Código INEP: 50025716<br>Município: Campo Grande<br>Fonte: INEP Censo Escolar 2025 + Catálogo de Escolas InepData]]></description><Point><coordinates>-54.53047741,-20.46060925,0</coordinates></Point></Placemark><Placemark><name>EM PROF FAUZE SCAFF GATTASS FILHO</name><description><![CDATA[Código INEP: 50025724<br>Município: Campo Grande<br>Fonte: INEP Censo Escolar 2025 + Catálogo de Escolas InepData]]></description><Point><coordinates>-54.6955167,-20.4673205,0</coordinates></Point></Placemark><Placemark><name>EMEI PROFª SELMA APARECIDA FERREIRA LEAL TOMM</name><description><![CDATA[Código INEP: 50025805<br>Município: Campo Grande<br>Fonte: INEP Censo Escolar 2025 + Catálogo de Escolas InepData]]></description><Point><coordinates>-54.75298259,-20.47900769,0</coordinates></Point></Placemark><Placemark><name>EMEI IRMA JUDITH BANDERA</name><description><![CDATA[Código INEP: 50025813<br>Município: Campo Grande<br>Fonte: INEP Censo Escolar 2025 + Catálogo de Escolas InepData]]></description><Point><coordinates>-54.67885016,-20.48890869,0</coordinates></Point></Placemark><Placemark><name>EMEI PROF AMARILIO FERREIRA JUNIOR</name><description><![CDATA[Código INEP: 50025821<br>Município: Campo Grande<br>Fonte: INEP Censo Escolar 2025 + Catálogo de Escolas InepData]]></description><Point><coordinates>-54.6825501,-20.4611756,0</coordinates></Point></Placemark><Placemark><name>EMEI PAULINO ROMEIRO PARE</name><description><![CDATA[Código INEP: 50025830<br>Município: Campo Grande<br>Fonte: INEP Censo Escolar 2025 + Catálogo de Escolas InepData]]></description><Point><coordinates>-54.5639089,-20.4229789,0</coordinates></Point></Placemark><Placemark><name>EMEI ALOINA DE OLIVEIRA SOARES</name><description><![CDATA[Código INEP: 50025848<br>Município: Campo Grande<br>Fonte: INEP Censo Escolar 2025 + Catálogo de Escolas InepData]]></description><Point><coordinates>-54.65159842,-20.45185749,0</coordinates></Point></Placemark><Placemark><name>EMEI FLORIA BRITEZ DE EUGENIO</name><description><![CDATA[Código INEP: 50025856<br>Município: Campo Grande<br>Fonte: INEP Censo Escolar 2025 + Catálogo de Escolas InepData]]></description><Point><coordinates>-54.5786734,-20.55694484,0</coordinates></Point></Placemark><Placemark><name>EMEI MARIA DE LOURDES VIEIRA CASTOLDI</name><description><![CDATA[Código INEP: 50025864<br>Município: Campo Grande<br>Fonte: INEP Censo Escolar 2025 + Catálogo de Escolas InepData]]></description><Point><coordinates>-54.68266299,-20.45214269,0</coordinates></Point></Placemark><Placemark><name>EMEI OLINDA TOSHIMI NISHIO NASSU</name><description><![CDATA[Código INEP: 50025872<br>Município: Campo Grande<br>Fonte: INEP Censo Escolar 2025 + Catálogo de Escolas InepData]]></description><Point><coordinates>-54.5793119,-20.399553,0</coordinates></Point></Placemark><Placemark><name>EMEI LUCIA ANGELA DE CASTRO COSTA</name><description><![CDATA[Código INEP: 50025880<br>Município: Campo Grande<br>Fonte: INEP Censo Escolar 2025 + Catálogo de Escolas InepData]]></description><Point><coordinates>-54.61666379,-20.43448733,0</coordinates></Point></Placemark><Placemark><name>EMEI JASMIM IBRAHIM BACHA</name><description><![CDATA[Código INEP: 50025899<br>Município: Campo Grande<br>Fonte: INEP Censo Escolar 2025 + Catálogo de Escolas InepData]]></description><Point><coordinates>-54.5626754,-20.3872654,0</coordinates></Point></Placemark><Placemark><name>EMEI LUIZ CARLOS SOBRAL PETTENGILL</name><description><![CDATA[Código INEP: 50025902<br>Município: Campo Grande<br>Fonte: INEP Censo Escolar 2025 + Catálogo de Escolas InepData]]></description><Point><coordinates>-54.5780033,-20.5182113,0</coordinates></Point></Placemark><Placemark><name>EMEI ANTONIO RUSTIANO FERNANDES</name><description><![CDATA[Código INEP: 50025910<br>Município: Campo Grande<br>Fonte: INEP Censo Escolar 2025 + Catálogo de Escolas InepData]]></description><Point><coordinates>-54.6386091,-20.4960517,0</coordinates></Point></Placemark><Placemark><name>EMEI IVONE CALARGE ZAHRAN</name><description><![CDATA[Código INEP: 50025929<br>Município: Campo Grande<br>Fonte: INEP Censo Escolar 2025 + Catálogo de Escolas InepData]]></description><Point><coordinates>-54.6202256,-20.5543209,0</coordinates></Point></Placemark><Placemark><name>EMEI LAGEADO</name><description><![CDATA[Código INEP: 50025937<br>Município: Campo Grande<br>Fonte: INEP Censo Escolar 2025 + Catálogo de Escolas InepData]]></description><Point><coordinates>-54.6449788,-20.5475578,0</coordinates></Point></Placemark><Placemark><name>EMEI VERA ALBA CONGRO BASTOS</name><description><![CDATA[Código INEP: 50025945<br>Município: Campo Grande<br>Fonte: INEP Censo Escolar 2025 + Catálogo de Escolas InepData]]></description><Point><coordinates>-54.6248492,-20.5607045,0</coordinates></Point></Placemark><Placemark><name>EMEI FATIMA DE JESUS DINIZ SILVEIRA</name><description><![CDATA[Código INEP: 50025953<br>Município: Campo Grande<br>Fonte: INEP Censo Escolar 2025 + Catálogo de Escolas InepData]]></description><Point><coordinates>-54.6356988,-20.4141939,0</coordinates></Point></Placemark><Placemark><name>EMEI CLEOMAR BAPTISTA DOS SANTOS</name><description><![CDATA[Código INEP: 50025961<br>Município: Campo Grande<br>Fonte: INEP Censo Escolar 2025 + Catálogo de Escolas InepData]]></description><Point><coordinates>-54.60537033,-20.53092579,0</coordinates></Point></Placemark><Placemark><name>EMEI PAULO SIUFI</name><description><![CDATA[Código INEP: 50025970<br>Município: Campo Grande<br>Fonte: INEP Censo Escolar 2025 + Catálogo de Escolas InepData]]></description><Point><coordinates>-54.58450879,-20.43643079,0</coordinates></Point></Placemark><Placemark><name>EMEI IPIRANGA</name><description><![CDATA[Código INEP: 50025988<br>Município: Campo Grande<br>Fonte: INEP Censo Escolar 2025 + Catálogo de Escolas InepData]]></description><Point><coordinates>-54.61648107,-20.49745391,0</coordinates></Point></Placemark><Placemark><name>EMEI MARIA EDWIGES DE ALBUQUERQUE BORGES</name><description><![CDATA[Código INEP: 50025996<br>Município: Campo Grande<br>Fonte: INEP Censo Escolar 2025 + Catálogo de Escolas InepData]]></description><Point><coordinates>-54.6712713,-20.490194,0</coordinates></Point></Placemark><Placemark><name>CENTRO DE EDUCACAO INFANTIL GIRASSOL</name><description><![CDATA[Código INEP: 50026003<br>Município: Campo Grande<br>Fonte: INEP Censo Escolar 2025 + Catálogo de Escolas InepData]]></description><Point><coordinates>-54.5700762,-20.3730465,0</coordinates></Point></Placemark><Placemark><name>EMEI ATHENAS SA CARVALHO</name><description><![CDATA[Código INEP: 50026011<br>Município: Campo Grande<br>Fonte: INEP Censo Escolar 2025 + Catálogo de Escolas InepData]]></description><Point><coordinates>-54.5912,-20.42554667,0</coordinates></Point></Placemark><Placemark><name>EMEI NEIDA GORDIN FREIRE</name><description><![CDATA[Código INEP: 50026020<br>Município: Campo Grande<br>Fonte: INEP Censo Escolar 2025 + Catálogo de Escolas InepData]]></description><Point><coordinates>-54.5709733,-20.5541017,0</coordinates></Point></Placemark><Placemark><name>EMEI JOAO GARCIA DE CARVALHO FILHO</name><description><![CDATA[Código INEP: 50026038<br>Município: Campo Grande<br>Fonte: INEP Censo Escolar 2025 + Catálogo de Escolas InepData]]></description><Point><coordinates>-54.67396801,-20.54115223,0</coordinates></Point></Placemark><Placemark><name>EMEI PROF OSVALDO MACIEL DE OLIVEIRA</name><description><![CDATA[Código INEP: 50026046<br>Município: Campo Grande<br>Fonte: INEP Censo Escolar 2025 + Catálogo de Escolas InepData]]></description><Point><coordinates>-54.62997903,-20.48175049,0</coordinates></Point></Placemark><Placemark><name>EMEI PIRATININGA</name><description><![CDATA[Código INEP: 50026054<br>Município: Campo Grande<br>Fonte: INEP Censo Escolar 2025 + Catálogo de Escolas InepData]]></description><Point><coordinates>-54.6276229,-20.4935973,0</coordinates></Point></Placemark><Placemark><name>EMEI MARIA CRISTINA OCARIZ DE BARROS</name><description><![CDATA[Código INEP: 50026062<br>Município: Campo Grande<br>Fonte: INEP Censo Escolar 2025 + Catálogo de Escolas InepData]]></description><Point><coordinates>-54.668834,-20.517941,0</coordinates></Point></Placemark><Placemark><name>EMEI PROFª MARIOLINA PEREIRA MENDES</name><description><![CDATA[Código INEP: 50026070<br>Município: Campo Grande<br>Fonte: INEP Censo Escolar 2025 + Catálogo de Escolas InepData]]></description><Point><coordinates>-54.6246142,-20.52652839,0</coordinates></Point></Placemark><Placemark><name>EMEI MICHEL SCAFF</name><description><![CDATA[Código INEP: 50026089<br>Município: Campo Grande<br>Fonte: INEP Censo Escolar 2025 + Catálogo de Escolas InepData]]></description><Point><coordinates>-54.55050271,-20.38255124,0</coordinates></Point></Placemark><Placemark><name>EMEI MARY SADALLA SAAD</name><description><![CDATA[Código INEP: 50026097<br>Município: Campo Grande<br>Fonte: INEP Censo Escolar 2025 + Catálogo de Escolas InepData]]></description><Point><coordinates>-54.55791545,-20.42655998,0</coordinates></Point></Placemark><Placemark><name>EMEI PROFª MARIA JOSEFINA BEZERRA XAVIER</name><description><![CDATA[Código INEP: 50026100<br>Município: Campo Grande<br>Fonte: INEP Censo Escolar 2025 + Catálogo de Escolas InepData]]></description><Point><coordinates>-54.65355167,-20.47157667,0</coordinates></Point></Placemark><Placemark><name>EMEI MARCOS ROBERTO</name><description><![CDATA[Código INEP: 50026119<br>Município: Campo Grande<br>Fonte: INEP Censo Escolar 2025 + Catálogo de Escolas InepData]]></description><Point><coordinates>-54.62957575,-20.48875568,0</coordinates></Point></Placemark><Placemark><name>EMEI PROFª MARIA ILDONEI DE LIMA PEDRA</name><description><![CDATA[Código INEP: 50026127<br>Município: Campo Grande<br>Fonte: INEP Censo Escolar 2025 + Catálogo de Escolas InepData]]></description><Point><coordinates>-54.6593073,-20.4747834,0</coordinates></Point></Placemark><Placemark><name>EMEI IBER GOMES DE SA</name><description><![CDATA[Código INEP: 50026143<br>Município: Campo Grande<br>Fonte: INEP Censo Escolar 2025 + Catálogo de Escolas InepData]]></description><Point><coordinates>-54.62456284,-20.49600812,0</coordinates></Point></Placemark><Placemark><name>EMEI ALBA LUCIA SPENGLER DOS SANTOS PEREIRA</name><description><![CDATA[Código INEP: 50026151<br>Município: Campo Grande<br>Fonte: INEP Censo Escolar 2025 + Catálogo de Escolas InepData]]></description><Point><coordinates>-54.68004858,-20.49924856,0</coordinates></Point></Placemark><Placemark><name>EMEI CLAUDIO MARCOS MANCINI</name><description><![CDATA[Código INEP: 50026160<br>Município: Campo Grande<br>Fonte: INEP Censo Escolar 2025 + Catálogo de Escolas InepData]]></description><Point><coordinates>-54.658983,-20.4967594,0</coordinates></Point></Placemark><Placemark><name>EMEI PROFESSOR JORGE ANTONIO SIUFI</name><description><![CDATA[Código INEP: 50026178<br>Município: Campo Grande<br>Fonte: INEP Censo Escolar 2025 + Catálogo de Escolas InepData]]></description><Point><coordinates>-54.57487497,-20.40830411,0</coordinates></Point></Placemark><Placemark><name>EMEI CLEBE BRAZIL FERREIRA</name><description><![CDATA[Código INEP: 50026186<br>Município: Campo Grande<br>Fonte: INEP Censo Escolar 2025 + Catálogo de Escolas InepData]]></description><Point><coordinates>-54.5673556,-20.5092626,0</coordinates></Point></Placemark><Placemark><name>EMEI PROFª THEREZINHA MANDETTA TRAD</name><description><![CDATA[Código INEP: 50026194<br>Município: Campo Grande<br>Fonte: INEP Censo Escolar 2025 + Catálogo de Escolas InepData]]></description><Point><coordinates>-54.65383103,-20.50956906,0</coordinates></Point></Placemark><Placemark><name>EMEI ODETE TRINDADE BENITES</name><description><![CDATA[Código INEP: 50026208<br>Município: Campo Grande<br>Fonte: INEP Censo Escolar 2025 + Catálogo de Escolas InepData]]></description><Point><coordinates>-54.67415242,-20.43331143,0</coordinates></Point></Placemark><Placemark><name>EMEI VO FINA</name><description><![CDATA[Código INEP: 50026216<br>Município: Campo Grande<br>Fonte: INEP Censo Escolar 2025 + Catálogo de Escolas InepData]]></description><Point><coordinates>-54.59285933,-20.51372739,0</coordinates></Point></Placemark><Placemark><name>EMEI ZACARIAS VIEIRA DE ANDRADE</name><description><![CDATA[Código INEP: 50026224<br>Município: Campo Grande<br>Fonte: INEP Censo Escolar 2025 + Catálogo de Escolas InepData]]></description><Point><coordinates>-54.57748949,-20.50158903,0</coordinates></Point></Placemark><Placemark><name>IEMS - INSTITUTO DE EDUCACAO PROFESSORA MARISA SERRANO</name><description><![CDATA[Código INEP: 50026232<br>Município: Campo Grande<br>Fonte: INEP Censo Escolar 2025 + Catálogo de Escolas InepData]]></description><Point><coordinates>-54.57395,-20.47229,0</coordinates></Point></Placemark><Placemark><name>CORI-CENTRO DE EDUCACAO INFANTIL E ENSINO FUNDAMENTAL</name><description><![CDATA[Código INEP: 50026330<br>Município: Campo Grande<br>Fonte: INEP Censo Escolar 2025 + Catálogo de Escolas InepData]]></description><Point><coordinates>-54.6363075,-20.4578832,0</coordinates></Point></Placemark><Placemark><name>SOLETRANDO ESCOLA DE ED INFANTIL E ENSINO FUNDAMENTAL</name><description><![CDATA[Código INEP: 50026364<br>Município: Campo Grande<br>Fonte: INEP Censo Escolar 2025 + Catálogo de Escolas InepData]]></description><Point><coordinates>-54.57998509,-20.46224371,0</coordinates></Point></Placemark><Placemark><name>CENTRO EDUCACIONAL CONSTRUINDO O SABER</name><description><![CDATA[Código INEP: 50026402<br>Município: Campo Grande<br>Fonte: INEP Censo Escolar 2025 + Catálogo de Escolas InepData]]></description><Point><coordinates>-54.62152,-20.52074,0</coordinates></Point></Placemark><Placemark><name>ESCOLA DO SESI CAMPO GRANDE</name><description><![CDATA[Código INEP: 50026429<br>Município: Campo Grande<br>Fonte: INEP Censo Escolar 2025 + Catálogo de Escolas InepData]]></description><Point><coordinates>-54.62517133,-20.46654335,0</coordinates></Point></Placemark><Placemark><name>COLEGIO SAO FRANCISCO EIEFM</name><description><![CDATA[Código INEP: 50026631<br>Município: Campo Grande<br>Fonte: INEP Censo Escolar 2025 + Catálogo de Escolas InepData]]></description><Point><coordinates>-54.61864,-20.44919,0</coordinates></Point></Placemark><Placemark><name>CRECHE IRMA IRMA ZORZI</name><description><![CDATA[Código INEP: 50026658<br>Município: Campo Grande<br>Fonte: INEP Censo Escolar 2025 + Catálogo de Escolas InepData]]></description><Point><coordinates>-54.59993,-20.43241,0</coordinates></Point></Placemark><Placemark><name>ESCOLA CRIATIBRINCANDO DE EIEF LTDA</name><description><![CDATA[Código INEP: 50026720<br>Município: Campo Grande<br>Fonte: INEP Censo Escolar 2025 + Catálogo de Escolas InepData]]></description><Point><coordinates>-54.6040778,-20.4587502,0</coordinates></Point></Placemark><Placemark><name>LAR NOSSA SENHORA APARECIDA</name><description><![CDATA[Código INEP: 50026739<br>Município: Campo Grande<br>Fonte: INEP Censo Escolar 2025 + Catálogo de Escolas InepData]]></description><Point><coordinates>-54.595993,-20.4765282,0</coordinates></Point></Placemark><Placemark><name>NOTA 10 - UNIDADE FELIZ IDADE</name><description><![CDATA[Código INEP: 50026771<br>Município: Campo Grande<br>Fonte: INEP Censo Escolar 2025 + Catálogo de Escolas InepData]]></description><Point><coordinates>-54.5949675,-20.4574879,0</coordinates></Point></Placemark><Placemark><name>EM NAGEN JORGE SAAD</name><description><![CDATA[Código INEP: 50026887<br>Município: Campo Grande<br>Fonte: INEP Censo Escolar 2025 + Catálogo de Escolas InepData]]></description><Point><coordinates>-54.65577133,-20.50718684,0</coordinates></Point></Placemark><Placemark><name>EMEI PROFª MARLY SANT ANNA PINHEIRO</name><description><![CDATA[Código INEP: 50026895<br>Município: Campo Grande<br>Fonte: INEP Censo Escolar 2025 + Catálogo de Escolas InepData]]></description><Point><coordinates>-54.56011266,-20.41785277,0</coordinates></Point></Placemark><Placemark><name>ESCOLA MUNDO MAGICO E INSTITUTO MACHADO DE ASSIS</name><description><![CDATA[Código INEP: 50027166<br>Município: Campo Grande<br>Fonte: INEP Censo Escolar 2025 + Catálogo de Escolas InepData]]></description><Point><coordinates>-54.65023,-20.43346,0</coordinates></Point></Placemark><Placemark><name>ESCOLA DESPERTAR DE ENSINO FUNDAMENTAL</name><description><![CDATA[Código INEP: 50027182<br>Município: Campo Grande<br>Fonte: INEP Censo Escolar 2025 + Catálogo de Escolas InepData]]></description><Point><coordinates>-54.6016434,-20.4459977,0</coordinates></Point></Placemark><Placemark><name>CENTRO EDUCACIONAL PAULO DE TARSO</name><description><![CDATA[Código INEP: 50027190<br>Município: Campo Grande<br>Fonte: INEP Censo Escolar 2025 + Catálogo de Escolas InepData]]></description><Point><coordinates>-54.6722583,-20.5316165,0</coordinates></Point></Placemark><Placemark><name>CENTRO EDUCACIONAL SUPERACAO</name><description><![CDATA[Código INEP: 50027204<br>Município: Campo Grande<br>Fonte: INEP Censo Escolar 2025 + Catálogo de Escolas InepData]]></description><Point><coordinates>-54.67155,-20.53473,0</coordinates></Point></Placemark><Placemark><name>INSTITUTO JOAO BATISTA DE ENSINO</name><description><![CDATA[Código INEP: 50027239<br>Município: Campo Grande<br>Fonte: INEP Censo Escolar 2025 + Catálogo de Escolas InepData]]></description><Point><coordinates>-54.63458,-20.51057,0</coordinates></Point></Placemark><Placemark><name>EEIEF PARADIGMA</name><description><![CDATA[Código INEP: 50027352<br>Município: Campo Grande<br>Fonte: INEP Censo Escolar 2025 + Catálogo de Escolas InepData]]></description><Point><coordinates>-54.62609,-20.48884,0</coordinates></Point></Placemark><Placemark><name>OBRAS SOCIAIS E COMUNITARIA DO AERO RANCHO</name><description><![CDATA[Código INEP: 50027360<br>Município: Campo Grande<br>Fonte: INEP Censo Escolar 2025 + Catálogo de Escolas InepData]]></description><Point><coordinates>-54.6530611,-20.5196887,0</coordinates></Point></Placemark><Placemark><name>EM DR PLINIO BARBOSA MARTINS</name><description><![CDATA[Código INEP: 50027409<br>Município: Campo Grande<br>Fonte: INEP Censo Escolar 2025 + Catálogo de Escolas InepData]]></description><Point><coordinates>-54.6192412,-20.5494733,0</coordinates></Point></Placemark><Placemark><name>EM CONSULESA MARGARIDA MAKSOUD TRAD</name><description><![CDATA[Código INEP: 50027417<br>Município: Campo Grande<br>Fonte: INEP Censo Escolar 2025 + Catálogo de Escolas InepData]]></description><Point><coordinates>-54.56080989,-20.42891014,0</coordinates></Point></Placemark><Placemark><name>EMEI MARCO ANTONIO SANTULLO</name><description><![CDATA[Código INEP: 50027549<br>Município: Campo Grande<br>Fonte: INEP Censo Escolar 2025 + Catálogo de Escolas InepData]]></description><Point><coordinates>-54.6731228,-20.5194184,0</coordinates></Point></Placemark><Placemark><name>COLEGIO POLI</name><description><![CDATA[Código INEP: 50027590<br>Município: Campo Grande<br>Fonte: INEP Censo Escolar 2025 + Catálogo de Escolas InepData]]></description><Point><coordinates>-54.61554,-20.4583683,0</coordinates></Point></Placemark><Placemark><name>ESCOLA CARROSSEL EDUCAMP</name><description><![CDATA[Código INEP: 50027891<br>Município: Campo Grande<br>Fonte: INEP Censo Escolar 2025 + Catálogo de Escolas InepData]]></description><Point><coordinates>-54.6213212,-20.4754467,0</coordinates></Point></Placemark><Placemark><name>CENTRO DE EDUCACAO INFANTIL VO INEZ</name><description><![CDATA[Código INEP: 50027905<br>Município: Campo Grande<br>Fonte: INEP Censo Escolar 2025 + Catálogo de Escolas InepData]]></description><Point><coordinates>-54.65738667,-20.52732833,0</coordinates></Point></Placemark><Placemark><name>EDUCANDARIO GETULIO VARGAS</name><description><![CDATA[Código INEP: 50027948<br>Município: Campo Grande<br>Fonte: INEP Censo Escolar 2025 + Catálogo de Escolas InepData]]></description><Point><coordinates>-54.5967055,-20.438321,0</coordinates></Point></Placemark><Placemark><name>COLEGIO HARMONIA - UNIDADE I</name><description><![CDATA[Código INEP: 50027956<br>Município: Campo Grande<br>Fonte: INEP Censo Escolar 2025 + Catálogo de Escolas InepData]]></description><Point><coordinates>-54.596607,-20.4555518,0</coordinates></Point></Placemark><Placemark><name>COLEGIO NOVO SECULO</name><description><![CDATA[Código INEP: 50027972<br>Município: Campo Grande<br>Fonte: INEP Censo Escolar 2025 + Catálogo de Escolas InepData]]></description><Point><coordinates>-54.6428733,-20.4872624,0</coordinates></Point></Placemark><Placemark><name>ASSOC ESP DE APOIO A CRIANCA E AO ADOLESCENTE</name><description><![CDATA[Código INEP: 50028022<br>Município: Campo Grande<br>Fonte: INEP Censo Escolar 2025 + Catálogo de Escolas InepData]]></description><Point><coordinates>-54.6498636,-20.4976046,0</coordinates></Point></Placemark><Placemark><name>EMEI PROFESSORA ELENIR ZANQUETA MOLINA</name><description><![CDATA[Código INEP: 50028057<br>Município: Campo Grande<br>Fonte: INEP Censo Escolar 2025 + Catálogo de Escolas InepData]]></description><Point><coordinates>-54.591882,-20.41025726,0</coordinates></Point></Placemark><Placemark><name>SESC ADMINISTRACAO REGIONAL NO ESTADO DO MATO GROSSO DO SUL</name><description><![CDATA[Código INEP: 50028154<br>Município: Campo Grande<br>Fonte: INEP Censo Escolar 2025 + Catálogo de Escolas InepData]]></description><Point><coordinates>-54.622167,-20.4697313,0</coordinates></Point></Placemark><Placemark><name>COLEGIO VIP</name><description><![CDATA[Código INEP: 50028227<br>Município: Campo Grande<br>Fonte: INEP Censo Escolar 2025 + Catálogo de Escolas InepData]]></description><Point><coordinates>-54.65966,-20.44168,0</coordinates></Point></Placemark><Placemark><name>EM ELIZIO RAMIREZ VIEIRA</name><description><![CDATA[Código INEP: 50028332<br>Município: Campo Grande<br>Fonte: INEP Censo Escolar 2025 + Catálogo de Escolas InepData]]></description><Point><coordinates>-54.6619441,-20.5521888,0</coordinates></Point></Placemark><Placemark><name>EM IRENE SZUKALA</name><description><![CDATA[Código INEP: 50028340<br>Município: Campo Grande<br>Fonte: INEP Censo Escolar 2025 + Catálogo de Escolas InepData]]></description><Point><coordinates>-54.6454601,-20.5216053,0</coordinates></Point></Placemark><Placemark><name>ASSOCIACAO CLUBE DE MAES CANTINHO DA AMIZADE</name><description><![CDATA[Código INEP: 50028499<br>Município: Campo Grande<br>Fonte: INEP Censo Escolar 2025 + Catálogo de Escolas InepData]]></description><Point><coordinates>-54.620307,-20.5362245,0</coordinates></Point></Placemark><Placemark><name>COLEGIO RUI BARBOSA</name><description><![CDATA[Código INEP: 50028510<br>Município: Campo Grande<br>Fonte: INEP Censo Escolar 2025 + Catálogo de Escolas InepData]]></description><Point><coordinates>-54.61867,-20.46644,0</coordinates></Point></Placemark><Placemark><name>CENTRO DE EDUCACAO PROFISSIONAL - SENAC CAMPO GRANDE</name><description><![CDATA[Código INEP: 50028537<br>Município: Campo Grande<br>Fonte: INEP Censo Escolar 2025 + Catálogo de Escolas InepData]]></description><Point><coordinates>-54.6218294,-20.4681462,0</coordinates></Point></Placemark><Placemark><name>COLEGIO GERACAO RESULTADOS</name><description><![CDATA[Código INEP: 50028758<br>Município: Campo Grande<br>Fonte: INEP Censo Escolar 2025 + Catálogo de Escolas InepData]]></description><Point><coordinates>-54.6458971,-20.4611082,0</coordinates></Point></Placemark><Placemark><name>FACULDADE DE TECNOLOGIA SENAI CAMPO GRANDE</name><description><![CDATA[Código INEP: 50028782<br>Município: Campo Grande<br>Fonte: INEP Censo Escolar 2025 + Catálogo de Escolas InepData]]></description><Point><coordinates>-54.62540273,-20.46632017,0</coordinates></Point></Placemark><Placemark><name>COLEGIO LICEU - UNID II</name><description><![CDATA[Código INEP: 50028820<br>Município: Campo Grande<br>Fonte: INEP Censo Escolar 2025 + Catálogo de Escolas InepData]]></description><Point><coordinates>-54.6382494,-20.4561166,0</coordinates></Point></Placemark><Placemark><name>CENTRO DE EDUCACAO INTEGRADA EIRELI</name><description><![CDATA[Código INEP: 50028847<br>Município: Campo Grande<br>Fonte: INEP Censo Escolar 2025 + Catálogo de Escolas InepData]]></description><Point><coordinates>-54.58361,-20.4611,0</coordinates></Point></Placemark><Placemark><name>ESCOLA INTEGRADA HORIZONTE</name><description><![CDATA[Código INEP: 50028855<br>Município: Campo Grande<br>Fonte: INEP Censo Escolar 2025 + Catálogo de Escolas InepData]]></description><Point><coordinates>-54.6467904,-20.4505431,0</coordinates></Point></Placemark><Placemark><name>ESCOLA DE EDUCACAO INFANTIL SOSSEGO DA MAMAE</name><description><![CDATA[Código INEP: 50028871<br>Município: Campo Grande<br>Fonte: INEP Censo Escolar 2025 + Catálogo de Escolas InepData]]></description><Point><coordinates>-54.6087398,-20.4531029,0</coordinates></Point></Placemark><Placemark><name>EE PROFª CLARINDA MENDES DE AQUINO</name><description><![CDATA[Código INEP: 50028880<br>Município: Campo Grande<br>Fonte: INEP Censo Escolar 2025 + Catálogo de Escolas InepData]]></description><Point><coordinates>-54.6691496,-20.4547955,0</coordinates></Point></Placemark><Placemark><name>COLEGIO NOVA DIMENSAO SS LTDA</name><description><![CDATA[Código INEP: 50028987<br>Município: Campo Grande<br>Fonte: INEP Censo Escolar 2025 + Catálogo de Escolas InepData]]></description><Point><coordinates>-54.617027,-20.5188143,0</coordinates></Point></Placemark><Placemark><name>EMEI PASCOALA VERA RIOS</name><description><![CDATA[Código INEP: 50029061<br>Município: Campo Grande<br>Fonte: INEP Censo Escolar 2025 + Catálogo de Escolas InepData]]></description><Point><coordinates>-54.64506587,-20.53451818,0</coordinates></Point></Placemark><Placemark><name>EMEI JOANA MENDES DOS SANTOS</name><description><![CDATA[Código INEP: 50029088<br>Município: Campo Grande<br>Fonte: INEP Censo Escolar 2025 + Catálogo de Escolas InepData]]></description><Point><coordinates>-54.65259399,-20.55038303,0</coordinates></Point></Placemark><Placemark><name>EMEI JARDIM CARIOCA</name><description><![CDATA[Código INEP: 50029096<br>Município: Campo Grande<br>Fonte: INEP Censo Escolar 2025 + Catálogo de Escolas InepData]]></description><Point><coordinates>-54.7065915,-20.4687547,0</coordinates></Point></Placemark><Placemark><name>EMEI ENGENHEIRO VALDEMIR CORREA DE RESENDE</name><description><![CDATA[Código INEP: 50029100<br>Município: Campo Grande<br>Fonte: INEP Censo Escolar 2025 + Catálogo de Escolas InepData]]></description><Point><coordinates>-54.60801744,-20.54027959,0</coordinates></Point></Placemark><Placemark><name>EM PROFª ARLENE MARQUES ALMEIDA</name><description><![CDATA[Código INEP: 50029118<br>Município: Campo Grande<br>Fonte: INEP Censo Escolar 2025 + Catálogo de Escolas InepData]]></description><Point><coordinates>-54.6083403,-20.5413168,0</coordinates></Point></Placemark><Placemark><name>CENTRO DE ENSINO IMPACTO SS LTDA - ME</name><description><![CDATA[Código INEP: 50029258<br>Município: Campo Grande<br>Fonte: INEP Censo Escolar 2025 + Catálogo de Escolas InepData]]></description><Point><coordinates>-54.59645,-20.45009,0</coordinates></Point></Placemark><Placemark><name>COLEGIO CBA ABC</name><description><![CDATA[Código INEP: 50029266<br>Município: Campo Grande<br>Fonte: INEP Censo Escolar 2025 + Catálogo de Escolas InepData]]></description><Point><coordinates>-54.60794,-20.48652,0</coordinates></Point></Placemark><Placemark><name>EE POLO PROFª REGINA LUCIA ANFFE NUNES BETINE</name><description><![CDATA[Código INEP: 50029371<br>Município: Campo Grande<br>Fonte: INEP Censo Escolar 2025 + Catálogo de Escolas InepData]]></description><Point><coordinates>-54.6133036,-20.4754208,0</coordinates></Point></Placemark><Placemark><name>EMEI PROF VALDOMIRO ALVES GONCALVES</name><description><![CDATA[Código INEP: 50029380<br>Município: Campo Grande<br>Fonte: INEP Censo Escolar 2025 + Catálogo de Escolas InepData]]></description><Point><coordinates>-54.65128792,-20.5362824,0</coordinates></Point></Placemark><Placemark><name>EMEI CLOTILDE CHAIA</name><description><![CDATA[Código INEP: 50029398<br>Município: Campo Grande<br>Fonte: INEP Censo Escolar 2025 + Catálogo de Escolas InepData]]></description><Point><coordinates>-54.65983837,-20.45019837,0</coordinates></Point></Placemark><Placemark><name>EMEI TIA EVA</name><description><![CDATA[Código INEP: 50029584<br>Município: Campo Grande<br>Fonte: INEP Censo Escolar 2025 + Catálogo de Escolas InepData]]></description><Point><coordinates>-54.6157538,-20.4251872,0</coordinates></Point></Placemark><Placemark><name>COLEGIO VIDA FELIZ</name><description><![CDATA[Código INEP: 50029657<br>Município: Campo Grande<br>Fonte: INEP Censo Escolar 2025 + Catálogo de Escolas InepData]]></description><Point><coordinates>-54.6151935,-20.5338522,0</coordinates></Point></Placemark><Placemark><name>COLEGIO VIDA E LUZ</name><description><![CDATA[Código INEP: 50029673<br>Município: Campo Grande<br>Fonte: INEP Censo Escolar 2025 + Catálogo de Escolas InepData]]></description><Point><coordinates>-54.66493,-20.53983,0</coordinates></Point></Placemark><Placemark><name>ESCOLA BATISTA ERILASIO NOGUEIRA</name><description><![CDATA[Código INEP: 50029940<br>Município: Campo Grande<br>Fonte: INEP Censo Escolar 2025 + Catálogo de Escolas InepData]]></description><Point><coordinates>-54.66598,-20.4544,0</coordinates></Point></Placemark><Placemark><name>NOTA 10 - UNIDADE GARCAS</name><description><![CDATA[Código INEP: 50030116<br>Município: Campo Grande<br>Fonte: INEP Censo Escolar 2025 + Catálogo de Escolas InepData]]></description><Point><coordinates>-54.61144221,-20.45211312,0</coordinates></Point></Placemark><Placemark><name>EMEI JOSE RAMAO CANTERO</name><description><![CDATA[Código INEP: 50030221<br>Município: Campo Grande<br>Fonte: INEP Censo Escolar 2025 + Catálogo de Escolas InepData]]></description><Point><coordinates>-54.56058299,-20.43000431,0</coordinates></Point></Placemark><Placemark><name>EMEI SONIA HELENA BALDO BERNARDO DOS SANTOS</name><description><![CDATA[Código INEP: 50030230<br>Município: Campo Grande<br>Fonte: INEP Censo Escolar 2025 + Catálogo de Escolas InepData]]></description><Point><coordinates>-54.5435017,-20.4716004,0</coordinates></Point></Placemark><Placemark><name>EMEI PROF LAURA RODRIGUES DE OLIVEIRA</name><description><![CDATA[Código INEP: 50030248<br>Município: Campo Grande<br>Fonte: INEP Censo Escolar 2025 + Catálogo de Escolas InepData]]></description><Point><coordinates>-54.58205555,-20.52509723,0</coordinates></Point></Placemark><Placemark><name>CENTRO DE EDUCACAO PROFISSIONAL EZEQUIEL FERREIRA LIMA</name><description><![CDATA[Código INEP: 50030272<br>Município: Campo Grande<br>Fonte: INEP Censo Escolar 2025 + Catálogo de Escolas InepData]]></description><Point><coordinates>-54.5908051,-20.4734879,0</coordinates></Point></Placemark><Placemark><name>ESCOLA SALESIANA SAO DOMINGOS SAVIO</name><description><![CDATA[Código INEP: 50030310<br>Município: Campo Grande<br>Fonte: INEP Censo Escolar 2025 + Catálogo de Escolas InepData]]></description><Point><coordinates>-54.6165207,-20.410323,0</coordinates></Point></Placemark><Placemark><name>COLEGIO DE ENSINO MEDIO NOVA GERACAO</name><description><![CDATA[Código INEP: 50030469<br>Município: Campo Grande<br>Fonte: INEP Censo Escolar 2025 + Catálogo de Escolas InepData]]></description><Point><coordinates>-54.64475,-20.47561,0</coordinates></Point></Placemark><Placemark><name>CEC-COLEGIO EVANGELICO CAMPO-GRANDENSE</name><description><![CDATA[Código INEP: 50030485<br>Município: Campo Grande<br>Fonte: INEP Censo Escolar 2025 + Catálogo de Escolas InepData]]></description><Point><coordinates>-54.60952,-20.45448,0</coordinates></Point></Placemark><Placemark><name>COLEGIO BIONATUS</name><description><![CDATA[Código INEP: 50030582<br>Município: Campo Grande<br>Fonte: INEP Censo Escolar 2025 + Catálogo de Escolas InepData]]></description><Point><coordinates>-54.60044,-20.45529,0</coordinates></Point></Placemark><Placemark><name>LAR CRECHE NOSSA SENHORA DO PERPETUO SOCORRO</name><description><![CDATA[Código INEP: 50030604<br>Município: Campo Grande<br>Fonte: INEP Censo Escolar 2025 + Catálogo de Escolas InepData]]></description><Point><coordinates>-54.6524485,-20.4816136,0</coordinates></Point></Placemark><Placemark><name>EMEI MARTA GUARANI</name><description><![CDATA[Código INEP: 50030671<br>Município: Campo Grande<br>Fonte: INEP Censo Escolar 2025 + Catálogo de Escolas InepData]]></description><Point><coordinates>-54.57600358,-20.37696278,0</coordinates></Point></Placemark><Placemark><name>ESCOLA DESPERTAR</name><description><![CDATA[Código INEP: 50030787<br>Município: Campo Grande<br>Fonte: INEP Censo Escolar 2025 + Catálogo de Escolas InepData]]></description><Point><coordinates>-54.6026757,-20.4468124,0</coordinates></Point></Placemark><Placemark><name>ESCOLA BETANIA</name><description><![CDATA[Código INEP: 50030981<br>Município: Campo Grande<br>Fonte: INEP Censo Escolar 2025 + Catálogo de Escolas InepData]]></description><Point><coordinates>-54.563959,-20.3895712,0</coordinates></Point></Placemark><Placemark><name>EM PROFESSOR JOSE DE SOUZA</name><description><![CDATA[Código INEP: 50031031<br>Município: Campo Grande<br>Fonte: INEP Censo Escolar 2025 + Catálogo de Escolas InepData]]></description><Point><coordinates>-54.6619633,-20.4862111,0</coordinates></Point></Placemark><Placemark><name>EM PROFESSOR ARASSUAY GOMES DE CASTRO</name><description><![CDATA[Código INEP: 50031040<br>Município: Campo Grande<br>Fonte: INEP Censo Escolar 2025 + Catálogo de Escolas InepData]]></description><Point><coordinates>-54.5864619,-20.469528,0</coordinates></Point></Placemark><Placemark><name>EM NERONE MAIOLINO</name><description><![CDATA[Código INEP: 50031058<br>Município: Campo Grande<br>Fonte: INEP Censo Escolar 2025 + Catálogo de Escolas InepData]]></description><Point><coordinates>-54.56875836,-20.38072187,0</coordinates></Point></Placemark><Placemark><name>COLEGIO CLASSE A</name><description><![CDATA[Código INEP: 50031163<br>Município: Campo Grande<br>Fonte: INEP Censo Escolar 2025 + Catálogo de Escolas InepData]]></description><Point><coordinates>-54.6110895,-20.4475837,0</coordinates></Point></Placemark><Placemark><name>COLEGIO REI LEAO</name><description><![CDATA[Código INEP: 50031198<br>Município: Campo Grande<br>Fonte: INEP Censo Escolar 2025 + Catálogo de Escolas InepData]]></description><Point><coordinates>-54.58395,-20.52414,0</coordinates></Point></Placemark><Placemark><name>CENTRO DE CAPACITACAO DE PROFISSIONAIS DA EDUCACAO E DE ATENDIMENTO AS PESSOAS COM SURDEZ - CAS</name><description><![CDATA[Código INEP: 50031287<br>Município: Campo Grande<br>Fonte: INEP Censo Escolar 2025 + Catálogo de Escolas InepData]]></description><Point><coordinates>-54.5905512,-20.4736311,0</coordinates></Point></Placemark><Placemark><name>CENTRO ESTADUAL DE EDUCACAO ESPECIAL E INCLUSIVA</name><description><![CDATA[Código INEP: 50031295<br>Município: Campo Grande<br>Fonte: INEP Censo Escolar 2025 + Catálogo de Escolas InepData]]></description><Point><coordinates>-54.6374111,-20.4666806,0</coordinates></Point></Placemark><Placemark><name>EM CELINA MARTINS JALLAD</name><description><![CDATA[Código INEP: 50031422<br>Município: Campo Grande<br>Fonte: INEP Censo Escolar 2025 + Catálogo de Escolas InepData]]></description><Point><coordinates>-54.5433414,-20.4750921,0</coordinates></Point></Placemark><Placemark><name>CEIAN- ANANDAMOYI</name><description><![CDATA[Código INEP: 50031465<br>Município: Campo Grande<br>Fonte: INEP Censo Escolar 2025 + Catálogo de Escolas InepData]]></description><Point><coordinates>-54.534,-20.46114,0</coordinates></Point></Placemark><Placemark><name>EMEI MICHELI REGINA LOCATELLI</name><description><![CDATA[Código INEP: 50031503<br>Município: Campo Grande<br>Fonte: INEP Censo Escolar 2025 + Catálogo de Escolas InepData]]></description><Point><coordinates>-54.6426518,-20.51514789,0</coordinates></Point></Placemark><Placemark><name>NOTA 10 INTERNACIONAL - UNIDADE GENERAL OSORIO</name><description><![CDATA[Código INEP: 50031783<br>Município: Campo Grande<br>Fonte: INEP Censo Escolar 2025 + Catálogo de Escolas InepData]]></description><Point><coordinates>-54.60389,-20.44777,0</coordinates></Point></Placemark><Placemark><name>INSTITUTO LIBERA LIMES</name><description><![CDATA[Código INEP: 50031813<br>Município: Campo Grande<br>Fonte: INEP Censo Escolar 2025 + Catálogo de Escolas InepData]]></description><Point><coordinates>-54.6139428,-20.4556853,0</coordinates></Point></Placemark><Placemark><name>EMEI MARIA DULCE PRATA CANCADO</name><description><![CDATA[Código INEP: 50032003<br>Município: Campo Grande<br>Fonte: INEP Censo Escolar 2025 + Catálogo de Escolas InepData]]></description><Point><coordinates>-54.53114038,-20.46090944,0</coordinates></Point></Placemark><Placemark><name>EMEI FELIPE SAFADI ALVES NOGUEIRA</name><description><![CDATA[Código INEP: 50032011<br>Município: Campo Grande<br>Fonte: INEP Censo Escolar 2025 + Catálogo de Escolas InepData]]></description><Point><coordinates>-54.6886564,-20.4433387,0</coordinates></Point></Placemark><Placemark><name>COLEGIO BIONATUS II</name><description><![CDATA[Código INEP: 50032100<br>Município: Campo Grande<br>Fonte: INEP Censo Escolar 2025 + Catálogo de Escolas InepData]]></description><Point><coordinates>-54.60272,-20.45458,0</coordinates></Point></Placemark><Placemark><name>ESCOLA DE EDUCACAO INFANTIL E ENSINO FUNDAMENTAL MIL CONTOS</name><description><![CDATA[Código INEP: 50032143<br>Município: Campo Grande<br>Fonte: INEP Censo Escolar 2025 + Catálogo de Escolas InepData]]></description><Point><coordinates>-54.60852,-20.46106,0</coordinates></Point></Placemark><Placemark><name>CAEE - CENTRO DE ATENDIMENTO EDUCACIONAL ESPECIALIZADO DA ASSOCIACAO PESTALOZZI DE CAMPO GRANDE MS</name><description><![CDATA[Código INEP: 50032399<br>Município: Campo Grande<br>Fonte: INEP Censo Escolar 2025 + Catálogo de Escolas InepData]]></description><Point><coordinates>-54.6062641,-20.4486948,0</coordinates></Point></Placemark><Placemark><name>CAEE - GIRASSOL</name><description><![CDATA[Código INEP: 50032470<br>Município: Campo Grande<br>Fonte: INEP Censo Escolar 2025 + Catálogo de Escolas InepData]]></description><Point><coordinates>-54.6175182,-20.5168784,0</coordinates></Point></Placemark><Placemark><name>EMEI NILDA DE ALMEIDA COELHO</name><description><![CDATA[Código INEP: 50032585<br>Município: Campo Grande<br>Fonte: INEP Censo Escolar 2025 + Catálogo de Escolas InepData]]></description><Point><coordinates>-54.571565,-20.375605,0</coordinates></Point></Placemark><Placemark><name>EMEI PROFª ELZA DA SILVA OLIVEIRA</name><description><![CDATA[Código INEP: 50032593<br>Município: Campo Grande<br>Fonte: INEP Censo Escolar 2025 + Catálogo de Escolas InepData]]></description><Point><coordinates>-54.60834326,-20.55910398,0</coordinates></Point></Placemark><Placemark><name>EMEI JOSE CARLOS DE LIMA</name><description><![CDATA[Código INEP: 50032615<br>Município: Campo Grande<br>Fonte: INEP Censo Escolar 2025 + Catálogo de Escolas InepData]]></description><Point><coordinates>-54.57008512,-20.55992411,0</coordinates></Point></Placemark><Placemark><name>EMEI GEORGINA RAMIRES DA SILVA</name><description><![CDATA[Código INEP: 50032623<br>Município: Campo Grande<br>Fonte: INEP Censo Escolar 2025 + Catálogo de Escolas InepData]]></description><Point><coordinates>-54.5979178,-20.5115073,0</coordinates></Point></Placemark><Placemark><name>EMEI SANTA EMILIA</name><description><![CDATA[Código INEP: 50032631<br>Município: Campo Grande<br>Fonte: INEP Censo Escolar 2025 + Catálogo de Escolas InepData]]></description><Point><coordinates>-54.6856168,-20.5005264,0</coordinates></Point></Placemark><Placemark><name>ASSOCIACAO TAGARELA</name><description><![CDATA[Código INEP: 50032640<br>Município: Campo Grande<br>Fonte: INEP Censo Escolar 2025 + Catálogo de Escolas InepData]]></description><Point><coordinates>-54.6364719,-20.4999512,0</coordinates></Point></Placemark><Placemark><name>EMEI JURACY GALVAO OLIVEIRA</name><description><![CDATA[Código INEP: 50032739<br>Município: Campo Grande<br>Fonte: INEP Censo Escolar 2025 + Catálogo de Escolas InepData]]></description><Point><coordinates>-54.544377,-20.4759688,0</coordinates></Point></Placemark><Placemark><name>ESCOLA ATITUDE</name><description><![CDATA[Código INEP: 50032755<br>Município: Campo Grande<br>Fonte: INEP Censo Escolar 2025 + Catálogo de Escolas InepData]]></description><Point><coordinates>-54.59847,-20.48028,0</coordinates></Point></Placemark><Placemark><name>ESCOLA ATIVA</name><description><![CDATA[Código INEP: 50032887<br>Município: Campo Grande<br>Fonte: INEP Censo Escolar 2025 + Catálogo de Escolas InepData]]></description><Point><coordinates>-54.6440225,-20.4900916,0</coordinates></Point></Placemark><Placemark><name>ESC DE EDUC PROFISSIONAL DA FUNDACAO SOCIAL DO TRABALHO DE CG - FUNSAT</name><description><![CDATA[Código INEP: 50032968<br>Município: Campo Grande<br>Fonte: INEP Censo Escolar 2025 + Catálogo de Escolas InepData]]></description><Point><coordinates>-54.6153585,-20.4719844,0</coordinates></Point></Placemark><Placemark><name>FACULDADE ESTACIO DE SA DE CAMPO GRANDE</name><description><![CDATA[Código INEP: 50033018<br>Município: Campo Grande<br>Fonte: INEP Censo Escolar 2025 + Catálogo de Escolas InepData]]></description><Point><coordinates>-54.60119,-20.48106,0</coordinates></Point></Placemark><Placemark><name>ESCOLA MON PETIT</name><description><![CDATA[Código INEP: 50033107<br>Município: Campo Grande<br>Fonte: INEP Censo Escolar 2025 + Catálogo de Escolas InepData]]></description><Point><coordinates>-54.58844,-20.45176,0</coordinates></Point></Placemark><Placemark><name>COLEGIO CLASSE A UNIDADE II</name><description><![CDATA[Código INEP: 50033239<br>Município: Campo Grande<br>Fonte: INEP Censo Escolar 2025 + Catálogo de Escolas InepData]]></description><Point><coordinates>-54.6111069,-20.4477261,0</coordinates></Point></Placemark><Placemark><name>ESCOLA TECNICA EDUCA</name><description><![CDATA[Código INEP: 50033247<br>Município: Campo Grande<br>Fonte: INEP Censo Escolar 2025 + Catálogo de Escolas InepData]]></description><Point><coordinates>-54.6186219,-20.4492044,0</coordinates></Point></Placemark><Placemark><name>CEAMETEA-CENTRO ESTADUAL DE APOIO MULTIDISCIPLINAR EDUCACIONAL</name><description><![CDATA[Código INEP: 50033344<br>Município: Campo Grande<br>Fonte: INEP Censo Escolar 2025 + Catálogo de Escolas InepData]]></description><Point><coordinates>-54.6375354,-20.4666138,0</coordinates></Point></Placemark><Placemark><name>ESCOLA PLANETA- UNIDADE CENTRO</name><description><![CDATA[Código INEP: 50033425<br>Município: Campo Grande<br>Fonte: INEP Censo Escolar 2025 + Catálogo de Escolas InepData]]></description><Point><coordinates>-54.61511803,-20.45094374,0</coordinates></Point></Placemark><Placemark><name>CENTRO ESTADUAL DE ATENDIMENTO MULTIDISCIPLINAR PARA ALTAS HABILIDADES SUPERDOTACAO-CEAMAHS</name><description><![CDATA[Código INEP: 50033433<br>Município: Campo Grande<br>Fonte: INEP Censo Escolar 2025 + Catálogo de Escolas InepData]]></description><Point><coordinates>-54.6374917,-20.4666996,0</coordinates></Point></Placemark><Placemark><name>COLEGIO BIONATUS-ENSINO FUNDAMENTAL</name><description><![CDATA[Código INEP: 50033450<br>Município: Campo Grande<br>Fonte: INEP Censo Escolar 2025 + Catálogo de Escolas InepData]]></description><Point><coordinates>-54.60104321,-20.45531384,0</coordinates></Point></Placemark><Placemark><name>CEMAR - CENTRO EDUCACIONAL MARECHAL RONDON</name><description><![CDATA[Código INEP: 50033492<br>Município: Campo Grande<br>Fonte: INEP Censo Escolar 2025 + Catálogo de Escolas InepData]]></description><Point><coordinates>-54.6679567,-20.4465222,0</coordinates></Point></Placemark><Placemark><name>ESCOLA MON PETIT KIDS - AJEL EDUCACIONAL - EPP</name><description><![CDATA[Código INEP: 50033573<br>Município: Campo Grande<br>Fonte: INEP Censo Escolar 2025 + Catálogo de Escolas InepData]]></description><Point><coordinates>-54.5880419,-20.4527969,0</coordinates></Point></Placemark><Placemark><name>COLEGIO REFFERENCIAL</name><description><![CDATA[Código INEP: 50033611<br>Município: Campo Grande<br>Fonte: INEP Censo Escolar 2025 + Catálogo de Escolas InepData]]></description><Point><coordinates>-54.6173896,-20.447417,0</coordinates></Point></Placemark><Placemark><name>REDE DE ENSINO TECNICO CETEPS</name><description><![CDATA[Código INEP: 50033638<br>Município: Campo Grande<br>Fonte: INEP Censo Escolar 2025 + Catálogo de Escolas InepData]]></description><Point><coordinates>-54.6057034,-20.4549292,0</coordinates></Point></Placemark><Placemark><name>MAPLE BEAR</name><description><![CDATA[Código INEP: 50033743<br>Município: Campo Grande<br>Fonte: INEP Censo Escolar 2025 + Catálogo de Escolas InepData]]></description><Point><coordinates>-54.5960421,-20.47653,0</coordinates></Point></Placemark><Placemark><name>LE IRDAK</name><description><![CDATA[Código INEP: 50033875<br>Município: Campo Grande<br>Fonte: INEP Censo Escolar 2025 + Catálogo de Escolas InepData]]></description><Point><coordinates>-54.5765956,-20.4629268,0</coordinates></Point></Placemark><Placemark><name>CENTRO EDUCACIONAL JEAN PIAGET</name><description><![CDATA[Código INEP: 50033883<br>Município: Campo Grande<br>Fonte: INEP Censo Escolar 2025 + Catálogo de Escolas InepData]]></description><Point><coordinates>-54.6097711,-20.49546948,0</coordinates></Point></Placemark><Placemark><name>MATERNA BERCARIO LTDA EPP</name><description><![CDATA[Código INEP: 50033921<br>Município: Campo Grande<br>Fonte: INEP Censo Escolar 2025 + Catálogo de Escolas InepData]]></description><Point><coordinates>-54.59636833,-20.45866833,0</coordinates></Point></Placemark><Placemark><name>INSTITUTO DE EDUCACAO COOPERAR LTDA</name><description><![CDATA[Código INEP: 50033930<br>Município: Campo Grande<br>Fonte: INEP Censo Escolar 2025 + Catálogo de Escolas InepData]]></description><Point><coordinates>-54.6057938,-20.504778,0</coordinates></Point></Placemark><Placemark><name>EMEI PROF ELOY SOUZA DA COSTA</name><description><![CDATA[Código INEP: 50033964<br>Município: Campo Grande<br>Fonte: INEP Censo Escolar 2025 + Catálogo de Escolas InepData]]></description><Point><coordinates>-54.6621174,-20.51240611,0</coordinates></Point></Placemark><Placemark><name>CENTRO DE ATENDIMENTO EDUCACIONAL ESPECIALIZADO O CASULO</name><description><![CDATA[Código INEP: 50033972<br>Município: Campo Grande<br>Fonte: INEP Censo Escolar 2025 + Catálogo de Escolas InepData]]></description><Point><coordinates>-54.6697949,-20.5365073,0</coordinates></Point></Placemark><Placemark><name>EM PROFESSORA MARIA REGINA DE VASCONCELOS GALVAO</name><description><![CDATA[Código INEP: 50034030<br>Município: Campo Grande<br>Fonte: INEP Censo Escolar 2025 + Catálogo de Escolas InepData]]></description><Point><coordinates>-54.60194854,-20.55737,0</coordinates></Point></Placemark><Placemark><name>ESCOLA CONQUISTA DE EDUCACAO INFANTIL E ENSINO FUNDAMENTAL EIRELE-ME</name><description><![CDATA[Código INEP: 50034073<br>Município: Campo Grande<br>Fonte: INEP Censo Escolar 2025 + Catálogo de Escolas InepData]]></description><Point><coordinates>-54.5927307,-20.4224523,0</coordinates></Point></Placemark><Placemark><name>ESCOLA AFETIVA</name><description><![CDATA[Código INEP: 50034120<br>Município: Campo Grande<br>Fonte: INEP Censo Escolar 2025 + Catálogo de Escolas InepData]]></description><Point><coordinates>-54.5681753,-20.432074,0</coordinates></Point></Placemark><Placemark><name>COLEGIO RUI BARBOSA -UNIDADE AERO RANCHO</name><description><![CDATA[Código INEP: 50034162<br>Município: Campo Grande<br>Fonte: INEP Censo Escolar 2025 + Catálogo de Escolas InepData]]></description><Point><coordinates>-54.656935,-20.51971833,0</coordinates></Point></Placemark><Placemark><name>COLEGIO MASTER LTDA</name><description><![CDATA[Código INEP: 50034197<br>Município: Campo Grande<br>Fonte: INEP Censo Escolar 2025 + Catálogo de Escolas InepData]]></description><Point><coordinates>-54.58406667,-20.46432667,0</coordinates></Point></Placemark><Placemark><name>ESCOLA DE EDUCACAO FUNDAMENTAL ALFA LTDA -ME</name><description><![CDATA[Código INEP: 50034219<br>Município: Campo Grande<br>Fonte: INEP Censo Escolar 2025 + Catálogo de Escolas InepData]]></description><Point><coordinates>-54.58398,-20.46487167,0</coordinates></Point></Placemark><Placemark><name>ESCOLA DE EDUCACAO FUNDAMENTAL BETA LTDA -ME</name><description><![CDATA[Código INEP: 50034227<br>Município: Campo Grande<br>Fonte: INEP Censo Escolar 2025 + Catálogo de Escolas InepData]]></description><Point><coordinates>-54.58522667,-20.46361667,0</coordinates></Point></Placemark><Placemark><name>EMEI PROF ELZA FRANCISCA DE SOUZA MACIEL</name><description><![CDATA[Código INEP: 50034308<br>Município: Campo Grande<br>Fonte: INEP Censo Escolar 2025 + Catálogo de Escolas InepData]]></description><Point><coordinates>-54.52568833,-20.45299833,0</coordinates></Point></Placemark><Placemark><name>EMEI PROFESSORA EMY ISHIDA NASCIMENTO NOGUEIRA</name><description><![CDATA[Código INEP: 50034448<br>Município: Campo Grande<br>Fonte: INEP Censo Escolar 2025 + Catálogo de Escolas InepData]]></description><Point><coordinates>-54.58882637,-20.45233918,0</coordinates></Point></Placemark><Placemark><name>CASA DE MARIA</name><description><![CDATA[Código INEP: 50034472<br>Município: Campo Grande<br>Fonte: INEP Censo Escolar 2025 + Catálogo de Escolas InepData]]></description><Point><coordinates>-54.59182,-20.412585,0</coordinates></Point></Placemark><Placemark><name>GEMS - CENTRO EDUCACIONAL MS LTDA - EDC - ESCOLA DE CURSOS</name><description><![CDATA[Código INEP: 50034561<br>Município: Campo Grande<br>Fonte: INEP Censo Escolar 2025 + Catálogo de Escolas InepData]]></description><Point><coordinates>-54.65151709,-20.4502513,0</coordinates></Point></Placemark><Placemark><name>CENTRO ESTADUAL DE FORMACAO DE PROFESSORES INDIGENAS DE MS</name><description><![CDATA[Código INEP: 50034600<br>Município: Campo Grande<br>Fonte: INEP Censo Escolar 2025 + Catálogo de Escolas InepData]]></description><Point><coordinates>-54.6134996,-20.4753243,0</coordinates></Point></Placemark><Placemark><name>ESCOLA ESTADUAL PROFESSOR ALBERTO ELPIDIO FERREIRA DIAS - PROFESSOR TITO</name><description><![CDATA[Código INEP: 50034626<br>Município: Campo Grande<br>Fonte: INEP Censo Escolar 2025 + Catálogo de Escolas InepData]]></description><Point><coordinates>-54.56356033,-20.37337912,0</coordinates></Point></Placemark><Placemark><name>EMEI ZARIFE MARTINS FRANCA</name><description><![CDATA[Código INEP: 50034650<br>Município: Campo Grande<br>Fonte: INEP Censo Escolar 2025 + Catálogo de Escolas InepData]]></description><Point><coordinates>-54.63745643,-20.55253814,0</coordinates></Point></Placemark><Placemark><name>COLEGIO REINO CRESCER</name><description><![CDATA[Código INEP: 50034812<br>Município: Campo Grande<br>Fonte: INEP Censo Escolar 2025 + Catálogo de Escolas InepData]]></description><Point><coordinates>-54.59783108,-20.5270375,0</coordinates></Point></Placemark><Placemark><name>COLEGIO HARMONIA - UNIDADE II</name><description><![CDATA[Código INEP: 50034839<br>Município: Campo Grande<br>Fonte: INEP Censo Escolar 2025 + Catálogo de Escolas InepData]]></description><Point><coordinates>-54.59637822,-20.4730466,0</coordinates></Point></Placemark><Placemark><name>GRUPO EDUCACIONAL ATOS</name><description><![CDATA[Código INEP: 50035010<br>Município: Campo Grande<br>Fonte: INEP Censo Escolar 2025 + Catálogo de Escolas InepData]]></description><Point><coordinates>-54.57652025,-20.4677547,0</coordinates></Point></Placemark><Placemark><name>EMEI PROFª IRACEMA DA CUNHA BARRETO</name><description><![CDATA[Código INEP: 50035266<br>Município: Campo Grande<br>Fonte: INEP Censo Escolar 2025 + Catálogo de Escolas InepData]]></description><Point><coordinates>-54.62954603,-20.41308844,0</coordinates></Point></Placemark><Placemark><name>COLEGIO ADVENTISTA VILAS BOAS</name><description><![CDATA[Código INEP: 50035320<br>Município: Campo Grande<br>Fonte: INEP Censo Escolar 2025 + Catálogo de Escolas InepData]]></description><Point><coordinates>-54.5984219,-20.48607914,0</coordinates></Point></Placemark><Placemark><name>COLEGIO EVORA</name><description><![CDATA[Código INEP: 50035690<br>Município: Campo Grande<br>Fonte: INEP Censo Escolar 2025 + Catálogo de Escolas InepData]]></description><Point><coordinates>-54.60920059,-20.44922728,0</coordinates></Point></Placemark><Placemark><name>CENTRO EDUCACIONAL MANOEL DE BARROS</name><description><![CDATA[Código INEP: 50035800<br>Município: Campo Grande<br>Fonte: INEP Censo Escolar 2025 + Catálogo de Escolas InepData]]></description><Point><coordinates>-54.5858856,-20.4764531,0</coordinates></Point></Placemark><Placemark><name>DESAFIO CENTRO EDUCACIONAL</name><description><![CDATA[Código INEP: 50036009<br>Município: Campo Grande<br>Fonte: INEP Censo Escolar 2025 + Catálogo de Escolas InepData]]></description><Point><coordinates>-54.63428,-20.47031,0</coordinates></Point></Placemark><Placemark><name>EDUCANDARIO ESPIRITA BLAISE PASCAL</name><description><![CDATA[Código INEP: 50038206<br>Município: Campo Grande<br>Fonte: INEP Censo Escolar 2025 + Catálogo de Escolas InepData]]></description><Point><coordinates>-54.6426788,-20.5140945,0</coordinates></Point></Placemark><Placemark><name>ESCOLA ESPIRITA ANALIA FRANCO</name><description><![CDATA[Código INEP: 50038400<br>Município: Campo Grande<br>Fonte: INEP Censo Escolar 2025 + Catálogo de Escolas InepData]]></description><Point><coordinates>-54.634,-20.546,0</coordinates></Point></Placemark><Placemark><name>CRECHE NOSSA SENHORA AUXILIADORA - UNIDADE I</name><description><![CDATA[Código INEP: 50038605<br>Município: Campo Grande<br>Fonte: INEP Censo Escolar 2025 + Catálogo de Escolas InepData]]></description><Point><coordinates>-54.60202,-20.4472,0</coordinates></Point></Placemark><Placemark><name>EMEI RAMZA BEDOGLIN DOMINGOS</name><description><![CDATA[Código INEP: 50041207<br>Município: Campo Grande<br>Fonte: INEP Censo Escolar 2025 + Catálogo de Escolas InepData]]></description><Point><coordinates>-54.6461157,-20.5513941,0</coordinates></Point></Placemark><Placemark><name>EMEI MARIA OLIVEIRA LIMA</name><description><![CDATA[Código INEP: 50041215<br>Município: Campo Grande<br>Fonte: INEP Censo Escolar 2025 + Catálogo de Escolas InepData]]></description><Point><coordinates>-54.5735744,-20.5483963,0</coordinates></Point></Placemark><Placemark><name>EMEI PROFª AYD CAMARGO CESAR</name><description><![CDATA[Código INEP: 50041401<br>Município: Campo Grande<br>Fonte: INEP Censo Escolar 2025 + Catálogo de Escolas InepData]]></description><Point><coordinates>-54.6495949,-20.5595042,0</coordinates></Point></Placemark><Placemark><name>EMEI LAFAYETE CAMARA DE OLIVEIRA</name><description><![CDATA[Código INEP: 50041606<br>Município: Campo Grande<br>Fonte: INEP Censo Escolar 2025 + Catálogo de Escolas InepData]]></description><Point><coordinates>-54.65105155,-20.42659246,0</coordinates></Point></Placemark><Placemark><name>EMEI MARIA CARLOTA TIBAU DE VASCONCELOS</name><description><![CDATA[Código INEP: 50041800<br>Município: Campo Grande<br>Fonte: INEP Censo Escolar 2025 + Catálogo de Escolas InepData]]></description><Point><coordinates>-54.60608067,-20.55220283,0</coordinates></Point></Placemark><Placemark><name>ESCOLA CRISTA ESTACAO CRIANCA</name><description><![CDATA[Código INEP: 50042807<br>Município: Campo Grande<br>Fonte: INEP Censo Escolar 2025 + Catálogo de Escolas InepData]]></description><Point><coordinates>-54.60313,-20.44103,0</coordinates></Point></Placemark><Placemark><name>CEI - NOVA ESPERANCA</name><description><![CDATA[Código INEP: 50043609<br>Município: Campo Grande<br>Fonte: INEP Censo Escolar 2025 + Catálogo de Escolas InepData]]></description><Point><coordinates>-54.63042,-20.45499,0</coordinates></Point></Placemark><Placemark><name>COLEGIO DE ENSINO FUNDAMENTAL NOVA GERACAO</name><description><![CDATA[Código INEP: 50051806<br>Município: Campo Grande<br>Fonte: INEP Censo Escolar 2025 + Catálogo de Escolas InepData]]></description><Point><coordinates>-54.64464,-20.47532,0</coordinates></Point></Placemark><Placemark><name>EMEI REGINA VITORAZZI SEBBEN</name><description><![CDATA[Código INEP: 50059866<br>Município: Campo Grande<br>Fonte: INEP Censo Escolar 2025 + Catálogo de Escolas InepData]]></description><Point><coordinates>-54.57824386,-20.38700323,0</coordinates></Point></Placemark><Placemark><name>EMEI PROF EDISON DA SILVA</name><description><![CDATA[Código INEP: 50059874<br>Município: Campo Grande<br>Fonte: INEP Censo Escolar 2025 + Catálogo de Escolas InepData]]></description><Point><coordinates>-54.62444321,-20.52355062,0</coordinates></Point></Placemark><Placemark><name>EMEI SANDRA MARA GOBBO</name><description><![CDATA[Código INEP: 50059882<br>Município: Campo Grande<br>Fonte: INEP Censo Escolar 2025 + Catálogo de Escolas InepData]]></description><Point><coordinates>-54.6866653,-20.517475,0</coordinates></Point></Placemark><Placemark><name>EM PROFESSORA ANA LUCIA DE OLIVEIRA BATISTA</name><description><![CDATA[Código INEP: 50059890<br>Município: Campo Grande<br>Fonte: INEP Censo Escolar 2025 + Catálogo de Escolas InepData]]></description><Point><coordinates>-54.604824,-20.5515386,0</coordinates></Point></Placemark><Placemark><name>EM PROFESSORA IRACEMA MARIA VICENTE</name><description><![CDATA[Código INEP: 50059904<br>Município: Campo Grande<br>Fonte: INEP Censo Escolar 2025 + Catálogo de Escolas InepData]]></description><Point><coordinates>-54.57044849,-20.49841196,0</coordinates></Point></Placemark><Placemark><name>EMEI CARLOS NEI DA SILVA</name><description><![CDATA[Código INEP: 50059912<br>Município: Campo Grande<br>Fonte: INEP Censo Escolar 2025 + Catálogo de Escolas InepData]]></description><Point><coordinates>-54.54861667,-20.42695833,0</coordinates></Point></Placemark><Placemark><name>NOVAESCOLA</name><description><![CDATA[Código INEP: 50060015<br>Município: Campo Grande<br>Fonte: INEP Censo Escolar 2025 + Catálogo de Escolas InepData]]></description><Point><coordinates>-54.6013376,-20.4595557,0</coordinates></Point></Placemark><Placemark><name>CENTRO DE EDUCACAO INFANTIL RISCOS E RABISCOS</name><description><![CDATA[Código INEP: 50060821<br>Município: Campo Grande<br>Fonte: INEP Censo Escolar 2025 + Catálogo de Escolas InepData]]></description><Point><coordinates>-54.67353,-20.44534,0</coordinates></Point></Placemark><Placemark><name>ESCOLA PADRAO LTDA</name><description><![CDATA[Código INEP: 50070800<br>Município: Campo Grande<br>Fonte: INEP Censo Escolar 2025 + Catálogo de Escolas InepData]]></description><Point><coordinates>-54.591095,-20.4675659,0</coordinates></Point></Placemark><Placemark><name>CROE - SONHO ENCANTADO</name><description><![CDATA[Código INEP: 50071807<br>Município: Campo Grande<br>Fonte: INEP Censo Escolar 2025 + Catálogo de Escolas InepData]]></description><Point><coordinates>-54.62859,-20.469,0</coordinates></Point></Placemark><Placemark><name>ESCOLA CRIATIVIDADE</name><description><![CDATA[Código INEP: 50072803<br>Município: Campo Grande<br>Fonte: INEP Censo Escolar 2025 + Catálogo de Escolas InepData]]></description><Point><coordinates>-54.60116,-20.45778,0</coordinates></Point></Placemark><Placemark><name>EM JOSE MAURO MESSIAS DA SILVA - POETA DAS MORENINHAS</name><description><![CDATA[Código INEP: 50072846<br>Município: Campo Grande<br>Fonte: INEP Censo Escolar 2025 + Catálogo de Escolas InepData]]></description><Point><coordinates>-54.5692436,-20.55968,0</coordinates></Point></Placemark><Placemark><name>EM SENADOR RACHID SALDANHA DERZI</name><description><![CDATA[Código INEP: 50072862<br>Município: Campo Grande<br>Fonte: INEP Censo Escolar 2025 + Catálogo de Escolas InepData]]></description><Point><coordinates>-54.53255827,-20.45048566,0</coordinates></Point></Placemark><Placemark><name>EM OSVALDO CRUZ</name><description><![CDATA[Código INEP: 50072927<br>Município: Campo Grande<br>Fonte: INEP Censo Escolar 2025 + Catálogo de Escolas InepData]]></description><Point><coordinates>-54.65982086,-20.44483977,0</coordinates></Point></Placemark><Placemark><name>EMEI CONSTANCA CORREA DE ALMEIDA SERRA</name><description><![CDATA[Código INEP: 50076817<br>Município: Campo Grande<br>Fonte: INEP Censo Escolar 2025 + Catálogo de Escolas InepData]]></description><Point><coordinates>-54.5683322,-20.4693602,0</coordinates></Point></Placemark><Placemark><name>EMEI PROFª ADELIA LEITE KRAWIEC</name><description><![CDATA[Código INEP: 50077805<br>Município: Campo Grande<br>Fonte: INEP Censo Escolar 2025 + Catálogo de Escolas InepData]]></description><Point><coordinates>-54.64403744,-20.41175158,0</coordinates></Point></Placemark><Placemark><name>EMEI PROFª ADRIANA NOGUEIRA BORGES</name><description><![CDATA[Código INEP: 50077813<br>Município: Campo Grande<br>Fonte: INEP Censo Escolar 2025 + Catálogo de Escolas InepData]]></description><Point><coordinates>-54.5865767,-20.40068115,0</coordinates></Point></Placemark><Placemark><name>IFMS - CAMPUS CAMPO GRANDE</name><description><![CDATA[Código INEP: 50082825<br>Município: Campo Grande<br>Fonte: INEP Censo Escolar 2025 + Catálogo de Escolas InepData]]></description><Point><coordinates>-54.61656,-20.45797,0</coordinates></Point></Placemark><Placemark><name>EM JOSE DO PATROCINIO</name><description><![CDATA[Código INEP: 50007050<br>Município: Campo Grande<br>Fonte: INEP Censo Escolar 2025 + Catálogo de Escolas InepData]]></description><Point><coordinates>-54.52923834,-20.76410283,0</coordinates></Point></Placemark><Placemark><name>EM ISAURO BENTO NOGUEIRA</name><description><![CDATA[Código INEP: 50009249<br>Município: Campo Grande<br>Fonte: INEP Censo Escolar 2025 + Catálogo de Escolas InepData]]></description><Point><coordinates>-54.50665265,-20.98667249,0</coordinates></Point></Placemark><Placemark><name>EM OITO DE DEZEMBRO</name><description><![CDATA[Código INEP: 50022849<br>Município: Campo Grande<br>Fonte: INEP Censo Escolar 2025 + Catálogo de Escolas InepData]]></description><Point><coordinates>-54.23822011,-21.19906472,0</coordinates></Point></Placemark><Placemark><name>EMEI PROFESSOR ALBERTO GUILHERME BATISTOTI</name><description><![CDATA[Código INEP: 50034634<br>Município: Campo Grande<br>Fonte: INEP Censo Escolar 2025 + Catálogo de Escolas InepData]]></description><Point><coordinates>-54.50444567,-20.98545287,0</coordinates></Point></Placemark><Placemark><name>EE DR RUBENS DE CASTRO PINTO</name><description><![CDATA[Código INEP: 50014366<br>Município: Caracol<br>Fonte: INEP Censo Escolar 2025 + Catálogo de Escolas InepData]]></description><Point><coordinates>-57.0274496,-22.0168998,0</coordinates></Point></Placemark><Placemark><name>ESCOLA MUNICIPAL DE ENSINO FUNDAMENTAL JOAO JOSE LEITE DA SILVA POLO</name><description><![CDATA[Código INEP: 50014374<br>Município: Caracol<br>Fonte: INEP Censo Escolar 2025 + Catálogo de Escolas InepData]]></description><Point><coordinates>-57.0353705,-22.0176994,0</coordinates></Point></Placemark><Placemark><name>EMR INACIO SILVESTRE MONTEIRO</name><description><![CDATA[Código INEP: 50014382<br>Município: Caracol<br>Fonte: INEP Censo Escolar 2025 + Catálogo de Escolas InepData]]></description><Point><coordinates>-56.8799941,-21.7375313,0</coordinates></Point></Placemark><Placemark><name>EE HERMELINA BARBOSA LEAL</name><description><![CDATA[Código INEP: 50010115<br>Município: Cassilândia<br>Fonte: INEP Censo Escolar 2025 + Catálogo de Escolas InepData]]></description><Point><coordinates>-51.7368998,-19.1139245,0</coordinates></Point></Placemark><Placemark><name>EE RUI BARBOSA</name><description><![CDATA[Código INEP: 50010158<br>Município: Cassilândia<br>Fonte: INEP Censo Escolar 2025 + Catálogo de Escolas InepData]]></description><Point><coordinates>-51.7383393,-19.1035106,0</coordinates></Point></Placemark><Placemark><name>EE SAO JOSE</name><description><![CDATA[Código INEP: 50010166<br>Município: Cassilândia<br>Fonte: INEP Censo Escolar 2025 + Catálogo de Escolas InepData]]></description><Point><coordinates>-51.7271531,-19.1226796,0</coordinates></Point></Placemark><Placemark><name>CENTRO MUNICIPAL DE EDUCACAO VEREADORA ILMA ALVES DA COSTA</name><description><![CDATA[Código INEP: 50010174<br>Município: Cassilândia<br>Fonte: INEP Censo Escolar 2025 + Catálogo de Escolas InepData]]></description><Point><coordinates>-51.7366026,-19.1227025,0</coordinates></Point></Placemark><Placemark><name>ESCOLA MUNICIPAL ANTONIO PAULINO</name><description><![CDATA[Código INEP: 50010182<br>Município: Cassilândia<br>Fonte: INEP Censo Escolar 2025 + Catálogo de Escolas InepData]]></description><Point><coordinates>-51.7247662,-19.1177481,0</coordinates></Point></Placemark><Placemark><name>COLEGIO GERACAO</name><description><![CDATA[Código INEP: 50010530<br>Município: Cassilândia<br>Fonte: INEP Censo Escolar 2025 + Catálogo de Escolas InepData]]></description><Point><coordinates>-51.7304622,-19.1145847,0</coordinates></Point></Placemark><Placemark><name>COLEGIO INTELECTUS</name><description><![CDATA[Código INEP: 50010549<br>Município: Cassilândia<br>Fonte: INEP Censo Escolar 2025 + Catálogo de Escolas InepData]]></description><Point><coordinates>-51.74096392,-19.11503847,0</coordinates></Point></Placemark><Placemark><name>CENTRO EDUCACIONAL RAIO DE SOL</name><description><![CDATA[Código INEP: 50010565<br>Município: Cassilândia<br>Fonte: INEP Censo Escolar 2025 + Catálogo de Escolas InepData]]></description><Point><coordinates>-51.72518732,-19.12555777,0</coordinates></Point></Placemark><Placemark><name>EM AMIN JOSE</name><description><![CDATA[Código INEP: 50010573<br>Município: Cassilândia<br>Fonte: INEP Censo Escolar 2025 + Catálogo de Escolas InepData]]></description><Point><coordinates>-51.7391359,-19.1155589,0</coordinates></Point></Placemark><Placemark><name>CMEI - JURACY LUCAS</name><description><![CDATA[Código INEP: 50022113<br>Município: Cassilândia<br>Fonte: INEP Censo Escolar 2025 + Catálogo de Escolas InepData]]></description><Point><coordinates>-51.7423856,-19.1058947,0</coordinates></Point></Placemark><Placemark><name>CMEI MARIA PARREIRA LEAL</name><description><![CDATA[Código INEP: 50022130<br>Município: Cassilândia<br>Fonte: INEP Censo Escolar 2025 + Catálogo de Escolas InepData]]></description><Point><coordinates>-51.7341252,-19.1220738,0</coordinates></Point></Placemark><Placemark><name>CMEI - PREFEITO JOAO ALBINO CARDOSO</name><description><![CDATA[Código INEP: 50022148<br>Município: Cassilândia<br>Fonte: INEP Censo Escolar 2025 + Catálogo de Escolas InepData]]></description><Point><coordinates>-51.7235721,-19.117875,0</coordinates></Point></Placemark><Placemark><name>CMEI - ROSINELE DA SILVA</name><description><![CDATA[Código INEP: 50023535<br>Município: Cassilândia<br>Fonte: INEP Censo Escolar 2025 + Catálogo de Escolas InepData]]></description><Point><coordinates>-51.7262687,-19.1255357,0</coordinates></Point></Placemark><Placemark><name>CMEI - RICARDO BARBOSA SANDOVAL</name><description><![CDATA[Código INEP: 50028219<br>Município: Cassilândia<br>Fonte: INEP Censo Escolar 2025 + Catálogo de Escolas InepData]]></description><Point><coordinates>-51.7491211,-19.1073118,0</coordinates></Point></Placemark><Placemark><name>EM ADRIELE BARBOSA SILVA</name><description><![CDATA[Código INEP: 50029444<br>Município: Cassilândia<br>Fonte: INEP Censo Escolar 2025 + Catálogo de Escolas InepData]]></description><Point><coordinates>-51.73581057,-19.10531506,0</coordinates></Point></Placemark><Placemark><name>ESCOLA EVANGELICA AVIVAMENTO BIBLICO</name><description><![CDATA[Código INEP: 50030892<br>Município: Cassilândia<br>Fonte: INEP Censo Escolar 2025 + Catálogo de Escolas InepData]]></description><Point><coordinates>-51.72961707,-19.11594963,0</coordinates></Point></Placemark><Placemark><name>CENTRO MUNICIPAL DE EDUCACAO INFANTIL LUAIR MONTEIRO MALTA RIGONATO</name><description><![CDATA[Código INEP: 50031694<br>Município: Cassilândia<br>Fonte: INEP Censo Escolar 2025 + Catálogo de Escolas InepData]]></description><Point><coordinates>-51.7357301,-19.1018866,0</coordinates></Point></Placemark><Placemark><name>ESCOLA MUNICIPAL MARIA APARECIDA DE PAULA</name><description><![CDATA[Código INEP: 50035495<br>Município: Cassilândia<br>Fonte: INEP Censo Escolar 2025 + Catálogo de Escolas InepData]]></description><Point><coordinates>-51.72629333,-19.12533333,0</coordinates></Point></Placemark><Placemark><name>EM INDAIA DO SUL - POLO</name><description><![CDATA[Código INEP: 50010620<br>Município: Cassilândia<br>Fonte: INEP Censo Escolar 2025 + Catálogo de Escolas InepData]]></description><Point><coordinates>-52.3694079,-18.9936407,0</coordinates></Point></Placemark><Placemark><name>CENTRO EDUCACIONAL DE CHAPADAO DO SUL - APAE</name><description><![CDATA[Código INEP: 50010638<br>Município: Chapadão do Sul<br>Fonte: INEP Censo Escolar 2025 + Catálogo de Escolas InepData]]></description><Point><coordinates>-52.6183283,-18.790261,0</coordinates></Point></Placemark><Placemark><name>ESCOLA MUNICIPAL CARLOS DRUMMOND DE ANDRADE</name><description><![CDATA[Código INEP: 50010646<br>Município: Chapadão do Sul<br>Fonte: INEP Censo Escolar 2025 + Catálogo de Escolas InepData]]></description><Point><coordinates>-52.62257167,-18.79763667,0</coordinates></Point></Placemark><Placemark><name>CEPE - CENTRO POSITIVO DE ENSINO</name><description><![CDATA[Código INEP: 50010662<br>Município: Chapadão do Sul<br>Fonte: INEP Censo Escolar 2025 + Catálogo de Escolas InepData]]></description><Point><coordinates>-52.6225479,-18.7996937,0</coordinates></Point></Placemark><Placemark><name>EE AUGUSTO KRUG NETTO</name><description><![CDATA[Código INEP: 50010670<br>Município: Chapadão do Sul<br>Fonte: INEP Censo Escolar 2025 + Catálogo de Escolas InepData]]></description><Point><coordinates>-52.60746913,-18.79619838,0</coordinates></Point></Placemark><Placemark><name>ESCOLA MUNICIPAL CECILIA MEIRELES</name><description><![CDATA[Código INEP: 50010697<br>Município: Chapadão do Sul<br>Fonte: INEP Censo Escolar 2025 + Catálogo de Escolas InepData]]></description><Point><coordinates>-52.6185571,-18.7922472,0</coordinates></Point></Placemark><Placemark><name>ESCOLA MUNICIPAL RIBEIRAO- POLO</name><description><![CDATA[Código INEP: 50022008<br>Município: Chapadão do Sul<br>Fonte: INEP Censo Escolar 2025 + Catálogo de Escolas InepData]]></description><Point><coordinates>-52.9229485,-18.7689021,0</coordinates></Point></Placemark><Placemark><name>COLEGIO ATENAS</name><description><![CDATA[Código INEP: 50024302<br>Município: Chapadão do Sul<br>Fonte: INEP Censo Escolar 2025 + Catálogo de Escolas InepData]]></description><Point><coordinates>-52.61770176,-18.79955894,0</coordinates></Point></Placemark><Placemark><name>CENTRO DE EDUCACAO INFANTIL DONA DALILA</name><description><![CDATA[Código INEP: 50025740<br>Município: Chapadão do Sul<br>Fonte: INEP Censo Escolar 2025 + Catálogo de Escolas InepData]]></description><Point><coordinates>-52.6299611,-18.7945454,0</coordinates></Point></Placemark><Placemark><name>CENTRO DE EDUCAO INFANTIL ALIDE BELOTTI</name><description><![CDATA[Código INEP: 50026933<br>Município: Chapadão do Sul<br>Fonte: INEP Censo Escolar 2025 + Catálogo de Escolas InepData]]></description><Point><coordinates>-52.625205,-18.79037167,0</coordinates></Point></Placemark><Placemark><name>ESCOLA MUNICIPAL PROFESSORA NICE ARCHILHA</name><description><![CDATA[Código INEP: 50028324<br>Município: Chapadão do Sul<br>Fonte: INEP Censo Escolar 2025 + Catálogo de Escolas InepData]]></description><Point><coordinates>-52.629709,-18.8007246,0</coordinates></Point></Placemark><Placemark><name>ESCOLA ESTADUAL JORGE AMADO</name><description><![CDATA[Código INEP: 50029053<br>Município: Chapadão do Sul<br>Fonte: INEP Censo Escolar 2025 + Catálogo de Escolas InepData]]></description><Point><coordinates>-52.6302141,-18.7982224,0</coordinates></Point></Placemark><Placemark><name>ESCOLA MUNICIPAL ERICO VERISSIMO</name><description><![CDATA[Código INEP: 50030060<br>Município: Chapadão do Sul<br>Fonte: INEP Censo Escolar 2025 + Catálogo de Escolas InepData]]></description><Point><coordinates>-52.6289511,-18.7879195,0</coordinates></Point></Placemark><Placemark><name>CENTRO DE EDUCACAO INFANTIL FLAMBOYANT</name><description><![CDATA[Código INEP: 50030698<br>Município: Chapadão do Sul<br>Fonte: INEP Censo Escolar 2025 + Catálogo de Escolas InepData]]></description><Point><coordinates>-52.61189833,-18.79568333,0</coordinates></Point></Placemark><Placemark><name>ESCOLA MUNICIPAL AROEIRA</name><description><![CDATA[Código INEP: 50031120<br>Município: Chapadão do Sul<br>Fonte: INEP Censo Escolar 2025 + Catálogo de Escolas InepData]]></description><Point><coordinates>-52.48184,-19.378545,0</coordinates></Point></Placemark><Placemark><name>CENTRO DE EDUCACAO INFANTIL SIBIPIRUNA</name><description><![CDATA[Código INEP: 50031589<br>Município: Chapadão do Sul<br>Fonte: INEP Censo Escolar 2025 + Catálogo de Escolas InepData]]></description><Point><coordinates>-52.62680833,-18.785175,0</coordinates></Point></Placemark><Placemark><name>CEI EDUCATIVA</name><description><![CDATA[Código INEP: 50031600<br>Município: Chapadão do Sul<br>Fonte: INEP Censo Escolar 2025 + Catálogo de Escolas InepData]]></description><Point><coordinates>-52.62558409,-18.79617846,0</coordinates></Point></Placemark><Placemark><name>COLEGIO MAPER</name><description><![CDATA[Código INEP: 50031651<br>Município: Chapadão do Sul<br>Fonte: INEP Censo Escolar 2025 + Catálogo de Escolas InepData]]></description><Point><coordinates>-52.62515,-18.80472,0</coordinates></Point></Placemark><Placemark><name>ESCOLA MUNICIPAL PEDRA BRANCA</name><description><![CDATA[Código INEP: 50032232<br>Município: Chapadão do Sul<br>Fonte: INEP Censo Escolar 2025 + Catálogo de Escolas InepData]]></description><Point><coordinates>-52.7274177,-19.0037828,0</coordinates></Point></Placemark><Placemark><name>CENTRO ESTADUAL DE EDUCACAO PROFISSIONAL ARLINDO NECKEL</name><description><![CDATA[Código INEP: 50034138<br>Município: Chapadão do Sul<br>Fonte: INEP Censo Escolar 2025 + Catálogo de Escolas InepData]]></description><Point><coordinates>-52.6277094,-18.7849601,0</coordinates></Point></Placemark><Placemark><name>ESCOLA MUNICIPAL INTEGRAL SEMEAR</name><description><![CDATA[Código INEP: 50035240<br>Município: Chapadão do Sul<br>Fonte: INEP Censo Escolar 2025 + Catálogo de Escolas InepData]]></description><Point><coordinates>-52.6231761,-18.79763629,0</coordinates></Point></Placemark><Placemark><name>ESCOLA MUNICIPAL MANOEL DE BARROS</name><description><![CDATA[Código INEP: 50035657<br>Município: Chapadão do Sul<br>Fonte: INEP Censo Escolar 2025 + Catálogo de Escolas InepData]]></description><Point><coordinates>-52.59920901,-18.77757799,0</coordinates></Point></Placemark><Placemark><name>CEPROSUL</name><description><![CDATA[Código INEP: 50050800<br>Município: Chapadão do Sul<br>Fonte: INEP Censo Escolar 2025 + Catálogo de Escolas InepData]]></description><Point><coordinates>-52.62524667,-18.808475,0</coordinates></Point></Placemark><Placemark><name>EM FRANCISCO NOGUEIRA SOBRINHO</name><description><![CDATA[Código INEP: 50009281<br>Município: Corguinho<br>Fonte: INEP Censo Escolar 2025 + Catálogo de Escolas InepData]]></description><Point><coordinates>-55.2068494,-19.7412342,0</coordinates></Point></Placemark><Placemark><name>EE JOSE ALVES QUITO</name><description><![CDATA[Código INEP: 50009290<br>Município: Corguinho<br>Fonte: INEP Censo Escolar 2025 + Catálogo de Escolas InepData]]></description><Point><coordinates>-54.829866,-19.8315004,0</coordinates></Point></Placemark><Placemark><name>EM FREI OTAVIO JOAO SIMIONATO POLO</name><description><![CDATA[Código INEP: 50009311<br>Município: Corguinho<br>Fonte: INEP Censo Escolar 2025 + Catálogo de Escolas InepData]]></description><Point><coordinates>-54.8344764,-19.8253675,0</coordinates></Point></Placemark><Placemark><name>EMEI ARCO-IRIS</name><description><![CDATA[Código INEP: 50009443<br>Município: Corguinho<br>Fonte: INEP Censo Escolar 2025 + Catálogo de Escolas InepData]]></description><Point><coordinates>-54.8280452,-19.8336855,0</coordinates></Point></Placemark><Placemark><name>EE CEL SAPUCAIA</name><description><![CDATA[Código INEP: 50019554<br>Município: Coronel Sapucaia<br>Fonte: INEP Censo Escolar 2025 + Catálogo de Escolas InepData]]></description><Point><coordinates>-55.52919,-23.26841,0</coordinates></Point></Placemark><Placemark><name>EE ENEIL VARGAS</name><description><![CDATA[Código INEP: 50019562<br>Município: Coronel Sapucaia<br>Fonte: INEP Censo Escolar 2025 + Catálogo de Escolas InepData]]></description><Point><coordinates>-55.53913163,-23.27497472,0</coordinates></Point></Placemark><Placemark><name>ESCOLA MUNICIPAL MAURICIO RODRIGUES DE PAULA</name><description><![CDATA[Código INEP: 50019570<br>Município: Coronel Sapucaia<br>Fonte: INEP Censo Escolar 2025 + Catálogo de Escolas InepData]]></description><Point><coordinates>-55.5286599,-23.2755684,0</coordinates></Point></Placemark><Placemark><name>EM FERNANDO DE SOUZA ROMANINI</name><description><![CDATA[Código INEP: 50019589<br>Município: Coronel Sapucaia<br>Fonte: INEP Censo Escolar 2025 + Catálogo de Escolas InepData]]></description><Point><coordinates>-55.5320903,-23.2818342,0</coordinates></Point></Placemark><Placemark><name>EM NANDE REKO ARANDU</name><description><![CDATA[Código INEP: 50019597<br>Município: Coronel Sapucaia<br>Fonte: INEP Censo Escolar 2025 + Catálogo de Escolas InepData]]></description><Point><coordinates>-55.42729,-23.19462,0</coordinates></Point></Placemark><Placemark><name>ESCOLA DE EDUC ESPECIAL PORTAL DE LUZ</name><description><![CDATA[Código INEP: 50024841<br>Município: Coronel Sapucaia<br>Fonte: INEP Censo Escolar 2025 + Catálogo de Escolas InepData]]></description><Point><coordinates>-55.5346255,-23.2754611,0</coordinates></Point></Placemark><Placemark><name>ESCOLA MUNICIPAL RUY ESPINDOLA</name><description><![CDATA[Código INEP: 50026500<br>Município: Coronel Sapucaia<br>Fonte: INEP Censo Escolar 2025 + Catálogo de Escolas InepData]]></description><Point><coordinates>-55.5253203,-23.2733521,0</coordinates></Point></Placemark><Placemark><name>CEI - MUNDO ENCANTADO</name><description><![CDATA[Código INEP: 50031317<br>Município: Coronel Sapucaia<br>Fonte: INEP Censo Escolar 2025 + Catálogo de Escolas InepData]]></description><Point><coordinates>-55.53521,-23.28071,0</coordinates></Point></Placemark><Placemark><name>CEI - CRESCER E APRENDER</name><description><![CDATA[Código INEP: 50032984<br>Município: Coronel Sapucaia<br>Fonte: INEP Censo Escolar 2025 + Catálogo de Escolas InepData]]></description><Point><coordinates>-55.522215,-23.2588536,0</coordinates></Point></Placemark><Placemark><name>MBO EROY ARANDU</name><description><![CDATA[Código INEP: 50032992<br>Município: Coronel Sapucaia<br>Fonte: INEP Censo Escolar 2025 + Catálogo de Escolas InepData]]></description><Point><coordinates>-55.44020775,-23.21294121,0</coordinates></Point></Placemark><Placemark><name>CENTRO EDUCATIVO PINGO DE GENTE</name><description><![CDATA[Código INEP: 50037404<br>Município: Coronel Sapucaia<br>Fonte: INEP Censo Escolar 2025 + Catálogo de Escolas InepData]]></description><Point><coordinates>-55.5308582,-23.2716244,0</coordinates></Point></Placemark><Placemark><name>ESCOLA DO SESI CORUMBA</name><description><![CDATA[Código INEP: 50000039<br>Município: Corumbá<br>Fonte: INEP Censo Escolar 2025 + Catálogo de Escolas InepData]]></description><Point><coordinates>-57.6267026,-19.0119207,0</coordinates></Point></Placemark><Placemark><name>EE DR GABRIEL VANDONI DE BARROS</name><description><![CDATA[Código INEP: 50000047<br>Município: Corumbá<br>Fonte: INEP Censo Escolar 2025 + Catálogo de Escolas InepData]]></description><Point><coordinates>-57.62743648,-19.00848251,0</coordinates></Point></Placemark><Placemark><name>COLEGIO ADVENTISTA DE CORUMBA</name><description><![CDATA[Código INEP: 50000101<br>Município: Corumbá<br>Fonte: INEP Censo Escolar 2025 + Catálogo de Escolas InepData]]></description><Point><coordinates>-57.6513701,-19.0058016,0</coordinates></Point></Placemark><Placemark><name>ESCOLA EVANGELICA ASSEMBLEIA DE DEUS</name><description><![CDATA[Código INEP: 50000110<br>Município: Corumbá<br>Fonte: INEP Censo Escolar 2025 + Catálogo de Escolas InepData]]></description><Point><coordinates>-57.6538906,-19.0095605,0</coordinates></Point></Placemark><Placemark><name>ESCOLA SANTA INES</name><description><![CDATA[Código INEP: 50000128<br>Município: Corumbá<br>Fonte: INEP Censo Escolar 2025 + Catálogo de Escolas InepData]]></description><Point><coordinates>-57.6555603,-19.0071153,0</coordinates></Point></Placemark><Placemark><name>EE MARIA HELENA ALBANEZE</name><description><![CDATA[Código INEP: 50000152<br>Município: Corumbá<br>Fonte: INEP Censo Escolar 2025 + Catálogo de Escolas InepData]]></description><Point><coordinates>-57.65841833,-19.026735,0</coordinates></Point></Placemark><Placemark><name>EE ROTARY CLUB</name><description><![CDATA[Código INEP: 50000160<br>Município: Corumbá<br>Fonte: INEP Censo Escolar 2025 + Catálogo de Escolas InepData]]></description><Point><coordinates>-57.6425725,-19.0271057,0</coordinates></Point></Placemark><Placemark><name>EE CARLOS DE CASTRO BRASIL</name><description><![CDATA[Código INEP: 50000179<br>Município: Corumbá<br>Fonte: INEP Censo Escolar 2025 + Catálogo de Escolas InepData]]></description><Point><coordinates>-57.628376,-19.0011461,0</coordinates></Point></Placemark><Placemark><name>EE DOM BOSCO</name><description><![CDATA[Código INEP: 50000187<br>Município: Corumbá<br>Fonte: INEP Censo Escolar 2025 + Catálogo de Escolas InepData]]></description><Point><coordinates>-57.6655855,-19.0052944,0</coordinates></Point></Placemark><Placemark><name>EE DR JOAO LEITE DE BARROS</name><description><![CDATA[Código INEP: 50000195<br>Município: Corumbá<br>Fonte: INEP Censo Escolar 2025 + Catálogo de Escolas InepData]]></description><Point><coordinates>-57.6481525,-19.0078307,0</coordinates></Point></Placemark><Placemark><name>EE JULIA GONCALVES PASSARINHO</name><description><![CDATA[Código INEP: 50000209<br>Município: Corumbá<br>Fonte: INEP Censo Escolar 2025 + Catálogo de Escolas InepData]]></description><Point><coordinates>-57.6469752,-18.9998359,0</coordinates></Point></Placemark><Placemark><name>EE MARIA LEITE</name><description><![CDATA[Código INEP: 50000217<br>Município: Corumbá<br>Fonte: INEP Censo Escolar 2025 + Catálogo de Escolas InepData]]></description><Point><coordinates>-57.640985,-19.00726,0</coordinates></Point></Placemark><Placemark><name>EE NATHERCIA POMPEO DOS SANTOS</name><description><![CDATA[Código INEP: 50000225<br>Município: Corumbá<br>Fonte: INEP Censo Escolar 2025 + Catálogo de Escolas InepData]]></description><Point><coordinates>-57.65321608,-19.04132455,0</coordinates></Point></Placemark><Placemark><name>EE OCTACILIO FAUSTINO DA SILVA</name><description><![CDATA[Código INEP: 50000233<br>Município: Corumbá<br>Fonte: INEP Censo Escolar 2025 + Catálogo de Escolas InepData]]></description><Point><coordinates>-57.6518881,-19.017023,0</coordinates></Point></Placemark><Placemark><name>EM BARAO DO RIO BRANCO</name><description><![CDATA[Código INEP: 50000241<br>Município: Corumbá<br>Fonte: INEP Censo Escolar 2025 + Catálogo de Escolas InepData]]></description><Point><coordinates>-57.6401187,-19.008281,0</coordinates></Point></Placemark><Placemark><name>EM CLIO PROENCA</name><description><![CDATA[Código INEP: 50000250<br>Município: Corumbá<br>Fonte: INEP Censo Escolar 2025 + Catálogo de Escolas InepData]]></description><Point><coordinates>-57.6483037,-19.0506541,0</coordinates></Point></Placemark><Placemark><name>EM DELCIDIO DO AMARAL</name><description><![CDATA[Código INEP: 50000268<br>Município: Corumbá<br>Fonte: INEP Censo Escolar 2025 + Catálogo de Escolas InepData]]></description><Point><coordinates>-57.63343229,-19.00048748,0</coordinates></Point></Placemark><Placemark><name>EM FERNANDO DE BARROS E CEMEI MARIA CANDELARIA PEREIRA LEITE E EXTENSAO</name><description><![CDATA[Código INEP: 50000276<br>Município: Corumbá<br>Fonte: INEP Censo Escolar 2025 + Catálogo de Escolas InepData]]></description><Point><coordinates>-57.6374407,-19.0135314,0</coordinates></Point></Placemark><Placemark><name>ESCOLA MUNICIPAL DE EDUCACAO INTEGRAL LUIZ FEITOSA RODRIGUES</name><description><![CDATA[Código INEP: 50000284<br>Município: Corumbá<br>Fonte: INEP Censo Escolar 2025 + Catálogo de Escolas InepData]]></description><Point><coordinates>-57.647135,-18.9957748,0</coordinates></Point></Placemark><Placemark><name>EM PEDRO PAULO DE MEDEIROS</name><description><![CDATA[Código INEP: 50000292<br>Município: Corumbá<br>Fonte: INEP Censo Escolar 2025 + Catálogo de Escolas InepData]]></description><Point><coordinates>-57.65155051,-19.00585853,0</coordinates></Point></Placemark><Placemark><name>EM IZABEL CORREA DE OLIVEIRA E EXTENSAO</name><description><![CDATA[Código INEP: 50000306<br>Município: Corumbá<br>Fonte: INEP Censo Escolar 2025 + Catálogo de Escolas InepData]]></description><Point><coordinates>-57.65689557,-19.02548048,0</coordinates></Point></Placemark><Placemark><name>ESCOLA MUNICIPAL JOSE DE SOUZA DAMY E EXTENSAO</name><description><![CDATA[Código INEP: 50000314<br>Município: Corumbá<br>Fonte: INEP Censo Escolar 2025 + Catálogo de Escolas InepData]]></description><Point><coordinates>-57.64612333,-19.02452833,0</coordinates></Point></Placemark><Placemark><name>ESCOLA MUNICIPAL DE EDUCACAO INTEGRAL TILMA FERNANDES VEIGA E CEMEI PARTEIRA VALODIA SERRA</name><description><![CDATA[Código INEP: 50000322<br>Município: Corumbá<br>Fonte: INEP Censo Escolar 2025 + Catálogo de Escolas InepData]]></description><Point><coordinates>-57.6632492,-18.9994408,0</coordinates></Point></Placemark><Placemark><name>EM CYRIACO FELIX DE TOLEDO</name><description><![CDATA[Código INEP: 50000330<br>Município: Corumbá<br>Fonte: INEP Censo Escolar 2025 + Catálogo de Escolas InepData]]></description><Point><coordinates>-57.6581231,-19.0008125,0</coordinates></Point></Placemark><Placemark><name>ESCOLA MUNICIPAL DE EDUCACAO INTEGRAL RACHID BARDAUIL</name><description><![CDATA[Código INEP: 50000349<br>Município: Corumbá<br>Fonte: INEP Censo Escolar 2025 + Catálogo de Escolas InepData]]></description><Point><coordinates>-57.666072,-19.01974458,0</coordinates></Point></Placemark><Placemark><name>ENAM - ESCOLA NEUSA ASSAD MALTA</name><description><![CDATA[Código INEP: 50000357<br>Município: Corumbá<br>Fonte: INEP Censo Escolar 2025 + Catálogo de Escolas InepData]]></description><Point><coordinates>-57.65198554,-19.0005951,0</coordinates></Point></Placemark><Placemark><name>COLEGIO SALESIANO DE SANTA TERESA</name><description><![CDATA[Código INEP: 50000390<br>Município: Corumbá<br>Fonte: INEP Censo Escolar 2025 + Catálogo de Escolas InepData]]></description><Point><coordinates>-57.65322663,-19.00248831,0</coordinates></Point></Placemark><Placemark><name>INSTITUTO EDUC JOSE CARLOS MACENA DE BRITTO</name><description><![CDATA[Código INEP: 50000411<br>Município: Corumbá<br>Fonte: INEP Censo Escolar 2025 + Catálogo de Escolas InepData]]></description><Point><coordinates>-57.6567927,-19.0095145,0</coordinates></Point></Placemark><Placemark><name>ESC ESPECIALIZADA REINO DO AMOR-APAE</name><description><![CDATA[Código INEP: 50000438<br>Município: Corumbá<br>Fonte: INEP Censo Escolar 2025 + Catálogo de Escolas InepData]]></description><Point><coordinates>-57.6228096,-19.0130429,0</coordinates></Point></Placemark><Placemark><name>IBEC - INSTITUTO BARUKI DE ED E CULTURA</name><description><![CDATA[Código INEP: 50000551<br>Município: Corumbá<br>Fonte: INEP Censo Escolar 2025 + Catálogo de Escolas InepData]]></description><Point><coordinates>-57.6499438,-19.0071965,0</coordinates></Point></Placemark><Placemark><name>JARDIM DOS PIRILAMPOS</name><description><![CDATA[Código INEP: 50000578<br>Município: Corumbá<br>Fonte: INEP Censo Escolar 2025 + Catálogo de Escolas InepData]]></description><Point><coordinates>-57.66012667,-18.99913333,0</coordinates></Point></Placemark><Placemark><name>CEMEI ESTRELINHA VERDE</name><description><![CDATA[Código INEP: 50000594<br>Município: Corumbá<br>Fonte: INEP Censo Escolar 2025 + Catálogo de Escolas InepData]]></description><Point><coordinates>-57.6513748,-19.0108036,0</coordinates></Point></Placemark><Placemark><name>EM ANGELA MARIA PEREZ</name><description><![CDATA[Código INEP: 50022270<br>Município: Corumbá<br>Fonte: INEP Censo Escolar 2025 + Catálogo de Escolas InepData]]></description><Point><coordinates>-57.65492918,-19.0338434,0</coordinates></Point></Placemark><Placemark><name>EMREI MONTE AZUL</name><description><![CDATA[Código INEP: 50022296<br>Município: Corumbá<br>Fonte: INEP Censo Escolar 2025 + Catálogo de Escolas InepData]]></description><Point><coordinates>-57.7109265,-19.1137253,0</coordinates></Point></Placemark><Placemark><name>MARB</name><description><![CDATA[Código INEP: 50023861<br>Município: Corumbá<br>Fonte: INEP Censo Escolar 2025 + Catálogo de Escolas InepData]]></description><Point><coordinates>-57.6432492,-19.0041745,0</coordinates></Point></Placemark><Placemark><name>EM CAIC PADRE ERNESTO SASSIDA E CEMEI CATARINA ANASTACIO DA CRUZ</name><description><![CDATA[Código INEP: 50023950<br>Município: Corumbá<br>Fonte: INEP Censo Escolar 2025 + Catálogo de Escolas InepData]]></description><Point><coordinates>-57.6754099,-19.008164,0</coordinates></Point></Placemark><Placemark><name>ESCOLA MUNICIPAL RURAL DE EDUCACAO INTEGRAL EUTROPIA GOMES PEDROSO</name><description><![CDATA[Código INEP: 50024752<br>Município: Corumbá<br>Fonte: INEP Censo Escolar 2025 + Catálogo de Escolas InepData]]></description><Point><coordinates>-57.7423225,-19.0561862,0</coordinates></Point></Placemark><Placemark><name>CEMEI PARTEIRA MARIA BENVINDA RABELLO</name><description><![CDATA[Código INEP: 50025384<br>Município: Corumbá<br>Fonte: INEP Censo Escolar 2025 + Catálogo de Escolas InepData]]></description><Point><coordinates>-57.65705912,-19.03287847,0</coordinates></Point></Placemark><Placemark><name>CEMEI PARTEIRA ROSA JOSETTI</name><description><![CDATA[Código INEP: 50025392<br>Município: Corumbá<br>Fonte: INEP Censo Escolar 2025 + Catálogo de Escolas InepData]]></description><Point><coordinates>-57.6661965,-19.0001644,0</coordinates></Point></Placemark><Placemark><name>CEMEI PARTEIRA ANA GONCALVES DO NASCIMENTO</name><description><![CDATA[Código INEP: 50025406<br>Município: Corumbá<br>Fonte: INEP Censo Escolar 2025 + Catálogo de Escolas InepData]]></description><Point><coordinates>-57.64195,-19.02671,0</coordinates></Point></Placemark><Placemark><name>CEMEI PARTEIRA INOCENCIA CAMBARA</name><description><![CDATA[Código INEP: 50025422<br>Município: Corumbá<br>Fonte: INEP Censo Escolar 2025 + Catálogo de Escolas InepData]]></description><Point><coordinates>-57.6308085,-19.0097731,0</coordinates></Point></Placemark><Placemark><name>EMR POLO PAIOLZINHO</name><description><![CDATA[Código INEP: 50027492<br>Município: Corumbá<br>Fonte: INEP Censo Escolar 2025 + Catálogo de Escolas InepData]]></description><Point><coordinates>-57.79021746,-19.09997314,0</coordinates></Point></Placemark><Placemark><name>FATEC SENAI CORUMBA</name><description><![CDATA[Código INEP: 50028030<br>Município: Corumbá<br>Fonte: INEP Censo Escolar 2025 + Catálogo de Escolas InepData]]></description><Point><coordinates>-57.62263693,-19.01204516,0</coordinates></Point></Placemark><Placemark><name>EM DR CASSIO LEITE DE BARROS</name><description><![CDATA[Código INEP: 50030051<br>Município: Corumbá<br>Fonte: INEP Censo Escolar 2025 + Catálogo de Escolas InepData]]></description><Point><coordinates>-57.655776,-19.0470115,0</coordinates></Point></Placemark><Placemark><name>ESCOLA TENIR LTDA</name><description><![CDATA[Código INEP: 50030132<br>Município: Corumbá<br>Fonte: INEP Censo Escolar 2025 + Catálogo de Escolas InepData]]></description><Point><coordinates>-57.6451179,-19.0012691,0</coordinates></Point></Placemark><Placemark><name>ESCOLINHA DE ARTES ACALANTO</name><description><![CDATA[Código INEP: 50030329<br>Município: Corumbá<br>Fonte: INEP Censo Escolar 2025 + Catálogo de Escolas InepData]]></description><Point><coordinates>-57.6465003,-19.0014956,0</coordinates></Point></Placemark><Placemark><name>ESCOLA MUNICIPAL ALMIRANTE TAMANDARE - CEMEI LAIDA MENACHO</name><description><![CDATA[Código INEP: 50031023<br>Município: Corumbá<br>Fonte: INEP Censo Escolar 2025 + Catálogo de Escolas InepData]]></description><Point><coordinates>-57.6422278,-19.0398168,0</coordinates></Point></Placemark><Placemark><name>CEMEI PROFª HELIA DA COSTA REIS</name><description><![CDATA[Código INEP: 50031988<br>Município: Corumbá<br>Fonte: INEP Censo Escolar 2025 + Catálogo de Escolas InepData]]></description><Point><coordinates>-57.65492,-19.04217833,0</coordinates></Point></Placemark><Placemark><name>ESCOLA MUNICIPAL RURAL POLO PORTO DA MANGA E EXTENSOES</name><description><![CDATA[Código INEP: 50032313<br>Município: Corumbá<br>Fonte: INEP Censo Escolar 2025 + Catálogo de Escolas InepData]]></description><Point><coordinates>-57.23483902,-19.25796467,0</coordinates></Point></Placemark><Placemark><name>CEMEI PROFESSORA EUNICE AJALA ROCHA</name><description><![CDATA[Código INEP: 50032682<br>Município: Corumbá<br>Fonte: INEP Censo Escolar 2025 + Catálogo de Escolas InepData]]></description><Point><coordinates>-57.63455336,-19.02187853,0</coordinates></Point></Placemark><Placemark><name>CENTRO DE EDUCACAO INFANTIL PROFESSORA MIRIAM MENDES</name><description><![CDATA[Código INEP: 50034677<br>Município: Corumbá<br>Fonte: INEP Censo Escolar 2025 + Catálogo de Escolas InepData]]></description><Point><coordinates>-57.63994015,-19.04960424,0</coordinates></Point></Placemark><Placemark><name>CENTRO DE EDUCACAO PROFISSIONAL - SENAC CORUMBA</name><description><![CDATA[Código INEP: 50055801<br>Município: Corumbá<br>Fonte: INEP Censo Escolar 2025 + Catálogo de Escolas InepData]]></description><Point><coordinates>-57.6521877,-19.0032915,0</coordinates></Point></Placemark><Placemark><name>IFMS - CAMPUS CORUMBA</name><description><![CDATA[Código INEP: 50082833<br>Município: Corumbá<br>Fonte: INEP Censo Escolar 2025 + Catálogo de Escolas InepData]]></description><Point><coordinates>-57.6408054,-19.0125164,0</coordinates></Point></Placemark><Placemark><name>EM PROF DJALMA DE SAMPAIO BRASIL E CEMEI SERV CARMO</name><description><![CDATA[Código INEP: 50082892<br>Município: Corumbá<br>Fonte: INEP Censo Escolar 2025 + Catálogo de Escolas InepData]]></description><Point><coordinates>-57.6643525,-19.0187319,0</coordinates></Point></Placemark><Placemark><name>ESCOLA MUNICIPAL RURAL DE EDUCACAO INTEGRAL POLO LUIZ DE ALBUQUERQUE DE MELO PEREIRA E CACERES E EXT</name><description><![CDATA[Código INEP: 50030566<br>Município: Corumbá<br>Fonte: INEP Censo Escolar 2025 + Catálogo de Escolas InepData]]></description><Point><coordinates>-57.41099463,-19.40129325,0</coordinates></Point></Placemark><Placemark><name>EE INDIGENA JOAO Q DE CARVALHO - TOGHOPANAA</name><description><![CDATA[Código INEP: 50029746<br>Município: Corumbá<br>Fonte: INEP Censo Escolar 2025 + Catálogo de Escolas InepData]]></description><Point><coordinates>-57.65607399,-19.00072988,0</coordinates></Point></Placemark><Placemark><name>ESCOLA MUNICIPAL RURAL DE EDUCACAO INTEGRAL POLO PARAGUAI MIRIM E EXTENSOES</name><description><![CDATA[Código INEP: 50032267<br>Município: Corumbá<br>Fonte: INEP Censo Escolar 2025 + Catálogo de Escolas InepData]]></description><Point><coordinates>-57.40767667,-18.49006167,0</coordinates></Point></Placemark><Placemark><name>ESCOLA MUNICIPAL RURAL DE EDUCACAO INTEGRAL POLO SAO LOURENCO E EXTENSOES</name><description><![CDATA[Código INEP: 50032275<br>Município: Corumbá<br>Fonte: INEP Censo Escolar 2025 + Catálogo de Escolas InepData]]></description><Point><coordinates>-57.46368333,-17.91465,0</coordinates></Point></Placemark><Placemark><name>ESCOLA MUNICIPAL RURAL DE EDUCACAO INTEGRAL POLO SEBASTIAO ROLON E EXTENSOES</name><description><![CDATA[Código INEP: 50032283<br>Município: Corumbá<br>Fonte: INEP Censo Escolar 2025 + Catálogo de Escolas InepData]]></description><Point><coordinates>-56.86897652,-18.59068654,0</coordinates></Point></Placemark><Placemark><name>ESCOLA MUNICIPAL RURAL DE EDUCACAO INTEGRAL POLO SANTA AURELIA E EXTENSOES</name><description><![CDATA[Código INEP: 50032291<br>Município: Corumbá<br>Fonte: INEP Censo Escolar 2025 + Catálogo de Escolas InepData]]></description><Point><coordinates>-56.99196262,-18.65209336,0</coordinates></Point></Placemark><Placemark><name>ESCOLA MUNICIPAL RURAL DE EDUCACAO INTEGRAL POLO PORTO ESPERANCA E EXTENSOES</name><description><![CDATA[Código INEP: 50030558<br>Município: Corumbá<br>Fonte: INEP Censo Escolar 2025 + Catálogo de Escolas InepData]]></description><Point><coordinates>-57.45453333,-19.60990167,0</coordinates></Point></Placemark><Placemark><name>EE JOSE FERREIRA DA COSTA</name><description><![CDATA[Código INEP: 50010700<br>Município: Costa Rica<br>Fonte: INEP Censo Escolar 2025 + Catálogo de Escolas InepData]]></description><Point><coordinates>-53.1349973,-18.5380582,0</coordinates></Point></Placemark><Placemark><name>EE SANTOS DUMONT</name><description><![CDATA[Código INEP: 50010719<br>Município: Costa Rica<br>Fonte: INEP Censo Escolar 2025 + Catálogo de Escolas InepData]]></description><Point><coordinates>-53.1247513,-18.5427646,0</coordinates></Point></Placemark><Placemark><name>ESCOLA MUNICIPAL FRANCISCO MARTINS CARRIJO</name><description><![CDATA[Código INEP: 50010727<br>Município: Costa Rica<br>Fonte: INEP Censo Escolar 2025 + Catálogo de Escolas InepData]]></description><Point><coordinates>-53.1268107,-18.5562048,0</coordinates></Point></Placemark><Placemark><name>ESCOLA MUNICIPAL JOAQUIM FAUSTINO ROSA</name><description><![CDATA[Código INEP: 50010735<br>Município: Costa Rica<br>Fonte: INEP Censo Escolar 2025 + Catálogo de Escolas InepData]]></description><Point><coordinates>-53.1349283,-18.5408683,0</coordinates></Point></Placemark><Placemark><name>ESCOLA MUNICIPAL VALE DO AMANHECER</name><description><![CDATA[Código INEP: 50010743<br>Município: Costa Rica<br>Fonte: INEP Censo Escolar 2025 + Catálogo de Escolas InepData]]></description><Point><coordinates>-53.1494818,-18.5249741,0</coordinates></Point></Placemark><Placemark><name>COOPERATIVA EDUCACIONAL DE COSTA RICA - COOPECRI</name><description><![CDATA[Código INEP: 50010875<br>Município: Costa Rica<br>Fonte: INEP Censo Escolar 2025 + Catálogo de Escolas InepData]]></description><Point><coordinates>-53.1286095,-18.5446353,0</coordinates></Point></Placemark><Placemark><name>CENTRO DE EDUCACAO INFANTIL AMBROSINA PAES COELHO</name><description><![CDATA[Código INEP: 50010956<br>Município: Costa Rica<br>Fonte: INEP Censo Escolar 2025 + Catálogo de Escolas InepData]]></description><Point><coordinates>-53.1342694,-18.5377629,0</coordinates></Point></Placemark><Placemark><name>ESCOLA MUNICIPAL CIVICO-MILITAR PROFESSOR ADENOCRE ALEXANDRE DE MORAIS</name><description><![CDATA[Código INEP: 50024167<br>Município: Costa Rica<br>Fonte: INEP Censo Escolar 2025 + Catálogo de Escolas InepData]]></description><Point><coordinates>-53.1301132,-18.538945,0</coordinates></Point></Placemark><Placemark><name>INSTITUTO EDUCACIONAL DE COSTA RICA - APAE</name><description><![CDATA[Código INEP: 50024396<br>Município: Costa Rica<br>Fonte: INEP Censo Escolar 2025 + Catálogo de Escolas InepData]]></description><Point><coordinates>-53.1275782,-18.5561926,0</coordinates></Point></Placemark><Placemark><name>ESCOLA MUNICIPAL COTRISA DE BAUS POLO</name><description><![CDATA[Código INEP: 50025643<br>Município: Costa Rica<br>Fonte: INEP Censo Escolar 2025 + Catálogo de Escolas InepData]]></description><Point><coordinates>-53.1332057,-18.1635867,0</coordinates></Point></Placemark><Placemark><name>CENTRO DE EDUCACAO INFANTIL SONHO MEU</name><description><![CDATA[Código INEP: 50028278<br>Município: Costa Rica<br>Fonte: INEP Censo Escolar 2025 + Catálogo de Escolas InepData]]></description><Point><coordinates>-53.1274742,-18.5569144,0</coordinates></Point></Placemark><Placemark><name>CENTRO DE EDUCACAO INFANTIL DAVINA CORREA DE OLIVEIRA</name><description><![CDATA[Código INEP: 50030655<br>Município: Costa Rica<br>Fonte: INEP Censo Escolar 2025 + Catálogo de Escolas InepData]]></description><Point><coordinates>-53.1398532,-18.5402659,0</coordinates></Point></Placemark><Placemark><name>CENTRO DE EDUCACAO INFANTIL SONHO DE NINAR</name><description><![CDATA[Código INEP: 50030973<br>Município: Costa Rica<br>Fonte: INEP Censo Escolar 2025 + Catálogo de Escolas InepData]]></description><Point><coordinates>-53.1489906,-18.5252088,0</coordinates></Point></Placemark><Placemark><name>CENTRO DE EDUCACAO INFANTIL ILIDIA LACERDA DE ALMEIDA</name><description><![CDATA[Código INEP: 50031155<br>Município: Costa Rica<br>Fonte: INEP Censo Escolar 2025 + Catálogo de Escolas InepData]]></description><Point><coordinates>-53.1271187,-18.5431314,0</coordinates></Point></Placemark><Placemark><name>ESCOLA MUNICIPAL FABIO RODRIGUES BARBOSA</name><description><![CDATA[Código INEP: 50034375<br>Município: Costa Rica<br>Fonte: INEP Censo Escolar 2025 + Catálogo de Escolas InepData]]></description><Point><coordinates>-53.15612194,-18.52934323,0</coordinates></Point></Placemark><Placemark><name>CENTRO DE EDUCACAO INFANTIL SONHO DA VOVO LUZIA GOMES DA COSTA</name><description><![CDATA[Código INEP: 50034669<br>Município: Costa Rica<br>Fonte: INEP Censo Escolar 2025 + Catálogo de Escolas InepData]]></description><Point><coordinates>-53.15611515,-18.52867104,0</coordinates></Point></Placemark><Placemark><name>CENTRO DE EDUCACAO ESPECIAL DE COXIM</name><description><![CDATA[Código INEP: 50003453<br>Município: Coxim<br>Fonte: INEP Censo Escolar 2025 + Catálogo de Escolas InepData]]></description><Point><coordinates>-54.7399621,-18.5077908,0</coordinates></Point></Placemark><Placemark><name>EE PADRE NUNES</name><description><![CDATA[Código INEP: 50003461<br>Município: Coxim<br>Fonte: INEP Censo Escolar 2025 + Catálogo de Escolas InepData]]></description><Point><coordinates>-54.7512608,-18.5013325,0</coordinates></Point></Placemark><Placemark><name>EE PEDRO MENDES FONTOURA</name><description><![CDATA[Código INEP: 50003500<br>Município: Coxim<br>Fonte: INEP Censo Escolar 2025 + Catálogo de Escolas InepData]]></description><Point><coordinates>-54.7471917,-18.505595,0</coordinates></Point></Placemark><Placemark><name>EE PROFª CLARICE RONDON DOS SANTOS</name><description><![CDATA[Código INEP: 50003518<br>Município: Coxim<br>Fonte: INEP Censo Escolar 2025 + Catálogo de Escolas InepData]]></description><Point><coordinates>-54.7387359,-18.4945977,0</coordinates></Point></Placemark><Placemark><name>EE SEMIRAMIS CARLOTA BENEVIDES DA ROCHA</name><description><![CDATA[Código INEP: 50003526<br>Município: Coxim<br>Fonte: INEP Censo Escolar 2025 + Catálogo de Escolas InepData]]></description><Point><coordinates>-54.7396298,-18.519836,0</coordinates></Point></Placemark><Placemark><name>EE SILVIO FERREIRA</name><description><![CDATA[Código INEP: 50003534<br>Município: Coxim<br>Fonte: INEP Censo Escolar 2025 + Catálogo de Escolas InepData]]></description><Point><coordinates>-54.7593233,-18.50557,0</coordinates></Point></Placemark><Placemark><name>EE VIRIATO BANDEIRA</name><description><![CDATA[Código INEP: 50003542<br>Município: Coxim<br>Fonte: INEP Censo Escolar 2025 + Catálogo de Escolas InepData]]></description><Point><coordinates>-54.7538242,-18.5078693,0</coordinates></Point></Placemark><Placemark><name>EM MAL RONDON - POLO</name><description><![CDATA[Código INEP: 50003569<br>Município: Coxim<br>Fonte: INEP Censo Escolar 2025 + Catálogo de Escolas InepData]]></description><Point><coordinates>-54.7432538,-18.4921144,0</coordinates></Point></Placemark><Placemark><name>EM ESTUDANTE WILLIAM TAVARES DE OLIVEIRA</name><description><![CDATA[Código INEP: 50003577<br>Município: Coxim<br>Fonte: INEP Censo Escolar 2025 + Catálogo de Escolas InepData]]></description><Point><coordinates>-54.6754184,-18.5018483,0</coordinates></Point></Placemark><Placemark><name>CENTRO DE EDUCACAO PROFISSIONAL ENSINO FUNDAMENTAL E MEDIO SANTA TERESA</name><description><![CDATA[Código INEP: 50003631<br>Município: Coxim<br>Fonte: INEP Censo Escolar 2025 + Catálogo de Escolas InepData]]></description><Point><coordinates>-54.75984,-18.50635,0</coordinates></Point></Placemark><Placemark><name>COLEGIO PROFESSORA JULIETA MOTA DOS SANTOS</name><description><![CDATA[Código INEP: 50003704<br>Município: Coxim<br>Fonte: INEP Censo Escolar 2025 + Catálogo de Escolas InepData]]></description><Point><coordinates>-54.7401989,-18.5107936,0</coordinates></Point></Placemark><Placemark><name>CEI - ZULEIDE POMPEU DOS SANTOS</name><description><![CDATA[Código INEP: 50022172<br>Município: Coxim<br>Fonte: INEP Censo Escolar 2025 + Catálogo de Escolas InepData]]></description><Point><coordinates>-54.7420812,-18.4977842,0</coordinates></Point></Placemark><Placemark><name>CEI - SENHOR DIVINO</name><description><![CDATA[Código INEP: 50024744<br>Município: Coxim<br>Fonte: INEP Censo Escolar 2025 + Catálogo de Escolas InepData]]></description><Point><coordinates>-54.7463296,-18.4996408,0</coordinates></Point></Placemark><Placemark><name>CEI - NELY MARTINS</name><description><![CDATA[Código INEP: 50026860<br>Município: Coxim<br>Fonte: INEP Censo Escolar 2025 + Catálogo de Escolas InepData]]></description><Point><coordinates>-54.7436881,-18.5263345,0</coordinates></Point></Placemark><Placemark><name>ESCOLA NOVO MUNDO</name><description><![CDATA[Código INEP: 50027760<br>Município: Coxim<br>Fonte: INEP Censo Escolar 2025 + Catálogo de Escolas InepData]]></description><Point><coordinates>-54.7566353,-18.5049164,0</coordinates></Point></Placemark><Placemark><name>CEI - ILDON TORQUATO RIBEIRO</name><description><![CDATA[Código INEP: 50030744<br>Município: Coxim<br>Fonte: INEP Censo Escolar 2025 + Catálogo de Escolas InepData]]></description><Point><coordinates>-54.7341632,-18.4881537,0</coordinates></Point></Placemark><Placemark><name>CENTRO DE EDUCACAO INFANTIL LEONORA DA SILVA BEZERRA</name><description><![CDATA[Código INEP: 50031368<br>Município: Coxim<br>Fonte: INEP Censo Escolar 2025 + Catálogo de Escolas InepData]]></description><Point><coordinates>-54.70000709,-18.49956456,0</coordinates></Point></Placemark><Placemark><name>CENTRO MUNICIPAL DE PRE-ESCOLAR CAMINHO DAS LETRAS</name><description><![CDATA[Código INEP: 50031872<br>Município: Coxim<br>Fonte: INEP Censo Escolar 2025 + Catálogo de Escolas InepData]]></description><Point><coordinates>-54.7447004,-18.496552,0</coordinates></Point></Placemark><Placemark><name>ESCOLA MUNICIPAL DE PRE-ESCOLAR E ENSINO FUNDAMENTAL MARIA LUCIA BATISTA</name><description><![CDATA[Código INEP: 50033824<br>Município: Coxim<br>Fonte: INEP Censo Escolar 2025 + Catálogo de Escolas InepData]]></description><Point><coordinates>-54.73532412,-18.4875983,0</coordinates></Point></Placemark><Placemark><name>CEI - MARIA SANTANA DE ARAUJO</name><description><![CDATA[Código INEP: 50044818<br>Município: Coxim<br>Fonte: INEP Censo Escolar 2025 + Catálogo de Escolas InepData]]></description><Point><coordinates>-54.7484895,-18.5036124,0</coordinates></Point></Placemark><Placemark><name>IFMS - CAMPUS COXIM</name><description><![CDATA[Código INEP: 50082841<br>Município: Coxim<br>Fonte: INEP Censo Escolar 2025 + Catálogo de Escolas InepData]]></description><Point><coordinates>-54.75318681,-18.48531934,0</coordinates></Point></Placemark><Placemark><name>EM ANTONIO TORQUATO DA SILVA - POLO</name><description><![CDATA[Código INEP: 50003720<br>Município: Coxim<br>Fonte: INEP Censo Escolar 2025 + Catálogo de Escolas InepData]]></description><Point><coordinates>-54.3751927,-18.6449159,0</coordinates></Point></Placemark><Placemark><name>EE EDWIRGES COELHO DERZI</name><description><![CDATA[Código INEP: 50019651<br>Município: Deodápolis<br>Fonte: INEP Censo Escolar 2025 + Catálogo de Escolas InepData]]></description><Point><coordinates>-54.165064,-22.2727822,0</coordinates></Point></Placemark><Placemark><name>EE 13 DE MAIO</name><description><![CDATA[Código INEP: 50019660<br>Município: Deodápolis<br>Fonte: INEP Censo Escolar 2025 + Catálogo de Escolas InepData]]></description><Point><coordinates>-54.169333,-22.2725836,0</coordinates></Point></Placemark><Placemark><name>EE SCILA MEDICI</name><description><![CDATA[Código INEP: 50019678<br>Município: Deodápolis<br>Fonte: INEP Censo Escolar 2025 + Catálogo de Escolas InepData]]></description><Point><coordinates>-54.1671658,-22.2800508,0</coordinates></Point></Placemark><Placemark><name>ESCOLA MUNICIPAL ELIZABETE LUCENA CAMPOS</name><description><![CDATA[Código INEP: 50019732<br>Município: Deodápolis<br>Fonte: INEP Censo Escolar 2025 + Catálogo de Escolas InepData]]></description><Point><coordinates>-54.1681486,-22.2681321,0</coordinates></Point></Placemark><Placemark><name>CEI- JOAO PEDRO PELEGRINE DE SOUZA</name><description><![CDATA[Código INEP: 50019775<br>Município: Deodápolis<br>Fonte: INEP Censo Escolar 2025 + Catálogo de Escolas InepData]]></description><Point><coordinates>-54.16359481,-22.27258535,0</coordinates></Point></Placemark><Placemark><name>ESCOLA ESPECIAL CRIANCA FELIZ - APAE</name><description><![CDATA[Código INEP: 50024620<br>Município: Deodápolis<br>Fonte: INEP Censo Escolar 2025 + Catálogo de Escolas InepData]]></description><Point><coordinates>-54.168475,-22.2691767,0</coordinates></Point></Placemark><Placemark><name>OS GLOBINHOS CENTRO EDUCACIONAL DE DEODAPOLIS</name><description><![CDATA[Código INEP: 50031180<br>Município: Deodápolis<br>Fonte: INEP Censo Escolar 2025 + Catálogo de Escolas InepData]]></description><Point><coordinates>-54.17042,-22.27225,0</coordinates></Point></Placemark><Placemark><name>CAEED - DEODAPOLIS</name><description><![CDATA[Código INEP: 50032330<br>Município: Deodápolis<br>Fonte: INEP Censo Escolar 2025 + Catálogo de Escolas InepData]]></description><Point><coordinates>-54.169013,-22.269106,0</coordinates></Point></Placemark><Placemark><name>ESCOLA ESTADUAL LAGOA BONITA</name><description><![CDATA[Código INEP: 50019813<br>Município: Deodápolis<br>Fonte: INEP Censo Escolar 2025 + Catálogo de Escolas InepData]]></description><Point><coordinates>-54.2241595,-22.2625764,0</coordinates></Point></Placemark><Placemark><name>ESCOLA ESTADUAL PORTO VILMA</name><description><![CDATA[Código INEP: 50019880<br>Município: Deodápolis<br>Fonte: INEP Censo Escolar 2025 + Catálogo de Escolas InepData]]></description><Point><coordinates>-54.1914728,-22.073782,0</coordinates></Point></Placemark><Placemark><name>EE JOAO BAPTISTA PEREIRA</name><description><![CDATA[Código INEP: 50019961<br>Município: Deodápolis<br>Fonte: INEP Censo Escolar 2025 + Catálogo de Escolas InepData]]></description><Point><coordinates>-54.1247262,-22.173345,0</coordinates></Point></Placemark><Placemark><name>ESCOLA POLO MUNICIPAL INDIGENA ALEXINA ROSA FIGUEREDO</name><description><![CDATA[Código INEP: 50002147<br>Município: Dois Irmãos do Buriti<br>Fonte: INEP Censo Escolar 2025 + Catálogo de Escolas InepData]]></description><Point><coordinates>-55.1801556,-20.8560312,0</coordinates></Point></Placemark><Placemark><name>EE PROFESSORA ESTEFANA CENTURION GAMBARRA</name><description><![CDATA[Código INEP: 50002155<br>Município: Dois Irmãos do Buriti<br>Fonte: INEP Censo Escolar 2025 + Catálogo de Escolas InepData]]></description><Point><coordinates>-55.27671075,-20.6915075,0</coordinates></Point></Placemark><Placemark><name>ESCOLA MUNICIPAL PROFESSOR JOSE PINTO DA SILVA</name><description><![CDATA[Código INEP: 50002163<br>Município: Dois Irmãos do Buriti<br>Fonte: INEP Censo Escolar 2025 + Catálogo de Escolas InepData]]></description><Point><coordinates>-55.4939462,-20.7434765,0</coordinates></Point></Placemark><Placemark><name>ESCOLA POLO MUNICIPAL FELICIA EMIKO KAWAMURA SAKITANI</name><description><![CDATA[Código INEP: 50002171<br>Município: Dois Irmãos do Buriti<br>Fonte: INEP Censo Escolar 2025 + Catálogo de Escolas InepData]]></description><Point><coordinates>-55.2756348,-20.6818808,0</coordinates></Point></Placemark><Placemark><name>CENTRO POLO MUNICIPAL DE EDUCACAO INFANTIL ANJOS DO DIA</name><description><![CDATA[Código INEP: 50025368<br>Município: Dois Irmãos do Buriti<br>Fonte: INEP Censo Escolar 2025 + Catálogo de Escolas InepData]]></description><Point><coordinates>-55.2756963,-20.6831835,0</coordinates></Point></Placemark><Placemark><name>ESCOLA POLO MUNICIPAL INDIGENA CACIQUE NDETI REGINALDO</name><description><![CDATA[Código INEP: 50029452<br>Município: Dois Irmãos do Buriti<br>Fonte: INEP Censo Escolar 2025 + Catálogo de Escolas InepData]]></description><Point><coordinates>-55.20852992,-20.87472433,0</coordinates></Point></Placemark><Placemark><name>CENTRO MUNICIPAL DE EDUCACAO INFANTIL SIDINEI MARQUES ROSA</name><description><![CDATA[Código INEP: 50031457<br>Município: Dois Irmãos do Buriti<br>Fonte: INEP Censo Escolar 2025 + Catálogo de Escolas InepData]]></description><Point><coordinates>-55.2733847,-20.6826033,0</coordinates></Point></Placemark><Placemark><name>CAEEPP - C DE ATENDIMENTO EDUCACIONAL ESPECIALIZADO PASSO A PASSO</name><description><![CDATA[Código INEP: 50031686<br>Município: Dois Irmãos do Buriti<br>Fonte: INEP Censo Escolar 2025 + Catálogo de Escolas InepData]]></description><Point><coordinates>-55.2746888,-20.6940626,0</coordinates></Point></Placemark><Placemark><name>EE INDIGENA CACIQUE NDETI REGINALDO</name><description><![CDATA[Código INEP: 50037005<br>Município: Dois Irmãos do Buriti<br>Fonte: INEP Censo Escolar 2025 + Catálogo de Escolas InepData]]></description><Point><coordinates>-55.2082714,-20.874897,0</coordinates></Point></Placemark><Placemark><name>EE INDIGENA NATIVIDADE ALCANTARA MARQUES</name><description><![CDATA[Código INEP: 50082876<br>Município: Dois Irmãos do Buriti<br>Fonte: INEP Censo Escolar 2025 + Catálogo de Escolas InepData]]></description><Point><coordinates>-55.1793422,-20.8560941,0</coordinates></Point></Placemark><Placemark><name>ESCOLA MUNICIPAL NERO MENEZES DE AVILA</name><description><![CDATA[Código INEP: 50002481<br>Município: Dois Irmãos do Buriti<br>Fonte: INEP Censo Escolar 2025 + Catálogo de Escolas InepData]]></description><Point><coordinates>-55.42861372,-20.44745684,0</coordinates></Point></Placemark><Placemark><name>EE BARAO DO RIO BRANCO</name><description><![CDATA[Código INEP: 50015591<br>Município: Douradina<br>Fonte: INEP Censo Escolar 2025 + Catálogo de Escolas InepData]]></description><Point><coordinates>-54.6132618,-22.0420567,0</coordinates></Point></Placemark><Placemark><name>CENTRO DE EDUCACAO INFANTIL ARTE E VIDA</name><description><![CDATA[Código INEP: 50015605<br>Município: Douradina<br>Fonte: INEP Censo Escolar 2025 + Catálogo de Escolas InepData]]></description><Point><coordinates>-54.61258472,-22.03838495,0</coordinates></Point></Placemark><Placemark><name>EM MIRENA AMELIA BATISTA</name><description><![CDATA[Código INEP: 50022156<br>Município: Douradina<br>Fonte: INEP Censo Escolar 2025 + Catálogo de Escolas InepData]]></description><Point><coordinates>-54.6120668,-22.0365136,0</coordinates></Point></Placemark><Placemark><name>EM DE EDUC INDIGENA JOAOZINHO CARAPE FERNANDO</name><description><![CDATA[Código INEP: 50029754<br>Município: Douradina<br>Fonte: INEP Censo Escolar 2025 + Catálogo de Escolas InepData]]></description><Point><coordinates>-54.64604008,-21.99567018,0</coordinates></Point></Placemark><Placemark><name>APAE-DOURADOS-MS</name><description><![CDATA[Código INEP: 50015664<br>Município: Dourados<br>Fonte: INEP Censo Escolar 2025 + Catálogo de Escolas InepData]]></description><Point><coordinates>-54.82441332,-22.2125123,0</coordinates></Point></Placemark><Placemark><name>CENTRO ESTADUAL DE EDUCACAO DE JOVENS E ADULTOS DE DOURADOS-CEEJA MS</name><description><![CDATA[Código INEP: 50015770<br>Município: Dourados<br>Fonte: INEP Censo Escolar 2025 + Catálogo de Escolas InepData]]></description><Point><coordinates>-54.8144097,-22.2480407,0</coordinates></Point></Placemark><Placemark><name>ESCOLA DO SESI DOURADOS</name><description><![CDATA[Código INEP: 50015834<br>Município: Dourados<br>Fonte: INEP Censo Escolar 2025 + Catálogo de Escolas InepData]]></description><Point><coordinates>-54.78349501,-22.2275423,0</coordinates></Point></Placemark><Placemark><name>ESCOLA PRESBITERIANA ERASMO BRAGA</name><description><![CDATA[Código INEP: 50015877<br>Município: Dourados<br>Fonte: INEP Censo Escolar 2025 + Catálogo de Escolas InepData]]></description><Point><coordinates>-54.8136467,-22.2262418,0</coordinates></Point></Placemark><Placemark><name>EE ABIGAIL BORRALHO</name><description><![CDATA[Código INEP: 50015885<br>Município: Dourados<br>Fonte: INEP Censo Escolar 2025 + Catálogo de Escolas InepData]]></description><Point><coordinates>-54.822071,-22.2292568,0</coordinates></Point></Placemark><Placemark><name>EE CASTRO ALVES</name><description><![CDATA[Código INEP: 50015907<br>Município: Dourados<br>Fonte: INEP Censo Escolar 2025 + Catálogo de Escolas InepData]]></description><Point><coordinates>-54.8118307,-22.2231999,0</coordinates></Point></Placemark><Placemark><name>EE MARIA DA GLORIA MUZZI FERREIRA</name><description><![CDATA[Código INEP: 50015915<br>Município: Dourados<br>Fonte: INEP Censo Escolar 2025 + Catálogo de Escolas InepData]]></description><Point><coordinates>-54.800893,-22.2414137,0</coordinates></Point></Placemark><Placemark><name>EE FLORIANO VIEGAS MACHADO</name><description><![CDATA[Código INEP: 50015940<br>Município: Dourados<br>Fonte: INEP Censo Escolar 2025 + Catálogo de Escolas InepData]]></description><Point><coordinates>-54.778656,-22.2195928,0</coordinates></Point></Placemark><Placemark><name>EE PASTOR DANIEL BERG</name><description><![CDATA[Código INEP: 50015958<br>Município: Dourados<br>Fonte: INEP Censo Escolar 2025 + Catálogo de Escolas InepData]]></description><Point><coordinates>-54.8217392,-22.2330019,0</coordinates></Point></Placemark><Placemark><name>EE PRES TANCREDO NEVES</name><description><![CDATA[Código INEP: 50015966<br>Município: Dourados<br>Fonte: INEP Censo Escolar 2025 + Catálogo de Escolas InepData]]></description><Point><coordinates>-54.75769,-22.22926,0</coordinates></Point></Placemark><Placemark><name>EE MENODORA FIALHO DE FIGUEIREDO</name><description><![CDATA[Código INEP: 50016008<br>Município: Dourados<br>Fonte: INEP Censo Escolar 2025 + Catálogo de Escolas InepData]]></description><Point><coordinates>-54.7965708,-22.2247732,0</coordinates></Point></Placemark><Placemark><name>EE MIN JOAO PAULO DOS REIS VELOSO</name><description><![CDATA[Código INEP: 50016016<br>Município: Dourados<br>Fonte: INEP Censo Escolar 2025 + Catálogo de Escolas InepData]]></description><Point><coordinates>-54.82804,-22.22389,0</coordinates></Point></Placemark><Placemark><name>EE PRES VARGAS</name><description><![CDATA[Código INEP: 50016024<br>Município: Dourados<br>Fonte: INEP Censo Escolar 2025 + Catálogo de Escolas InepData]]></description><Point><coordinates>-54.8098236,-22.2236526,0</coordinates></Point></Placemark><Placemark><name>EE VILMAR VIEIRA MATOS</name><description><![CDATA[Código INEP: 50016032<br>Município: Dourados<br>Fonte: INEP Censo Escolar 2025 + Catálogo de Escolas InepData]]></description><Point><coordinates>-54.8093679,-22.2541343,0</coordinates></Point></Placemark><Placemark><name>EM AURORA PEDROSO DE CAMARGO</name><description><![CDATA[Código INEP: 50016040<br>Município: Dourados<br>Fonte: INEP Censo Escolar 2025 + Catálogo de Escolas InepData]]></description><Point><coordinates>-54.8342952,-22.2143994,0</coordinates></Point></Placemark><Placemark><name>EM PROFª AVANI CARGNELUTTI FEHLAUER</name><description><![CDATA[Código INEP: 50016067<br>Município: Dourados<br>Fonte: INEP Censo Escolar 2025 + Catálogo de Escolas InepData]]></description><Point><coordinates>-54.8374415,-22.2244146,0</coordinates></Point></Placemark><Placemark><name>EM ARMANDO CAMPOS BELO</name><description><![CDATA[Código INEP: 50016083<br>Município: Dourados<br>Fonte: INEP Censo Escolar 2025 + Catálogo de Escolas InepData]]></description><Point><coordinates>-54.7830683,-22.2116114,0</coordinates></Point></Placemark><Placemark><name>EM ARTHUR CAMPOS MELLO</name><description><![CDATA[Código INEP: 50016091<br>Município: Dourados<br>Fonte: INEP Censo Escolar 2025 + Catálogo de Escolas InepData]]></description><Point><coordinates>-54.82452135,-22.2474084,0</coordinates></Point></Placemark><Placemark><name>EM CLARICE BASTOS ROSA</name><description><![CDATA[Código INEP: 50016105<br>Município: Dourados<br>Fonte: INEP Censo Escolar 2025 + Catálogo de Escolas InepData]]></description><Point><coordinates>-54.7683376,-22.2170689,0</coordinates></Point></Placemark><Placemark><name>EM PROFª ELZA FARIAS KINTSCHEV REAL</name><description><![CDATA[Código INEP: 50016113<br>Município: Dourados<br>Fonte: INEP Censo Escolar 2025 + Catálogo de Escolas InepData]]></description><Point><coordinates>-54.8235689,-22.2459993,0</coordinates></Point></Placemark><Placemark><name>EM FRANCISCO MEIRELES</name><description><![CDATA[Código INEP: 50016130<br>Município: Dourados<br>Fonte: INEP Censo Escolar 2025 + Catálogo de Escolas InepData]]></description><Point><coordinates>-54.7874619,-22.1970629,0</coordinates></Point></Placemark><Placemark><name>EM FRANKLIN LUIZ AZAMBUJA</name><description><![CDATA[Código INEP: 50016148<br>Município: Dourados<br>Fonte: INEP Censo Escolar 2025 + Catálogo de Escolas InepData]]></description><Point><coordinates>-54.818136,-22.2551102,0</coordinates></Point></Placemark><Placemark><name>EM IZABEL MUZZI FIORAVANTI</name><description><![CDATA[Código INEP: 50016156<br>Município: Dourados<br>Fonte: INEP Censo Escolar 2025 + Catálogo de Escolas InepData]]></description><Point><coordinates>-54.7849136,-22.228598,0</coordinates></Point></Placemark><Placemark><name>EM JANUARIO PEREIRA DE ARAUJO</name><description><![CDATA[Código INEP: 50016164<br>Município: Dourados<br>Fonte: INEP Censo Escolar 2025 + Catálogo de Escolas InepData]]></description><Point><coordinates>-54.8170989,-22.2409081,0</coordinates></Point></Placemark><Placemark><name>EM SOCRATES CAMARA</name><description><![CDATA[Código INEP: 50016172<br>Município: Dourados<br>Fonte: INEP Censo Escolar 2025 + Catálogo de Escolas InepData]]></description><Point><coordinates>-54.7698999,-22.206174,0</coordinates></Point></Placemark><Placemark><name>EM JOAQUIM MURTINHO</name><description><![CDATA[Código INEP: 50016180<br>Município: Dourados<br>Fonte: INEP Censo Escolar 2025 + Catálogo de Escolas InepData]]></description><Point><coordinates>-54.8105754,-22.2305003,0</coordinates></Point></Placemark><Placemark><name>EM LAUDEMIRA COUTINHO DE MELO</name><description><![CDATA[Código INEP: 50016199<br>Município: Dourados<br>Fonte: INEP Censo Escolar 2025 + Catálogo de Escolas InepData]]></description><Point><coordinates>-54.7592353,-22.2169199,0</coordinates></Point></Placemark><Placemark><name>EM MARIA DA ROSA ANTUNES DA SILVEIRA CAMARA</name><description><![CDATA[Código INEP: 50016210<br>Município: Dourados<br>Fonte: INEP Censo Escolar 2025 + Catálogo de Escolas InepData]]></description><Point><coordinates>-54.7788678,-22.2260971,0</coordinates></Point></Placemark><Placemark><name>EM INDIGENA TENGATUI MARANGATU - POLO</name><description><![CDATA[Código INEP: 50016245<br>Município: Dourados<br>Fonte: INEP Censo Escolar 2025 + Catálogo de Escolas InepData]]></description><Point><coordinates>-54.8285584,-22.173758,0</coordinates></Point></Placemark><Placemark><name>EM FREI EUCARIO SCHMITT</name><description><![CDATA[Código INEP: 50016300<br>Município: Dourados<br>Fonte: INEP Censo Escolar 2025 + Catálogo de Escolas InepData]]></description><Point><coordinates>-54.7854201,-22.2084139,0</coordinates></Point></Placemark><Placemark><name>EM VER ALBERTINA PEREIRA DE MATOS</name><description><![CDATA[Código INEP: 50016342<br>Município: Dourados<br>Fonte: INEP Censo Escolar 2025 + Catálogo de Escolas InepData]]></description><Point><coordinates>-54.78293586,-22.21467038,0</coordinates></Point></Placemark><Placemark><name>ESCOLA FRANCISCANA IMACULADA CONCEICAO</name><description><![CDATA[Código INEP: 50016385<br>Município: Dourados<br>Fonte: INEP Censo Escolar 2025 + Catálogo de Escolas InepData]]></description><Point><coordinates>-54.815875,-22.2188683,0</coordinates></Point></Placemark><Placemark><name>ESCOLA PRESBITERIANA MACKENZIE VITAL BRASIL</name><description><![CDATA[Código INEP: 50016393<br>Município: Dourados<br>Fonte: INEP Censo Escolar 2025 + Catálogo de Escolas InepData]]></description><Point><coordinates>-54.8139656,-22.2167812,0</coordinates></Point></Placemark><Placemark><name>ESCOLA ESPECIALIZADA ARCO IRIS - ASSOCIACAO PESTALOZZI DE DOURADOS</name><description><![CDATA[Código INEP: 50016407<br>Município: Dourados<br>Fonte: INEP Censo Escolar 2025 + Catálogo de Escolas InepData]]></description><Point><coordinates>-54.77639,-22.22322,0</coordinates></Point></Placemark><Placemark><name>EE ANTONIA DA SILVEIRA CAPILE</name><description><![CDATA[Código INEP: 50016415<br>Município: Dourados<br>Fonte: INEP Censo Escolar 2025 + Catálogo de Escolas InepData]]></description><Point><coordinates>-54.8087499,-22.239147,0</coordinates></Point></Placemark><Placemark><name>EE RAMONA DA SILVA PEDROSO</name><description><![CDATA[Código INEP: 50016431<br>Município: Dourados<br>Fonte: INEP Censo Escolar 2025 + Catálogo de Escolas InepData]]></description><Point><coordinates>-54.7978643,-22.2329512,0</coordinates></Point></Placemark><Placemark><name>EE PROFª FLORIANA LOPES</name><description><![CDATA[Código INEP: 50016482<br>Município: Dourados<br>Fonte: INEP Censo Escolar 2025 + Catálogo de Escolas InepData]]></description><Point><coordinates>-54.7890694,-22.2413014,0</coordinates></Point></Placemark><Placemark><name>EM PROFª ANTONIA CANDIDA DE MELO</name><description><![CDATA[Código INEP: 50016504<br>Município: Dourados<br>Fonte: INEP Censo Escolar 2025 + Catálogo de Escolas InepData]]></description><Point><coordinates>-54.7534824,-22.2401171,0</coordinates></Point></Placemark><Placemark><name>EM BERNARDINA CORREA DE ALMEIDA</name><description><![CDATA[Código INEP: 50016512<br>Município: Dourados<br>Fonte: INEP Censo Escolar 2025 + Catálogo de Escolas InepData]]></description><Point><coordinates>-54.8239417,-22.2413768,0</coordinates></Point></Placemark><Placemark><name>EM PREF ALVARO BRANDAO</name><description><![CDATA[Código INEP: 50016520<br>Município: Dourados<br>Fonte: INEP Censo Escolar 2025 + Catálogo de Escolas InepData]]></description><Point><coordinates>-54.7714914,-22.2307782,0</coordinates></Point></Placemark><Placemark><name>EM PROF MANOEL SANTIAGO DE OLIVEIRA</name><description><![CDATA[Código INEP: 50016539<br>Município: Dourados<br>Fonte: INEP Censo Escolar 2025 + Catálogo de Escolas InepData]]></description><Point><coordinates>-54.7956579,-22.2152587,0</coordinates></Point></Placemark><Placemark><name>EM WEIMAR GONCALVES TORRES</name><description><![CDATA[Código INEP: 50016547<br>Município: Dourados<br>Fonte: INEP Censo Escolar 2025 + Catálogo de Escolas InepData]]></description><Point><coordinates>-54.8320246,-22.2334876,0</coordinates></Point></Placemark><Placemark><name>EM PROF CLORI BENEDETTI DE FREITAS</name><description><![CDATA[Código INEP: 50016555<br>Município: Dourados<br>Fonte: INEP Censo Escolar 2025 + Catálogo de Escolas InepData]]></description><Point><coordinates>-54.7378885,-22.2463436,0</coordinates></Point></Placemark><Placemark><name>EM LOIDE BONFIM ANDRADE</name><description><![CDATA[Código INEP: 50016580<br>Município: Dourados<br>Fonte: INEP Censo Escolar 2025 + Catálogo de Escolas InepData]]></description><Point><coordinates>-54.8103932,-22.2436971,0</coordinates></Point></Placemark><Placemark><name>EM ETALIVIO PENZO</name><description><![CDATA[Código INEP: 50016598<br>Município: Dourados<br>Fonte: INEP Censo Escolar 2025 + Catálogo de Escolas InepData]]></description><Point><coordinates>-54.748727,-22.2353165,0</coordinates></Point></Placemark><Placemark><name>COLEGIO UNIGRAN</name><description><![CDATA[Código INEP: 50016628<br>Município: Dourados<br>Fonte: INEP Censo Escolar 2025 + Catálogo de Escolas InepData]]></description><Point><coordinates>-54.8265802,-22.2126219,0</coordinates></Point></Placemark><Placemark><name>SERVICO DE EDUCACAO INTEGRAL</name><description><![CDATA[Código INEP: 50016679<br>Município: Dourados<br>Fonte: INEP Censo Escolar 2025 + Catálogo de Escolas InepData]]></description><Point><coordinates>-54.82648,-22.21668,0</coordinates></Point></Placemark><Placemark><name>EM NEIL FIORAVANTI</name><description><![CDATA[Código INEP: 50022512<br>Município: Dourados<br>Fonte: INEP Censo Escolar 2025 + Catálogo de Escolas InepData]]></description><Point><coordinates>-54.7953395,-22.246009,0</coordinates></Point></Placemark><Placemark><name>CEART - CENTRO EDUCACIONAL ANTONIO RAPOSO TAVARES</name><description><![CDATA[Código INEP: 50023675<br>Município: Dourados<br>Fonte: INEP Censo Escolar 2025 + Catálogo de Escolas InepData]]></description><Point><coordinates>-54.80175,-22.22,0</coordinates></Point></Placemark><Placemark><name>CEIM - PAULO GABIATTI</name><description><![CDATA[Código INEP: 50025201<br>Município: Dourados<br>Fonte: INEP Censo Escolar 2025 + Catálogo de Escolas InepData]]></description><Point><coordinates>-54.8109177,-22.2440569,0</coordinates></Point></Placemark><Placemark><name>CEIM - AUSTRILIO FERREIRA DE SOUZA</name><description><![CDATA[Código INEP: 50025210<br>Município: Dourados<br>Fonte: INEP Censo Escolar 2025 + Catálogo de Escolas InepData]]></description><Point><coordinates>-54.7688201,-22.2167382,0</coordinates></Point></Placemark><Placemark><name>CEIM - MARIA MADALENA DE AGUIAR-RAIO DE SOL</name><description><![CDATA[Código INEP: 50025228<br>Município: Dourados<br>Fonte: INEP Censo Escolar 2025 + Catálogo de Escolas InepData]]></description><Point><coordinates>-54.7579894,-22.2298474,0</coordinates></Point></Placemark><Placemark><name>CEIM - HELIO LUCAS</name><description><![CDATA[Código INEP: 50025236<br>Município: Dourados<br>Fonte: INEP Censo Escolar 2025 + Catálogo de Escolas InepData]]></description><Point><coordinates>-54.7880312,-22.2414154,0</coordinates></Point></Placemark><Placemark><name>CEIM WILSON BENEDITO CARNEIRO</name><description><![CDATA[Código INEP: 50025244<br>Município: Dourados<br>Fonte: INEP Censo Escolar 2025 + Catálogo de Escolas InepData]]></description><Point><coordinates>-54.7834979,-22.2106827,0</coordinates></Point></Placemark><Placemark><name>CEIM - GENY FERREIRA MILAN</name><description><![CDATA[Código INEP: 50025252<br>Município: Dourados<br>Fonte: INEP Censo Escolar 2025 + Catálogo de Escolas InepData]]></description><Point><coordinates>-54.8251007,-22.2470359,0</coordinates></Point></Placemark><Placemark><name>CEIM - KATIA MARQUES BARBOSA</name><description><![CDATA[Código INEP: 50025279<br>Município: Dourados<br>Fonte: INEP Censo Escolar 2025 + Catálogo de Escolas InepData]]></description><Point><coordinates>-54.7959837,-22.2460492,0</coordinates></Point></Placemark><Placemark><name>CEIM IVO BENEDITO CARNEIRO</name><description><![CDATA[Código INEP: 50025287<br>Município: Dourados<br>Fonte: INEP Censo Escolar 2025 + Catálogo de Escolas InepData]]></description><Point><coordinates>-54.7778247,-22.209913,0</coordinates></Point></Placemark><Placemark><name>EM PROFª EFANTINA DE QUADROS</name><description><![CDATA[Código INEP: 50025295<br>Município: Dourados<br>Fonte: INEP Censo Escolar 2025 + Catálogo de Escolas InepData]]></description><Point><coordinates>-54.8401141,-22.2263153,0</coordinates></Point></Placemark><Placemark><name>CEIM - SARAH PENZO</name><description><![CDATA[Código INEP: 50025309<br>Município: Dourados<br>Fonte: INEP Censo Escolar 2025 + Catálogo de Escolas InepData]]></description><Point><coordinates>-54.7491706,-22.2348683,0</coordinates></Point></Placemark><Placemark><name>CEIM MARIA DE NAZARE</name><description><![CDATA[Código INEP: 50025317<br>Município: Dourados<br>Fonte: INEP Censo Escolar 2025 + Catálogo de Escolas InepData]]></description><Point><coordinates>-54.8342353,-22.2241726,0</coordinates></Point></Placemark><Placemark><name>CEIM - RAMAO VITAL VIANA</name><description><![CDATA[Código INEP: 50025325<br>Município: Dourados<br>Fonte: INEP Censo Escolar 2025 + Catálogo de Escolas InepData]]></description><Point><coordinates>-54.83286833,-22.233735,0</coordinates></Point></Placemark><Placemark><name>CEIM - MANOEL PEDRO NOLASCO</name><description><![CDATA[Código INEP: 50025333<br>Município: Dourados<br>Fonte: INEP Censo Escolar 2025 + Catálogo de Escolas InepData]]></description><Point><coordinates>-54.7717744,-22.2314293,0</coordinates></Point></Placemark><Placemark><name>EE PROF ALICIO ARAUJO</name><description><![CDATA[Código INEP: 50026569<br>Município: Dourados<br>Fonte: INEP Censo Escolar 2025 + Catálogo de Escolas InepData]]></description><Point><coordinates>-54.7885073,-22.2484623,0</coordinates></Point></Placemark><Placemark><name>CEIM - RECANTO DA CRIANCA</name><description><![CDATA[Código INEP: 50026984<br>Município: Dourados<br>Fonte: INEP Censo Escolar 2025 + Catálogo de Escolas InepData]]></description><Point><coordinates>-54.79434,-22.21159,0</coordinates></Point></Placemark><Placemark><name>EE PROF CELSO MULLER DO AMARAL</name><description><![CDATA[Código INEP: 50027581<br>Município: Dourados<br>Fonte: INEP Censo Escolar 2025 + Catálogo de Escolas InepData]]></description><Point><coordinates>-54.7686274,-22.2144446,0</coordinates></Point></Placemark><Placemark><name>CEIM - DECIO ROSA BASTOS</name><description><![CDATA[Código INEP: 50028286<br>Município: Dourados<br>Fonte: INEP Censo Escolar 2025 + Catálogo de Escolas InepData]]></description><Point><coordinates>-54.7773736,-22.2349199,0</coordinates></Point></Placemark><Placemark><name>CEIM - RECANTO RAIZES</name><description><![CDATA[Código INEP: 50028294<br>Município: Dourados<br>Fonte: INEP Censo Escolar 2025 + Catálogo de Escolas InepData]]></description><Point><coordinates>-54.80855,-22.25319,0</coordinates></Point></Placemark><Placemark><name>CEIM VITTORIO FEDRIZZI</name><description><![CDATA[Código INEP: 50028308<br>Município: Dourados<br>Fonte: INEP Censo Escolar 2025 + Catálogo de Escolas InepData]]></description><Point><coordinates>-54.8199645,-22.2387167,0</coordinates></Point></Placemark><Placemark><name>FACULDADE DE TECNOLOGIA SENAI DOURADOS</name><description><![CDATA[Código INEP: 50028545<br>Município: Dourados<br>Fonte: INEP Censo Escolar 2025 + Catálogo de Escolas InepData]]></description><Point><coordinates>-54.80009504,-22.25822534,0</coordinates></Point></Placemark><Placemark><name>CENTRO DE EDUCACAO PROFISSIONAL - SENAC DOURADOS</name><description><![CDATA[Código INEP: 50028561<br>Município: Dourados<br>Fonte: INEP Censo Escolar 2025 + Catálogo de Escolas InepData]]></description><Point><coordinates>-54.8132042,-22.2376594,0</coordinates></Point></Placemark><Placemark><name>SONHOS E MIMOS RECREACAO INFANTIL EIRELI</name><description><![CDATA[Código INEP: 50028863<br>Município: Dourados<br>Fonte: INEP Censo Escolar 2025 + Catálogo de Escolas InepData]]></description><Point><coordinates>-54.82328097,-22.21639726,0</coordinates></Point></Placemark><Placemark><name>CENTRO EDUCACIONAL CEMA-CEMINHA</name><description><![CDATA[Código INEP: 50029134<br>Município: Dourados<br>Fonte: INEP Censo Escolar 2025 + Catálogo de Escolas InepData]]></description><Point><coordinates>-54.80936,-22.22334,0</coordinates></Point></Placemark><Placemark><name>ELITE DOURADOS</name><description><![CDATA[Código INEP: 50029150<br>Município: Dourados<br>Fonte: INEP Censo Escolar 2025 + Catálogo de Escolas InepData]]></description><Point><coordinates>-54.8143474,-22.2163949,0</coordinates></Point></Placemark><Placemark><name>CEIM - CELSO DE ALMEIDA</name><description><![CDATA[Código INEP: 50029509<br>Município: Dourados<br>Fonte: INEP Censo Escolar 2025 + Catálogo de Escolas InepData]]></description><Point><coordinates>-54.7697649,-22.2053396,0</coordinates></Point></Placemark><Placemark><name>INSTITUTO EDUCACIONAL DA IGREJA PRESBITERIANA INDEPENDENTE DE DOURADOS</name><description><![CDATA[Código INEP: 50029711<br>Município: Dourados<br>Fonte: INEP Censo Escolar 2025 + Catálogo de Escolas InepData]]></description><Point><coordinates>-54.8010985,-22.2239251,0</coordinates></Point></Placemark><Placemark><name>CEIM - PROF MARIO KUMAGAI</name><description><![CDATA[Código INEP: 50030027<br>Município: Dourados<br>Fonte: INEP Censo Escolar 2025 + Catálogo de Escolas InepData]]></description><Point><coordinates>-54.8441086,-22.2287637,0</coordinates></Point></Placemark><Placemark><name>CEIM - DALVA VERA MARTINES</name><description><![CDATA[Código INEP: 50030035<br>Município: Dourados<br>Fonte: INEP Censo Escolar 2025 + Catálogo de Escolas InepData]]></description><Point><coordinates>-54.7385776,-22.24736,0</coordinates></Point></Placemark><Placemark><name>EM INDIGENA AGUSTINHO</name><description><![CDATA[Código INEP: 50030043<br>Município: Dourados<br>Fonte: INEP Censo Escolar 2025 + Catálogo de Escolas InepData]]></description><Point><coordinates>-54.85348,-22.19409,0</coordinates></Point></Placemark><Placemark><name>EE INDIGENA DE EM INT GUATEKA - MARCAL DE SOUZA</name><description><![CDATA[Código INEP: 50030388<br>Município: Dourados<br>Fonte: INEP Censo Escolar 2025 + Catálogo de Escolas InepData]]></description><Point><coordinates>-54.8294619,-22.1746126,0</coordinates></Point></Placemark><Placemark><name>CEI SANTA RITA</name><description><![CDATA[Código INEP: 50030442<br>Município: Dourados<br>Fonte: INEP Censo Escolar 2025 + Catálogo de Escolas InepData]]></description><Point><coordinates>-54.8054293,-22.2223552,0</coordinates></Point></Placemark><Placemark><name>CEI- ESTHER GOMES ERGAS - UNIDADE I</name><description><![CDATA[Código INEP: 50030450<br>Município: Dourados<br>Fonte: INEP Censo Escolar 2025 + Catálogo de Escolas InepData]]></description><Point><coordinates>-54.77887746,-22.20413955,0</coordinates></Point></Placemark><Placemark><name>CEIM - PROF BERTILO BINSFELD</name><description><![CDATA[Código INEP: 50030493<br>Município: Dourados<br>Fonte: INEP Censo Escolar 2025 + Catálogo de Escolas InepData]]></description><Point><coordinates>-54.784296,-22.2545404,0</coordinates></Point></Placemark><Placemark><name>CEIM - PROFª IRANY BATISTA DE MATOS</name><description><![CDATA[Código INEP: 50030507<br>Município: Dourados<br>Fonte: INEP Censo Escolar 2025 + Catálogo de Escolas InepData]]></description><Point><coordinates>-54.82399,-22.2478,0</coordinates></Point></Placemark><Placemark><name>COLEGIO LUMIERE ENSINO FUNDAMENTAL</name><description><![CDATA[Código INEP: 50030590<br>Município: Dourados<br>Fonte: INEP Censo Escolar 2025 + Catálogo de Escolas InepData]]></description><Point><coordinates>-54.8152448,-22.2052048,0</coordinates></Point></Placemark><Placemark><name>CEIM - CLAUDINA DA SILVA TEIXEIRA</name><description><![CDATA[Código INEP: 50030906<br>Município: Dourados<br>Fonte: INEP Censo Escolar 2025 + Catálogo de Escolas InepData]]></description><Point><coordinates>-54.8383754,-22.2396873,0</coordinates></Point></Placemark><Placemark><name>CEIM - BEATRIZ DE BARROS BUMLAI</name><description><![CDATA[Código INEP: 50031260<br>Município: Dourados<br>Fonte: INEP Censo Escolar 2025 + Catálogo de Escolas InepData]]></description><Point><coordinates>-54.81686,-22.25488,0</coordinates></Point></Placemark><Placemark><name>CEI MARIA ALICE SILVESTRE</name><description><![CDATA[Código INEP: 50031325<br>Município: Dourados<br>Fonte: INEP Censo Escolar 2025 + Catálogo de Escolas InepData]]></description><Point><coordinates>-54.9356895,-22.1973948,0</coordinates></Point></Placemark><Placemark><name>CEIM - MARIA DO ROSARIO MOREIRA SECHI</name><description><![CDATA[Código INEP: 50031341<br>Município: Dourados<br>Fonte: INEP Censo Escolar 2025 + Catálogo de Escolas InepData]]></description><Point><coordinates>-54.8341477,-22.2134441,0</coordinates></Point></Placemark><Placemark><name>EM PROFª IRIA LUCIA WILHELM KONZEN</name><description><![CDATA[Código INEP: 50032208<br>Município: Dourados<br>Fonte: INEP Censo Escolar 2025 + Catálogo de Escolas InepData]]></description><Point><coordinates>-54.8387476,-22.2386984,0</coordinates></Point></Placemark><Placemark><name>CEIM MARIA DE LOURDES SILVA</name><description><![CDATA[Código INEP: 50032216<br>Município: Dourados<br>Fonte: INEP Censo Escolar 2025 + Catálogo de Escolas InepData]]></description><Point><coordinates>-54.8465969,-22.2210754,0</coordinates></Point></Placemark><Placemark><name>CEIM PROFESSOR GUILHERME SILVEIRA GOMES</name><description><![CDATA[Código INEP: 50032402<br>Município: Dourados<br>Fonte: INEP Censo Escolar 2025 + Catálogo de Escolas InepData]]></description><Point><coordinates>-54.8028795,-22.2483023,0</coordinates></Point></Placemark><Placemark><name>EM PROFª MARIA DA CONCEICAO ANGELICA</name><description><![CDATA[Código INEP: 50032410<br>Município: Dourados<br>Fonte: INEP Censo Escolar 2025 + Catálogo de Escolas InepData]]></description><Point><coordinates>-54.7773425,-22.2658094,0</coordinates></Point></Placemark><Placemark><name>ASSOCIACAO EDUCACIONAL CEMINHA</name><description><![CDATA[Código INEP: 50032577<br>Município: Dourados<br>Fonte: INEP Censo Escolar 2025 + Catálogo de Escolas InepData]]></description><Point><coordinates>-54.80936,-22.22334,0</coordinates></Point></Placemark><Placemark><name>ESCOLA ESTADUAL PROFESSOR JOSE PEREIRA LINS</name><description><![CDATA[Código INEP: 50032860<br>Município: Dourados<br>Fonte: INEP Censo Escolar 2025 + Catálogo de Escolas InepData]]></description><Point><coordinates>-54.7385973,-22.2423799,0</coordinates></Point></Placemark><Placemark><name>CEIM PEDRO DA SILVA MOTA</name><description><![CDATA[Código INEP: 50032879<br>Município: Dourados<br>Fonte: INEP Censo Escolar 2025 + Catálogo de Escolas InepData]]></description><Point><coordinates>-54.7783686,-22.2654123,0</coordinates></Point></Placemark><Placemark><name>IFMS - CAMPUS DOURADOS</name><description><![CDATA[Código INEP: 50033115<br>Município: Dourados<br>Fonte: INEP Censo Escolar 2025 + Catálogo de Escolas InepData]]></description><Point><coordinates>-54.80987,-22.22333,0</coordinates></Point></Placemark><Placemark><name>COLEGIO DOM BOSCO DE ENSINO FUNDAMENTAL E ENSINO MEDIO</name><description><![CDATA[Código INEP: 50033476<br>Município: Dourados<br>Fonte: INEP Censo Escolar 2025 + Catálogo de Escolas InepData]]></description><Point><coordinates>-54.8114762,-22.2216041,0</coordinates></Point></Placemark><Placemark><name>CEIM - CLAUDETE PEREIRA LIMA</name><description><![CDATA[Código INEP: 50033549<br>Município: Dourados<br>Fonte: INEP Censo Escolar 2025 + Catálogo de Escolas InepData]]></description><Point><coordinates>-54.8292906,-22.2386508,0</coordinates></Point></Placemark><Placemark><name>CEIM PROFESSORA CLARINDA MATTOS E SOUZA</name><description><![CDATA[Código INEP: 50033581<br>Município: Dourados<br>Fonte: INEP Censo Escolar 2025 + Catálogo de Escolas InepData]]></description><Point><coordinates>-54.8346475,-22.2445829,0</coordinates></Point></Placemark><Placemark><name>EE RITA ANGELINA BARBOSA SILVEIRA</name><description><![CDATA[Código INEP: 50033646<br>Município: Dourados<br>Fonte: INEP Censo Escolar 2025 + Catálogo de Escolas InepData]]></description><Point><coordinates>-54.8343867,-22.246397,0</coordinates></Point></Placemark><Placemark><name>CENTRO ESTADUAL DE EDUCACAO PROFISSIONAL PROFESSORA EVANILDE COSTA DA SILVA</name><description><![CDATA[Código INEP: 50033700<br>Município: Dourados<br>Fonte: INEP Censo Escolar 2025 + Catálogo de Escolas InepData]]></description><Point><coordinates>-54.8144186,-22.248315,0</coordinates></Point></Placemark><Placemark><name>CEIM PROFª LUCIA LICHT MARTINS</name><description><![CDATA[Código INEP: 50033891<br>Município: Dourados<br>Fonte: INEP Censo Escolar 2025 + Catálogo de Escolas InepData]]></description><Point><coordinates>-54.734216,-22.2461843,0</coordinates></Point></Placemark><Placemark><name>CENTRO DE EDUCACAO INFANTIL PINGO DE GENTE</name><description><![CDATA[Código INEP: 50035096<br>Município: Dourados<br>Fonte: INEP Censo Escolar 2025 + Catálogo de Escolas InepData]]></description><Point><coordinates>-54.80641969,-22.22400443,0</coordinates></Point></Placemark><Placemark><name>CEIM - SEBASTIANA VIEIRA SOARES</name><description><![CDATA[Código INEP: 50035100<br>Município: Dourados<br>Fonte: INEP Censo Escolar 2025 + Catálogo de Escolas InepData]]></description><Point><coordinates>-54.75452803,-22.22924641,0</coordinates></Point></Placemark><Placemark><name>EM PEDRO PALHANO</name><description><![CDATA[Código INEP: 50040405<br>Município: Dourados<br>Fonte: INEP Censo Escolar 2025 + Catálogo de Escolas InepData]]></description><Point><coordinates>-54.8162389,-22.1990675,0</coordinates></Point></Placemark><Placemark><name>IEGRAN - INSTITUTO EDUCACIONAL DA GRANDE DOURADOS LTDA</name><description><![CDATA[Código INEP: 50046802<br>Município: Dourados<br>Fonte: INEP Censo Escolar 2025 + Catálogo de Escolas InepData]]></description><Point><coordinates>-54.82398,-22.22592,0</coordinates></Point></Placemark><Placemark><name>NOTA10 INTERNACIONAL - UNIDADE DOURADOS</name><description><![CDATA[Código INEP: 50059823<br>Município: Dourados<br>Fonte: INEP Censo Escolar 2025 + Catálogo de Escolas InepData]]></description><Point><coordinates>-54.8136348,-22.2173644,0</coordinates></Point></Placemark><Placemark><name>ESCOLA ADVENTISTA DOURADOS - I</name><description><![CDATA[Código INEP: 50059955<br>Município: Dourados<br>Fonte: INEP Censo Escolar 2025 + Catálogo de Escolas InepData]]></description><Point><coordinates>-54.8195332,-22.231519,0</coordinates></Point></Placemark><Placemark><name>EM INDIGENA RAMAO MARTINS</name><description><![CDATA[Código INEP: 50060007<br>Município: Dourados<br>Fonte: INEP Censo Escolar 2025 + Catálogo de Escolas InepData]]></description><Point><coordinates>-54.8078559,-22.1772527,0</coordinates></Point></Placemark><Placemark><name>CEIM PROF DEJANIRA QUEIROZ TEIXEIRA</name><description><![CDATA[Código INEP: 50067800<br>Município: Dourados<br>Fonte: INEP Censo Escolar 2025 + Catálogo de Escolas InepData]]></description><Point><coordinates>-54.7586448,-22.2168282,0</coordinates></Point></Placemark><Placemark><name>CEIM HELENA EFIGENIA PEREIRA</name><description><![CDATA[Código INEP: 50075802<br>Município: Dourados<br>Fonte: INEP Censo Escolar 2025 + Catálogo de Escolas InepData]]></description><Point><coordinates>-54.75372722,-22.23984405,0</coordinates></Point></Placemark><Placemark><name>EM PREF LUIZ ANTONIO ALVARES GONCALVES</name><description><![CDATA[Código INEP: 50078801<br>Município: Dourados<br>Fonte: INEP Censo Escolar 2025 + Catálogo de Escolas InepData]]></description><Point><coordinates>-54.8436554,-22.2290778,0</coordinates></Point></Placemark><Placemark><name>EM CEL FIRMINO VIEIRA DE MATOS</name><description><![CDATA[Código INEP: 50016768<br>Município: Dourados<br>Fonte: INEP Censo Escolar 2025 + Catálogo de Escolas InepData]]></description><Point><coordinates>-54.4908189,-22.1404754,0</coordinates></Point></Placemark><Placemark><name>EM FAZENDA MIYA</name><description><![CDATA[Código INEP: 50025490<br>Município: Dourados<br>Fonte: INEP Censo Escolar 2025 + Catálogo de Escolas InepData]]></description><Point><coordinates>-54.4328673,-22.1305866,0</coordinates></Point></Placemark><Placemark><name>EE ANTONIO VICENTE AZAMBUJA</name><description><![CDATA[Código INEP: 50016873<br>Município: Dourados<br>Fonte: INEP Censo Escolar 2025 + Catálogo de Escolas InepData]]></description><Point><coordinates>-55.3541487,-22.0849319,0</coordinates></Point></Placemark><Placemark><name>EM JOSE EDUARDO CANUTO ESTOLANO - PEREQUETE</name><description><![CDATA[Código INEP: 50030434<br>Município: Dourados<br>Fonte: INEP Censo Escolar 2025 + Catálogo de Escolas InepData]]></description><Point><coordinates>-55.34885,-22.08379,0</coordinates></Point></Placemark><Placemark><name>CRECHE LAR ANDRE LUIZ</name><description><![CDATA[Código INEP: 50015800<br>Município: Dourados<br>Fonte: INEP Censo Escolar 2025 + Catálogo de Escolas InepData]]></description><Point><coordinates>-54.81872,-22.23402,0</coordinates></Point></Placemark><Placemark><name>EM DOM AQUINO CORREA</name><description><![CDATA[Código INEP: 50016938<br>Município: Dourados<br>Fonte: INEP Censo Escolar 2025 + Catálogo de Escolas InepData]]></description><Point><coordinates>-54.6961173,-22.1167189,0</coordinates></Point></Placemark><Placemark><name>EM INDIGENA PA I CHIQUITO- CHIQUITO PEDRO</name><description><![CDATA[Código INEP: 50029495<br>Município: Dourados<br>Fonte: INEP Censo Escolar 2025 + Catálogo de Escolas InepData]]></description><Point><coordinates>-54.68427899,-22.11494135,0</coordinates></Point></Placemark><Placemark><name>EM GERALDINO NEVES CORREA</name><description><![CDATA[Código INEP: 50025481<br>Município: Dourados<br>Fonte: INEP Censo Escolar 2025 + Catálogo de Escolas InepData]]></description><Point><coordinates>-54.9725905,-22.1634196,0</coordinates></Point></Placemark><Placemark><name>EM PREF RUY GOMES</name><description><![CDATA[Código INEP: 50017071<br>Município: Dourados<br>Fonte: INEP Censo Escolar 2025 + Catálogo de Escolas InepData]]></description><Point><coordinates>-54.6713875,-22.1812006,0</coordinates></Point></Placemark><Placemark><name>EM AGROTECNICA PE ANDRE CAPELLI</name><description><![CDATA[Código INEP: 50022555<br>Município: Dourados<br>Fonte: INEP Censo Escolar 2025 + Catálogo de Escolas InepData]]></description><Point><coordinates>-54.6903507,-22.1791402,0</coordinates></Point></Placemark><Placemark><name>EM DR CAMILO HERMELINDO DA SILVA</name><description><![CDATA[Código INEP: 50025473<br>Município: Dourados<br>Fonte: INEP Censo Escolar 2025 + Catálogo de Escolas InepData]]></description><Point><coordinates>-54.6846094,-22.2387781,0</coordinates></Point></Placemark><Placemark><name>EE JOAQUIM VAZ DE OLIVEIRA</name><description><![CDATA[Código INEP: 50033654<br>Município: Dourados<br>Fonte: INEP Censo Escolar 2025 + Catálogo de Escolas InepData]]></description><Point><coordinates>-54.6536333,-22.2090021,0</coordinates></Point></Placemark><Placemark><name>EM PADRE ANCHIETA</name><description><![CDATA[Código INEP: 50017225<br>Município: Dourados<br>Fonte: INEP Censo Escolar 2025 + Catálogo de Escolas InepData]]></description><Point><coordinates>-54.5085025,-22.0864755,0</coordinates></Point></Placemark><Placemark><name>EE PRES GETULIO VARGAS</name><description><![CDATA[Código INEP: 50017373<br>Município: Dourados<br>Fonte: INEP Censo Escolar 2025 + Catálogo de Escolas InepData]]></description><Point><coordinates>-54.6147888,-22.1325751,0</coordinates></Point></Placemark><Placemark><name>CENTRO DE EDUCACAO INFANTIL NOSSA SRA APARECIDA</name><description><![CDATA[Código INEP: 50020005<br>Município: Eldorado<br>Fonte: INEP Censo Escolar 2025 + Catálogo de Escolas InepData]]></description><Point><coordinates>-54.2881464,-23.7872785,0</coordinates></Point></Placemark><Placemark><name>EE 13 DE MAIO</name><description><![CDATA[Código INEP: 50020030<br>Município: Eldorado<br>Fonte: INEP Censo Escolar 2025 + Catálogo de Escolas InepData]]></description><Point><coordinates>-54.28483566,-23.7892095,0</coordinates></Point></Placemark><Placemark><name>CENTRO DE EDUCACAO INFANTIL PINGO DE GENTE</name><description><![CDATA[Código INEP: 50020307<br>Município: Eldorado<br>Fonte: INEP Censo Escolar 2025 + Catálogo de Escolas InepData]]></description><Point><coordinates>-54.2861371,-23.783703,0</coordinates></Point></Placemark><Placemark><name>EM SEBASTIAO DE PAULA</name><description><![CDATA[Código INEP: 50022210<br>Município: Eldorado<br>Fonte: INEP Censo Escolar 2025 + Catálogo de Escolas InepData]]></description><Point><coordinates>-54.2796527,-23.7808594,0</coordinates></Point></Placemark><Placemark><name>APAE - ASSOC DE PAIS E AMIGOS DOS EXCEPCIONAIS DE ELDORADO</name><description><![CDATA[Código INEP: 50022261<br>Município: Eldorado<br>Fonte: INEP Censo Escolar 2025 + Catálogo de Escolas InepData]]></description><Point><coordinates>-54.28222124,-23.7863346,0</coordinates></Point></Placemark><Placemark><name>CENTRO EDUCACIONAL AVANTE</name><description><![CDATA[Código INEP: 50029592<br>Município: Eldorado<br>Fonte: INEP Censo Escolar 2025 + Catálogo de Escolas InepData]]></description><Point><coordinates>-54.27996475,-23.78702187,0</coordinates></Point></Placemark><Placemark><name>ESCOLA MUNICIPAL INDIGENA MBO ERO TAVA OKARA RENDY</name><description><![CDATA[Código INEP: 50029886<br>Município: Eldorado<br>Fonte: INEP Censo Escolar 2025 + Catálogo de Escolas InepData]]></description><Point><coordinates>-54.3031327,-23.5780786,0</coordinates></Point></Placemark><Placemark><name>EE ELDORADO</name><description><![CDATA[Código INEP: 50020021<br>Município: Eldorado<br>Fonte: INEP Censo Escolar 2025 + Catálogo de Escolas InepData]]></description><Point><coordinates>-54.2824958,-23.7836606,0</coordinates></Point></Placemark><Placemark><name>CENTRO DE EDUCACAO INFANTIL ITAMAR EVARISTO DA SILVA</name><description><![CDATA[Código INEP: 50020315<br>Município: Eldorado<br>Fonte: INEP Censo Escolar 2025 + Catálogo de Escolas InepData]]></description><Point><coordinates>-54.1057563,-23.7954427,0</coordinates></Point></Placemark><Placemark><name>EE SILO VARGAS BATISTA</name><description><![CDATA[Código INEP: 50020323<br>Município: Eldorado<br>Fonte: INEP Censo Escolar 2025 + Catálogo de Escolas InepData]]></description><Point><coordinates>-54.1036703,-23.7998563,0</coordinates></Point></Placemark><Placemark><name>CENTRO DE EDUCACAO ESPECIAL DE FATIMA DO SUL</name><description><![CDATA[Código INEP: 50017381<br>Município: Fátima do Sul<br>Fonte: INEP Censo Escolar 2025 + Catálogo de Escolas InepData]]></description><Point><coordinates>-54.5048521,-22.3930308,0</coordinates></Point></Placemark><Placemark><name>EE VILA BRASIL</name><description><![CDATA[Código INEP: 50017411<br>Município: Fátima do Sul<br>Fonte: INEP Censo Escolar 2025 + Catálogo de Escolas InepData]]></description><Point><coordinates>-54.514049,-22.3674055,0</coordinates></Point></Placemark><Placemark><name>EE SEN FILINTO MULLER</name><description><![CDATA[Código INEP: 50017438<br>Município: Fátima do Sul<br>Fonte: INEP Censo Escolar 2025 + Catálogo de Escolas InepData]]></description><Point><coordinates>-54.5095363,-22.3863326,0</coordinates></Point></Placemark><Placemark><name>EE VICENTE PALLOTTI</name><description><![CDATA[Código INEP: 50017497<br>Município: Fátima do Sul<br>Fonte: INEP Censo Escolar 2025 + Catálogo de Escolas InepData]]></description><Point><coordinates>-54.5102387,-22.372382,0</coordinates></Point></Placemark><Placemark><name>INSTITUTO EDUCACIONAL REINO DO SABER</name><description><![CDATA[Código INEP: 50017527<br>Município: Fátima do Sul<br>Fonte: INEP Censo Escolar 2025 + Catálogo de Escolas InepData]]></description><Point><coordinates>-54.51415,-22.37951,0</coordinates></Point></Placemark><Placemark><name>EM FAVO DE MEL</name><description><![CDATA[Código INEP: 50022032<br>Município: Fátima do Sul<br>Fonte: INEP Censo Escolar 2025 + Catálogo de Escolas InepData]]></description><Point><coordinates>-54.5197192,-22.3697473,0</coordinates></Point></Placemark><Placemark><name>CEIM - PINGO DE GENTE</name><description><![CDATA[Código INEP: 50029851<br>Município: Fátima do Sul<br>Fonte: INEP Censo Escolar 2025 + Catálogo de Escolas InepData]]></description><Point><coordinates>-54.5138,-22.36616,0</coordinates></Point></Placemark><Placemark><name>COLEGIO IDEAL</name><description><![CDATA[Código INEP: 50031406<br>Município: Fátima do Sul<br>Fonte: INEP Censo Escolar 2025 + Catálogo de Escolas InepData]]></description><Point><coordinates>-54.5022481,-22.3794461,0</coordinates></Point></Placemark><Placemark><name>CEIM PROF IVELY MONTEIRO</name><description><![CDATA[Código INEP: 50031970<br>Município: Fátima do Sul<br>Fonte: INEP Censo Escolar 2025 + Catálogo de Escolas InepData]]></description><Point><coordinates>-54.50357264,-22.36266721,0</coordinates></Point></Placemark><Placemark><name>EM SAO FRANCISCO</name><description><![CDATA[Código INEP: 50032658<br>Município: Fátima do Sul<br>Fonte: INEP Censo Escolar 2025 + Catálogo de Escolas InepData]]></description><Point><coordinates>-54.5045224,-22.3894827,0</coordinates></Point></Placemark><Placemark><name>CENTRO DE EDUCACAO INFANTIL MUNICIPAL FAVO DE MEL</name><description><![CDATA[Código INEP: 50063839<br>Município: Fátima do Sul<br>Fonte: INEP Censo Escolar 2025 + Catálogo de Escolas InepData]]></description><Point><coordinates>-54.51983,-22.36899,0</coordinates></Point></Placemark><Placemark><name>CEIM - ABELHINHA</name><description><![CDATA[Código INEP: 50064819<br>Município: Fátima do Sul<br>Fonte: INEP Censo Escolar 2025 + Catálogo de Escolas InepData]]></description><Point><coordinates>-54.50848,-22.39096,0</coordinates></Point></Placemark><Placemark><name>EE JONAS BELARMINO DA SILVA</name><description><![CDATA[Código INEP: 50017560<br>Município: Fátima do Sul<br>Fonte: INEP Censo Escolar 2025 + Catálogo de Escolas InepData]]></description><Point><coordinates>-54.3375061,-22.3109694,0</coordinates></Point></Placemark><Placemark><name>CEIM CRIANCA FELIZ</name><description><![CDATA[Código INEP: 50028146<br>Município: Fátima do Sul<br>Fonte: INEP Censo Escolar 2025 + Catálogo de Escolas InepData]]></description><Point><coordinates>-54.33966612,-22.30654409,0</coordinates></Point></Placemark><Placemark><name>EM O PIONEIRO</name><description><![CDATA[Código INEP: 50031015<br>Município: Fátima do Sul<br>Fonte: INEP Censo Escolar 2025 + Catálogo de Escolas InepData]]></description><Point><coordinates>-54.33922062,-22.30883196,0</coordinates></Point></Placemark><Placemark><name>EE DR ARNALDO ESTEVAO DE FIGUEIREDO</name><description><![CDATA[Código INEP: 50003429<br>Município: Figueirão<br>Fonte: INEP Censo Escolar 2025 + Catálogo de Escolas InepData]]></description><Point><coordinates>-53.6382564,-18.6799516,0</coordinates></Point></Placemark><Placemark><name>ESCOLA MUNICIPAL PROF ANTONIO INACIO FURTADO - POLO</name><description><![CDATA[Código INEP: 50030078<br>Município: Figueirão<br>Fonte: INEP Censo Escolar 2025 + Catálogo de Escolas InepData]]></description><Point><coordinates>-53.63678849,-18.68250052,0</coordinates></Point></Placemark><Placemark><name>CMEI - CENTRO MUNICIPAL DE EDUCACAO INFANTIL - FRANCISCO ROGERIO BARBOSA OLIVEIRA</name><description><![CDATA[Código INEP: 50034243<br>Município: Figueirão<br>Fonte: INEP Censo Escolar 2025 + Catálogo de Escolas InepData]]></description><Point><coordinates>-53.63541667,-18.68025667,0</coordinates></Point></Placemark><Placemark><name>EE HILDA BERGO DUARTE</name><description><![CDATA[Código INEP: 50020366<br>Município: Glória de Dourados<br>Fonte: INEP Censo Escolar 2025 + Catálogo de Escolas InepData]]></description><Point><coordinates>-54.2329627,-22.4137955,0</coordinates></Point></Placemark><Placemark><name>EE PROFª EUFROSINA PINTO</name><description><![CDATA[Código INEP: 50020374<br>Município: Glória de Dourados<br>Fonte: INEP Censo Escolar 2025 + Catálogo de Escolas InepData]]></description><Point><coordinates>-54.23146714,-22.41132458,0</coordinates></Point></Placemark><Placemark><name>EE PROFª VANIA MEDEIROS LOPES</name><description><![CDATA[Código INEP: 50020382<br>Município: Glória de Dourados<br>Fonte: INEP Censo Escolar 2025 + Catálogo de Escolas InepData]]></description><Point><coordinates>-54.2314455,-22.4266827,0</coordinates></Point></Placemark><Placemark><name>ESCOLA MUNICIPAL DOIS DE MAIO - POLO</name><description><![CDATA[Código INEP: 50020390<br>Município: Glória de Dourados<br>Fonte: INEP Censo Escolar 2025 + Catálogo de Escolas InepData]]></description><Point><coordinates>-54.2336,-22.41042,0</coordinates></Point></Placemark><Placemark><name>ESCOLA MUNICIPAL MARINHA DO BRASIL</name><description><![CDATA[Código INEP: 50020404<br>Município: Glória de Dourados<br>Fonte: INEP Censo Escolar 2025 + Catálogo de Escolas InepData]]></description><Point><coordinates>-54.23815865,-22.42341096,0</coordinates></Point></Placemark><Placemark><name>CMEI - PROF LUIZ PINHEIRO SILVA</name><description><![CDATA[Código INEP: 50033727<br>Município: Glória de Dourados<br>Fonte: INEP Censo Escolar 2025 + Catálogo de Escolas InepData]]></description><Point><coordinates>-54.23311848,-22.40980563,0</coordinates></Point></Placemark><Placemark><name>EE WEIMAR TORRES</name><description><![CDATA[Código INEP: 50020609<br>Município: Glória de Dourados<br>Fonte: INEP Censo Escolar 2025 + Catálogo de Escolas InepData]]></description><Point><coordinates>-54.1601639,-22.4915099,0</coordinates></Point></Placemark><Placemark><name>EE ALZIRO LOPES</name><description><![CDATA[Código INEP: 50014420<br>Município: Guia Lopes da Laguna<br>Fonte: INEP Censo Escolar 2025 + Catálogo de Escolas InepData]]></description><Point><coordinates>-56.1069678,-21.458997,0</coordinates></Point></Placemark><Placemark><name>EE SALOME DE MELO ROCHA</name><description><![CDATA[Código INEP: 50014439<br>Município: Guia Lopes da Laguna<br>Fonte: INEP Censo Escolar 2025 + Catálogo de Escolas InepData]]></description><Point><coordinates>-56.1186578,-21.4605743,0</coordinates></Point></Placemark><Placemark><name>EMEI PROFª CANDINHA</name><description><![CDATA[Código INEP: 50014447<br>Município: Guia Lopes da Laguna<br>Fonte: INEP Censo Escolar 2025 + Catálogo de Escolas InepData]]></description><Point><coordinates>-56.1018622,-21.4578314,0</coordinates></Point></Placemark><Placemark><name>EM BASILIO BARBOSA</name><description><![CDATA[Código INEP: 50014463<br>Município: Guia Lopes da Laguna<br>Fonte: INEP Censo Escolar 2025 + Catálogo de Escolas InepData]]></description><Point><coordinates>-56.1041665,-21.4545381,0</coordinates></Point></Placemark><Placemark><name>CEI - VITALINA MARTINEZ SILVA</name><description><![CDATA[Código INEP: 50025660<br>Município: Guia Lopes da Laguna<br>Fonte: INEP Censo Escolar 2025 + Catálogo de Escolas InepData]]></description><Point><coordinates>-56.1012544,-21.4577881,0</coordinates></Point></Placemark><Placemark><name>ESCOLA ESPECIALIZADA RECANTO FELIZ</name><description><![CDATA[Código INEP: 50027751<br>Município: Guia Lopes da Laguna<br>Fonte: INEP Censo Escolar 2025 + Catálogo de Escolas InepData]]></description><Point><coordinates>-56.1085711,-21.4532832,0</coordinates></Point></Placemark><Placemark><name>ELITE MULTIENSINO E EDUCACAO</name><description><![CDATA[Código INEP: 50035550<br>Município: Guia Lopes da Laguna<br>Fonte: INEP Censo Escolar 2025 + Catálogo de Escolas InepData]]></description><Point><coordinates>-56.11670067,-21.4599644,0</coordinates></Point></Placemark><Placemark><name>ESCOLA DE EDUCACAO ESPECIAL BRILHO DO SOL</name><description><![CDATA[Código INEP: 50020641<br>Município: Iguatemi<br>Fonte: INEP Censo Escolar 2025 + Catálogo de Escolas InepData]]></description><Point><coordinates>-54.562489,-23.6722037,0</coordinates></Point></Placemark><Placemark><name>EE 8 DE MAIO</name><description><![CDATA[Código INEP: 50020650<br>Município: Iguatemi<br>Fonte: INEP Censo Escolar 2025 + Catálogo de Escolas InepData]]></description><Point><coordinates>-54.5619868,-23.6817322,0</coordinates></Point></Placemark><Placemark><name>EE MARCILIO AUGUSTO PINTO</name><description><![CDATA[Código INEP: 50020668<br>Município: Iguatemi<br>Fonte: INEP Censo Escolar 2025 + Catálogo de Escolas InepData]]></description><Point><coordinates>-54.5649107,-23.6644899,0</coordinates></Point></Placemark><Placemark><name>ESCOLA MUNICIPAL TANCREDO NEVES-POLO</name><description><![CDATA[Código INEP: 50020676<br>Município: Iguatemi<br>Fonte: INEP Censo Escolar 2025 + Catálogo de Escolas InepData]]></description><Point><coordinates>-54.5640768,-23.6924806,0</coordinates></Point></Placemark><Placemark><name>ESCOLA MUNICIPAL RURAL JOAO PAULO I</name><description><![CDATA[Código INEP: 50020684<br>Município: Iguatemi<br>Fonte: INEP Censo Escolar 2025 + Catálogo de Escolas InepData]]></description><Point><coordinates>-54.4643348,-23.3623775,0</coordinates></Point></Placemark><Placemark><name>ESCOLA MUNICIPAL DE EDUCACAO INFANTIL - POLO - PROFESSOR GILBERTO DE ARAUJO TEIXEIRA</name><description><![CDATA[Código INEP: 50020749<br>Município: Iguatemi<br>Fonte: INEP Censo Escolar 2025 + Catálogo de Escolas InepData]]></description><Point><coordinates>-54.5612636,-23.686946,0</coordinates></Point></Placemark><Placemark><name>ESCOLA DE EDUCACAO INFANTIL LENIRA NOGUEIRA LOPES</name><description><![CDATA[Código INEP: 50021958<br>Município: Iguatemi<br>Fonte: INEP Censo Escolar 2025 + Catálogo de Escolas InepData]]></description><Point><coordinates>-54.5678703,-23.6838624,0</coordinates></Point></Placemark><Placemark><name>CENTRO EDUCACIONAL PROFESSOR SALVADOR NOGUEIRA - POLO</name><description><![CDATA[Código INEP: 50024434<br>Município: Iguatemi<br>Fonte: INEP Censo Escolar 2025 + Catálogo de Escolas InepData]]></description><Point><coordinates>-54.5651657,-23.6836628,0</coordinates></Point></Placemark><Placemark><name>ESCOLA ATIVA</name><description><![CDATA[Código INEP: 50024850<br>Município: Iguatemi<br>Fonte: INEP Censo Escolar 2025 + Catálogo de Escolas InepData]]></description><Point><coordinates>-54.5589796,-23.6780134,0</coordinates></Point></Placemark><Placemark><name>CENTRO EDUCACIONAL MUNICIPAL RURAL NOVA IGUATEMI</name><description><![CDATA[Código INEP: 50025198<br>Município: Iguatemi<br>Fonte: INEP Censo Escolar 2025 + Catálogo de Escolas InepData]]></description><Point><coordinates>-54.5189997,-23.1664917,0</coordinates></Point></Placemark><Placemark><name>EE PAULO FREIRE</name><description><![CDATA[Código INEP: 50026437<br>Município: Iguatemi<br>Fonte: INEP Censo Escolar 2025 + Catálogo de Escolas InepData]]></description><Point><coordinates>-54.5648656,-23.6846407,0</coordinates></Point></Placemark><Placemark><name>CENTRO DE EDUCACAO INFANTIL SAO JOSE</name><description><![CDATA[Código INEP: 50026550<br>Município: Iguatemi<br>Fonte: INEP Censo Escolar 2025 + Catálogo de Escolas InepData]]></description><Point><coordinates>-54.5638276,-23.6920634,0</coordinates></Point></Placemark><Placemark><name>CEI - MENINO JESUS</name><description><![CDATA[Código INEP: 50026666<br>Município: Iguatemi<br>Fonte: INEP Censo Escolar 2025 + Catálogo de Escolas InepData]]></description><Point><coordinates>-54.5631942,-23.669065,0</coordinates></Point></Placemark><Placemark><name>CMEI - ROSA VITORELLI DA CRUZ</name><description><![CDATA[Código INEP: 50072870<br>Município: Iguatemi<br>Fonte: INEP Censo Escolar 2025 + Catálogo de Escolas InepData]]></description><Point><coordinates>-54.5672106,-23.6911671,0</coordinates></Point></Placemark><Placemark><name>CEI - PROF OLIVALTO ELIAS DA SILVA</name><description><![CDATA[Código INEP: 50011243<br>Município: Inocência<br>Fonte: INEP Censo Escolar 2025 + Catálogo de Escolas InepData]]></description><Point><coordinates>-51.9269159,-19.7331111,0</coordinates></Point></Placemark><Placemark><name>EE PROFESSOR JOAO PEREIRA VALIM</name><description><![CDATA[Código INEP: 50011260<br>Município: Inocência<br>Fonte: INEP Censo Escolar 2025 + Catálogo de Escolas InepData]]></description><Point><coordinates>-51.928191,-19.7337492,0</coordinates></Point></Placemark><Placemark><name>CEINF - MARGARIDA TOMAZIA DE PAULA - VO NONA-POLO</name><description><![CDATA[Código INEP: 50025430<br>Município: Inocência<br>Fonte: INEP Censo Escolar 2025 + Catálogo de Escolas InepData]]></description><Point><coordinates>-51.9284715,-19.7359485,0</coordinates></Point></Placemark><Placemark><name>C EDUC PROFª ALANIRA BENEDITA DE C BRITO-APAE</name><description><![CDATA[Código INEP: 50028588<br>Município: Inocência<br>Fonte: INEP Censo Escolar 2025 + Catálogo de Escolas InepData]]></description><Point><coordinates>-51.9312521,-19.7297332,0</coordinates></Point></Placemark><Placemark><name>ESCOLA MUNICIPAL CIRILO ANOENA DA COSTA - POLO</name><description><![CDATA[Código INEP: 50011278<br>Município: Inocência<br>Fonte: INEP Censo Escolar 2025 + Catálogo de Escolas InepData]]></description><Point><coordinates>-52.1687747,-19.5513879,0</coordinates></Point></Placemark><Placemark><name>ESCOLA ESTADUAL JOAO PONCE DE ARRUDA</name><description><![CDATA[Código INEP: 50031910<br>Município: Inocência<br>Fonte: INEP Censo Escolar 2025 + Catálogo de Escolas InepData]]></description><Point><coordinates>-51.94056535,-19.92180437,0</coordinates></Point></Placemark><Placemark><name>CENTRO DE EDUCACAO ESPECIAL BRISA</name><description><![CDATA[Código INEP: 50017594<br>Município: Itaporã<br>Fonte: INEP Censo Escolar 2025 + Catálogo de Escolas InepData]]></description><Point><coordinates>-54.7894219,-22.0869942,0</coordinates></Point></Placemark><Placemark><name>EE ANTONIO JOAO RIBEIRO</name><description><![CDATA[Código INEP: 50017608<br>Município: Itaporã<br>Fonte: INEP Censo Escolar 2025 + Catálogo de Escolas InepData]]></description><Point><coordinates>-54.7927017,-22.081165,0</coordinates></Point></Placemark><Placemark><name>EE EDSON BEZERRA</name><description><![CDATA[Código INEP: 50017616<br>Município: Itaporã<br>Fonte: INEP Censo Escolar 2025 + Catálogo de Escolas InepData]]></description><Point><coordinates>-54.7741253,-22.080288,0</coordinates></Point></Placemark><Placemark><name>ESCOLA MUNICIPAL PROFESSORA SONIA TEIXEIRA PAIVA</name><description><![CDATA[Código INEP: 50017659<br>Município: Itaporã<br>Fonte: INEP Censo Escolar 2025 + Catálogo de Escolas InepData]]></description><Point><coordinates>-54.78736,-22.08614,0</coordinates></Point></Placemark><Placemark><name>ESCOLA ESTADUAL RODRIGUES ALVES</name><description><![CDATA[Código INEP: 50022393<br>Município: Itaporã<br>Fonte: INEP Censo Escolar 2025 + Catálogo de Escolas InepData]]></description><Point><coordinates>-54.7841117,-22.0776983,0</coordinates></Point></Placemark><Placemark><name>ESCOLA MUNICIPAL VEREADOR SALVADOR FERREIRA DE AGUIAR - POLO</name><description><![CDATA[Código INEP: 50024906<br>Município: Itaporã<br>Fonte: INEP Censo Escolar 2025 + Catálogo de Escolas InepData]]></description><Point><coordinates>-54.77329058,-22.07972137,0</coordinates></Point></Placemark><Placemark><name>CENTRO MUNICIPAL DE EDUCACAO INFANTIL MARIA RODRIGUES DIAS</name><description><![CDATA[Código INEP: 50026577<br>Município: Itaporã<br>Fonte: INEP Censo Escolar 2025 + Catálogo de Escolas InepData]]></description><Point><coordinates>-54.78700753,-22.0861688,0</coordinates></Point></Placemark><Placemark><name>EM PROFESSORA ROZANIA MOURA DE LIMA</name><description><![CDATA[Código INEP: 50032453<br>Município: Itaporã<br>Fonte: INEP Censo Escolar 2025 + Catálogo de Escolas InepData]]></description><Point><coordinates>-54.78358,-22.0785,0</coordinates></Point></Placemark><Placemark><name>CMEI MILTON MENANI</name><description><![CDATA[Código INEP: 50034189<br>Município: Itaporã<br>Fonte: INEP Censo Escolar 2025 + Catálogo de Escolas InepData]]></description><Point><coordinates>-54.77085894,-22.0818588,0</coordinates></Point></Placemark><Placemark><name>CENTRO DE EDUCACAO PEQUENO PRINCIPE</name><description><![CDATA[Código INEP: 50042203<br>Município: Itaporã<br>Fonte: INEP Censo Escolar 2025 + Catálogo de Escolas InepData]]></description><Point><coordinates>-54.7908469,-22.0840991,0</coordinates></Point></Placemark><Placemark><name>EE SEN SALDANHA DERZI</name><description><![CDATA[Código INEP: 50017730<br>Município: Itaporã<br>Fonte: INEP Censo Escolar 2025 + Catálogo de Escolas InepData]]></description><Point><coordinates>-54.7488624,-22.0323688,0</coordinates></Point></Placemark><Placemark><name>EE OLIVIA PAULA</name><description><![CDATA[Código INEP: 50017756<br>Município: Itaporã<br>Fonte: INEP Censo Escolar 2025 + Catálogo de Escolas InepData]]></description><Point><coordinates>-54.6767811,-21.979568,0</coordinates></Point></Placemark><Placemark><name>EE PRINCESA IZABEL</name><description><![CDATA[Código INEP: 50017772<br>Município: Itaporã<br>Fonte: INEP Censo Escolar 2025 + Catálogo de Escolas InepData]]></description><Point><coordinates>-54.70875,-21.91304,0</coordinates></Point></Placemark><Placemark><name>EE LEOPOLDO DALMOLIN</name><description><![CDATA[Código INEP: 50020757<br>Município: Itaquiraí<br>Fonte: INEP Censo Escolar 2025 + Catálogo de Escolas InepData]]></description><Point><coordinates>-54.1811078,-23.4771688,0</coordinates></Point></Placemark><Placemark><name>EE MANOEL GUILHERME DOS SANTOS</name><description><![CDATA[Código INEP: 50020765<br>Município: Itaquiraí<br>Fonte: INEP Censo Escolar 2025 + Catálogo de Escolas InepData]]></description><Point><coordinates>-54.1897802,-23.4748346,0</coordinates></Point></Placemark><Placemark><name>EM JARDIM PRIMAVERA</name><description><![CDATA[Código INEP: 50020773<br>Município: Itaquiraí<br>Fonte: INEP Censo Escolar 2025 + Catálogo de Escolas InepData]]></description><Point><coordinates>-54.18029,-23.4867167,0</coordinates></Point></Placemark><Placemark><name>CEI SITIO DO PICA PAU AMARELO</name><description><![CDATA[Código INEP: 50020811<br>Município: Itaquiraí<br>Fonte: INEP Censo Escolar 2025 + Catálogo de Escolas InepData]]></description><Point><coordinates>-54.185485,-23.478765,0</coordinates></Point></Placemark><Placemark><name>EE PROF JOSE JUAREZ RIBEIRO DE OLIVEIRA</name><description><![CDATA[Código INEP: 50026259<br>Município: Itaquiraí<br>Fonte: INEP Censo Escolar 2025 + Catálogo de Escolas InepData]]></description><Point><coordinates>-54.176415,-23.4744877,0</coordinates></Point></Placemark><Placemark><name>CENTRO EDUCACIONAL INFANTIL INTEGRAL SAO CARLOS BORROMEO</name><description><![CDATA[Código INEP: 50028065<br>Município: Itaquiraí<br>Fonte: INEP Censo Escolar 2025 + Catálogo de Escolas InepData]]></description><Point><coordinates>-54.18147261,-23.48313065,0</coordinates></Point></Placemark><Placemark><name>CENTRO EDUCACIONAL DE ITAQUIRA</name><description><![CDATA[Código INEP: 50028472<br>Município: Itaquiraí<br>Fonte: INEP Censo Escolar 2025 + Catálogo de Escolas InepData]]></description><Point><coordinates>-54.18871,-23.47432,0</coordinates></Point></Placemark><Placemark><name>CENTRO DE EDUCACAO INFANTIL PEQUENO PRINCIPE</name><description><![CDATA[Código INEP: 50029045<br>Município: Itaquiraí<br>Fonte: INEP Censo Escolar 2025 + Catálogo de Escolas InepData]]></description><Point><coordinates>-54.1757317,-23.4746317,0</coordinates></Point></Placemark><Placemark><name>ESCOLA FAMILIA AGRICOLA DE ITAQUIRAI</name><description><![CDATA[Código INEP: 50030710<br>Município: Itaquiraí<br>Fonte: INEP Censo Escolar 2025 + Catálogo de Escolas InepData]]></description><Point><coordinates>-54.18169879,-23.44768468,0</coordinates></Point></Placemark><Placemark><name>EM SANTA ROSA -POLO</name><description><![CDATA[Código INEP: 50031554<br>Município: Itaquiraí<br>Fonte: INEP Censo Escolar 2025 + Catálogo de Escolas InepData]]></description><Point><coordinates>-53.9631783,-23.2430783,0</coordinates></Point></Placemark><Placemark><name>ESCOLA DE EDUCACAO ESPECIAL RAIO DE SOL</name><description><![CDATA[Código INEP: 50032178<br>Município: Itaquiraí<br>Fonte: INEP Censo Escolar 2025 + Catálogo de Escolas InepData]]></description><Point><coordinates>-54.1836815,-23.4763069,0</coordinates></Point></Placemark><Placemark><name>ESCOLA ESTADUAL PROFª TERTULINA MARTINS DE OLIVEIRA</name><description><![CDATA[Código INEP: 50034049<br>Município: Itaquiraí<br>Fonte: INEP Censo Escolar 2025 + Catálogo de Escolas InepData]]></description><Point><coordinates>-53.96330223,-23.24300598,0</coordinates></Point></Placemark><Placemark><name>CEI PROF MARLENE PEREIRA KAMAKURA</name><description><![CDATA[Código INEP: 50072889<br>Município: Itaquiraí<br>Fonte: INEP Censo Escolar 2025 + Catálogo de Escolas InepData]]></description><Point><coordinates>-54.1877583,-23.486615,0</coordinates></Point></Placemark><Placemark><name>EE REYNALDO MASSI</name><description><![CDATA[Código INEP: 50020838<br>Município: Ivinhema<br>Fonte: INEP Censo Escolar 2025 + Catálogo de Escolas InepData]]></description><Point><coordinates>-53.8252865,-22.313388,0</coordinates></Point></Placemark><Placemark><name>EE SEN FILINTO MULLER</name><description><![CDATA[Código INEP: 50020846<br>Município: Ivinhema<br>Fonte: INEP Censo Escolar 2025 + Catálogo de Escolas InepData]]></description><Point><coordinates>-53.8219469,-22.3049538,0</coordinates></Point></Placemark><Placemark><name>EE ANGELINA JAIME TEBET</name><description><![CDATA[Código INEP: 50020854<br>Município: Ivinhema<br>Fonte: INEP Censo Escolar 2025 + Catálogo de Escolas InepData]]></description><Point><coordinates>-53.816133,-22.2989494,0</coordinates></Point></Placemark><Placemark><name>ESCOLA MUNICIPAL PROFº SIDENEY CARLOS COSTA</name><description><![CDATA[Código INEP: 50020862<br>Município: Ivinhema<br>Fonte: INEP Censo Escolar 2025 + Catálogo de Escolas InepData]]></description><Point><coordinates>-53.8332504,-22.3062262,0</coordinates></Point></Placemark><Placemark><name>EMR BENEDITA FIGUEIRO DE OLIVEIRA - POLO</name><description><![CDATA[Código INEP: 50020870<br>Município: Ivinhema<br>Fonte: INEP Censo Escolar 2025 + Catálogo de Escolas InepData]]></description><Point><coordinates>-53.91898024,-22.36810199,0</coordinates></Point></Placemark><Placemark><name>COLEGIO SUPREMUS SABER</name><description><![CDATA[Código INEP: 50020897<br>Município: Ivinhema<br>Fonte: INEP Censo Escolar 2025 + Catálogo de Escolas InepData]]></description><Point><coordinates>-53.8245323,-22.3038505,0</coordinates></Point></Placemark><Placemark><name>EM ORLIENE MARCON - POLO</name><description><![CDATA[Código INEP: 50020960<br>Município: Ivinhema<br>Fonte: INEP Censo Escolar 2025 + Catálogo de Escolas InepData]]></description><Point><coordinates>-53.82804296,-22.31028933,0</coordinates></Point></Placemark><Placemark><name>CENTRO DE EDUCACAO ESPECIAL CANTINHO FELIZ SAO PAULO APOSTOLO - APAE</name><description><![CDATA[Código INEP: 50022490<br>Município: Ivinhema<br>Fonte: INEP Censo Escolar 2025 + Catálogo de Escolas InepData]]></description><Point><coordinates>-53.8367655,-22.3065972,0</coordinates></Point></Placemark><Placemark><name>CENTRO DE ATENDIMENTO EDUCACIONAL ESPECIALIZADO DA APAE DE IVINHEMA</name><description><![CDATA[Código INEP: 50032445<br>Município: Ivinhema<br>Fonte: INEP Censo Escolar 2025 + Catálogo de Escolas InepData]]></description><Point><coordinates>-53.8366866,-22.3065578,0</coordinates></Point></Placemark><Placemark><name>ESCOLA MUNICIPAL PROFESSOR LUIZINHO-POLO</name><description><![CDATA[Código INEP: 50033220<br>Município: Ivinhema<br>Fonte: INEP Censo Escolar 2025 + Catálogo de Escolas InepData]]></description><Point><coordinates>-53.8187297,-22.3024753,0</coordinates></Point></Placemark><Placemark><name>COLEGIO POETA MANOEL DE BARROS</name><description><![CDATA[Código INEP: 50035347<br>Município: Ivinhema<br>Fonte: INEP Censo Escolar 2025 + Catálogo de Escolas InepData]]></description><Point><coordinates>-53.8231838,-22.30667526,0</coordinates></Point></Placemark><Placemark><name>EE JOAQUIM GONCALVES LEDO</name><description><![CDATA[Código INEP: 50020986<br>Município: Ivinhema<br>Fonte: INEP Censo Escolar 2025 + Catálogo de Escolas InepData]]></description><Point><coordinates>-53.5969,-22.3844455,0</coordinates></Point></Placemark><Placemark><name>EE JAPORA</name><description><![CDATA[Código INEP: 50021028<br>Município: Japorã<br>Fonte: INEP Censo Escolar 2025 + Catálogo de Escolas InepData]]></description><Point><coordinates>-54.4066167,-23.8925217,0</coordinates></Point></Placemark><Placemark><name>CEI - PRE-ESCOLAR JOSE JOAQUIM DE BRITO</name><description><![CDATA[Código INEP: 50060830<br>Município: Japorã<br>Fonte: INEP Censo Escolar 2025 + Catálogo de Escolas InepData]]></description><Point><coordinates>-54.41150699,-23.89584764,0</coordinates></Point></Placemark><Placemark><name>EPMEIEF JOSE DE ALENCAR</name><description><![CDATA[Código INEP: 50021036<br>Município: Japorã<br>Fonte: INEP Censo Escolar 2025 + Catálogo de Escolas InepData]]></description><Point><coordinates>-54.52673159,-23.80420012,0</coordinates></Point></Placemark><Placemark><name>EM INDIGENA DE EIEF MBO EHAO TEKOHA GUARANI POLO</name><description><![CDATA[Código INEP: 50029460<br>Município: Japorã<br>Fonte: INEP Censo Escolar 2025 + Catálogo de Escolas InepData]]></description><Point><coordinates>-54.57833326,-23.79095688,0</coordinates></Point></Placemark><Placemark><name>ESCOLA ESTADUAL INDIGENA KUNA YRUKU - MARINA LOPES</name><description><![CDATA[Código INEP: 50034928<br>Município: Japorã<br>Fonte: INEP Censo Escolar 2025 + Catálogo de Escolas InepData]]></description><Point><coordinates>-54.5962904,-23.77186064,0</coordinates></Point></Placemark><Placemark><name>CEI - ODINA GONCALVES FRANZONI</name><description><![CDATA[Código INEP: 50064800<br>Município: Japorã<br>Fonte: INEP Censo Escolar 2025 + Catálogo de Escolas InepData]]></description><Point><coordinates>-54.41073694,-23.89439158,0</coordinates></Point></Placemark><Placemark><name>EE JOSE SERAFIM RIBEIRO</name><description><![CDATA[Código INEP: 50009460<br>Município: Jaraguari<br>Fonte: INEP Censo Escolar 2025 + Catálogo de Escolas InepData]]></description><Point><coordinates>-54.4365921,-20.0991496,0</coordinates></Point></Placemark><Placemark><name>ESCOLA MUNICIPAL DE ENSINO FUNDAMENTAL FRANCISCO ANTONIO DE SOUZA-POLO</name><description><![CDATA[Código INEP: 50009478<br>Município: Jaraguari<br>Fonte: INEP Censo Escolar 2025 + Catálogo de Escolas InepData]]></description><Point><coordinates>-54.43671495,-20.10496285,0</coordinates></Point></Placemark><Placemark><name>EE ZUMBI DOS PALMARES</name><description><![CDATA[Código INEP: 50022377<br>Município: Jaraguari<br>Fonte: INEP Censo Escolar 2025 + Catálogo de Escolas InepData]]></description><Point><coordinates>-54.5741819,-20.1501146,0</coordinates></Point></Placemark><Placemark><name>EMREF DIONIZIO ANTONIO VIEIRA</name><description><![CDATA[Código INEP: 50022385<br>Município: Jaraguari<br>Fonte: INEP Censo Escolar 2025 + Catálogo de Escolas InepData]]></description><Point><coordinates>-54.5651044,-20.159337,0</coordinates></Point></Placemark><Placemark><name>CEINF- SANTA RITA DE CASSIA-POLO</name><description><![CDATA[Código INEP: 50025457<br>Município: Jaraguari<br>Fonte: INEP Censo Escolar 2025 + Catálogo de Escolas InepData]]></description><Point><coordinates>-54.43816941,-20.10655286,0</coordinates></Point></Placemark><Placemark><name>ESCOLA MUNICIPAL LUIZ DE ALBUQUERQUE - POLO</name><description><![CDATA[Código INEP: 50009630<br>Município: Jaraguari<br>Fonte: INEP Censo Escolar 2025 + Catálogo de Escolas InepData]]></description><Point><coordinates>-54.4532599,-20.0629977,0</coordinates></Point></Placemark><Placemark><name>CIEI DR JOSE JOAQUIM MONTEIRO DE CASTRO</name><description><![CDATA[Código INEP: 50014617<br>Município: Jardim<br>Fonte: INEP Censo Escolar 2025 + Catálogo de Escolas InepData]]></description><Point><coordinates>-56.15166,-21.47808,0</coordinates></Point></Placemark><Placemark><name>EE ANTONIO PINTO PEREIRA</name><description><![CDATA[Código INEP: 50014625<br>Município: Jardim<br>Fonte: INEP Censo Escolar 2025 + Catálogo de Escolas InepData]]></description><Point><coordinates>-56.1506673,-21.486432,0</coordinates></Point></Placemark><Placemark><name>EE CEL JUVENCIO</name><description><![CDATA[Código INEP: 50014641<br>Município: Jardim<br>Fonte: INEP Censo Escolar 2025 + Catálogo de Escolas InepData]]></description><Point><coordinates>-56.1398296,-21.4792465,0</coordinates></Point></Placemark><Placemark><name>EE CEL PEDRO JOSE RUFINO</name><description><![CDATA[Código INEP: 50014650<br>Município: Jardim<br>Fonte: INEP Censo Escolar 2025 + Catálogo de Escolas InepData]]></description><Point><coordinates>-56.1532431,-21.4777207,0</coordinates></Point></Placemark><Placemark><name>EM - CASTELO BRANCO</name><description><![CDATA[Código INEP: 50014676<br>Município: Jardim<br>Fonte: INEP Censo Escolar 2025 + Catálogo de Escolas InepData]]></description><Point><coordinates>-56.1516837,-21.4780894,0</coordinates></Point></Placemark><Placemark><name>ESCOLA MUNICIPAL CIVICO MILITAR MAJOR ALBERTO RODRIGUES DA COSTA</name><description><![CDATA[Código INEP: 50014692<br>Município: Jardim<br>Fonte: INEP Censo Escolar 2025 + Catálogo de Escolas InepData]]></description><Point><coordinates>-56.1536117,-21.472635,0</coordinates></Point></Placemark><Placemark><name>EM PROFª BERACY BRUNET BARBOSA</name><description><![CDATA[Código INEP: 50014730<br>Município: Jardim<br>Fonte: INEP Censo Escolar 2025 + Catálogo de Escolas InepData]]></description><Point><coordinates>-56.15468,-21.49231,0</coordinates></Point></Placemark><Placemark><name>EM ZEUS BENEVIDES</name><description><![CDATA[Código INEP: 50014765<br>Município: Jardim<br>Fonte: INEP Censo Escolar 2025 + Catálogo de Escolas InepData]]></description><Point><coordinates>-56.14279,-21.49068,0</coordinates></Point></Placemark><Placemark><name>ESCOLA GIRASSOL</name><description><![CDATA[Código INEP: 50014803<br>Município: Jardim<br>Fonte: INEP Censo Escolar 2025 + Catálogo de Escolas InepData]]></description><Point><coordinates>-56.1453121,-21.4805094,0</coordinates></Point></Placemark><Placemark><name>ESC ESPEC JARDIM DE AMOR - PESTALOZZI</name><description><![CDATA[Código INEP: 50014838<br>Município: Jardim<br>Fonte: INEP Censo Escolar 2025 + Catálogo de Escolas InepData]]></description><Point><coordinates>-56.1399387,-21.4839158,0</coordinates></Point></Placemark><Placemark><name>CENTRO EDUCACIONAL EVANGELICO NOAH S ARC</name><description><![CDATA[Código INEP: 50027743<br>Município: Jardim<br>Fonte: INEP Censo Escolar 2025 + Catálogo de Escolas InepData]]></description><Point><coordinates>-56.1374745,-21.4841205,0</coordinates></Point></Placemark><Placemark><name>CIEI - FERNANDO AUGUSTO FREITAS</name><description><![CDATA[Código INEP: 50029975<br>Município: Jardim<br>Fonte: INEP Censo Escolar 2025 + Catálogo de Escolas InepData]]></description><Point><coordinates>-56.1403143,-21.4702597,0</coordinates></Point></Placemark><Placemark><name>COLEGIO DOM BOSCO</name><description><![CDATA[Código INEP: 50030167<br>Município: Jardim<br>Fonte: INEP Censo Escolar 2025 + Catálogo de Escolas InepData]]></description><Point><coordinates>-56.1388,-21.4825,0</coordinates></Point></Placemark><Placemark><name>IFMS - CAMPUS JARDIM</name><description><![CDATA[Código INEP: 50033182<br>Município: Jardim<br>Fonte: INEP Censo Escolar 2025 + Catálogo de Escolas InepData]]></description><Point><coordinates>-56.16177276,-21.49779294,0</coordinates></Point></Placemark><Placemark><name>ESCOLA GIRASSOL JUNIOR</name><description><![CDATA[Código INEP: 50034006<br>Município: Jardim<br>Fonte: INEP Censo Escolar 2025 + Catálogo de Escolas InepData]]></description><Point><coordinates>-56.1456788,-21.4803482,0</coordinates></Point></Placemark><Placemark><name>EE PROFª BERNADETE SANTOS LEITE</name><description><![CDATA[Código INEP: 50021052<br>Município: Jateí<br>Fonte: INEP Censo Escolar 2025 + Catálogo de Escolas InepData]]></description><Point><coordinates>-54.3027765,-22.4819743,0</coordinates></Point></Placemark><Placemark><name>EE PROF JOAQUIM ALFREDO SOARES VIANNA</name><description><![CDATA[Código INEP: 50021060<br>Município: Jateí<br>Fonte: INEP Censo Escolar 2025 + Catálogo de Escolas InepData]]></description><Point><coordinates>-54.2967528,-22.5565417,0</coordinates></Point></Placemark><Placemark><name>EMR PROF JOVELINO CELESTINO DOS SANTOS-POLO</name><description><![CDATA[Código INEP: 50021109<br>Município: Jateí<br>Fonte: INEP Censo Escolar 2025 + Catálogo de Escolas InepData]]></description><Point><coordinates>-53.94694,-22.64417,0</coordinates></Point></Placemark><Placemark><name>EE 31 DE MARCO</name><description><![CDATA[Código INEP: 50017799<br>Município: Juti<br>Fonte: INEP Censo Escolar 2025 + Catálogo de Escolas InepData]]></description><Point><coordinates>-54.6042876,-22.8561897,0</coordinates></Point></Placemark><Placemark><name>ESCOLA MUNICIPAL DORACI DE FREITAS FERNANDES-POLO</name><description><![CDATA[Código INEP: 50017802<br>Município: Juti<br>Fonte: INEP Censo Escolar 2025 + Catálogo de Escolas InepData]]></description><Point><coordinates>-54.6074768,-22.8612464,0</coordinates></Point></Placemark><Placemark><name>CEIM - MARCY BRANDAO FERNANDES-POLO</name><description><![CDATA[Código INEP: 50030795<br>Município: Juti<br>Fonte: INEP Censo Escolar 2025 + Catálogo de Escolas InepData]]></description><Point><coordinates>-54.6064083,-22.8611252,0</coordinates></Point></Placemark><Placemark><name>CEI - JANELINHA DO SABER</name><description><![CDATA[Código INEP: 50031660<br>Município: Juti<br>Fonte: INEP Censo Escolar 2025 + Catálogo de Escolas InepData]]></description><Point><coordinates>-54.59994,-22.8669609,0</coordinates></Point></Placemark><Placemark><name>EE LEME DO PRADO</name><description><![CDATA[Código INEP: 50000667<br>Município: Ladário<br>Fonte: INEP Censo Escolar 2025 + Catálogo de Escolas InepData]]></description><Point><coordinates>-57.6080988,-19.0061357,0</coordinates></Point></Placemark><Placemark><name>EE 2 DE SETEMBRO</name><description><![CDATA[Código INEP: 50000675<br>Município: Ladário<br>Fonte: INEP Censo Escolar 2025 + Catálogo de Escolas InepData]]></description><Point><coordinates>-57.6036884,-19.0031114,0</coordinates></Point></Placemark><Placemark><name>EM 17 DE MARCO</name><description><![CDATA[Código INEP: 50000683<br>Município: Ladário<br>Fonte: INEP Censo Escolar 2025 + Catálogo de Escolas InepData]]></description><Point><coordinates>-57.60253913,-19.00270047,0</coordinates></Point></Placemark><Placemark><name>EM FAROL DO NORTE</name><description><![CDATA[Código INEP: 50000691<br>Município: Ladário<br>Fonte: INEP Censo Escolar 2025 + Catálogo de Escolas InepData]]></description><Point><coordinates>-57.60004487,-19.00376657,0</coordinates></Point></Placemark><Placemark><name>EM PROF JOAO BAPTISTA</name><description><![CDATA[Código INEP: 50000705<br>Município: Ladário<br>Fonte: INEP Censo Escolar 2025 + Catálogo de Escolas InepData]]></description><Point><coordinates>-57.60941391,-19.01724734,0</coordinates></Point></Placemark><Placemark><name>SOCIEDADE DE INSTRUCAO E BENEFICENCIA - COLEGIO SAO MIGUEL</name><description><![CDATA[Código INEP: 50000748<br>Município: Ladário<br>Fonte: INEP Censo Escolar 2025 + Catálogo de Escolas InepData]]></description><Point><coordinates>-57.6029999,-19.0057165,0</coordinates></Point></Placemark><Placemark><name>CEMEI - PROF ANTONIO FLORENCIO DE MACEDO</name><description><![CDATA[Código INEP: 50026607<br>Município: Ladário<br>Fonte: INEP Censo Escolar 2025 + Catálogo de Escolas InepData]]></description><Point><coordinates>-57.5962188,-19.0045315,0</coordinates></Point></Placemark><Placemark><name>EM NELSON MANGABEIRA</name><description><![CDATA[Código INEP: 50031511<br>Município: Ladário<br>Fonte: INEP Censo Escolar 2025 + Catálogo de Escolas InepData]]></description><Point><coordinates>-57.60388252,-19.02611903,0</coordinates></Point></Placemark><Placemark><name>CEMEI - NEUSA ASSAD MALTA</name><description><![CDATA[Código INEP: 50031767<br>Município: Ladário<br>Fonte: INEP Censo Escolar 2025 + Catálogo de Escolas InepData]]></description><Point><coordinates>-57.60212786,-19.00236625,0</coordinates></Point></Placemark><Placemark><name>CEMEI PE ERNESTO SASSIDA</name><description><![CDATA[Código INEP: 50031880<br>Município: Ladário<br>Fonte: INEP Censo Escolar 2025 + Catálogo de Escolas InepData]]></description><Point><coordinates>-57.60410475,-19.02098281,0</coordinates></Point></Placemark><Placemark><name>ESCOLA PARTICULAR SHALOM EL SHADAY</name><description><![CDATA[Código INEP: 50032518<br>Município: Ladário<br>Fonte: INEP Censo Escolar 2025 + Catálogo de Escolas InepData]]></description><Point><coordinates>-57.6098711,-19.0028903,0</coordinates></Point></Placemark><Placemark><name>CEMEI - MARIANO DA SILVA CARNEIRO</name><description><![CDATA[Código INEP: 50032666<br>Município: Ladário<br>Fonte: INEP Censo Escolar 2025 + Catálogo de Escolas InepData]]></description><Point><coordinates>-57.59622644,-19.0126759,0</coordinates></Point></Placemark><Placemark><name>EM IRMA REGULA</name><description><![CDATA[Código INEP: 50032674<br>Município: Ladário<br>Fonte: INEP Censo Escolar 2025 + Catálogo de Escolas InepData]]></description><Point><coordinates>-57.59595468,-19.01352405,0</coordinates></Point></Placemark><Placemark><name>EMR MARIA ANA RUSO</name><description><![CDATA[Código INEP: 50032798<br>Município: Ladário<br>Fonte: INEP Censo Escolar 2025 + Catálogo de Escolas InepData]]></description><Point><coordinates>-57.57293555,-19.07260992,0</coordinates></Point></Placemark><Placemark><name>CEMEI - ROSA PEDROSSIAN</name><description><![CDATA[Código INEP: 50033204<br>Município: Ladário<br>Fonte: INEP Censo Escolar 2025 + Catálogo de Escolas InepData]]></description><Point><coordinates>-57.60890713,-19.01088435,0</coordinates></Point></Placemark><Placemark><name>CEMEI HELOISA URT</name><description><![CDATA[Código INEP: 50033395<br>Município: Ladário<br>Fonte: INEP Censo Escolar 2025 + Catálogo de Escolas InepData]]></description><Point><coordinates>-57.61310091,-19.02473692,0</coordinates></Point></Placemark><Placemark><name>EM EDUARDO MALHADO</name><description><![CDATA[Código INEP: 50033409<br>Município: Ladário<br>Fonte: INEP Censo Escolar 2025 + Catálogo de Escolas InepData]]></description><Point><coordinates>-57.6070794,-19.00152384,0</coordinates></Point></Placemark><Placemark><name>ESCOLA MUNICIPAL DE EDUCACAO INFANTIL E ENSINO FUNDAMENTAL MARQUES DE TAMANDARE</name><description><![CDATA[Código INEP: 50039407<br>Município: Ladário<br>Fonte: INEP Censo Escolar 2025 + Catálogo de Escolas InepData]]></description><Point><coordinates>-57.61243807,-19.02477469,0</coordinates></Point></Placemark><Placemark><name>ESCOLA MUNICIPAL DE EDUCACAO INFANTIL E ENSINO FUNDAMENTAL FRANCISCO MENDES SAMPAIO</name><description><![CDATA[Código INEP: 50059998<br>Município: Ladário<br>Fonte: INEP Censo Escolar 2025 + Catálogo de Escolas InepData]]></description><Point><coordinates>-57.60310944,-19.01354962,0</coordinates></Point></Placemark><Placemark><name>ESCOLA POLO MEIEF CAMPANARIO</name><description><![CDATA[Código INEP: 50017810<br>Município: Laguna Carapã<br>Fonte: INEP Censo Escolar 2025 + Catálogo de Escolas InepData]]></description><Point><coordinates>-55.0677687,-22.7855981,0</coordinates></Point></Placemark><Placemark><name>EE ALVARO MARTINS DOS SANTOS</name><description><![CDATA[Código INEP: 50017829<br>Município: Laguna Carapã<br>Fonte: INEP Censo Escolar 2025 + Catálogo de Escolas InepData]]></description><Point><coordinates>-55.1496162,-22.5553737,0</coordinates></Point></Placemark><Placemark><name>EMEF PROFª JUDITH DOS REIS ESPINDOLA</name><description><![CDATA[Código INEP: 50017845<br>Município: Laguna Carapã<br>Fonte: INEP Censo Escolar 2025 + Catálogo de Escolas InepData]]></description><Point><coordinates>-55.1503236,-22.5564233,0</coordinates></Point></Placemark><Placemark><name>CENTRO DE EDUCACAO INFANTIL DOLVANINO TRICHES</name><description><![CDATA[Código INEP: 50027662<br>Município: Laguna Carapã<br>Fonte: INEP Censo Escolar 2025 + Catálogo de Escolas InepData]]></description><Point><coordinates>-55.147387,-22.5544804,0</coordinates></Point></Placemark><Placemark><name>MBO EROY JEGUAKA POTY ESCOLA COCAR DE FLORES</name><description><![CDATA[Código INEP: 50029908<br>Município: Laguna Carapã<br>Fonte: INEP Censo Escolar 2025 + Catálogo de Escolas InepData]]></description><Point><coordinates>-55.1966094,-22.8440991,0</coordinates></Point></Placemark><Placemark><name>MBO EROGA OKARA POTY ESCOLA TERREIRO DE FLORES</name><description><![CDATA[Código INEP: 50029916<br>Município: Laguna Carapã<br>Fonte: INEP Censo Escolar 2025 + Catálogo de Escolas InepData]]></description><Point><coordinates>-55.1137966,-22.8448737,0</coordinates></Point></Placemark><Placemark><name>C DE ATENDIMENTO ESPECIAL AMOR E VIDA - APAE</name><description><![CDATA[Código INEP: 50031724<br>Município: Laguna Carapã<br>Fonte: INEP Censo Escolar 2025 + Catálogo de Escolas InepData]]></description><Point><coordinates>-55.1550781,-22.5612074,0</coordinates></Point></Placemark><Placemark><name>CENTRO DE EDUCACAO ESPECIAL CASINHA FELIZ</name><description><![CDATA[Código INEP: 50017942<br>Município: Maracaju<br>Fonte: INEP Censo Escolar 2025 + Catálogo de Escolas InepData]]></description><Point><coordinates>-55.1684392,-21.62839868,0</coordinates></Point></Placemark><Placemark><name>EE CIVICO MILITAR CEL LIMA DE FIGUEIREDO</name><description><![CDATA[Código INEP: 50018019<br>Município: Maracaju<br>Fonte: INEP Censo Escolar 2025 + Catálogo de Escolas InepData]]></description><Point><coordinates>-55.16796629,-21.60627505,0</coordinates></Point></Placemark><Placemark><name>EE MANOEL FERREIRA DE LIMA</name><description><![CDATA[Código INEP: 50018027<br>Município: Maracaju<br>Fonte: INEP Censo Escolar 2025 + Catálogo de Escolas InepData]]></description><Point><coordinates>-55.1675857,-21.6166358,0</coordinates></Point></Placemark><Placemark><name>EE PADRE CONSTANTINO DE MONTE</name><description><![CDATA[Código INEP: 50018035<br>Município: Maracaju<br>Fonte: INEP Censo Escolar 2025 + Catálogo de Escolas InepData]]></description><Point><coordinates>-55.1528171,-21.6226235,0</coordinates></Point></Placemark><Placemark><name>ESCOLA MUNICIPAL JOAO BATISTA LINO BRAGA</name><description><![CDATA[Código INEP: 50018051<br>Município: Maracaju<br>Fonte: INEP Censo Escolar 2025 + Catálogo de Escolas InepData]]></description><Point><coordinates>-55.1612894,-21.639621,0</coordinates></Point></Placemark><Placemark><name>ESCOLA MUNICIPAL JOAO PEDRO FERNANDES</name><description><![CDATA[Código INEP: 50018060<br>Município: Maracaju<br>Fonte: INEP Censo Escolar 2025 + Catálogo de Escolas InepData]]></description><Point><coordinates>-55.1570695,-21.6239897,0</coordinates></Point></Placemark><Placemark><name>ESCOLA MUNICIPAL JOSE PEREIRA DA ROSA</name><description><![CDATA[Código INEP: 50018078<br>Município: Maracaju<br>Fonte: INEP Censo Escolar 2025 + Catálogo de Escolas InepData]]></description><Point><coordinates>-55.1705609,-21.6124291,0</coordinates></Point></Placemark><Placemark><name>ESCOLA MUNICIPAL PROFESSORA IRMA DE LIMA MATOS</name><description><![CDATA[Código INEP: 50018086<br>Município: Maracaju<br>Fonte: INEP Censo Escolar 2025 + Catálogo de Escolas InepData]]></description><Point><coordinates>-55.1685807,-21.6319936,0</coordinates></Point></Placemark><Placemark><name>EE CAMBARAI</name><description><![CDATA[Código INEP: 50018116<br>Município: Maracaju<br>Fonte: INEP Censo Escolar 2025 + Catálogo de Escolas InepData]]></description><Point><coordinates>-55.1674595,-21.6279961,0</coordinates></Point></Placemark><Placemark><name>COLEGIO O ITALIANINHO</name><description><![CDATA[Código INEP: 50018132<br>Município: Maracaju<br>Fonte: INEP Censo Escolar 2025 + Catálogo de Escolas InepData]]></description><Point><coordinates>-55.1670611,-21.6295025,0</coordinates></Point></Placemark><Placemark><name>CENTRO INTEGRADO DE EDUCACAO INFANTIL WALTRUDES FERREIRA MUZZI</name><description><![CDATA[Código INEP: 50022520<br>Município: Maracaju<br>Fonte: INEP Censo Escolar 2025 + Catálogo de Escolas InepData]]></description><Point><coordinates>-55.1488315,-21.6162555,0</coordinates></Point></Placemark><Placemark><name>ESCOLA MUNICIPAL PROFESSORA MAURICIA PARE GOMES</name><description><![CDATA[Código INEP: 50022539<br>Município: Maracaju<br>Fonte: INEP Censo Escolar 2025 + Catálogo de Escolas InepData]]></description><Point><coordinates>-55.1626916,-21.6027381,0</coordinates></Point></Placemark><Placemark><name>CENTRO INTEGRADO DE EDUCACAO INFANTIL NOSSA SENHORA AUXILIADORA</name><description><![CDATA[Código INEP: 50025341<br>Município: Maracaju<br>Fonte: INEP Censo Escolar 2025 + Catálogo de Escolas InepData]]></description><Point><coordinates>-55.1667769,-21.613077,0</coordinates></Point></Placemark><Placemark><name>CENTRO INTEGRADO DE EDUCACAO INFANTIL SAO BENEDITO</name><description><![CDATA[Código INEP: 50025350<br>Município: Maracaju<br>Fonte: INEP Censo Escolar 2025 + Catálogo de Escolas InepData]]></description><Point><coordinates>-55.1709467,-21.6312741,0</coordinates></Point></Placemark><Placemark><name>ESCOLA MUNICIPAL RURAL SANTA GUILHERMINA - POLO</name><description><![CDATA[Código INEP: 50028383<br>Município: Maracaju<br>Fonte: INEP Censo Escolar 2025 + Catálogo de Escolas InepData]]></description><Point><coordinates>-55.5755124,-21.1129361,0</coordinates></Point></Placemark><Placemark><name>CIEI SRª MARIA DALPHINA REZENDE DE CASTRO</name><description><![CDATA[Código INEP: 50028391<br>Município: Maracaju<br>Fonte: INEP Censo Escolar 2025 + Catálogo de Escolas InepData]]></description><Point><coordinates>-55.1656952,-21.604071,0</coordinates></Point></Placemark><Placemark><name>CENTRO DE EDUCACAO INTEGRADA RAIO DE LUZ</name><description><![CDATA[Código INEP: 50028677<br>Município: Maracaju<br>Fonte: INEP Censo Escolar 2025 + Catálogo de Escolas InepData]]></description><Point><coordinates>-55.157,-21.62859,0</coordinates></Point></Placemark><Placemark><name>CATE - CENTRO EDUCACIONAL E TREINAMENTO ESPECIALIZADO</name><description><![CDATA[Código INEP: 50028685<br>Município: Maracaju<br>Fonte: INEP Censo Escolar 2025 + Catálogo de Escolas InepData]]></description><Point><coordinates>-55.1599,-21.62466,0</coordinates></Point></Placemark><Placemark><name>CENTRO INTEGRADO DE EDUCACAO INFANTIL GREGORIA MARTINS</name><description><![CDATA[Código INEP: 50031392<br>Município: Maracaju<br>Fonte: INEP Censo Escolar 2025 + Catálogo de Escolas InepData]]></description><Point><coordinates>-55.1747492,-21.6014135,0</coordinates></Point></Placemark><Placemark><name>CENTRO INTEGRADO SESI SENAI MARACAJU</name><description><![CDATA[Código INEP: 50033328<br>Município: Maracaju<br>Fonte: INEP Censo Escolar 2025 + Catálogo de Escolas InepData]]></description><Point><coordinates>-55.1529648,-21.6161075,0</coordinates></Point></Placemark><Placemark><name>ESCOLA DO SESI MARACAJU</name><description><![CDATA[Código INEP: 50033387<br>Município: Maracaju<br>Fonte: INEP Censo Escolar 2025 + Catálogo de Escolas InepData]]></description><Point><coordinates>-55.15333006,-21.61580047,0</coordinates></Point></Placemark><Placemark><name>ESCOLA MUNICIPAL PROFESSORA CECILIA DE CASTRO MINERVINI</name><description><![CDATA[Código INEP: 50034642<br>Município: Maracaju<br>Fonte: INEP Censo Escolar 2025 + Catálogo de Escolas InepData]]></description><Point><coordinates>-55.17445667,-21.60196833,0</coordinates></Point></Placemark><Placemark><name>ESCOLA MUNICIPAL INDIGENA VELARIO SUCURIY</name><description><![CDATA[Código INEP: 50049801<br>Município: Maracaju<br>Fonte: INEP Censo Escolar 2025 + Catálogo de Escolas InepData]]></description><Point><coordinates>-55.1146442,-21.6500172,0</coordinates></Point></Placemark><Placemark><name>NOTA 10 - UNIDADE MARACAJU</name><description><![CDATA[Código INEP: 50064827<br>Município: Maracaju<br>Fonte: INEP Censo Escolar 2025 + Catálogo de Escolas InepData]]></description><Point><coordinates>-55.1629155,-21.6326247,0</coordinates></Point></Placemark><Placemark><name>ESCOLA NOSSA SENHORA APARECIDA</name><description><![CDATA[Código INEP: 50065807<br>Município: Maracaju<br>Fonte: INEP Censo Escolar 2025 + Catálogo de Escolas InepData]]></description><Point><coordinates>-55.16086,-21.62663,0</coordinates></Point></Placemark><Placemark><name>ESCOLA MUNICIPAL JULIO MULLER</name><description><![CDATA[Código INEP: 50018221<br>Município: Maracaju<br>Fonte: INEP Censo Escolar 2025 + Catálogo de Escolas InepData]]></description><Point><coordinates>-55.5020668,-21.728972,0</coordinates></Point></Placemark><Placemark><name>ESCOLA MUNICIPAL CIRO ANIZ</name><description><![CDATA[Código INEP: 50032160<br>Município: Maracaju<br>Fonte: INEP Censo Escolar 2025 + Catálogo de Escolas InepData]]></description><Point><coordinates>-55.5070083,-21.7310767,0</coordinates></Point></Placemark><Placemark><name>CENTRO INTEGRADO DE EDUCACAO INFANTIL JOANA SAYD</name><description><![CDATA[Código INEP: 50033166<br>Município: Maracaju<br>Fonte: INEP Censo Escolar 2025 + Catálogo de Escolas InepData]]></description><Point><coordinates>-55.5079537,-21.7315552,0</coordinates></Point></Placemark><Placemark><name>CENTRO DE EDUCACAO INFANTIL SAO FRANCISCO DE ASSIS</name><description><![CDATA[Código INEP: 50002503<br>Município: Miranda<br>Fonte: INEP Censo Escolar 2025 + Catálogo de Escolas InepData]]></description><Point><coordinates>-56.3781934,-20.2398105,0</coordinates></Point></Placemark><Placemark><name>ESCOLA ADVENTISTA DE MIRANDA</name><description><![CDATA[Código INEP: 50002511<br>Município: Miranda<br>Fonte: INEP Censo Escolar 2025 + Catálogo de Escolas InepData]]></description><Point><coordinates>-56.3825234,-20.240732,0</coordinates></Point></Placemark><Placemark><name>ESCOLA MUNICIPAL INDIGENA POLO CORONEL NICOLAU HORTA BARBOSA</name><description><![CDATA[Código INEP: 50002520<br>Município: Miranda<br>Fonte: INEP Censo Escolar 2025 + Catálogo de Escolas InepData]]></description><Point><coordinates>-56.2796735,-20.1919402,0</coordinates></Point></Placemark><Placemark><name>EM INDIGENA POLO PILAD REBUA</name><description><![CDATA[Código INEP: 50002538<br>Município: Miranda<br>Fonte: INEP Censo Escolar 2025 + Catálogo de Escolas InepData]]></description><Point><coordinates>-56.36202052,-20.25618537,0</coordinates></Point></Placemark><Placemark><name>EE CARMELITA CANALE REBUA</name><description><![CDATA[Código INEP: 50002546<br>Município: Miranda<br>Fonte: INEP Censo Escolar 2025 + Catálogo de Escolas InepData]]></description><Point><coordinates>-56.38183862,-20.24785031,0</coordinates></Point></Placemark><Placemark><name>EE CAETANO PINTO</name><description><![CDATA[Código INEP: 50002554<br>Município: Miranda<br>Fonte: INEP Censo Escolar 2025 + Catálogo de Escolas InepData]]></description><Point><coordinates>-56.3821367,-20.2387406,0</coordinates></Point></Placemark><Placemark><name>EE DONA ROSA PEDROSSIAN</name><description><![CDATA[Código INEP: 50002562<br>Município: Miranda<br>Fonte: INEP Censo Escolar 2025 + Catálogo de Escolas InepData]]></description><Point><coordinates>-56.37856983,-20.23812892,0</coordinates></Point></Placemark><Placemark><name>EMU 15 DE OUTUBRO</name><description><![CDATA[Código INEP: 50002570<br>Município: Miranda<br>Fonte: INEP Censo Escolar 2025 + Catálogo de Escolas InepData]]></description><Point><coordinates>-56.3927377,-20.23855973,0</coordinates></Point></Placemark><Placemark><name>EMR POLO RAIMUNDO DOS SANTOS</name><description><![CDATA[Código INEP: 50002783<br>Município: Miranda<br>Fonte: INEP Censo Escolar 2025 + Catálogo de Escolas InepData]]></description><Point><coordinates>-56.31613665,-20.23548523,0</coordinates></Point></Placemark><Placemark><name>EMU WALDEMAR JOAO DE SOUZA</name><description><![CDATA[Código INEP: 50002830<br>Município: Miranda<br>Fonte: INEP Censo Escolar 2025 + Catálogo de Escolas InepData]]></description><Point><coordinates>-56.37327043,-20.24433086,0</coordinates></Point></Placemark><Placemark><name>EMU MARIA DO ROSARIO</name><description><![CDATA[Código INEP: 50002856<br>Município: Miranda<br>Fonte: INEP Censo Escolar 2025 + Catálogo de Escolas InepData]]></description><Point><coordinates>-56.3890313,-20.2525754,0</coordinates></Point></Placemark><Placemark><name>ESCOLA DE EDUCACAO BASICA E PROFISSIONAL FUNDACAO BRADESCO</name><description><![CDATA[Código INEP: 50002864<br>Município: Miranda<br>Fonte: INEP Censo Escolar 2025 + Catálogo de Escolas InepData]]></description><Point><coordinates>-56.7810754,-20.0862121,0</coordinates></Point></Placemark><Placemark><name>EMU ESTANISLAU BOSSAY</name><description><![CDATA[Código INEP: 50024256<br>Município: Miranda<br>Fonte: INEP Censo Escolar 2025 + Catálogo de Escolas InepData]]></description><Point><coordinates>-56.387065,-20.2442901,0</coordinates></Point></Placemark><Placemark><name>CAIC - MARIA HENRIQUETA REBUA SIUFI</name><description><![CDATA[Código INEP: 50026461<br>Município: Miranda<br>Fonte: INEP Censo Escolar 2025 + Catálogo de Escolas InepData]]></description><Point><coordinates>-56.37773198,-20.25798395,0</coordinates></Point></Placemark><Placemark><name>EMI POLO PRESIDENTE JOAO FIGUEIREDO</name><description><![CDATA[Código INEP: 50028413<br>Município: Miranda<br>Fonte: INEP Censo Escolar 2025 + Catálogo de Escolas InepData]]></description><Point><coordinates>-56.2863475,-20.5665888,0</coordinates></Point></Placemark><Placemark><name>CENTRO INFANTIL OLIVA PROENCA BOSSAY</name><description><![CDATA[Código INEP: 50028421<br>Município: Miranda<br>Fonte: INEP Censo Escolar 2025 + Catálogo de Escolas InepData]]></description><Point><coordinates>-56.37909,-20.2587988,0</coordinates></Point></Placemark><Placemark><name>COLEGIO NOSSA SENHORA DO CARMO</name><description><![CDATA[Código INEP: 50028596<br>Município: Miranda<br>Fonte: INEP Censo Escolar 2025 + Catálogo de Escolas InepData]]></description><Point><coordinates>-56.38536053,-20.23948277,0</coordinates></Point></Placemark><Placemark><name>EE INDIGENA CACIQUE TIMOTEO</name><description><![CDATA[Código INEP: 50030850<br>Município: Miranda<br>Fonte: INEP Censo Escolar 2025 + Catálogo de Escolas InepData]]></description><Point><coordinates>-56.2761365,-20.1927557,0</coordinates></Point></Placemark><Placemark><name>ESCOLA MUNICIPAL INDIGENA POLO FELIPE ANTONIO</name><description><![CDATA[Código INEP: 50033140<br>Município: Miranda<br>Fonte: INEP Censo Escolar 2025 + Catálogo de Escolas InepData]]></description><Point><coordinates>-56.2974155,-20.2004937,0</coordinates></Point></Placemark><Placemark><name>ESCOLA ESTADUAL INDIGENA CACIQUE VICENTE DE ALMEIDA</name><description><![CDATA[Código INEP: 50033263<br>Município: Miranda<br>Fonte: INEP Censo Escolar 2025 + Catálogo de Escolas InepData]]></description><Point><coordinates>-56.361997,-20.2561698,0</coordinates></Point></Placemark><Placemark><name>E M U ROBERTO PAULO ALMEIDA</name><description><![CDATA[Código INEP: 50042009<br>Município: Miranda<br>Fonte: INEP Censo Escolar 2025 + Catálogo de Escolas InepData]]></description><Point><coordinates>-56.373497,-20.2685142,0</coordinates></Point></Placemark><Placemark><name>CENTRO DE EDUCACAO INFANTIL VO EMILIANA</name><description><![CDATA[Código INEP: 50063804<br>Município: Miranda<br>Fonte: INEP Censo Escolar 2025 + Catálogo de Escolas InepData]]></description><Point><coordinates>-56.393417,-20.2401645,0</coordinates></Point></Placemark><Placemark><name>CEEMVIRG - CENTRO DE EDUCACAO ESPECIAL MARIA VIRGINIA ROSARIO GARRIDO</name><description><![CDATA[Código INEP: 50063820<br>Município: Miranda<br>Fonte: INEP Censo Escolar 2025 + Catálogo de Escolas InepData]]></description><Point><coordinates>-56.377665,-20.2443017,0</coordinates></Point></Placemark><Placemark><name>EE INDIGENA PROF ATANASIO ALVES</name><description><![CDATA[Código INEP: 50082809<br>Município: Miranda<br>Fonte: INEP Censo Escolar 2025 + Catálogo de Escolas InepData]]></description><Point><coordinates>-56.2850337,-20.5550932,0</coordinates></Point></Placemark><Placemark><name>CENTRO DE EDUCACAO ESPECIAL RAIO DE LUZ - APAE</name><description><![CDATA[Código INEP: 50021141<br>Município: Mundo Novo<br>Fonte: INEP Censo Escolar 2025 + Catálogo de Escolas InepData]]></description><Point><coordinates>-54.284201,-23.9266984,0</coordinates></Point></Placemark><Placemark><name>CENTRO DE EDUCACAO INFANTIL PAULO FREIRE</name><description><![CDATA[Código INEP: 50021150<br>Município: Mundo Novo<br>Fonte: INEP Censo Escolar 2025 + Catálogo de Escolas InepData]]></description><Point><coordinates>-54.29081333,-23.94345667,0</coordinates></Point></Placemark><Placemark><name>COLEGIO ADVENTISTA DE MUNDO NOVO</name><description><![CDATA[Código INEP: 50021168<br>Município: Mundo Novo<br>Fonte: INEP Censo Escolar 2025 + Catálogo de Escolas InepData]]></description><Point><coordinates>-54.28853646,-23.93564856,0</coordinates></Point></Placemark><Placemark><name>CENTRO EDUCACIONAL DE MUNDO NOVO - MICKEY</name><description><![CDATA[Código INEP: 50021176<br>Município: Mundo Novo<br>Fonte: INEP Censo Escolar 2025 + Catálogo de Escolas InepData]]></description><Point><coordinates>-54.2915,-23.93139,0</coordinates></Point></Placemark><Placemark><name>E M PROF TEREZINHA DOS SANTOS MENDONCA</name><description><![CDATA[Código INEP: 50021192<br>Município: Mundo Novo<br>Fonte: INEP Censo Escolar 2025 + Catálogo de Escolas InepData]]></description><Point><coordinates>-54.2957445,-23.9290805,0</coordinates></Point></Placemark><Placemark><name>EE CASTELO BRANCO</name><description><![CDATA[Código INEP: 50021206<br>Município: Mundo Novo<br>Fonte: INEP Censo Escolar 2025 + Catálogo de Escolas InepData]]></description><Point><coordinates>-54.289655,-23.9386817,0</coordinates></Point></Placemark><Placemark><name>EE MAL RONDON</name><description><![CDATA[Código INEP: 50021214<br>Município: Mundo Novo<br>Fonte: INEP Censo Escolar 2025 + Catálogo de Escolas InepData]]></description><Point><coordinates>-54.2776515,-23.937341,0</coordinates></Point></Placemark><Placemark><name>EE PROFª IOLANDA ALLY</name><description><![CDATA[Código INEP: 50021222<br>Município: Mundo Novo<br>Fonte: INEP Censo Escolar 2025 + Catálogo de Escolas InepData]]></description><Point><coordinates>-54.2905822,-23.9367973,0</coordinates></Point></Placemark><Placemark><name>ESCOLA MUNICIPAL CARLOS CHAGAS</name><description><![CDATA[Código INEP: 50021257<br>Município: Mundo Novo<br>Fonte: INEP Censo Escolar 2025 + Catálogo de Escolas InepData]]></description><Point><coordinates>-54.29766691,-23.94176681,0</coordinates></Point></Placemark><Placemark><name>CENTRO DE EDUCACAO INFANTIL MONTEIRO LOBATO</name><description><![CDATA[Código INEP: 50030515<br>Município: Mundo Novo<br>Fonte: INEP Censo Escolar 2025 + Catálogo de Escolas InepData]]></description><Point><coordinates>-54.279017,-23.936029,0</coordinates></Point></Placemark><Placemark><name>CENTRO DE EDUCACAO INFANTIL JOSE HONORATO DA SILVA</name><description><![CDATA[Código INEP: 50031996<br>Município: Mundo Novo<br>Fonte: INEP Censo Escolar 2025 + Catálogo de Escolas InepData]]></description><Point><coordinates>-54.3001224,-23.9335809,0</coordinates></Point></Placemark><Placemark><name>CENTRO DE APOIO E REINTEGRACAO INFANTIL - CEI - CARI</name><description><![CDATA[Código INEP: 50048805<br>Município: Mundo Novo<br>Fonte: INEP Censo Escolar 2025 + Catálogo de Escolas InepData]]></description><Point><coordinates>-54.29147269,-23.93174377,0</coordinates></Point></Placemark><Placemark><name>CEI - ELMO JORGE DE SOUZA</name><description><![CDATA[Código INEP: 50082906<br>Município: Mundo Novo<br>Fonte: INEP Censo Escolar 2025 + Catálogo de Escolas InepData]]></description><Point><coordinates>-54.2936693,-23.9294185,0</coordinates></Point></Placemark><Placemark><name>CIEI - MARIA JOSE DA SILVA CANCADO</name><description><![CDATA[Código INEP: 50021290<br>Município: Naviraí<br>Fonte: INEP Censo Escolar 2025 + Catálogo de Escolas InepData]]></description><Point><coordinates>-54.2096499,-23.07135,0</coordinates></Point></Placemark><Placemark><name>CEDEN - CENTRO DE ED ESPECIAL NAVIRAIENSE</name><description><![CDATA[Código INEP: 50021303<br>Município: Naviraí<br>Fonte: INEP Censo Escolar 2025 + Catálogo de Escolas InepData]]></description><Point><coordinates>-54.2088081,-23.0763502,0</coordinates></Point></Placemark><Placemark><name>EE VINICIUS DE MORAES</name><description><![CDATA[Código INEP: 50021338<br>Município: Naviraí<br>Fonte: INEP Censo Escolar 2025 + Catálogo de Escolas InepData]]></description><Point><coordinates>-54.2032557,-23.0691072,0</coordinates></Point></Placemark><Placemark><name>EE EURICO GASPAR DUTRA</name><description><![CDATA[Código INEP: 50021346<br>Município: Naviraí<br>Fonte: INEP Censo Escolar 2025 + Catálogo de Escolas InepData]]></description><Point><coordinates>-54.2059396,-23.0618906,0</coordinates></Point></Placemark><Placemark><name>EE JURACY ALVES CARDOSO</name><description><![CDATA[Código INEP: 50021354<br>Município: Naviraí<br>Fonte: INEP Censo Escolar 2025 + Catálogo de Escolas InepData]]></description><Point><coordinates>-54.1948833,-23.0580083,0</coordinates></Point></Placemark><Placemark><name>EE PRES MEDICI</name><description><![CDATA[Código INEP: 50021370<br>Município: Naviraí<br>Fonte: INEP Censo Escolar 2025 + Catálogo de Escolas InepData]]></description><Point><coordinates>-54.1977333,-23.0625372,0</coordinates></Point></Placemark><Placemark><name>EMEF PROFA MARIA DE LOURDES AQUINO SOTANA</name><description><![CDATA[Código INEP: 50021397<br>Município: Naviraí<br>Fonte: INEP Censo Escolar 2025 + Catálogo de Escolas InepData]]></description><Point><coordinates>-54.2123749,-23.071541,0</coordinates></Point></Placemark><Placemark><name>EMEIEF VER ODERCIO NUNES DE MATOS</name><description><![CDATA[Código INEP: 50021400<br>Município: Naviraí<br>Fonte: INEP Censo Escolar 2025 + Catálogo de Escolas InepData]]></description><Point><coordinates>-54.1997712,-23.0456041,0</coordinates></Point></Placemark><Placemark><name>EMEIEF CANDIDO DE MARCO - POLO E EXTENSOES</name><description><![CDATA[Código INEP: 50021419<br>Município: Naviraí<br>Fonte: INEP Censo Escolar 2025 + Catálogo de Escolas InepData]]></description><Point><coordinates>-54.2727917,-22.9082699,0</coordinates></Point></Placemark><Placemark><name>EMEF MARECHAL RONDON</name><description><![CDATA[Código INEP: 50021427<br>Município: Naviraí<br>Fonte: INEP Censo Escolar 2025 + Catálogo de Escolas InepData]]></description><Point><coordinates>-54.2105311,-23.0662464,0</coordinates></Point></Placemark><Placemark><name>COLEGIO MAXI REINO- EIEFEM</name><description><![CDATA[Código INEP: 50021435<br>Município: Naviraí<br>Fonte: INEP Censo Escolar 2025 + Catálogo de Escolas InepData]]></description><Point><coordinates>-54.19744,-23.06122,0</coordinates></Point></Placemark><Placemark><name>EE ANTONIO FERNANDES</name><description><![CDATA[Código INEP: 50021460<br>Município: Naviraí<br>Fonte: INEP Censo Escolar 2025 + Catálogo de Escolas InepData]]></description><Point><coordinates>-54.2031084,-23.0480449,0</coordinates></Point></Placemark><Placemark><name>COLEGIO OBJETIVO MINIE</name><description><![CDATA[Código INEP: 50022610<br>Município: Naviraí<br>Fonte: INEP Censo Escolar 2025 + Catálogo de Escolas InepData]]></description><Point><coordinates>-54.19644,-23.05562,0</coordinates></Point></Placemark><Placemark><name>EMEF PROF MILTON DIAS PORTO</name><description><![CDATA[Código INEP: 50022660<br>Município: Naviraí<br>Fonte: INEP Censo Escolar 2025 + Catálogo de Escolas InepData]]></description><Point><coordinates>-54.220139,-23.0562009,0</coordinates></Point></Placemark><Placemark><name>CMEI - IRMA EVANETE DOS SANTOS</name><description><![CDATA[Código INEP: 50027107<br>Município: Naviraí<br>Fonte: INEP Censo Escolar 2025 + Catálogo de Escolas InepData]]></description><Point><coordinates>-54.2022814,-23.0490561,0</coordinates></Point></Placemark><Placemark><name>CIEI VERA MARIA DE BRIDA</name><description><![CDATA[Código INEP: 50029568<br>Município: Naviraí<br>Fonte: INEP Censo Escolar 2025 + Catálogo de Escolas InepData]]></description><Point><coordinates>-54.2216864,-23.0547986,0</coordinates></Point></Placemark><Placemark><name>CIEI - PROFESSORA AZENA RICCO DE FREITAS</name><description><![CDATA[Código INEP: 50029991<br>Município: Naviraí<br>Fonte: INEP Censo Escolar 2025 + Catálogo de Escolas InepData]]></description><Point><coordinates>-54.2018951,-23.0646574,0</coordinates></Point></Placemark><Placemark><name>EMEF JOSE MARTINS FLORES</name><description><![CDATA[Código INEP: 50030639<br>Município: Naviraí<br>Fonte: INEP Censo Escolar 2025 + Catálogo de Escolas InepData]]></description><Point><coordinates>-54.1890533,-23.0699481,0</coordinates></Point></Placemark><Placemark><name>ESCOLA DO SESI NAVIRAI</name><description><![CDATA[Código INEP: 50032054<br>Município: Naviraí<br>Fonte: INEP Censo Escolar 2025 + Catálogo de Escolas InepData]]></description><Point><coordinates>-54.20571783,-23.05989424,0</coordinates></Point></Placemark><Placemark><name>CENTRO DE EDUCACAO E TECNOLOGIA SENAI NAVIRAI</name><description><![CDATA[Código INEP: 50032607<br>Município: Naviraí<br>Fonte: INEP Censo Escolar 2025 + Catálogo de Escolas InepData]]></description><Point><coordinates>-54.2058874,-23.0597735,0</coordinates></Point></Placemark><Placemark><name>COLEGIO WINNER - O PEQUENO VENCEDOR LTDA</name><description><![CDATA[Código INEP: 50032712<br>Município: Naviraí<br>Fonte: INEP Censo Escolar 2025 + Catálogo de Escolas InepData]]></description><Point><coordinates>-54.19637833,-23.05507333,0</coordinates></Point></Placemark><Placemark><name>CENTRO ESTADUAL DE EDUCACAO PROFISSIONAL SENADOR RAMEZ TEBET</name><description><![CDATA[Código INEP: 50032763<br>Município: Naviraí<br>Fonte: INEP Censo Escolar 2025 + Catálogo de Escolas InepData]]></description><Point><coordinates>-54.2119359,-23.0696144,0</coordinates></Point></Placemark><Placemark><name>COLEGIO GEO - NAVIRAI</name><description><![CDATA[Código INEP: 50032836<br>Município: Naviraí<br>Fonte: INEP Censo Escolar 2025 + Catálogo de Escolas InepData]]></description><Point><coordinates>-54.20522,-23.06458,0</coordinates></Point></Placemark><Placemark><name>CIEI PROFESSORA ZENAIDE NUNES DOS SANTOS</name><description><![CDATA[Código INEP: 50032917<br>Município: Naviraí<br>Fonte: INEP Censo Escolar 2025 + Catálogo de Escolas InepData]]></description><Point><coordinates>-54.1887948,-23.0699373,0</coordinates></Point></Placemark><Placemark><name>IFMS - CAMPUS NAVIRAI</name><description><![CDATA[Código INEP: 50033212<br>Município: Naviraí<br>Fonte: INEP Censo Escolar 2025 + Catálogo de Escolas InepData]]></description><Point><coordinates>-54.212185,-23.06939167,0</coordinates></Point></Placemark><Placemark><name>CENTRO DE EDUCACAO PROFISSIONAL IPED-MS</name><description><![CDATA[Código INEP: 50033514<br>Município: Naviraí<br>Fonte: INEP Censo Escolar 2025 + Catálogo de Escolas InepData]]></description><Point><coordinates>-54.19397019,-23.06411455,0</coordinates></Point></Placemark><Placemark><name>EMEF PROF DIOMEDES VALENTIM CERRI</name><description><![CDATA[Código INEP: 50033859<br>Município: Naviraí<br>Fonte: INEP Censo Escolar 2025 + Catálogo de Escolas InepData]]></description><Point><coordinates>-54.2187667,-23.0692068,0</coordinates></Point></Placemark><Placemark><name>COLEGIO NAVIRAI-ENSINO FUNDAMENTAL E MEDIO</name><description><![CDATA[Código INEP: 50033913<br>Município: Naviraí<br>Fonte: INEP Censo Escolar 2025 + Catálogo de Escolas InepData]]></description><Point><coordinates>-54.19856667,-23.05348667,0</coordinates></Point></Placemark><Placemark><name>CENTRO EDUCACIONAL DE NAVIRAI</name><description><![CDATA[Código INEP: 50034545<br>Município: Naviraí<br>Fonte: INEP Censo Escolar 2025 + Catálogo de Escolas InepData]]></description><Point><coordinates>-54.19833833,-23.05341833,0</coordinates></Point></Placemark><Placemark><name>PRO MAIS EDUCACIONAL</name><description><![CDATA[Código INEP: 50034871<br>Município: Naviraí<br>Fonte: INEP Censo Escolar 2025 + Catálogo de Escolas InepData]]></description><Point><coordinates>-54.19654847,-23.05968775,0</coordinates></Point></Placemark><Placemark><name>CIEI PROFESSORA ANAI MARIA RAMOS RICCI</name><description><![CDATA[Código INEP: 50035290<br>Município: Naviraí<br>Fonte: INEP Censo Escolar 2025 + Catálogo de Escolas InepData]]></description><Point><coordinates>-54.19481307,-23.05418964,0</coordinates></Point></Placemark><Placemark><name>EMEF PROF JOSE CARLOS DA SILVA</name><description><![CDATA[Código INEP: 50041002<br>Município: Naviraí<br>Fonte: INEP Censo Escolar 2025 + Catálogo de Escolas InepData]]></description><Point><coordinates>-54.2196305,-23.0511644,0</coordinates></Point></Placemark><Placemark><name>CIEI EVA MORAES DE OLIVEIRA</name><description><![CDATA[Código INEP: 50061801<br>Município: Naviraí<br>Fonte: INEP Censo Escolar 2025 + Catálogo de Escolas InepData]]></description><Point><coordinates>-54.2062413,-23.0544399,0</coordinates></Point></Placemark><Placemark><name>EE ODETE IGNEZ RESSTEL VILLAS BOAS</name><description><![CDATA[Código INEP: 50014889<br>Município: Nioaque<br>Fonte: INEP Censo Escolar 2025 + Catálogo de Escolas InepData]]></description><Point><coordinates>-55.8341539,-21.1584422,0</coordinates></Point></Placemark><Placemark><name>EE PADROEIRA DO BRASIL</name><description><![CDATA[Código INEP: 50014897<br>Município: Nioaque<br>Fonte: INEP Censo Escolar 2025 + Catálogo de Escolas InepData]]></description><Point><coordinates>-55.8677996,-20.8309427,0</coordinates></Point></Placemark><Placemark><name>EM GUILHERME CORREA DA SILVA - POLO</name><description><![CDATA[Código INEP: 50014900<br>Município: Nioaque<br>Fonte: INEP Censo Escolar 2025 + Catálogo de Escolas InepData]]></description><Point><coordinates>-55.828509,-21.164687,0</coordinates></Point></Placemark><Placemark><name>ESCOLA MUNICIPAL DR JOSE GARCIA NETTO</name><description><![CDATA[Código INEP: 50014927<br>Município: Nioaque<br>Fonte: INEP Censo Escolar 2025 + Catálogo de Escolas InepData]]></description><Point><coordinates>-56.1559494,-21.2271447,0</coordinates></Point></Placemark><Placemark><name>ESCOLA MUNICIPAL INDIGENA PROFESSOR EUGENIO DE SOUZA</name><description><![CDATA[Código INEP: 50024264<br>Município: Nioaque<br>Fonte: INEP Censo Escolar 2025 + Catálogo de Escolas InepData]]></description><Point><coordinates>-55.7212946,-21.1503463,0</coordinates></Point></Placemark><Placemark><name>CEI - RITA LOPES DE ANDREA</name><description><![CDATA[Código INEP: 50025619<br>Município: Nioaque<br>Fonte: INEP Censo Escolar 2025 + Catálogo de Escolas InepData]]></description><Point><coordinates>-55.8469872,-21.1609411,0</coordinates></Point></Placemark><Placemark><name>ESCOLA MUNICIPAL 03 DE DEZEMBRO</name><description><![CDATA[Código INEP: 50026828<br>Município: Nioaque<br>Fonte: INEP Censo Escolar 2025 + Catálogo de Escolas InepData]]></description><Point><coordinates>-55.5534326,-21.0246744,0</coordinates></Point></Placemark><Placemark><name>ESCOLA MUNICIPAL NOE NOGUEIRA</name><description><![CDATA[Código INEP: 50026836<br>Município: Nioaque<br>Fonte: INEP Censo Escolar 2025 + Catálogo de Escolas InepData]]></description><Point><coordinates>-55.8016997,-20.8238176,0</coordinates></Point></Placemark><Placemark><name>EE INDIGENA DE EM ANGELINA VICENTE</name><description><![CDATA[Código INEP: 50030418<br>Município: Nioaque<br>Fonte: INEP Censo Escolar 2025 + Catálogo de Escolas InepData]]></description><Point><coordinates>-55.7219551,-21.1495916,0</coordinates></Point></Placemark><Placemark><name>EE UIRAPURU</name><description><![CDATA[Código INEP: 50032569<br>Município: Nioaque<br>Fonte: INEP Censo Escolar 2025 + Catálogo de Escolas InepData]]></description><Point><coordinates>-55.55350259,-21.02466361,0</coordinates></Point></Placemark><Placemark><name>ESCOLA MUNICIPAL INDIGENA GABRIEL LAUREANO POLO</name><description><![CDATA[Código INEP: 50034235<br>Município: Nioaque<br>Fonte: INEP Censo Escolar 2025 + Catálogo de Escolas InepData]]></description><Point><coordinates>-55.7681374,-21.1525843,0</coordinates></Point></Placemark><Placemark><name>ESCOLA INFANTIL CANTINHO DO SABER LTDA</name><description><![CDATA[Código INEP: 50034596<br>Município: Nioaque<br>Fonte: INEP Censo Escolar 2025 + Catálogo de Escolas InepData]]></description><Point><coordinates>-55.8310822,-21.16134188,0</coordinates></Point></Placemark><Placemark><name>EE ANTONIO COELHO</name><description><![CDATA[Código INEP: 50018230<br>Município: Nova Alvorada do Sul<br>Fonte: INEP Censo Escolar 2025 + Catálogo de Escolas InepData]]></description><Point><coordinates>-54.3804903,-21.4666849,0</coordinates></Point></Placemark><Placemark><name>ESCOLA MUNICIPAL ADENISALDO ARAUJO DE REZENDE</name><description><![CDATA[Código INEP: 50018248<br>Município: Nova Alvorada do Sul<br>Fonte: INEP Censo Escolar 2025 + Catálogo de Escolas InepData]]></description><Point><coordinates>-54.371455,-21.4513417,0</coordinates></Point></Placemark><Placemark><name>ESCOLA MUNICIPAL LEONOR DE SOUZA ARAUJO</name><description><![CDATA[Código INEP: 50018256<br>Município: Nova Alvorada do Sul<br>Fonte: INEP Censo Escolar 2025 + Catálogo de Escolas InepData]]></description><Point><coordinates>-54.3772887,-21.4527704,0</coordinates></Point></Placemark><Placemark><name>ESCOLA MUNICIPAL MARTINHO BARBOSA MARTINS</name><description><![CDATA[Código INEP: 50018264<br>Município: Nova Alvorada do Sul<br>Fonte: INEP Censo Escolar 2025 + Catálogo de Escolas InepData]]></description><Point><coordinates>-54.1621561,-21.5413962,0</coordinates></Point></Placemark><Placemark><name>ESCOLA MUNICIPAL ROSALVO DA ROCHA RODRIGUES - POLO</name><description><![CDATA[Código INEP: 50024531<br>Município: Nova Alvorada do Sul<br>Fonte: INEP Censo Escolar 2025 + Catálogo de Escolas InepData]]></description><Point><coordinates>-53.8609001,-21.6110174,0</coordinates></Point></Placemark><Placemark><name>CENTRO MUNICIPAL DE EDUCACAO INFANTIL EDJANE JOSEFA DOS SANTOS - POLO</name><description><![CDATA[Código INEP: 50025627<br>Município: Nova Alvorada do Sul<br>Fonte: INEP Censo Escolar 2025 + Catálogo de Escolas InepData]]></description><Point><coordinates>-54.3790889,-21.4578894,0</coordinates></Point></Placemark><Placemark><name>EE DELFINA NOGUEIRA DE SOUZA</name><description><![CDATA[Código INEP: 50027646<br>Município: Nova Alvorada do Sul<br>Fonte: INEP Censo Escolar 2025 + Catálogo de Escolas InepData]]></description><Point><coordinates>-54.3776613,-21.4589774,0</coordinates></Point></Placemark><Placemark><name>ESCOLA MUNICIPAL PROFESSOR JOSE HENRIQUE DIMICIANO PORTO</name><description><![CDATA[Código INEP: 50031414<br>Município: Nova Alvorada do Sul<br>Fonte: INEP Censo Escolar 2025 + Catálogo de Escolas InepData]]></description><Point><coordinates>-54.5631013,-21.3899619,0</coordinates></Point></Placemark><Placemark><name>CENTRO MUNICIPAL DE EDUCACAO INFANTIL IZAURA FLAVIO MARQUES - POLO</name><description><![CDATA[Código INEP: 50031791<br>Município: Nova Alvorada do Sul<br>Fonte: INEP Censo Escolar 2025 + Catálogo de Escolas InepData]]></description><Point><coordinates>-54.3743794,-21.4687128,0</coordinates></Point></Placemark><Placemark><name>ESCOLA MUNICIPAL JEANET ALVES ZIELASKO GARCIA - POLO</name><description><![CDATA[Código INEP: 50032844<br>Município: Nova Alvorada do Sul<br>Fonte: INEP Censo Escolar 2025 + Catálogo de Escolas InepData]]></description><Point><coordinates>-54.3758177,-21.4683016,0</coordinates></Point></Placemark><Placemark><name>ESCOLA DE EDUCACAO ALVORADA</name><description><![CDATA[Código INEP: 50033174<br>Município: Nova Alvorada do Sul<br>Fonte: INEP Censo Escolar 2025 + Catálogo de Escolas InepData]]></description><Point><coordinates>-54.3789767,-21.4618085,0</coordinates></Point></Placemark><Placemark><name>ESCOLA MUNICIPAL PROFESSORA LEIA DE SOUZA SILVA</name><description><![CDATA[Código INEP: 50034987<br>Município: Nova Alvorada do Sul<br>Fonte: INEP Censo Escolar 2025 + Catálogo de Escolas InepData]]></description><Point><coordinates>-54.33578333,-21.44796833,0</coordinates></Point></Placemark><Placemark><name>CENTRO DE EDUCACAO ESPECIAL VANDEIR JOSE GONCALVES - VANDINHO</name><description><![CDATA[Código INEP: 50035029<br>Município: Nova Alvorada do Sul<br>Fonte: INEP Censo Escolar 2025 + Catálogo de Escolas InepData]]></description><Point><coordinates>-54.37231821,-21.45547259,0</coordinates></Point></Placemark><Placemark><name>ESCOLA MUNICIPAL IRES BRUNETTO - POLO</name><description><![CDATA[Código INEP: 50072897<br>Município: Nova Alvorada do Sul<br>Fonte: INEP Censo Escolar 2025 + Catálogo de Escolas InepData]]></description><Point><coordinates>-54.3750268,-21.4682716,0</coordinates></Point></Placemark><Placemark><name>APAE DE NOVA ALVORADA DO SUL</name><description><![CDATA[Código INEP: 50072935<br>Município: Nova Alvorada do Sul<br>Fonte: INEP Censo Escolar 2025 + Catálogo de Escolas InepData]]></description><Point><coordinates>-54.3724141,-21.4555091,0</coordinates></Point></Placemark><Placemark><name>ESCOLA ADVENTISTA DE NOVA ANDRADINA</name><description><![CDATA[Código INEP: 50013351<br>Município: Nova Andradina<br>Fonte: INEP Censo Escolar 2025 + Catálogo de Escolas InepData]]></description><Point><coordinates>-53.34671238,-22.25028365,0</coordinates></Point></Placemark><Placemark><name>EE IRMAN RIBEIRO DE ALMEIDA SILVA</name><description><![CDATA[Código INEP: 50013378<br>Município: Nova Andradina<br>Fonte: INEP Censo Escolar 2025 + Catálogo de Escolas InepData]]></description><Point><coordinates>-53.3380787,-22.243611,0</coordinates></Point></Placemark><Placemark><name>EE PADRE ANCHIETA</name><description><![CDATA[Código INEP: 50013386<br>Município: Nova Andradina<br>Fonte: INEP Censo Escolar 2025 + Catálogo de Escolas InepData]]></description><Point><coordinates>-53.3439164,-22.2569304,0</coordinates></Point></Placemark><Placemark><name>EE PROFª FATIMA GAIOTTO SAMPAIO</name><description><![CDATA[Código INEP: 50013394<br>Município: Nova Andradina<br>Fonte: INEP Censo Escolar 2025 + Catálogo de Escolas InepData]]></description><Point><coordinates>-53.34444502,-22.2408595,0</coordinates></Point></Placemark><Placemark><name>EE MAL RONDON</name><description><![CDATA[Código INEP: 50013408<br>Município: Nova Andradina<br>Fonte: INEP Censo Escolar 2025 + Catálogo de Escolas InepData]]></description><Point><coordinates>-53.3504214,-22.2602921,0</coordinates></Point></Placemark><Placemark><name>EE AUSTRILIO CAPILE CASTRO</name><description><![CDATA[Código INEP: 50013416<br>Município: Nova Andradina<br>Fonte: INEP Censo Escolar 2025 + Catálogo de Escolas InepData]]></description><Point><coordinates>-53.34295322,-22.24967635,0</coordinates></Point></Placemark><Placemark><name>EE LUIZ SOARES ANDRADE</name><description><![CDATA[Código INEP: 50013424<br>Município: Nova Andradina<br>Fonte: INEP Censo Escolar 2025 + Catálogo de Escolas InepData]]></description><Point><coordinates>-53.3558767,-22.249635,0</coordinates></Point></Placemark><Placemark><name>EE PROFª NAIR PALACIO DE SOUZA</name><description><![CDATA[Código INEP: 50013432<br>Município: Nova Andradina<br>Fonte: INEP Censo Escolar 2025 + Catálogo de Escolas InepData]]></description><Point><coordinates>-53.342669,-22.2376138,0</coordinates></Point></Placemark><Placemark><name>EM MUNDO DA CRIANCA</name><description><![CDATA[Código INEP: 50013440<br>Município: Nova Andradina<br>Fonte: INEP Censo Escolar 2025 + Catálogo de Escolas InepData]]></description><Point><coordinates>-53.3413553,-22.2536914,0</coordinates></Point></Placemark><Placemark><name>EM PINGO DE GENTE - POLO</name><description><![CDATA[Código INEP: 50013459<br>Município: Nova Andradina<br>Fonte: INEP Censo Escolar 2025 + Catálogo de Escolas InepData]]></description><Point><coordinates>-53.3583646,-22.2516441,0</coordinates></Point></Placemark><Placemark><name>EM PROF JOAO DE LIMA PAES</name><description><![CDATA[Código INEP: 50013467<br>Município: Nova Andradina<br>Fonte: INEP Censo Escolar 2025 + Catálogo de Escolas InepData]]></description><Point><coordinates>-53.3448241,-22.2517789,0</coordinates></Point></Placemark><Placemark><name>COLEGIO OBJETIVO ANAEC - NOVA ANDRADINA</name><description><![CDATA[Código INEP: 50013475<br>Município: Nova Andradina<br>Fonte: INEP Censo Escolar 2025 + Catálogo de Escolas InepData]]></description><Point><coordinates>-53.33714576,-22.24137711,0</coordinates></Point></Placemark><Placemark><name>EM MACHADO DE ASSIS - POLO</name><description><![CDATA[Código INEP: 50013491<br>Município: Nova Andradina<br>Fonte: INEP Censo Escolar 2025 + Catálogo de Escolas InepData]]></description><Point><coordinates>-53.3386433,-22.2227293,0</coordinates></Point></Placemark><Placemark><name>ESCOLA DE EDUCACAO ESPECIAL RAIO DE SOL</name><description><![CDATA[Código INEP: 50013513<br>Município: Nova Andradina<br>Fonte: INEP Censo Escolar 2025 + Catálogo de Escolas InepData]]></description><Point><coordinates>-53.3487713,-22.2437252,0</coordinates></Point></Placemark><Placemark><name>EM ARCO-IRIS - POLO</name><description><![CDATA[Código INEP: 50022580<br>Município: Nova Andradina<br>Fonte: INEP Censo Escolar 2025 + Catálogo de Escolas InepData]]></description><Point><coordinates>-53.3433108,-22.2373929,0</coordinates></Point></Placemark><Placemark><name>ESCOLA PE JOAO UMBERTO SACHET</name><description><![CDATA[Código INEP: 50022598<br>Município: Nova Andradina<br>Fonte: INEP Censo Escolar 2025 + Catálogo de Escolas InepData]]></description><Point><coordinates>-53.3424555,-22.2528877,0</coordinates></Point></Placemark><Placemark><name>EM BRINCANDO DE APRENDER - POLO</name><description><![CDATA[Código INEP: 50023632<br>Município: Nova Andradina<br>Fonte: INEP Censo Escolar 2025 + Catálogo de Escolas InepData]]></description><Point><coordinates>-53.36167329,-22.25483776,0</coordinates></Point></Placemark><Placemark><name>CEINF SONHO DE CRIANCA</name><description><![CDATA[Código INEP: 50026291<br>Município: Nova Andradina<br>Fonte: INEP Censo Escolar 2025 + Catálogo de Escolas InepData]]></description><Point><coordinates>-53.34838833,-22.25513833,0</coordinates></Point></Placemark><Placemark><name>CEI - PAULO SILVEIRA FATTOR</name><description><![CDATA[Código INEP: 50027611<br>Município: Nova Andradina<br>Fonte: INEP Censo Escolar 2025 + Catálogo de Escolas InepData]]></description><Point><coordinates>-53.34331666,-22.23691952,0</coordinates></Point></Placemark><Placemark><name>CENTRO DE EDUCACAO INFANTIL- SHALOM</name><description><![CDATA[Código INEP: 50028081<br>Município: Nova Andradina<br>Fonte: INEP Censo Escolar 2025 + Catálogo de Escolas InepData]]></description><Point><coordinates>-53.3390932,-22.2567318,0</coordinates></Point></Placemark><Placemark><name>CENTRO DE RECREACAO E ENSINO INFANTIL LUCIANE FERNANDES ABELHA</name><description><![CDATA[Código INEP: 50029207<br>Município: Nova Andradina<br>Fonte: INEP Censo Escolar 2025 + Catálogo de Escolas InepData]]></description><Point><coordinates>-53.36112861,-22.25477134,0</coordinates></Point></Placemark><Placemark><name>EM PROFª EFANTINA DE QUADROS</name><description><![CDATA[Código INEP: 50029576<br>Município: Nova Andradina<br>Fonte: INEP Censo Escolar 2025 + Catálogo de Escolas InepData]]></description><Point><coordinates>-53.35985883,-22.25569368,0</coordinates></Point></Placemark><Placemark><name>CEINF ODILA CARRARA</name><description><![CDATA[Código INEP: 50030736<br>Município: Nova Andradina<br>Fonte: INEP Censo Escolar 2025 + Catálogo de Escolas InepData]]></description><Point><coordinates>-53.34459667,-22.24566,0</coordinates></Point></Placemark><Placemark><name>EM ANTONIO JOAQUIM DE MOURA ANDRADE</name><description><![CDATA[Código INEP: 50031430<br>Município: Nova Andradina<br>Fonte: INEP Censo Escolar 2025 + Catálogo de Escolas InepData]]></description><Point><coordinates>-53.35245646,-22.24509132,0</coordinates></Point></Placemark><Placemark><name>AGENCIA SENAI NOVA ANDRADINA</name><description><![CDATA[Código INEP: 50031546<br>Município: Nova Andradina<br>Fonte: INEP Censo Escolar 2025 + Catálogo de Escolas InepData]]></description><Point><coordinates>-53.3494689,-22.2583149,0</coordinates></Point></Placemark><Placemark><name>CEINF - RITA RIBEIRO HASHINOKUTI</name><description><![CDATA[Código INEP: 50031856<br>Município: Nova Andradina<br>Fonte: INEP Censo Escolar 2025 + Catálogo de Escolas InepData]]></description><Point><coordinates>-53.34530608,-22.26027278,0</coordinates></Point></Placemark><Placemark><name>CENTRO DE ATENDIMENTO EDUCACIONAL ESPECIALIZADO - CAEE - NOVA ANDRADINA</name><description><![CDATA[Código INEP: 50032437<br>Município: Nova Andradina<br>Fonte: INEP Censo Escolar 2025 + Catálogo de Escolas InepData]]></description><Point><coordinates>-53.3488141,-22.2437354,0</coordinates></Point></Placemark><Placemark><name>CEINF - PROFª MARLY MORETTI HERNANDES</name><description><![CDATA[Código INEP: 50034200<br>Município: Nova Andradina<br>Fonte: INEP Censo Escolar 2025 + Catálogo de Escolas InepData]]></description><Point><coordinates>-53.358353,-22.2482072,0</coordinates></Point></Placemark><Placemark><name>CEINF BRAZ DE ASSIS NOGUEIRA</name><description><![CDATA[Código INEP: 50035177<br>Município: Nova Andradina<br>Fonte: INEP Censo Escolar 2025 + Catálogo de Escolas InepData]]></description><Point><coordinates>-53.33623167,-22.21683333,0</coordinates></Point></Placemark><Placemark><name>ESCOLA IPED MS - NOVA</name><description><![CDATA[Código INEP: 50035339<br>Município: Nova Andradina<br>Fonte: INEP Censo Escolar 2025 + Catálogo de Escolas InepData]]></description><Point><coordinates>-53.338295,-22.25481833,0</coordinates></Point></Placemark><Placemark><name>CEINF - ELIZABETH DE ROBIANO</name><description><![CDATA[Código INEP: 50053809<br>Município: Nova Andradina<br>Fonte: INEP Censo Escolar 2025 + Catálogo de Escolas InepData]]></description><Point><coordinates>-53.34525774,-22.25100052,0</coordinates></Point></Placemark><Placemark><name>CEINF PROF LUIZ CARLOS SAMPAIO</name><description><![CDATA[Código INEP: 50059971<br>Município: Nova Andradina<br>Fonte: INEP Censo Escolar 2025 + Catálogo de Escolas InepData]]></description><Point><coordinates>-53.3629755,-22.253477,0</coordinates></Point></Placemark><Placemark><name>CEINF - PEQUENO PRINCIPE</name><description><![CDATA[Código INEP: 50062808<br>Município: Nova Andradina<br>Fonte: INEP Censo Escolar 2025 + Catálogo de Escolas InepData]]></description><Point><coordinates>-53.3504842,-22.24415078,0</coordinates></Point></Placemark><Placemark><name>IFMS - CAMPUS NOVA ANDRADINA</name><description><![CDATA[Código INEP: 50072900<br>Município: Nova Andradina<br>Fonte: INEP Censo Escolar 2025 + Catálogo de Escolas InepData]]></description><Point><coordinates>-53.45499152,-22.0799895,0</coordinates></Point></Placemark><Placemark><name>EM PROF DELMIRO SALVIONE BONIN</name><description><![CDATA[Código INEP: 50023624<br>Município: Nova Andradina<br>Fonte: INEP Censo Escolar 2025 + Catálogo de Escolas InepData]]></description><Point><coordinates>-53.35576667,-21.87212833,0</coordinates></Point></Placemark><Placemark><name>EM LUIS CLAUDIO JOSUE</name><description><![CDATA[Código INEP: 50027620<br>Município: Nova Andradina<br>Fonte: INEP Censo Escolar 2025 + Catálogo de Escolas InepData]]></description><Point><coordinates>-53.26828739,-21.75557761,0</coordinates></Point></Placemark><Placemark><name>CEINF - MONTEIRO LOBATO</name><description><![CDATA[Código INEP: 50031449<br>Município: Nova Andradina<br>Fonte: INEP Censo Escolar 2025 + Catálogo de Escolas InepData]]></description><Point><coordinates>-53.27105333,-21.760785,0</coordinates></Point></Placemark><Placemark><name>EE PROF LUIZ CARLOS SAMPAIO</name><description><![CDATA[Código INEP: 50082884<br>Município: Nova Andradina<br>Fonte: INEP Censo Escolar 2025 + Catálogo de Escolas InepData]]></description><Point><coordinates>-53.2654758,-21.7577389,0</coordinates></Point></Placemark><Placemark><name>ESCOLA MUNICIPAL PROFESSOR EDUARDO PEREIRA CALADO</name><description><![CDATA[Código INEP: 50021494<br>Município: Novo Horizonte do Sul<br>Fonte: INEP Censo Escolar 2025 + Catálogo de Escolas InepData]]></description><Point><coordinates>-53.85794124,-22.65683996,0</coordinates></Point></Placemark><Placemark><name>EE DORCELINA DE OLIVEIRA FOLADOR</name><description><![CDATA[Código INEP: 50026852<br>Município: Novo Horizonte do Sul<br>Fonte: INEP Censo Escolar 2025 + Catálogo de Escolas InepData]]></description><Point><coordinates>-53.8635996,-22.6532991,0</coordinates></Point></Placemark><Placemark><name>E DE ED ESPECIAL RENASCER</name><description><![CDATA[Código INEP: 50027026<br>Município: Novo Horizonte do Sul<br>Fonte: INEP Censo Escolar 2025 + Catálogo de Escolas InepData]]></description><Point><coordinates>-53.861518,-22.6518768,0</coordinates></Point></Placemark><Placemark><name>CEI - LUAN KAIBER MIRANDA</name><description><![CDATA[Código INEP: 50030833<br>Município: Novo Horizonte do Sul<br>Fonte: INEP Censo Escolar 2025 + Catálogo de Escolas InepData]]></description><Point><coordinates>-53.8626514,-22.6544364,0</coordinates></Point></Placemark><Placemark><name>CAEE - NOVO HORIZONTE DO SUL</name><description><![CDATA[Código INEP: 50032461<br>Município: Novo Horizonte do Sul<br>Fonte: INEP Censo Escolar 2025 + Catálogo de Escolas InepData]]></description><Point><coordinates>-53.8614454,-22.6518868,0</coordinates></Point></Placemark><Placemark><name>EE VER KENDI NAKAI</name><description><![CDATA[Código INEP: 50010972<br>Município: Paraíso das Águas<br>Fonte: INEP Censo Escolar 2025 + Catálogo de Escolas InepData]]></description><Point><coordinates>-53.0105179,-19.0264965,0</coordinates></Point></Placemark><Placemark><name>ESCOLA MUNICIPAL PROFA PROFESSORA LIZETE RIVELLI ALPE - POLO</name><description><![CDATA[Código INEP: 50030663<br>Município: Paraíso das Águas<br>Fonte: INEP Censo Escolar 2025 + Catálogo de Escolas InepData]]></description><Point><coordinates>-53.01350813,-19.01834333,0</coordinates></Point></Placemark><Placemark><name>ESCOLA MUNICIPAL AVO NEGUINHA - POLO</name><description><![CDATA[Código INEP: 50034502<br>Município: Paraíso das Águas<br>Fonte: INEP Censo Escolar 2025 + Catálogo de Escolas InepData]]></description><Point><coordinates>-52.70388004,-19.31749735,0</coordinates></Point></Placemark><Placemark><name>ESCOLA MUNICIPAL KOU TAKAHASHI</name><description><![CDATA[Código INEP: 50035410<br>Município: Paraíso das Águas<br>Fonte: INEP Censo Escolar 2025 + Catálogo de Escolas InepData]]></description><Point><coordinates>-53.16064934,-19.24294385,0</coordinates></Point></Placemark><Placemark><name>ESCOLA CAMINHO LTDA EPP</name><description><![CDATA[Código INEP: 50011316<br>Município: Paranaíba<br>Fonte: INEP Censo Escolar 2025 + Catálogo de Escolas InepData]]></description><Point><coordinates>-51.1858292,-19.6779603,0</coordinates></Point></Placemark><Placemark><name>CENTRO EDUCACIONAL PARANAIBENSE CEP</name><description><![CDATA[Código INEP: 50011324<br>Município: Paranaíba<br>Fonte: INEP Censo Escolar 2025 + Catálogo de Escolas InepData]]></description><Point><coordinates>-51.2083077,-19.6846997,0</coordinates></Point></Placemark><Placemark><name>EE ARACILDA CICERO CORREA DA COSTA</name><description><![CDATA[Código INEP: 50011383<br>Município: Paranaíba<br>Fonte: INEP Censo Escolar 2025 + Catálogo de Escolas InepData]]></description><Point><coordinates>-51.19605275,-19.68112753,0</coordinates></Point></Placemark><Placemark><name>EE DR ERMIRIO LEAL GARCIA</name><description><![CDATA[Código INEP: 50011391<br>Município: Paranaíba<br>Fonte: INEP Censo Escolar 2025 + Catálogo de Escolas InepData]]></description><Point><coordinates>-51.1786112,-19.6713429,0</coordinates></Point></Placemark><Placemark><name>EE JOSE GARCIA LEAL</name><description><![CDATA[Código INEP: 50011405<br>Município: Paranaíba<br>Fonte: INEP Censo Escolar 2025 + Catálogo de Escolas InepData]]></description><Point><coordinates>-51.1904913,-19.6765346,0</coordinates></Point></Placemark><Placemark><name>EE MANOEL GARCIA LEAL</name><description><![CDATA[Código INEP: 50011413<br>Município: Paranaíba<br>Fonte: INEP Censo Escolar 2025 + Catálogo de Escolas InepData]]></description><Point><coordinates>-51.1771697,-19.6869493,0</coordinates></Point></Placemark><Placemark><name>EE WLADISLAU GARCIA GOMES</name><description><![CDATA[Código INEP: 50011421<br>Município: Paranaíba<br>Fonte: INEP Censo Escolar 2025 + Catálogo de Escolas InepData]]></description><Point><coordinates>-51.1947966,-19.668685,0</coordinates></Point></Placemark><Placemark><name>EM MAJOR FRANCISCO FAUSTINO DIAS</name><description><![CDATA[Código INEP: 50011448<br>Município: Paranaíba<br>Fonte: INEP Censo Escolar 2025 + Catálogo de Escolas InepData]]></description><Point><coordinates>-51.186136,-19.6836089,0</coordinates></Point></Placemark><Placemark><name>ESCOLA MUNICIPAL PROFESSORA MARIA LUIZA CORREA MACHADO</name><description><![CDATA[Código INEP: 50011456<br>Município: Paranaíba<br>Fonte: INEP Censo Escolar 2025 + Catálogo de Escolas InepData]]></description><Point><coordinates>-51.189314,-19.6694602,0</coordinates></Point></Placemark><Placemark><name>EM PROFª LIDUVINA MOTTA CAMARGO</name><description><![CDATA[Código INEP: 50011464<br>Município: Paranaíba<br>Fonte: INEP Censo Escolar 2025 + Catálogo de Escolas InepData]]></description><Point><coordinates>-51.1734222,-19.6874443,0</coordinates></Point></Placemark><Placemark><name>ESCOLA PARTICULAR EDUCANDARIO SANTA CLARA</name><description><![CDATA[Código INEP: 50011537<br>Município: Paranaíba<br>Fonte: INEP Censo Escolar 2025 + Catálogo de Escolas InepData]]></description><Point><coordinates>-51.19275852,-19.67285275,0</coordinates></Point></Placemark><Placemark><name>CEINF DONA MARLENE MARIA DE SENE SOUZA - POLO</name><description><![CDATA[Código INEP: 50022709<br>Município: Paranaíba<br>Fonte: INEP Censo Escolar 2025 + Catálogo de Escolas InepData]]></description><Point><coordinates>-51.1711488,-19.6861466,0</coordinates></Point></Placemark><Placemark><name>EM PROF IGNACIO JOSE DA SILVA</name><description><![CDATA[Código INEP: 50025678<br>Município: Paranaíba<br>Fonte: INEP Censo Escolar 2025 + Catálogo de Escolas InepData]]></description><Point><coordinates>-51.1879636,-19.6831343,0</coordinates></Point></Placemark><Placemark><name>CEI - LOURDES MORAIS PAIVA</name><description><![CDATA[Código INEP: 50029215<br>Município: Paranaíba<br>Fonte: INEP Censo Escolar 2025 + Catálogo de Escolas InepData]]></description><Point><coordinates>-51.1830452,-19.6775344,0</coordinates></Point></Placemark><Placemark><name>CEI - LAR TERESA SPINELLI</name><description><![CDATA[Código INEP: 50030728<br>Município: Paranaíba<br>Fonte: INEP Censo Escolar 2025 + Catálogo de Escolas InepData]]></description><Point><coordinates>-51.18987221,-19.66934065,0</coordinates></Point></Placemark><Placemark><name>CEINF ANTONIA MAINARDI OVIDIO</name><description><![CDATA[Código INEP: 50030949<br>Município: Paranaíba<br>Fonte: INEP Censo Escolar 2025 + Catálogo de Escolas InepData]]></description><Point><coordinates>-51.1888054,-19.6837218,0</coordinates></Point></Placemark><Placemark><name>CEINF CAIO SILVA BEVILAQUA - POLO</name><description><![CDATA[Código INEP: 50032119<br>Município: Paranaíba<br>Fonte: INEP Censo Escolar 2025 + Catálogo de Escolas InepData]]></description><Point><coordinates>-51.2027746,-19.667098,0</coordinates></Point></Placemark><Placemark><name>CAEE - UNIDADE EDUCACIONAL APAEANA PARA APRENDIZAGENS E DESENVOLVIMENTO</name><description><![CDATA[Código INEP: 50032429<br>Município: Paranaíba<br>Fonte: INEP Censo Escolar 2025 + Catálogo de Escolas InepData]]></description><Point><coordinates>-51.2083078,-19.6846996,0</coordinates></Point></Placemark><Placemark><name>CEINF PROFª GERTRUDES ALVES BARDELIN</name><description><![CDATA[Código INEP: 50033158<br>Município: Paranaíba<br>Fonte: INEP Censo Escolar 2025 + Catálogo de Escolas InepData]]></description><Point><coordinates>-51.1743857,-19.6730156,0</coordinates></Point></Placemark><Placemark><name>CEINF IRMA DULCE</name><description><![CDATA[Código INEP: 50033999<br>Município: Paranaíba<br>Fonte: INEP Censo Escolar 2025 + Catálogo de Escolas InepData]]></description><Point><coordinates>-51.1720326,-19.6994791,0</coordinates></Point></Placemark><Placemark><name>CENTRO DE EDUCACAO INFANTIL LAR TERESA SPINELLI</name><description><![CDATA[Código INEP: 50034510<br>Município: Paranaíba<br>Fonte: INEP Censo Escolar 2025 + Catálogo de Escolas InepData]]></description><Point><coordinates>-51.18983031,-19.66929533,0</coordinates></Point></Placemark><Placemark><name>EM PROFª CLOTILDE BOLMICAR DE FREITAS</name><description><![CDATA[Código INEP: 50035215<br>Município: Paranaíba<br>Fonte: INEP Censo Escolar 2025 + Catálogo de Escolas InepData]]></description><Point><coordinates>-51.17489251,-19.67752482,0</coordinates></Point></Placemark><Placemark><name>ESCOLA MUNICIPAL JOAO CHAVES DOS SANTOS - POLO</name><description><![CDATA[Código INEP: 50011499<br>Município: Paranaíba<br>Fonte: INEP Censo Escolar 2025 + Catálogo de Escolas InepData]]></description><Point><coordinates>-51.3718841,-19.4282139,0</coordinates></Point></Placemark><Placemark><name>EM CAPITAO ALTINO LOPES</name><description><![CDATA[Código INEP: 50022717<br>Município: Paranaíba<br>Fonte: INEP Censo Escolar 2025 + Catálogo de Escolas InepData]]></description><Point><coordinates>-51.408958,-19.1890708,0</coordinates></Point></Placemark><Placemark><name>EM DONA MARIA PAULA DE OLIVEIRA - POLO</name><description><![CDATA[Código INEP: 50011600<br>Município: Paranaíba<br>Fonte: INEP Censo Escolar 2025 + Catálogo de Escolas InepData]]></description><Point><coordinates>-51.6916415,-19.3272682,0</coordinates></Point></Placemark><Placemark><name>EE SANTIAGO BENITES</name><description><![CDATA[Código INEP: 50021540<br>Município: Paranhos<br>Fonte: INEP Censo Escolar 2025 + Catálogo de Escolas InepData]]></description><Point><coordinates>-55.43059333,-23.89746333,0</coordinates></Point></Placemark><Placemark><name>ESCOLA MUNICIPAL DR MITSURO SAITO</name><description><![CDATA[Código INEP: 50021559<br>Município: Paranhos<br>Fonte: INEP Censo Escolar 2025 + Catálogo de Escolas InepData]]></description><Point><coordinates>-55.4269076,-23.8805449,0</coordinates></Point></Placemark><Placemark><name>ESCOLA MUNICIPAL INDIGENA PROF ADRIANO PIRES</name><description><![CDATA[Código INEP: 50021591<br>Município: Paranhos<br>Fonte: INEP Censo Escolar 2025 + Catálogo de Escolas InepData]]></description><Point><coordinates>-55.2886984,-23.960603,0</coordinates></Point></Placemark><Placemark><name>CENTRO DE EDUCACAO INFANTIL MAMAE ANTONIA</name><description><![CDATA[Código INEP: 50022628<br>Município: Paranhos<br>Fonte: INEP Censo Escolar 2025 + Catálogo de Escolas InepData]]></description><Point><coordinates>-55.4276858,-23.8947906,0</coordinates></Point></Placemark><Placemark><name>CENTRO DE EDUCACAO INFANTIL CRIANCA FELIZ</name><description><![CDATA[Código INEP: 50028600<br>Município: Paranhos<br>Fonte: INEP Censo Escolar 2025 + Catálogo de Escolas InepData]]></description><Point><coordinates>-55.4256053,-23.8805333,0</coordinates></Point></Placemark><Placemark><name>ESCOLA MUNICIPAL VEREADOR IVO ILMO WACHSMANN</name><description><![CDATA[Código INEP: 50030574<br>Município: Paranhos<br>Fonte: INEP Censo Escolar 2025 + Catálogo de Escolas InepData]]></description><Point><coordinates>-55.4274377,-23.8943859,0</coordinates></Point></Placemark><Placemark><name>CENTRO DE EDUCACAO INFANTIL MONTEIRO LOBATO</name><description><![CDATA[Código INEP: 50031210<br>Município: Paranhos<br>Fonte: INEP Censo Escolar 2025 + Catálogo de Escolas InepData]]></description><Point><coordinates>-55.4250488,-23.8810961,0</coordinates></Point></Placemark><Placemark><name>ESCOLA DE EDUCACAO ESPECIAL DIFERENCAS QUE NOS UNEM</name><description><![CDATA[Código INEP: 50031562<br>Município: Paranhos<br>Fonte: INEP Censo Escolar 2025 + Catálogo de Escolas InepData]]></description><Point><coordinates>-55.4273041,-23.8934932,0</coordinates></Point></Placemark><Placemark><name>CAEE - SOMOS TODOS IGUAIS NA DIFERENCA</name><description><![CDATA[Código INEP: 50032372<br>Município: Paranhos<br>Fonte: INEP Censo Escolar 2025 + Catálogo de Escolas InepData]]></description><Point><coordinates>-55.4278391,-23.8938361,0</coordinates></Point></Placemark><Placemark><name>ESCOLA MUNICIPAL INDIGENA CHICO VALIENTE</name><description><![CDATA[Código INEP: 50034707<br>Município: Paranhos<br>Fonte: INEP Censo Escolar 2025 + Catálogo de Escolas InepData]]></description><Point><coordinates>-55.47392193,-23.56222614,0</coordinates></Point></Placemark><Placemark><name>ESCOLA MUNICIPAL INDIGENA ELIODORO GONCALVES</name><description><![CDATA[Código INEP: 50034715<br>Município: Paranhos<br>Fonte: INEP Censo Escolar 2025 + Catálogo de Escolas InepData]]></description><Point><coordinates>-55.24555195,-23.67947447,0</coordinates></Point></Placemark><Placemark><name>ESCOLA MUNICIPAL INDIGENA GIL PIRES</name><description><![CDATA[Código INEP: 50034723<br>Município: Paranhos<br>Fonte: INEP Censo Escolar 2025 + Catálogo de Escolas InepData]]></description><Point><coordinates>-55.39830971,-23.93600228,0</coordinates></Point></Placemark><Placemark><name>CEI - ESTUDANTE ELVIRA TEODORO JESUS DE FARIAS - POLO</name><description><![CDATA[Código INEP: 50003844<br>Município: Pedro Gomes<br>Fonte: INEP Censo Escolar 2025 + Catálogo de Escolas InepData]]></description><Point><coordinates>-54.5531617,-18.0996381,0</coordinates></Point></Placemark><Placemark><name>EE FRANCISCO RIBEIRO SOARES</name><description><![CDATA[Código INEP: 50003852<br>Município: Pedro Gomes<br>Fonte: INEP Censo Escolar 2025 + Catálogo de Escolas InepData]]></description><Point><coordinates>-54.5537268,-18.1003352,0</coordinates></Point></Placemark><Placemark><name>EE PROFª CLEUZA TEODORO</name><description><![CDATA[Código INEP: 50003860<br>Município: Pedro Gomes<br>Fonte: INEP Censo Escolar 2025 + Catálogo de Escolas InepData]]></description><Point><coordinates>-54.5570971,-18.0940286,0</coordinates></Point></Placemark><Placemark><name>EMEIEF ARCHANGELA MOURAO FONTOURA - POLO</name><description><![CDATA[Código INEP: 50003895<br>Município: Pedro Gomes<br>Fonte: INEP Censo Escolar 2025 + Catálogo de Escolas InepData]]></description><Point><coordinates>-54.54879376,-18.09772412,0</coordinates></Point></Placemark><Placemark><name>EM SANTO ANTONIO</name><description><![CDATA[Código INEP: 50003992<br>Município: Pedro Gomes<br>Fonte: INEP Censo Escolar 2025 + Catálogo de Escolas InepData]]></description><Point><coordinates>-54.5459507,-18.1139889,0</coordinates></Point></Placemark><Placemark><name>CENTRO DE EDUCACAO ESPECIAL BEM-ME-QUER</name><description><![CDATA[Código INEP: 50024400<br>Município: Pedro Gomes<br>Fonte: INEP Censo Escolar 2025 + Catálogo de Escolas InepData]]></description><Point><coordinates>-54.553811,-18.1028998,0</coordinates></Point></Placemark><Placemark><name>ESCOLA MUNICIPAL DE ENSINO FUNDAMENTAL PROFESSORA MARIA MATOS DE MORAIS</name><description><![CDATA[Código INEP: 50034111<br>Município: Pedro Gomes<br>Fonte: INEP Censo Escolar 2025 + Catálogo de Escolas InepData]]></description><Point><coordinates>-54.5456906,-18.0884761,0</coordinates></Point></Placemark><Placemark><name>CENTRO DE EDUC ESPECIAL DE PONTA PORA</name><description><![CDATA[Código INEP: 50018310<br>Município: Ponta Porã<br>Fonte: INEP Censo Escolar 2025 + Catálogo de Escolas InepData]]></description><Point><coordinates>-55.7340024,-22.5313229,0</coordinates></Point></Placemark><Placemark><name>ELITE PONTA PORA</name><description><![CDATA[Código INEP: 50018337<br>Município: Ponta Porã<br>Fonte: INEP Censo Escolar 2025 + Catálogo de Escolas InepData]]></description><Point><coordinates>-55.7279831,-22.5365648,0</coordinates></Point></Placemark><Placemark><name>EE ADE MARQUES</name><description><![CDATA[Código INEP: 50018345<br>Município: Ponta Porã<br>Fonte: INEP Censo Escolar 2025 + Catálogo de Escolas InepData]]></description><Point><coordinates>-55.7239183,-22.5340408,0</coordinates></Point></Placemark><Placemark><name>EE DEP FERNANDO C CAPIBERIBE SALDANHA</name><description><![CDATA[Código INEP: 50018353<br>Município: Ponta Porã<br>Fonte: INEP Censo Escolar 2025 + Catálogo de Escolas InepData]]></description><Point><coordinates>-55.733334,-22.5004218,0</coordinates></Point></Placemark><Placemark><name>EE DR MIGUEL MARCONDES ARMANDO</name><description><![CDATA[Código INEP: 50018361<br>Município: Ponta Porã<br>Fonte: INEP Censo Escolar 2025 + Catálogo de Escolas InepData]]></description><Point><coordinates>-55.723486,-22.5252341,0</coordinates></Point></Placemark><Placemark><name>EE NOVA ITAMARATI</name><description><![CDATA[Código INEP: 50018370<br>Município: Ponta Porã<br>Fonte: INEP Censo Escolar 2025 + Catálogo de Escolas InepData]]></description><Point><coordinates>-55.5901582,-22.1961458,0</coordinates></Point></Placemark><Placemark><name>EE JOAO BREMBATTI CALVOSO</name><description><![CDATA[Código INEP: 50018388<br>Município: Ponta Porã<br>Fonte: INEP Censo Escolar 2025 + Catálogo de Escolas InepData]]></description><Point><coordinates>-55.7155363,-22.5535452,0</coordinates></Point></Placemark><Placemark><name>EE PROFª GENI MARQUES MAGALHAES</name><description><![CDATA[Código INEP: 50018418<br>Município: Ponta Porã<br>Fonte: INEP Censo Escolar 2025 + Catálogo de Escolas InepData]]></description><Point><coordinates>-55.6934225,-22.5618929,0</coordinates></Point></Placemark><Placemark><name>ESCOLA MUNICIPAL LIONS CLUBE DE PONTA PORA</name><description><![CDATA[Código INEP: 50018426<br>Município: Ponta Porã<br>Fonte: INEP Censo Escolar 2025 + Catálogo de Escolas InepData]]></description><Point><coordinates>-55.7148317,-22.53327,0</coordinates></Point></Placemark><Placemark><name>EE CORONEL RAMIRO NORONHA</name><description><![CDATA[Código INEP: 50018469<br>Município: Ponta Porã<br>Fonte: INEP Censo Escolar 2025 + Catálogo de Escolas InepData]]></description><Point><coordinates>-55.7163592,-22.5538345,0</coordinates></Point></Placemark><Placemark><name>ESCOLA POLO MUNICIPAL IGNES ANDREAZZA</name><description><![CDATA[Código INEP: 50018477<br>Município: Ponta Porã<br>Fonte: INEP Censo Escolar 2025 + Catálogo de Escolas InepData]]></description><Point><coordinates>-55.7001213,-22.5493603,0</coordinates></Point></Placemark><Placemark><name>ESCOLA POLO MUNICIPAL JARDIM IVONE</name><description><![CDATA[Código INEP: 50018485<br>Município: Ponta Porã<br>Fonte: INEP Censo Escolar 2025 + Catálogo de Escolas InepData]]></description><Point><coordinates>-55.725041,-22.4852224,0</coordinates></Point></Placemark><Placemark><name>ESCOLA MUNICIPAL JOAO CARLOS PINHEIRO MARQUES</name><description><![CDATA[Código INEP: 50018493<br>Município: Ponta Porã<br>Fonte: INEP Censo Escolar 2025 + Catálogo de Escolas InepData]]></description><Point><coordinates>-55.7392253,-22.5189231,0</coordinates></Point></Placemark><Placemark><name>ESCOLA MUNICIPAL LYDIO LIMA</name><description><![CDATA[Código INEP: 50018515<br>Município: Ponta Porã<br>Fonte: INEP Censo Escolar 2025 + Catálogo de Escolas InepData]]></description><Point><coordinates>-55.6892889,-22.5643839,0</coordinates></Point></Placemark><Placemark><name>ESCOLA POLO MUNICIPAL MARCONDES FERNANDES PEREIRA</name><description><![CDATA[Código INEP: 50018531<br>Município: Ponta Porã<br>Fonte: INEP Censo Escolar 2025 + Catálogo de Escolas InepData]]></description><Point><coordinates>-55.7221918,-22.5062005,0</coordinates></Point></Placemark><Placemark><name>ESCOLA MUNICIPAL MARIA LIGIA BORGES GARCIA</name><description><![CDATA[Código INEP: 50018540<br>Município: Ponta Porã<br>Fonte: INEP Censo Escolar 2025 + Catálogo de Escolas InepData]]></description><Point><coordinates>-55.6975084,-22.5628246,0</coordinates></Point></Placemark><Placemark><name>ESCOLA MUNICIPAL PREFEITO ADE MARQUES</name><description><![CDATA[Código INEP: 50018566<br>Município: Ponta Porã<br>Fonte: INEP Censo Escolar 2025 + Catálogo de Escolas InepData]]></description><Point><coordinates>-55.7321694,-22.5192743,0</coordinates></Point></Placemark><Placemark><name>ESCOLA MUNICIPAL PROFESSOR ISAAC BORGES CAPILLE</name><description><![CDATA[Código INEP: 50018574<br>Município: Ponta Porã<br>Fonte: INEP Censo Escolar 2025 + Catálogo de Escolas InepData]]></description><Point><coordinates>-55.7173247,-22.5080121,0</coordinates></Point></Placemark><Placemark><name>ESCOLA MUNICIPAL SAO JOAO</name><description><![CDATA[Código INEP: 50018604<br>Município: Ponta Porã<br>Fonte: INEP Censo Escolar 2025 + Catálogo de Escolas InepData]]></description><Point><coordinates>-55.7076622,-22.512919,0</coordinates></Point></Placemark><Placemark><name>ESCOLA MUNICIPAL COOPORA</name><description><![CDATA[Código INEP: 50018639<br>Município: Ponta Porã<br>Fonte: INEP Censo Escolar 2025 + Catálogo de Escolas InepData]]></description><Point><coordinates>-55.7445895,-22.4915537,0</coordinates></Point></Placemark><Placemark><name>ESCOLA TOPO GIGIO</name><description><![CDATA[Código INEP: 50018655<br>Município: Ponta Porã<br>Fonte: INEP Censo Escolar 2025 + Catálogo de Escolas InepData]]></description><Point><coordinates>-55.7074369,-22.5212647,0</coordinates></Point></Placemark><Placemark><name>ESCOLA MAGSUL</name><description><![CDATA[Código INEP: 50018663<br>Município: Ponta Porã<br>Fonte: INEP Censo Escolar 2025 + Catálogo de Escolas InepData]]></description><Point><coordinates>-55.7253535,-22.532928,0</coordinates></Point></Placemark><Placemark><name>ESCOLA MAPPE - MODERNA ASSOCIACAO PONTAPORANENSE DE ENSINO</name><description><![CDATA[Código INEP: 50018671<br>Município: Ponta Porã<br>Fonte: INEP Censo Escolar 2025 + Catálogo de Escolas InepData]]></description><Point><coordinates>-55.7339501,-22.5272836,0</coordinates></Point></Placemark><Placemark><name>CEPS - CENTRO EDUC PERPETUO SOCORRO</name><description><![CDATA[Código INEP: 50018680<br>Município: Ponta Porã<br>Fonte: INEP Censo Escolar 2025 + Catálogo de Escolas InepData]]></description><Point><coordinates>-55.71324,-22.5531,0</coordinates></Point></Placemark><Placemark><name>EE JOAQUIM MURTINHO</name><description><![CDATA[Código INEP: 50018744<br>Município: Ponta Porã<br>Fonte: INEP Censo Escolar 2025 + Catálogo de Escolas InepData]]></description><Point><coordinates>-55.72419144,-22.5378571,0</coordinates></Point></Placemark><Placemark><name>ESCOLA POLO MUNICIPAL RURAL OSVALDO DE ALMEIDA MATOS</name><description><![CDATA[Código INEP: 50018949<br>Município: Ponta Porã<br>Fonte: INEP Censo Escolar 2025 + Catálogo de Escolas InepData]]></description><Point><coordinates>-55.8744736,-22.0438145,0</coordinates></Point></Placemark><Placemark><name>ESCOLA POLO MUNICIPAL RURAL GRACA DE DEUS</name><description><![CDATA[Código INEP: 50019040<br>Município: Ponta Porã<br>Fonte: INEP Censo Escolar 2025 + Catálogo de Escolas InepData]]></description><Point><coordinates>-55.4066817,-22.4767939,0</coordinates></Point></Placemark><Placemark><name>EE MENDES GONCALVES</name><description><![CDATA[Código INEP: 50022725<br>Município: Ponta Porã<br>Fonte: INEP Censo Escolar 2025 + Catálogo de Escolas InepData]]></description><Point><coordinates>-55.7287594,-22.5378997,0</coordinates></Point></Placemark><Placemark><name>ESCOLA MUNICIPAL PROFA CONCEICAO CAPIBERIBE SALDANHA</name><description><![CDATA[Código INEP: 50023578<br>Município: Ponta Porã<br>Fonte: INEP Censo Escolar 2025 + Catálogo de Escolas InepData]]></description><Point><coordinates>-55.6837074,-22.5704932,0</coordinates></Point></Placemark><Placemark><name>CEINF PROF EURORA RAMOS DE OLIVEIRA</name><description><![CDATA[Código INEP: 50023608<br>Município: Ponta Porã<br>Fonte: INEP Censo Escolar 2025 + Catálogo de Escolas InepData]]></description><Point><coordinates>-55.7044864,-22.5107654,0</coordinates></Point></Placemark><Placemark><name>ESCOLA DE RECREACAO E ENSINO FUNDAMENTAL NOVA EPOCA</name><description><![CDATA[Código INEP: 50024736<br>Município: Ponta Porã<br>Fonte: INEP Censo Escolar 2025 + Catálogo de Escolas InepData]]></description><Point><coordinates>-55.71931,-22.55209,0</coordinates></Point></Placemark><Placemark><name>CEINF PROF MARIO OCARIS ROSA</name><description><![CDATA[Código INEP: 50027441<br>Município: Ponta Porã<br>Fonte: INEP Censo Escolar 2025 + Catálogo de Escolas InepData]]></description><Point><coordinates>-55.7307969,-22.5025233,0</coordinates></Point></Placemark><Placemark><name>CEINF PROF JOANA FERREIRA FRANCO BARRIOS</name><description><![CDATA[Código INEP: 50027450<br>Município: Ponta Porã<br>Fonte: INEP Censo Escolar 2025 + Catálogo de Escolas InepData]]></description><Point><coordinates>-55.6953998,-22.5595127,0</coordinates></Point></Placemark><Placemark><name>ESCOLA MUNICIPAL MANOEL MARTINS</name><description><![CDATA[Código INEP: 50028111<br>Município: Ponta Porã<br>Fonte: INEP Censo Escolar 2025 + Catálogo de Escolas InepData]]></description><Point><coordinates>-55.7130793,-22.5527751,0</coordinates></Point></Placemark><Placemark><name>CEINF PROF CONRADO CANTEIRO</name><description><![CDATA[Código INEP: 50028405<br>Município: Ponta Porã<br>Fonte: INEP Censo Escolar 2025 + Catálogo de Escolas InepData]]></description><Point><coordinates>-55.7353885,-22.5039999,0</coordinates></Point></Placemark><Placemark><name>EE PROF JOSE EDSON DOMINGOS DOS SANTOS</name><description><![CDATA[Código INEP: 50028456<br>Município: Ponta Porã<br>Fonte: INEP Censo Escolar 2025 + Catálogo de Escolas InepData]]></description><Point><coordinates>-55.5475277,-22.1875705,0</coordinates></Point></Placemark><Placemark><name>CEMA - CENTRO EDUCATIVO DE ED INF E ENS FUND MIGUEL ANGELO</name><description><![CDATA[Código INEP: 50029339<br>Município: Ponta Porã<br>Fonte: INEP Censo Escolar 2025 + Catálogo de Escolas InepData]]></description><Point><coordinates>-55.7191518,-22.5514519,0</coordinates></Point></Placemark><Placemark><name>ESCOLA MAGSUL JUNIOR DE ENSINO FUNDAMENTAL</name><description><![CDATA[Código INEP: 50029347<br>Município: Ponta Porã<br>Fonte: INEP Censo Escolar 2025 + Catálogo de Escolas InepData]]></description><Point><coordinates>-55.7253493,-22.5329772,0</coordinates></Point></Placemark><Placemark><name>ESCOLA MAGSUL JUNIOR DE EI</name><description><![CDATA[Código INEP: 50029355<br>Município: Ponta Porã<br>Fonte: INEP Censo Escolar 2025 + Catálogo de Escolas InepData]]></description><Point><coordinates>-55.7253508,-22.5329799,0</coordinates></Point></Placemark><Placemark><name>ESCOLA MUNICIPAL RURAL NOVA CONQUISTA</name><description><![CDATA[Código INEP: 50029860<br>Município: Ponta Porã<br>Fonte: INEP Censo Escolar 2025 + Catálogo de Escolas InepData]]></description><Point><coordinates>-55.5892247,-22.1901418,0</coordinates></Point></Placemark><Placemark><name>CEINF PROF EUGENIA GONZALES DA SILVA</name><description><![CDATA[Código INEP: 50030183<br>Município: Ponta Porã<br>Fonte: INEP Censo Escolar 2025 + Catálogo de Escolas InepData]]></description><Point><coordinates>-55.7285334,-22.5132116,0</coordinates></Point></Placemark><Placemark><name>ESCOLA POLO MUNICIPAL RURAL JUVENAL FROES</name><description><![CDATA[Código INEP: 50030647<br>Município: Ponta Porã<br>Fonte: INEP Censo Escolar 2025 + Catálogo de Escolas InepData]]></description><Point><coordinates>-55.687661,-22.3858672,0</coordinates></Point></Placemark><Placemark><name>ESCOLA POLO MUN PROF DORA LANDOLFI</name><description><![CDATA[Código INEP: 50030922<br>Município: Ponta Porã<br>Fonte: INEP Censo Escolar 2025 + Catálogo de Escolas InepData]]></description><Point><coordinates>-55.6252739,-22.6213628,0</coordinates></Point></Placemark><Placemark><name>CEINF ELPIDIO PELUFFO</name><description><![CDATA[Código INEP: 50031309<br>Município: Ponta Porã<br>Fonte: INEP Censo Escolar 2025 + Catálogo de Escolas InepData]]></description><Point><coordinates>-55.7376011,-22.4977979,0</coordinates></Point></Placemark><Placemark><name>ESCOLA MUNICIPAL PROF MARLY CAVALHEIRO ROJAS</name><description><![CDATA[Código INEP: 50031473<br>Município: Ponta Porã<br>Fonte: INEP Censo Escolar 2025 + Catálogo de Escolas InepData]]></description><Point><coordinates>-55.7287244,-22.525433,0</coordinates></Point></Placemark><Placemark><name>CEINF ANSELMO SOARES DE FRANCA</name><description><![CDATA[Código INEP: 50033131<br>Município: Ponta Porã<br>Fonte: INEP Censo Escolar 2025 + Catálogo de Escolas InepData]]></description><Point><coordinates>-55.707949,-22.555109,0</coordinates></Point></Placemark><Placemark><name>ESCOLA MUNICIPAL PROF ZAIRA PORTELA</name><description><![CDATA[Código INEP: 50033190<br>Município: Ponta Porã<br>Fonte: INEP Censo Escolar 2025 + Catálogo de Escolas InepData]]></description><Point><coordinates>-55.7413028,-22.4902743,0</coordinates></Point></Placemark><Placemark><name>ESCOLA MUNICIPAL PREFEITO ORLANDO MENDES GONCALVES</name><description><![CDATA[Código INEP: 50034057<br>Município: Ponta Porã<br>Fonte: INEP Censo Escolar 2025 + Catálogo de Escolas InepData]]></description><Point><coordinates>-55.726637,-22.5367829,0</coordinates></Point></Placemark><Placemark><name>CENTRO CULTURAL DONA IRACEMA</name><description><![CDATA[Código INEP: 50034065<br>Município: Ponta Porã<br>Fonte: INEP Censo Escolar 2025 + Catálogo de Escolas InepData]]></description><Point><coordinates>-55.7336438,-22.5235449,0</coordinates></Point></Placemark><Placemark><name>SENAC PONTA PORA</name><description><![CDATA[Código INEP: 50034316<br>Município: Ponta Porã<br>Fonte: INEP Censo Escolar 2025 + Catálogo de Escolas InepData]]></description><Point><coordinates>-55.72303313,-22.53598576,0</coordinates></Point></Placemark><Placemark><name>EE PROF CARLOS PEREIRA DA SILVA</name><description><![CDATA[Código INEP: 50039806<br>Município: Ponta Porã<br>Fonte: INEP Censo Escolar 2025 + Catálogo de Escolas InepData]]></description><Point><coordinates>-55.431284,-22.2116244,0</coordinates></Point></Placemark><Placemark><name>CEINF PROF LAUREANA PALERMO FERNANDES</name><description><![CDATA[Código INEP: 50062824<br>Município: Ponta Porã<br>Fonte: INEP Censo Escolar 2025 + Catálogo de Escolas InepData]]></description><Point><coordinates>-55.6886518,-22.5637159,0</coordinates></Point></Placemark><Placemark><name>EE PEDRO AFONSO PEREIRA GOLDONI</name><description><![CDATA[Código INEP: 50019120<br>Município: Ponta Porã<br>Fonte: INEP Censo Escolar 2025 + Catálogo de Escolas InepData]]></description><Point><coordinates>-55.6246235,-22.6232767,0</coordinates></Point></Placemark><Placemark><name>IFMS - CAMPUS PONTA PORA</name><description><![CDATA[Código INEP: 50082850<br>Município: Ponta Porã<br>Fonte: INEP Censo Escolar 2025 + Catálogo de Escolas InepData]]></description><Point><coordinates>-55.6094327,-22.6198944,0</coordinates></Point></Placemark><Placemark><name>EM INDIGENA EJIWAJEGI - POLO E EXTENSOES</name><description><![CDATA[Código INEP: 50000764<br>Município: Porto Murtinho<br>Fonte: INEP Censo Escolar 2025 + Catálogo de Escolas InepData]]></description><Point><coordinates>-56.9598249,-20.4326118,0</coordinates></Point></Placemark><Placemark><name>EE JOSE BONIFACIO</name><description><![CDATA[Código INEP: 50000799<br>Município: Porto Murtinho<br>Fonte: INEP Censo Escolar 2025 + Catálogo de Escolas InepData]]></description><Point><coordinates>-57.88398,-21.69865,0</coordinates></Point></Placemark><Placemark><name>E M CIVICO-MILITAR CLAUDIO DE OLIVEIRA</name><description><![CDATA[Código INEP: 50000802<br>Município: Porto Murtinho<br>Fonte: INEP Censo Escolar 2025 + Catálogo de Escolas InepData]]></description><Point><coordinates>-57.883236,-21.6940804,0</coordinates></Point></Placemark><Placemark><name>EM THOMAZ LARANGEIRA</name><description><![CDATA[Código INEP: 50000810<br>Município: Porto Murtinho<br>Fonte: INEP Censo Escolar 2025 + Catálogo de Escolas InepData]]></description><Point><coordinates>-57.88554667,-21.69751667,0</coordinates></Point></Placemark><Placemark><name>EMR DE EDUCACAO INFANTIL E ENSINO FUNDAMENTAL BONIFACIO GOMES POLO E EXTENSOES</name><description><![CDATA[Código INEP: 50000829<br>Município: Porto Murtinho<br>Fonte: INEP Censo Escolar 2025 + Catálogo de Escolas InepData]]></description><Point><coordinates>-57.8752071,-21.7000022,0</coordinates></Point></Placemark><Placemark><name>CEI-LAURA VICUNA</name><description><![CDATA[Código INEP: 50023691<br>Município: Porto Murtinho<br>Fonte: INEP Censo Escolar 2025 + Catálogo de Escolas InepData]]></description><Point><coordinates>-57.87884912,-21.70232751,0</coordinates></Point></Placemark><Placemark><name>EM NOSSA SENHORA DE CAACUPE</name><description><![CDATA[Código INEP: 50023705<br>Município: Porto Murtinho<br>Fonte: INEP Censo Escolar 2025 + Catálogo de Escolas InepData]]></description><Point><coordinates>-57.88954,-21.71,0</coordinates></Point></Placemark><Placemark><name>EMEI PRIMEIROS PASSOS</name><description><![CDATA[Código INEP: 50028944<br>Município: Porto Murtinho<br>Fonte: INEP Censo Escolar 2025 + Catálogo de Escolas InepData]]></description><Point><coordinates>-57.88584341,-21.69963018,0</coordinates></Point></Placemark><Placemark><name>CEINF - RAFAEL CORTADA CODORNIZ</name><description><![CDATA[Código INEP: 50031805<br>Município: Porto Murtinho<br>Fonte: INEP Censo Escolar 2025 + Catálogo de Escolas InepData]]></description><Point><coordinates>-57.8817103,-21.6954878,0</coordinates></Point></Placemark><Placemark><name>CENTRO MUNICIPAL DE EDUCACAO ESPECIAL LEANDRO ROLON ROMERO</name><description><![CDATA[Código INEP: 50031821<br>Município: Porto Murtinho<br>Fonte: INEP Censo Escolar 2025 + Catálogo de Escolas InepData]]></description><Point><coordinates>-57.87724734,-21.70396403,0</coordinates></Point></Placemark><Placemark><name>EM INDIGENA KOINUKUNOEN</name><description><![CDATA[Código INEP: 50034405<br>Município: Porto Murtinho<br>Fonte: INEP Censo Escolar 2025 + Catálogo de Escolas InepData]]></description><Point><coordinates>-56.9510836,-21.0398348,0</coordinates></Point></Placemark><Placemark><name>EM PROFª IZA MARIA GAUNA</name><description><![CDATA[Código INEP: 50039202<br>Município: Porto Murtinho<br>Fonte: INEP Censo Escolar 2025 + Catálogo de Escolas InepData]]></description><Point><coordinates>-57.87601,-21.70264,0</coordinates></Point></Placemark><Placemark><name>EE DR JOAO PONCE DE ARRUDA</name><description><![CDATA[Código INEP: 50011936<br>Município: Ribas do Rio Pardo<br>Fonte: INEP Censo Escolar 2025 + Catálogo de Escolas InepData]]></description><Point><coordinates>-53.7582819,-20.4439773,0</coordinates></Point></Placemark><Placemark><name>EE EDUARDO BATISTA AMORIM</name><description><![CDATA[Código INEP: 50011944<br>Município: Ribas do Rio Pardo<br>Fonte: INEP Censo Escolar 2025 + Catálogo de Escolas InepData]]></description><Point><coordinates>-53.766097,-20.4514802,0</coordinates></Point></Placemark><Placemark><name>EM USINA DO MIMOSO - POLO</name><description><![CDATA[Código INEP: 50011960<br>Município: Ribas do Rio Pardo<br>Fonte: INEP Censo Escolar 2025 + Catálogo de Escolas InepData]]></description><Point><coordinates>-53.7589618,-20.4453221,0</coordinates></Point></Placemark><Placemark><name>ESCOLA MUNICIPAL SAO SEBASTIAO</name><description><![CDATA[Código INEP: 50022024<br>Município: Ribas do Rio Pardo<br>Fonte: INEP Censo Escolar 2025 + Catálogo de Escolas InepData]]></description><Point><coordinates>-53.7521333,-20.442978,0</coordinates></Point></Placemark><Placemark><name>CENTRO EDUCACIONAL ROSA MOSSO</name><description><![CDATA[Código INEP: 50023560<br>Município: Ribas do Rio Pardo<br>Fonte: INEP Censo Escolar 2025 + Catálogo de Escolas InepData]]></description><Point><coordinates>-53.7601007,-20.4557168,0</coordinates></Point></Placemark><Placemark><name>ESCOLA MUNICIPAL BALAO MAGICO</name><description><![CDATA[Código INEP: 50023640<br>Município: Ribas do Rio Pardo<br>Fonte: INEP Censo Escolar 2025 + Catálogo de Escolas InepData]]></description><Point><coordinates>-53.7555181,-20.4430394,0</coordinates></Point></Placemark><Placemark><name>ESCOLA CLINICA ARCO-IRIS DE EDUCACAO INFANTIL E ENSINO FUNDAMENTAL - ASSOCIACAO PESTALOZZI</name><description><![CDATA[Código INEP: 50026690<br>Município: Ribas do Rio Pardo<br>Fonte: INEP Censo Escolar 2025 + Catálogo de Escolas InepData]]></description><Point><coordinates>-53.756712,-20.4444715,0</coordinates></Point></Placemark><Placemark><name>ESCOLA MUNICIPAL IRACY DA SILVA ALMEIDA</name><description><![CDATA[Código INEP: 50027603<br>Município: Ribas do Rio Pardo<br>Fonte: INEP Censo Escolar 2025 + Catálogo de Escolas InepData]]></description><Point><coordinates>-53.7576377,-20.4552711,0</coordinates></Point></Placemark><Placemark><name>EM ALCINDO VICENTE FERREIRA</name><description><![CDATA[Código INEP: 50028979<br>Município: Ribas do Rio Pardo<br>Fonte: INEP Censo Escolar 2025 + Catálogo de Escolas InepData]]></description><Point><coordinates>-53.756231,-20.4463246,0</coordinates></Point></Placemark><Placemark><name>ESCOLA MUNICIPAL PROF MAREIDE MONTEIRO DE LIMA</name><description><![CDATA[Código INEP: 50031007<br>Município: Ribas do Rio Pardo<br>Fonte: INEP Censo Escolar 2025 + Catálogo de Escolas InepData]]></description><Point><coordinates>-53.7634395,-20.4592135,0</coordinates></Point></Placemark><Placemark><name>EMEI IVONE ARAUJO BARROS ABES</name><description><![CDATA[Código INEP: 50031643<br>Município: Ribas do Rio Pardo<br>Fonte: INEP Censo Escolar 2025 + Catálogo de Escolas InepData]]></description><Point><coordinates>-53.7626127,-20.4455431,0</coordinates></Point></Placemark><Placemark><name>ESCOLA MUNICIPAL DE EDUCACAO INFANTIL CRIANCEIRAS</name><description><![CDATA[Código INEP: 50033026<br>Município: Ribas do Rio Pardo<br>Fonte: INEP Censo Escolar 2025 + Catálogo de Escolas InepData]]></description><Point><coordinates>-53.7556579,-20.4648434,0</coordinates></Point></Placemark><Placemark><name>ESCOLA MUNICIPAL DE EDUCACAO INFANTIL PINGO DE GENTE</name><description><![CDATA[Código INEP: 50076809<br>Município: Ribas do Rio Pardo<br>Fonte: INEP Censo Escolar 2025 + Catálogo de Escolas InepData]]></description><Point><coordinates>-53.7679118,-20.4510368,0</coordinates></Point></Placemark><Placemark><name>ESCOLA ESPECIAL NILSON DIAS DE SOUZA</name><description><![CDATA[Código INEP: 50019210<br>Município: Rio Brilhante<br>Fonte: INEP Censo Escolar 2025 + Catálogo de Escolas InepData]]></description><Point><coordinates>-54.5522279,-21.7952273,0</coordinates></Point></Placemark><Placemark><name>CENTRO EDUCACIONAL MUNICIPAL CRIANCA ESPERANCA II</name><description><![CDATA[Código INEP: 50019228<br>Município: Rio Brilhante<br>Fonte: INEP Censo Escolar 2025 + Catálogo de Escolas InepData]]></description><Point><coordinates>-54.55612833,-21.791665,0</coordinates></Point></Placemark><Placemark><name>CENTRO EDUCACIONAL MUNICIPAL CRIANCA ESPERANCA I</name><description><![CDATA[Código INEP: 50019236<br>Município: Rio Brilhante<br>Fonte: INEP Censo Escolar 2025 + Catálogo de Escolas InepData]]></description><Point><coordinates>-54.5376,-21.81027,0</coordinates></Point></Placemark><Placemark><name>ESCOLA MUNICIPAL RURAL ARTUR TAVARES DE MELO</name><description><![CDATA[Código INEP: 50019244<br>Município: Rio Brilhante<br>Fonte: INEP Censo Escolar 2025 + Catálogo de Escolas InepData]]></description><Point><coordinates>-54.87406,-21.38268,0</coordinates></Point></Placemark><Placemark><name>EE ETALIVIO PEREIRA MARTINS</name><description><![CDATA[Código INEP: 50019252<br>Município: Rio Brilhante<br>Fonte: INEP Censo Escolar 2025 + Catálogo de Escolas InepData]]></description><Point><coordinates>-54.5442117,-21.8012883,0</coordinates></Point></Placemark><Placemark><name>EE FERNANDO CORREA DA COSTA</name><description><![CDATA[Código INEP: 50019260<br>Município: Rio Brilhante<br>Fonte: INEP Censo Escolar 2025 + Catálogo de Escolas InepData]]></description><Point><coordinates>-54.5476189,-21.7978425,0</coordinates></Point></Placemark><Placemark><name>ESCOLA MUNICIPAL RIO BRILHANTE</name><description><![CDATA[Código INEP: 50019279<br>Município: Rio Brilhante<br>Fonte: INEP Censo Escolar 2025 + Catálogo de Escolas InepData]]></description><Point><coordinates>-54.53897,-21.80704,0</coordinates></Point></Placemark><Placemark><name>ESCOLA MUNICIPAL PREFEITO SIRIO BORGES</name><description><![CDATA[Código INEP: 50019287<br>Município: Rio Brilhante<br>Fonte: INEP Censo Escolar 2025 + Catálogo de Escolas InepData]]></description><Point><coordinates>-54.54022485,-21.79747052,0</coordinates></Point></Placemark><Placemark><name>EE PROFª LIGIA TEREZINHA MARTINS</name><description><![CDATA[Código INEP: 50019295<br>Município: Rio Brilhante<br>Fonte: INEP Censo Escolar 2025 + Catálogo de Escolas InepData]]></description><Point><coordinates>-54.5518038,-21.7980164,0</coordinates></Point></Placemark><Placemark><name>ESCOLA MUNICIPAL SIDNEY COELHO NOGUEIRA</name><description><![CDATA[Código INEP: 50019309<br>Município: Rio Brilhante<br>Fonte: INEP Censo Escolar 2025 + Catálogo de Escolas InepData]]></description><Point><coordinates>-54.53988,-21.79713,0</coordinates></Point></Placemark><Placemark><name>ESCOLA BRANCA DE NEVE</name><description><![CDATA[Código INEP: 50019325<br>Município: Rio Brilhante<br>Fonte: INEP Censo Escolar 2025 + Catálogo de Escolas InepData]]></description><Point><coordinates>-54.54247,-21.80513,0</coordinates></Point></Placemark><Placemark><name>CENTRO EDUCACIONAL MUNICIPAL CRIANCA ESPERANCA III</name><description><![CDATA[Código INEP: 50019368<br>Município: Rio Brilhante<br>Fonte: INEP Censo Escolar 2025 + Catálogo de Escolas InepData]]></description><Point><coordinates>-54.42557,-21.65286,0</coordinates></Point></Placemark><Placemark><name>CENTRO EDUCACIONAL FREI EVERARDO KREMPER</name><description><![CDATA[Código INEP: 50022776<br>Município: Rio Brilhante<br>Fonte: INEP Censo Escolar 2025 + Catálogo de Escolas InepData]]></description><Point><coordinates>-54.53627,-21.80046,0</coordinates></Point></Placemark><Placemark><name>ESCOLA FAMILIA AGRICOLA ROSALVO DA ROCHA RODRIGUES</name><description><![CDATA[Código INEP: 50024337<br>Município: Rio Brilhante<br>Fonte: INEP Censo Escolar 2025 + Catálogo de Escolas InepData]]></description><Point><coordinates>-54.7417334,-21.79190487,0</coordinates></Point></Placemark><Placemark><name>CENTRO DE EDUCACAO INFANTIL PREFEITO ILIE VIDAL</name><description><![CDATA[Código INEP: 50026780<br>Município: Rio Brilhante<br>Fonte: INEP Censo Escolar 2025 + Catálogo de Escolas InepData]]></description><Point><coordinates>-54.55133882,-21.79261241,0</coordinates></Point></Placemark><Placemark><name>CENTRO EDUCACIONAL MUNICIPAL CRIANCA ESPERANCA IV</name><description><![CDATA[Código INEP: 50026798<br>Município: Rio Brilhante<br>Fonte: INEP Censo Escolar 2025 + Catálogo de Escolas InepData]]></description><Point><coordinates>-54.53517378,-21.80078795,0</coordinates></Point></Placemark><Placemark><name>CENTRO DE EDUCACAO INFANTIL SONIA BORGES SILVEIRA</name><description><![CDATA[Código INEP: 50030876<br>Município: Rio Brilhante<br>Fonte: INEP Censo Escolar 2025 + Catálogo de Escolas InepData]]></description><Point><coordinates>-54.53602,-21.80808,0</coordinates></Point></Placemark><Placemark><name>ESCOLA MUNICIPAL DE EDUCACAO INFANTIL E ENSINO FUNDAMENTAL SAO JUDAS</name><description><![CDATA[Código INEP: 50031201<br>Município: Rio Brilhante<br>Fonte: INEP Censo Escolar 2025 + Catálogo de Escolas InepData]]></description><Point><coordinates>-54.74160136,-21.79181299,0</coordinates></Point></Placemark><Placemark><name>CENTRO DE EDUCACAO INFANTIL ANA PERES DA SILVA DONA NITA</name><description><![CDATA[Código INEP: 50031538<br>Município: Rio Brilhante<br>Fonte: INEP Censo Escolar 2025 + Catálogo de Escolas InepData]]></description><Point><coordinates>-54.56483,-21.79782,0</coordinates></Point></Placemark><Placemark><name>CENTRO DE EDUCACAO INFANTIL VERA LINA BARBOSA CEOLIN</name><description><![CDATA[Código INEP: 50031740<br>Município: Rio Brilhante<br>Fonte: INEP Censo Escolar 2025 + Catálogo de Escolas InepData]]></description><Point><coordinates>-54.53207,-21.80784,0</coordinates></Point></Placemark><Placemark><name>CENTRO EDUCACIONAL MUNICIPAL DE EDUCACAO INFANTIL E ENSINO FUNDAMENTAL CRIANCA ESPERANCA VI</name><description><![CDATA[Código INEP: 50031759<br>Município: Rio Brilhante<br>Fonte: INEP Censo Escolar 2025 + Catálogo de Escolas InepData]]></description><Point><coordinates>-54.56426,-21.79725,0</coordinates></Point></Placemark><Placemark><name>CENTRO DE EDUCACAO INFANTIL NOEMIA CORREA BARBOSA</name><description><![CDATA[Código INEP: 50033840<br>Município: Rio Brilhante<br>Fonte: INEP Censo Escolar 2025 + Catálogo de Escolas InepData]]></description><Point><coordinates>-54.54106889,-21.80795981,0</coordinates></Point></Placemark><Placemark><name>CENTRO DE EDUCACAO INFANTIL PROFª ABIGAIL MARTINS FAGUNDES DA MOTTA</name><description><![CDATA[Código INEP: 50033867<br>Município: Rio Brilhante<br>Fonte: INEP Censo Escolar 2025 + Catálogo de Escolas InepData]]></description><Point><coordinates>-54.56348,-21.80109,0</coordinates></Point></Placemark><Placemark><name>CENTRO EDUCACIONAL MUNICIPAL DE EDUCACAO INFANTIL E ENSINO FUNDAMENTAL CRIANCA ESPERANCA V</name><description><![CDATA[Código INEP: 50043404<br>Município: Rio Brilhante<br>Fonte: INEP Censo Escolar 2025 + Catálogo de Escolas InepData]]></description><Point><coordinates>-54.56182,-21.78377,0</coordinates></Point></Placemark><Placemark><name>ESCOLA DE EDUCACAO CATIVANTE</name><description><![CDATA[Código INEP: 50044001<br>Município: Rio Brilhante<br>Fonte: INEP Censo Escolar 2025 + Catálogo de Escolas InepData]]></description><Point><coordinates>-54.5442858,-21.7938494,0</coordinates></Point></Placemark><Placemark><name>CENTRO DE EDUCACAO INFANTIL ELISA NANTES FLORES</name><description><![CDATA[Código INEP: 50059920<br>Município: Rio Brilhante<br>Fonte: INEP Censo Escolar 2025 + Catálogo de Escolas InepData]]></description><Point><coordinates>-54.55928333,-21.78798833,0</coordinates></Point></Placemark><Placemark><name>CENTRO DE EDUCACAO INFANTIL PROFESSOR VERGILIO LESCANO</name><description><![CDATA[Código INEP: 50064843<br>Município: Rio Brilhante<br>Fonte: INEP Censo Escolar 2025 + Catálogo de Escolas InepData]]></description><Point><coordinates>-54.42525,-21.65242,0</coordinates></Point></Placemark><Placemark><name>ESCOLA MUNICIPAL EUCLIDES DA CUNHA</name><description><![CDATA[Código INEP: 50019376<br>Município: Rio Brilhante<br>Fonte: INEP Censo Escolar 2025 + Catálogo de Escolas InepData]]></description><Point><coordinates>-54.42693614,-21.65402445,0</coordinates></Point></Placemark><Placemark><name>EM SAO FRANCISCO</name><description><![CDATA[Código INEP: 50009656<br>Município: Rio Negro<br>Fonte: INEP Censo Escolar 2025 + Catálogo de Escolas InepData]]></description><Point><coordinates>-54.9910284,-19.4519668,0</coordinates></Point></Placemark><Placemark><name>EE LEONTINO ALVES DE OLIVEIRA</name><description><![CDATA[Código INEP: 50009672<br>Município: Rio Negro<br>Fonte: INEP Censo Escolar 2025 + Catálogo de Escolas InepData]]></description><Point><coordinates>-54.9905717,-19.4478571,0</coordinates></Point></Placemark><Placemark><name>CENTRO DE ED ESP RIO NEGRO - APAE</name><description><![CDATA[Código INEP: 50024221<br>Município: Rio Negro<br>Fonte: INEP Censo Escolar 2025 + Catálogo de Escolas InepData]]></description><Point><coordinates>-54.98023471,-19.44876374,0</coordinates></Point></Placemark><Placemark><name>CEI - DOLIRIA HERCULANO DINIZ</name><description><![CDATA[Código INEP: 50026542<br>Município: Rio Negro<br>Fonte: INEP Censo Escolar 2025 + Catálogo de Escolas InepData]]></description><Point><coordinates>-54.9810215,-19.4484401,0</coordinates></Point></Placemark><Placemark><name>CENTRO DE ENSINO REINO DO SABER</name><description><![CDATA[Código INEP: 50004034<br>Município: Rio Verde de Mato Grosso<br>Fonte: INEP Censo Escolar 2025 + Catálogo de Escolas InepData]]></description><Point><coordinates>-54.84018443,-18.9238205,0</coordinates></Point></Placemark><Placemark><name>CEDERV - C DE EDUC ESPECIAL DE RIO VERDE</name><description><![CDATA[Código INEP: 50004042<br>Município: Rio Verde de Mato Grosso<br>Fonte: INEP Censo Escolar 2025 + Catálogo de Escolas InepData]]></description><Point><coordinates>-54.84773035,-18.9116161,0</coordinates></Point></Placemark><Placemark><name>EE THOMAZ BARBOSA RANGEL</name><description><![CDATA[Código INEP: 50004077<br>Município: Rio Verde de Mato Grosso<br>Fonte: INEP Censo Escolar 2025 + Catálogo de Escolas InepData]]></description><Point><coordinates>-54.8448962,-18.9188755,0</coordinates></Point></Placemark><Placemark><name>EE VERGELINO MATEUS DE OLIVEIRA</name><description><![CDATA[Código INEP: 50004085<br>Município: Rio Verde de Mato Grosso<br>Fonte: INEP Censo Escolar 2025 + Catálogo de Escolas InepData]]></description><Point><coordinates>-54.8521441,-18.9108987,0</coordinates></Point></Placemark><Placemark><name>ESCOLA MUNICIPAL CIVICO-MILITAR POLO AURELINO ATAIDE DE BRITO</name><description><![CDATA[Código INEP: 50004115<br>Município: Rio Verde de Mato Grosso<br>Fonte: INEP Censo Escolar 2025 + Catálogo de Escolas InepData]]></description><Point><coordinates>-54.83185113,-18.92623401,0</coordinates></Point></Placemark><Placemark><name>ESCOLA MUNICIPAL CRESCENCIO DE ABREU</name><description><![CDATA[Código INEP: 50004140<br>Município: Rio Verde de Mato Grosso<br>Fonte: INEP Censo Escolar 2025 + Catálogo de Escolas InepData]]></description><Point><coordinates>-54.83745121,-18.90974908,0</coordinates></Point></Placemark><Placemark><name>ESCOLA MUNICIPAL DR CESAR GALVAO</name><description><![CDATA[Código INEP: 50004158<br>Município: Rio Verde de Mato Grosso<br>Fonte: INEP Censo Escolar 2025 + Catálogo de Escolas InepData]]></description><Point><coordinates>-54.8438641,-18.9193705,0</coordinates></Point></Placemark><Placemark><name>EM JOSE DUAILIBI</name><description><![CDATA[Código INEP: 50004204<br>Município: Rio Verde de Mato Grosso<br>Fonte: INEP Censo Escolar 2025 + Catálogo de Escolas InepData]]></description><Point><coordinates>-54.85212827,-18.93076637,0</coordinates></Point></Placemark><Placemark><name>EM POLO MARIZA FERZELLI</name><description><![CDATA[Código INEP: 50004247<br>Município: Rio Verde de Mato Grosso<br>Fonte: INEP Censo Escolar 2025 + Catálogo de Escolas InepData]]></description><Point><coordinates>-54.83839619,-18.90081419,0</coordinates></Point></Placemark><Placemark><name>CEI - NOSSA SENHORA AUXILIADORA</name><description><![CDATA[Código INEP: 50004280<br>Município: Rio Verde de Mato Grosso<br>Fonte: INEP Censo Escolar 2025 + Catálogo de Escolas InepData]]></description><Point><coordinates>-54.84511,-18.90522,0</coordinates></Point></Placemark><Placemark><name>CEI - MENINO JESUS</name><description><![CDATA[Código INEP: 50026623<br>Município: Rio Verde de Mato Grosso<br>Fonte: INEP Censo Escolar 2025 + Catálogo de Escolas InepData]]></description><Point><coordinates>-54.8510434,-18.9164732,0</coordinates></Point></Placemark><Placemark><name>CEI - PEQUENO PRINCIPE</name><description><![CDATA[Código INEP: 50029304<br>Município: Rio Verde de Mato Grosso<br>Fonte: INEP Censo Escolar 2025 + Catálogo de Escolas InepData]]></description><Point><coordinates>-54.83819607,-18.90075353,0</coordinates></Point></Placemark><Placemark><name>AGENCIA SENAI RIO VERDE DE MATO GROSSO LUIZ CLAUDIO SABEDOTTI FORNARI</name><description><![CDATA[Código INEP: 50030205<br>Município: Rio Verde de Mato Grosso<br>Fonte: INEP Censo Escolar 2025 + Catálogo de Escolas InepData]]></description><Point><coordinates>-54.8323143,-18.9068544,0</coordinates></Point></Placemark><Placemark><name>CEI VENANCIA GONCALVES FERREIRA</name><description><![CDATA[Código INEP: 50031937<br>Município: Rio Verde de Mato Grosso<br>Fonte: INEP Censo Escolar 2025 + Catálogo de Escolas InepData]]></description><Point><coordinates>-54.85558246,-18.93039494,0</coordinates></Point></Placemark><Placemark><name>CEI - HEITOR E HELOISA</name><description><![CDATA[Código INEP: 50033751<br>Município: Rio Verde de Mato Grosso<br>Fonte: INEP Censo Escolar 2025 + Catálogo de Escolas InepData]]></description><Point><coordinates>-54.84421773,-18.92737103,0</coordinates></Point></Placemark><Placemark><name>EE JOSE ALVES RIBEIRO</name><description><![CDATA[Código INEP: 50009788<br>Município: Rochedo<br>Fonte: INEP Censo Escolar 2025 + Catálogo de Escolas InepData]]></description><Point><coordinates>-54.8917759,-19.9517236,0</coordinates></Point></Placemark><Placemark><name>ESCOLA MUNICIPAL POLO DO SABER</name><description><![CDATA[Código INEP: 50009796<br>Município: Rochedo<br>Fonte: INEP Censo Escolar 2025 + Catálogo de Escolas InepData]]></description><Point><coordinates>-54.8923433,-19.9536767,0</coordinates></Point></Placemark><Placemark><name>ESCOLA MUNICIPAL DOCE SABER</name><description><![CDATA[Código INEP: 50028359<br>Município: Rochedo<br>Fonte: INEP Censo Escolar 2025 + Catálogo de Escolas InepData]]></description><Point><coordinates>-54.8867142,-19.9553535,0</coordinates></Point></Placemark><Placemark><name>CENTRO DE EDUCACAO INFANTIL PROINFANCIA PEQUENO APRENDIZ</name><description><![CDATA[Código INEP: 50045814<br>Município: Rochedo<br>Fonte: INEP Censo Escolar 2025 + Catálogo de Escolas InepData]]></description><Point><coordinates>-54.8912713,-19.9539752,0</coordinates></Point></Placemark><Placemark><name>EE JOSE FERREIRA LIMA</name><description><![CDATA[Código INEP: 50012010<br>Município: Santa Rita do Pardo<br>Fonte: INEP Censo Escolar 2025 + Catálogo de Escolas InepData]]></description><Point><coordinates>-52.8313556,-21.3040551,0</coordinates></Point></Placemark><Placemark><name>ESCOLA MUNICIPAL SANTA RITA DE CASSIA - POLO</name><description><![CDATA[Código INEP: 50022369<br>Município: Santa Rita do Pardo<br>Fonte: INEP Censo Escolar 2025 + Catálogo de Escolas InepData]]></description><Point><coordinates>-53.0787565,-20.7300755,0</coordinates></Point></Placemark><Placemark><name>EMEI ANTONIO ARCANJO DOS SANTOS JUNIOR</name><description><![CDATA[Código INEP: 50025015<br>Município: Santa Rita do Pardo<br>Fonte: INEP Censo Escolar 2025 + Catálogo de Escolas InepData]]></description><Point><coordinates>-52.8299242,-21.3029451,0</coordinates></Point></Placemark><Placemark><name>EM RAIMUNDO CANDIDO DE ARAUJO</name><description><![CDATA[Código INEP: 50025023<br>Município: Santa Rita do Pardo<br>Fonte: INEP Censo Escolar 2025 + Catálogo de Escolas InepData]]></description><Point><coordinates>-52.8264545,-21.2982625,0</coordinates></Point></Placemark><Placemark><name>ESCOLA ESPECIAL AGRIPINO COSTA LIMA</name><description><![CDATA[Código INEP: 50028260<br>Município: Santa Rita do Pardo<br>Fonte: INEP Censo Escolar 2025 + Catálogo de Escolas InepData]]></description><Point><coordinates>-52.83060993,-21.30454685,0</coordinates></Point></Placemark><Placemark><name>CEI - RUTH SOILLET DE OLIVEIRA LIMA</name><description><![CDATA[Código INEP: 50029967<br>Município: Santa Rita do Pardo<br>Fonte: INEP Censo Escolar 2025 + Catálogo de Escolas InepData]]></description><Point><coordinates>-52.8218459,-21.3015147,0</coordinates></Point></Placemark><Placemark><name>ASSOC DE PAIS E AMIGOS DOS EXCEPCIONAIS</name><description><![CDATA[Código INEP: 50004336<br>Município: São Gabriel do Oeste<br>Fonte: INEP Censo Escolar 2025 + Catálogo de Escolas InepData]]></description><Point><coordinates>-54.5774134,-19.4053555,0</coordinates></Point></Placemark><Placemark><name>EE SAO GABRIEL</name><description><![CDATA[Código INEP: 50004344<br>Município: São Gabriel do Oeste<br>Fonte: INEP Censo Escolar 2025 + Catálogo de Escolas InepData]]></description><Point><coordinates>-54.5714916,-19.3963001,0</coordinates></Point></Placemark><Placemark><name>EE BERNARDINO FERREIRA DA CUNHA</name><description><![CDATA[Código INEP: 50004352<br>Município: São Gabriel do Oeste<br>Fonte: INEP Censo Escolar 2025 + Catálogo de Escolas InepData]]></description><Point><coordinates>-54.5728608,-19.3927046,0</coordinates></Point></Placemark><Placemark><name>ESCOLA MUNICIPAL PINGO DE GENTE</name><description><![CDATA[Código INEP: 50004360<br>Município: São Gabriel do Oeste<br>Fonte: INEP Censo Escolar 2025 + Catálogo de Escolas InepData]]></description><Point><coordinates>-54.5775098,-19.4055904,0</coordinates></Point></Placemark><Placemark><name>ESCOLA MUNICIPAL ARMELINDO TONON</name><description><![CDATA[Código INEP: 50004409<br>Município: São Gabriel do Oeste<br>Fonte: INEP Censo Escolar 2025 + Catálogo de Escolas InepData]]></description><Point><coordinates>-54.5641043,-19.3952555,0</coordinates></Point></Placemark><Placemark><name>ESCOLA MUNICIPAL ENIO CARLOS BORTOLINI</name><description><![CDATA[Código INEP: 50004417<br>Município: São Gabriel do Oeste<br>Fonte: INEP Censo Escolar 2025 + Catálogo de Escolas InepData]]></description><Point><coordinates>-54.5845343,-19.3902373,0</coordinates></Point></Placemark><Placemark><name>ESCOLA MUNICIPAL NILMA GLORIA GERACE GAZINEU</name><description><![CDATA[Código INEP: 50004425<br>Município: São Gabriel do Oeste<br>Fonte: INEP Censo Escolar 2025 + Catálogo de Escolas InepData]]></description><Point><coordinates>-54.58176333,-19.37739833,0</coordinates></Point></Placemark><Placemark><name>ESCOLA FABIANO DE CRISTO</name><description><![CDATA[Código INEP: 50004468<br>Município: São Gabriel do Oeste<br>Fonte: INEP Censo Escolar 2025 + Catálogo de Escolas InepData]]></description><Point><coordinates>-54.5828253,-19.382091,0</coordinates></Point></Placemark><Placemark><name>FUNDACAO EDUCACIONAL CRISTO REI</name><description><![CDATA[Código INEP: 50004476<br>Município: São Gabriel do Oeste<br>Fonte: INEP Censo Escolar 2025 + Catálogo de Escolas InepData]]></description><Point><coordinates>-54.5804314,-19.3966501,0</coordinates></Point></Placemark><Placemark><name>CENTRO MUNICIPAL DE EDUCACAO INFANTIL MUNDO DA CRIANCA</name><description><![CDATA[Código INEP: 50024663<br>Município: São Gabriel do Oeste<br>Fonte: INEP Censo Escolar 2025 + Catálogo de Escolas InepData]]></description><Point><coordinates>-54.5802301,-19.3911673,0</coordinates></Point></Placemark><Placemark><name>CENTRO MUNICIPAL DE EDUCACAO INFANTIL JARDIM GRAMADO</name><description><![CDATA[Código INEP: 50024671<br>Município: São Gabriel do Oeste<br>Fonte: INEP Censo Escolar 2025 + Catálogo de Escolas InepData]]></description><Point><coordinates>-54.5888655,-19.3735652,0</coordinates></Point></Placemark><Placemark><name>ESCOLA DENTE DE LEITE</name><description><![CDATA[Código INEP: 50027344<br>Município: São Gabriel do Oeste<br>Fonte: INEP Censo Escolar 2025 + Catálogo de Escolas InepData]]></description><Point><coordinates>-54.5727062,-19.4050003,0</coordinates></Point></Placemark><Placemark><name>EE PROFª CREUZA APARECIDA DELLA COLETA</name><description><![CDATA[Código INEP: 50027638<br>Município: São Gabriel do Oeste<br>Fonte: INEP Censo Escolar 2025 + Catálogo de Escolas InepData]]></description><Point><coordinates>-54.5860931,-19.3781905,0</coordinates></Point></Placemark><Placemark><name>ESCOLA JUNIOR</name><description><![CDATA[Código INEP: 50028707<br>Município: São Gabriel do Oeste<br>Fonte: INEP Censo Escolar 2025 + Catálogo de Escolas InepData]]></description><Point><coordinates>-54.5748402,-19.3959705,0</coordinates></Point></Placemark><Placemark><name>EE DORCELINA FOLADOR</name><description><![CDATA[Código INEP: 50028960<br>Município: São Gabriel do Oeste<br>Fonte: INEP Censo Escolar 2025 + Catálogo de Escolas InepData]]></description><Point><coordinates>-54.60974925,-19.28303031,0</coordinates></Point></Placemark><Placemark><name>CENTRO MUNICIPAL DE EDUCACAO INFANTIL PEQUENO CIDADAO</name><description><![CDATA[Código INEP: 50030540<br>Município: São Gabriel do Oeste<br>Fonte: INEP Censo Escolar 2025 + Catálogo de Escolas InepData]]></description><Point><coordinates>-54.564441,-19.3949076,0</coordinates></Point></Placemark><Placemark><name>CENTRO MUNICIPAL DE EDUCACAO INFANTIL CRIANCA FELIZ</name><description><![CDATA[Código INEP: 50031864<br>Município: São Gabriel do Oeste<br>Fonte: INEP Censo Escolar 2025 + Catálogo de Escolas InepData]]></description><Point><coordinates>-54.58060987,-19.3806244,0</coordinates></Point></Placemark><Placemark><name>CEI SONHO MEU</name><description><![CDATA[Código INEP: 50033620<br>Município: São Gabriel do Oeste<br>Fonte: INEP Censo Escolar 2025 + Catálogo de Escolas InepData]]></description><Point><coordinates>-54.5229441,-19.4505913,0</coordinates></Point></Placemark><Placemark><name>CENTRO DE EDUCACAO E RECREACAO INFANTIL FUTURO BRILHANTE</name><description><![CDATA[Código INEP: 50034529<br>Município: São Gabriel do Oeste<br>Fonte: INEP Censo Escolar 2025 + Catálogo de Escolas InepData]]></description><Point><coordinates>-54.58267333,-19.39452167,0</coordinates></Point></Placemark><Placemark><name>ESCOLA MUNICIPAL SENADOR FILINTO MULLER</name><description><![CDATA[Código INEP: 50004522<br>Município: São Gabriel do Oeste<br>Fonte: INEP Censo Escolar 2025 + Catálogo de Escolas InepData]]></description><Point><coordinates>-54.3280718,-19.2525299,0</coordinates></Point></Placemark><Placemark><name>CENTRO DE EDUCACAO ESPECIAL SETEQUEDENSE - CEES</name><description><![CDATA[Código INEP: 50021656<br>Município: Sete Quedas<br>Fonte: INEP Censo Escolar 2025 + Catálogo de Escolas InepData]]></description><Point><coordinates>-55.04097651,-23.97999089,0</coordinates></Point></Placemark><Placemark><name>ESCOLA RURAL MUNICIPAL OSVALDO CRUZ - POLO</name><description><![CDATA[Código INEP: 50021680<br>Município: Sete Quedas<br>Fonte: INEP Censo Escolar 2025 + Catálogo de Escolas InepData]]></description><Point><coordinates>-54.9399736,-23.9627203,0</coordinates></Point></Placemark><Placemark><name>EE 13 DE MAIO</name><description><![CDATA[Código INEP: 50021699<br>Município: Sete Quedas<br>Fonte: INEP Censo Escolar 2025 + Catálogo de Escolas InepData]]></description><Point><coordinates>-55.0528983,-23.9780733,0</coordinates></Point></Placemark><Placemark><name>EE 4 DE ABRIL</name><description><![CDATA[Código INEP: 50021702<br>Município: Sete Quedas<br>Fonte: INEP Censo Escolar 2025 + Catálogo de Escolas InepData]]></description><Point><coordinates>-55.0346021,-23.9737573,0</coordinates></Point></Placemark><Placemark><name>EE GUIMARAES ROSA</name><description><![CDATA[Código INEP: 50021710<br>Município: Sete Quedas<br>Fonte: INEP Censo Escolar 2025 + Catálogo de Escolas InepData]]></description><Point><coordinates>-55.04360172,-23.97947174,0</coordinates></Point></Placemark><Placemark><name>CENTRO EDUCACIONAL INFANTIL MEUS FILHOS</name><description><![CDATA[Código INEP: 50026526<br>Município: Sete Quedas<br>Fonte: INEP Censo Escolar 2025 + Catálogo de Escolas InepData]]></description><Point><coordinates>-55.0414636,-23.978251,0</coordinates></Point></Placemark><Placemark><name>ESCOLA MUNICIPAL INACIO DE CASTRO</name><description><![CDATA[Código INEP: 50030000<br>Município: Sete Quedas<br>Fonte: INEP Censo Escolar 2025 + Catálogo de Escolas InepData]]></description><Point><coordinates>-55.02834861,-23.97018066,0</coordinates></Point></Placemark><Placemark><name>CENTRO EDUCACIONAL INFANTIL PROFESSORA SOLIRIA</name><description><![CDATA[Código INEP: 50030019<br>Município: Sete Quedas<br>Fonte: INEP Censo Escolar 2025 + Catálogo de Escolas InepData]]></description><Point><coordinates>-55.0541329,-23.972575,0</coordinates></Point></Placemark><Placemark><name>EE ANA MARIA DE SOUZA</name><description><![CDATA[Código INEP: 50011618<br>Município: Selvíria<br>Fonte: INEP Censo Escolar 2025 + Catálogo de Escolas InepData]]></description><Point><coordinates>-51.4173907,-20.3617567,0</coordinates></Point></Placemark><Placemark><name>EMEIEF JOAQUIM CAMARGO</name><description><![CDATA[Código INEP: 50011626<br>Município: Selvíria<br>Fonte: INEP Censo Escolar 2025 + Catálogo de Escolas InepData]]></description><Point><coordinates>-51.4437706,-20.3758623,0</coordinates></Point></Placemark><Placemark><name>EMEIEF PROF NELSON DUARTE ROCHA</name><description><![CDATA[Código INEP: 50011634<br>Município: Selvíria<br>Fonte: INEP Censo Escolar 2025 + Catálogo de Escolas InepData]]></description><Point><coordinates>-51.419319,-20.3674118,0</coordinates></Point></Placemark><Placemark><name>ESCOLA MUNICIPAL DO CAMPO PROFESSOR JOSE DODO DA ROCHA</name><description><![CDATA[Código INEP: 50022768<br>Município: Selvíria<br>Fonte: INEP Censo Escolar 2025 + Catálogo de Escolas InepData]]></description><Point><coordinates>-51.8100678,-20.1519659,0</coordinates></Point></Placemark><Placemark><name>CEI - SELVIRIA ALEXANDRE</name><description><![CDATA[Código INEP: 50030752<br>Município: Selvíria<br>Fonte: INEP Censo Escolar 2025 + Catálogo de Escolas InepData]]></description><Point><coordinates>-51.4251796,-20.3673717,0</coordinates></Point></Placemark><Placemark><name>CENTRO DE EDUCACAO ESPECIAL DE SIDROLANDIA - APAE</name><description><![CDATA[Código INEP: 50009826<br>Município: Sidrolândia<br>Fonte: INEP Censo Escolar 2025 + Catálogo de Escolas InepData]]></description><Point><coordinates>-54.96562,-20.9360683,0</coordinates></Point></Placemark><Placemark><name>CMEI - LAR DA CRIANCA</name><description><![CDATA[Código INEP: 50009834<br>Município: Sidrolândia<br>Fonte: INEP Censo Escolar 2025 + Catálogo de Escolas InepData]]></description><Point><coordinates>-54.963648,-20.9374859,0</coordinates></Point></Placemark><Placemark><name>CMEI - INES NUNES DOS SANTOS</name><description><![CDATA[Código INEP: 50009842<br>Município: Sidrolândia<br>Fonte: INEP Censo Escolar 2025 + Catálogo de Escolas InepData]]></description><Point><coordinates>-54.9629284,-20.9240211,0</coordinates></Point></Placemark><Placemark><name>EE PROFª CATARINA DE ABREU</name><description><![CDATA[Código INEP: 50009850<br>Município: Sidrolândia<br>Fonte: INEP Censo Escolar 2025 + Catálogo de Escolas InepData]]></description><Point><coordinates>-54.959587,-20.939087,0</coordinates></Point></Placemark><Placemark><name>EE SIDRONIO ANTUNES DE ANDRADE</name><description><![CDATA[Código INEP: 50009869<br>Município: Sidrolândia<br>Fonte: INEP Censo Escolar 2025 + Catálogo de Escolas InepData]]></description><Point><coordinates>-54.9676425,-20.940434,0</coordinates></Point></Placemark><Placemark><name>EM PEDRO ALEIXO</name><description><![CDATA[Código INEP: 50009877<br>Município: Sidrolândia<br>Fonte: INEP Censo Escolar 2025 + Catálogo de Escolas InepData]]></description><Point><coordinates>-54.960817,-20.9308166,0</coordinates></Point></Placemark><Placemark><name>EM PORFIRIA LOPES DO NASCIMENTO</name><description><![CDATA[Código INEP: 50009885<br>Município: Sidrolândia<br>Fonte: INEP Censo Escolar 2025 + Catálogo de Escolas InepData]]></description><Point><coordinates>-54.9560084,-20.9386623,0</coordinates></Point></Placemark><Placemark><name>EM PROFª NATALIA MORAES DE OLIVEIRA</name><description><![CDATA[Código INEP: 50009893<br>Município: Sidrolândia<br>Fonte: INEP Censo Escolar 2025 + Catálogo de Escolas InepData]]></description><Point><coordinates>-54.9654967,-20.9240183,0</coordinates></Point></Placemark><Placemark><name>EM VALERIO CARLOS DA COSTA</name><description><![CDATA[Código INEP: 50009907<br>Município: Sidrolândia<br>Fonte: INEP Censo Escolar 2025 + Catálogo de Escolas InepData]]></description><Point><coordinates>-54.9653593,-20.937991,0</coordinates></Point></Placemark><Placemark><name>EM OLINDA BRITO DE SOUZA</name><description><![CDATA[Código INEP: 50009923<br>Município: Sidrolândia<br>Fonte: INEP Censo Escolar 2025 + Catálogo de Escolas InepData]]></description><Point><coordinates>-54.96446148,-20.93169336,0</coordinates></Point></Placemark><Placemark><name>ESCOLA NOSSA SENHORA DA ABADIA</name><description><![CDATA[Código INEP: 50009931<br>Município: Sidrolândia<br>Fonte: INEP Censo Escolar 2025 + Catálogo de Escolas InepData]]></description><Point><coordinates>-54.9609819,-20.9297982,0</coordinates></Point></Placemark><Placemark><name>EE PAULO EDUARDO DE SOUZA FIRMO</name><description><![CDATA[Código INEP: 50023390<br>Município: Sidrolândia<br>Fonte: INEP Censo Escolar 2025 + Catálogo de Escolas InepData]]></description><Point><coordinates>-54.7483695,-20.9767749,0</coordinates></Point></Placemark><Placemark><name>EMI CACIQUE ARMANDO GABRIEL - POLO</name><description><![CDATA[Código INEP: 50024183<br>Município: Sidrolândia<br>Fonte: INEP Censo Escolar 2025 + Catálogo de Escolas InepData]]></description><Point><coordinates>-55.1758316,-20.8702378,0</coordinates></Point></Placemark><Placemark><name>EM DARCY RIBEIRO-POLO</name><description><![CDATA[Código INEP: 50024892<br>Município: Sidrolândia<br>Fonte: INEP Censo Escolar 2025 + Catálogo de Escolas InepData]]></description><Point><coordinates>-54.8947841,-21.1986393,0</coordinates></Point></Placemark><Placemark><name>CMEI - JOAO LEMES DE SOUZA</name><description><![CDATA[Código INEP: 50026968<br>Município: Sidrolândia<br>Fonte: INEP Censo Escolar 2025 + Catálogo de Escolas InepData]]></description><Point><coordinates>-54.9693286,-20.9231652,0</coordinates></Point></Placemark><Placemark><name>EM MONTEIRO LOBATO</name><description><![CDATA[Código INEP: 50026976<br>Município: Sidrolândia<br>Fonte: INEP Censo Escolar 2025 + Catálogo de Escolas InepData]]></description><Point><coordinates>-54.7826245,-21.221648,0</coordinates></Point></Placemark><Placemark><name>CMEI - IRMA DEMETRIA PEDROSA DE ALMEIDA</name><description><![CDATA[Código INEP: 50028448<br>Município: Sidrolândia<br>Fonte: INEP Censo Escolar 2025 + Catálogo de Escolas InepData]]></description><Point><coordinates>-54.9659106,-20.9376176,0</coordinates></Point></Placemark><Placemark><name>EE KOPENOTI DE EM PROF LUCIO DIAS</name><description><![CDATA[Código INEP: 50030760<br>Município: Sidrolândia<br>Fonte: INEP Censo Escolar 2025 + Catálogo de Escolas InepData]]></description><Point><coordinates>-55.1758316,-20.8702378,0</coordinates></Point></Placemark><Placemark><name>EM LEONIDA LA ROSA BALBUENA</name><description><![CDATA[Código INEP: 50031619<br>Município: Sidrolândia<br>Fonte: INEP Censo Escolar 2025 + Catálogo de Escolas InepData]]></description><Point><coordinates>-54.6010779,-20.9541612,0</coordinates></Point></Placemark><Placemark><name>CMEI - PROFESSORA TELMA FERREIRA RABERO</name><description><![CDATA[Código INEP: 50031627<br>Município: Sidrolândia<br>Fonte: INEP Censo Escolar 2025 + Catálogo de Escolas InepData]]></description><Point><coordinates>-54.97338473,-20.93440059,0</coordinates></Point></Placemark><Placemark><name>AGENCIA SENAI SIDROLANDIA</name><description><![CDATA[Código INEP: 50032194<br>Município: Sidrolândia<br>Fonte: INEP Censo Escolar 2025 + Catálogo de Escolas InepData]]></description><Point><coordinates>-54.968275,-20.94178833,0</coordinates></Point></Placemark><Placemark><name>CAEE - SIDROLANDIA</name><description><![CDATA[Código INEP: 50032305<br>Município: Sidrolândia<br>Fonte: INEP Censo Escolar 2025 + Catálogo de Escolas InepData]]></description><Point><coordinates>-54.96765,-20.94321,0</coordinates></Point></Placemark><Placemark><name>EM ARIANO SUASSUNA</name><description><![CDATA[Código INEP: 50032771<br>Município: Sidrolândia<br>Fonte: INEP Censo Escolar 2025 + Catálogo de Escolas InepData]]></description><Point><coordinates>-54.7402169,-21.3201917,0</coordinates></Point></Placemark><Placemark><name>ESCOLA MUNICIPAL JOAO BATISTA</name><description><![CDATA[Código INEP: 50032780<br>Município: Sidrolândia<br>Fonte: INEP Censo Escolar 2025 + Catálogo de Escolas InepData]]></description><Point><coordinates>-54.59185833,-21.11882,0</coordinates></Point></Placemark><Placemark><name>ESCOLA MUNICIPAL INDIGENA CACIQUE JOAO BATISTA FIGUEIREDO</name><description><![CDATA[Código INEP: 50033352<br>Município: Sidrolândia<br>Fonte: INEP Censo Escolar 2025 + Catálogo de Escolas InepData]]></description><Point><coordinates>-54.974598,-20.9387254,0</coordinates></Point></Placemark><Placemark><name>CMEI - CANTINHO FELIZ</name><description><![CDATA[Código INEP: 50037803<br>Município: Sidrolândia<br>Fonte: INEP Censo Escolar 2025 + Catálogo de Escolas InepData]]></description><Point><coordinates>-54.96889877,-20.94280617,0</coordinates></Point></Placemark><Placemark><name>EM ELDORADO</name><description><![CDATA[Código INEP: 50044826<br>Município: Sidrolândia<br>Fonte: INEP Censo Escolar 2025 + Catálogo de Escolas InepData]]></description><Point><coordinates>-54.7466316,-20.9790007,0</coordinates></Point></Placemark><Placemark><name>CMEI PROF MICHELLE MARIA CANEJO</name><description><![CDATA[Código INEP: 50060813<br>Município: Sidrolândia<br>Fonte: INEP Censo Escolar 2025 + Catálogo de Escolas InepData]]></description><Point><coordinates>-54.9612023,-20.946098,0</coordinates></Point></Placemark><Placemark><name>INSTITUTO EDUCACIONAL ARANCUA</name><description><![CDATA[Código INEP: 50082957<br>Município: Sidrolândia<br>Fonte: INEP Censo Escolar 2025 + Catálogo de Escolas InepData]]></description><Point><coordinates>-54.9586801,-20.9221902,0</coordinates></Point></Placemark><Placemark><name>EE VESPASIANO MARTINS</name><description><![CDATA[Código INEP: 50009974<br>Município: Sidrolândia<br>Fonte: INEP Censo Escolar 2025 + Catálogo de Escolas InepData]]></description><Point><coordinates>-55.1199386,-20.7434643,0</coordinates></Point></Placemark><Placemark><name>EM DOMINGOS ALVES NANTES - POLO</name><description><![CDATA[Código INEP: 50009982<br>Município: Sidrolândia<br>Fonte: INEP Censo Escolar 2025 + Catálogo de Escolas InepData]]></description><Point><coordinates>-55.117594,-20.7508099,0</coordinates></Point></Placemark><Placemark><name>CMEI - PROFª ELZA ALVES LEME</name><description><![CDATA[Código INEP: 50030086<br>Município: Sidrolândia<br>Fonte: INEP Censo Escolar 2025 + Catálogo de Escolas InepData]]></description><Point><coordinates>-55.1125395,-20.7426322,0</coordinates></Point></Placemark><Placemark><name>EE COMANDANTE MAURICIO COUTINHO DUTRA</name><description><![CDATA[Código INEP: 50004620<br>Município: Sonora<br>Fonte: INEP Censo Escolar 2025 + Catálogo de Escolas InepData]]></description><Point><coordinates>-54.7568725,-17.5873885,0</coordinates></Point></Placemark><Placemark><name>ESCOLA MUNICIPAL FRANCESCO BATTISTA GIOBBI</name><description><![CDATA[Código INEP: 50004638<br>Município: Sonora<br>Fonte: INEP Censo Escolar 2025 + Catálogo de Escolas InepData]]></description><Point><coordinates>-54.7564443,-17.5806782,0</coordinates></Point></Placemark><Placemark><name>EM IRMA ARALDI KOHL POLO E EXTENSAO PROFESSORA MARIA ENEDINA GONCALVES PEREIRA</name><description><![CDATA[Código INEP: 50004646<br>Município: Sonora<br>Fonte: INEP Censo Escolar 2025 + Catálogo de Escolas InepData]]></description><Point><coordinates>-54.7410242,-17.8007168,0</coordinates></Point></Placemark><Placemark><name>EM LUIGI GAZZOLO</name><description><![CDATA[Código INEP: 50022652<br>Município: Sonora<br>Fonte: INEP Censo Escolar 2025 + Catálogo de Escolas InepData]]></description><Point><coordinates>-54.7597685,-17.5858579,0</coordinates></Point></Placemark><Placemark><name>CMEI - LORENZO GIOBBI</name><description><![CDATA[Código INEP: 50027670<br>Município: Sonora<br>Fonte: INEP Censo Escolar 2025 + Catálogo de Escolas InepData]]></description><Point><coordinates>-54.758354,-17.5865855,0</coordinates></Point></Placemark><Placemark><name>CEDESO - C DE EDUC ESPECIAL DE SONORA</name><description><![CDATA[Código INEP: 50027778<br>Município: Sonora<br>Fonte: INEP Censo Escolar 2025 + Catálogo de Escolas InepData]]></description><Point><coordinates>-54.7514899,-17.5851399,0</coordinates></Point></Placemark><Placemark><name>CMEI - PAULO HENRIQUE ZANIN - POLO</name><description><![CDATA[Código INEP: 50029550<br>Município: Sonora<br>Fonte: INEP Censo Escolar 2025 + Catálogo de Escolas InepData]]></description><Point><coordinates>-54.7557074,-17.5799894,0</coordinates></Point></Placemark><Placemark><name>ESCOLA IOLANDA TONIAZZO PETRY</name><description><![CDATA[Código INEP: 50030094<br>Município: Sonora<br>Fonte: INEP Censo Escolar 2025 + Catálogo de Escolas InepData]]></description><Point><coordinates>-54.7527208,-17.5850837,0</coordinates></Point></Placemark><Placemark><name>AGENCIA SENAI SONORA</name><description><![CDATA[Código INEP: 50032496<br>Município: Sonora<br>Fonte: INEP Censo Escolar 2025 + Catálogo de Escolas InepData]]></description><Point><coordinates>-54.754575,-17.5908959,0</coordinates></Point></Placemark><Placemark><name>CMEI - OSORIO VALEIS</name><description><![CDATA[Código INEP: 50033719<br>Município: Sonora<br>Fonte: INEP Censo Escolar 2025 + Catálogo de Escolas InepData]]></description><Point><coordinates>-54.755221,-17.5823047,0</coordinates></Point></Placemark><Placemark><name>EM JOSE GUILHERME FARINON</name><description><![CDATA[Código INEP: 50039601<br>Município: Sonora<br>Fonte: INEP Censo Escolar 2025 + Catálogo de Escolas InepData]]></description><Point><coordinates>-54.7575605,-17.5769224,0</coordinates></Point></Placemark><Placemark><name>CMEI - LUCIANO SAMURIO DA SILVA</name><description><![CDATA[Código INEP: 50044800<br>Município: Sonora<br>Fonte: INEP Censo Escolar 2025 + Catálogo de Escolas InepData]]></description><Point><coordinates>-54.749418,-17.5806591,0</coordinates></Point></Placemark><Placemark><name>EE PROF CLETO DE MORAES COSTA</name><description><![CDATA[Código INEP: 50021796<br>Município: Tacuru<br>Fonte: INEP Censo Escolar 2025 + Catálogo de Escolas InepData]]></description><Point><coordinates>-55.0184761,-23.636819,0</coordinates></Point></Placemark><Placemark><name>ESCOLA MUNICIPAL PROFESSORA CECILIA MUTSUMI HONDA PERECIN - POLO</name><description><![CDATA[Código INEP: 50021818<br>Município: Tacuru<br>Fonte: INEP Censo Escolar 2025 + Catálogo de Escolas InepData]]></description><Point><coordinates>-55.0124962,-23.6362274,0</coordinates></Point></Placemark><Placemark><name>CEI - CENTRO EDUCACIONAL INFANTIL SORRISO DA CRIANCA</name><description><![CDATA[Código INEP: 50026518<br>Município: Tacuru<br>Fonte: INEP Censo Escolar 2025 + Catálogo de Escolas InepData]]></description><Point><coordinates>-55.0190981,-23.6377121,0</coordinates></Point></Placemark><Placemark><name>ESCOLA MUNICIPAL INDIGENA UBALDO ARANDU KWE - MI - POLO</name><description><![CDATA[Código INEP: 50029894<br>Município: Tacuru<br>Fonte: INEP Censo Escolar 2025 + Catálogo de Escolas InepData]]></description><Point><coordinates>-54.778821,-23.5944925,0</coordinates></Point></Placemark><Placemark><name>ESCOLA MUNICIPAL TOMASIA DE VARGAS - POLO</name><description><![CDATA[Código INEP: 50033050<br>Município: Tacuru<br>Fonte: INEP Censo Escolar 2025 + Catálogo de Escolas InepData]]></description><Point><coordinates>-54.9492174,-23.7120948,0</coordinates></Point></Placemark><Placemark><name>ESCOLA ESTADUAL INDIGENA JASY RENDY</name><description><![CDATA[Código INEP: 50034090<br>Município: Tacuru<br>Fonte: INEP Censo Escolar 2025 + Catálogo de Escolas InepData]]></description><Point><coordinates>-54.77931697,-23.59317221,0</coordinates></Point></Placemark><Placemark><name>ESCOLA DE EDUCACAO ESPECIAL NOVA ESPERANCA</name><description><![CDATA[Código INEP: 50034260<br>Município: Tacuru<br>Fonte: INEP Censo Escolar 2025 + Catálogo de Escolas InepData]]></description><Point><coordinates>-55.0141567,-23.637985,0</coordinates></Point></Placemark><Placemark><name>CEI PROFESSORA CLAUDIA DO NASCIMENTO</name><description><![CDATA[Código INEP: 50035444<br>Município: Tacuru<br>Fonte: INEP Censo Escolar 2025 + Catálogo de Escolas InepData]]></description><Point><coordinates>-55.02460111,-23.64044295,0</coordinates></Point></Placemark><Placemark><name>EE DR MARTINHO MARQUES</name><description><![CDATA[Código INEP: 50013610<br>Município: Taquarussu<br>Fonte: INEP Censo Escolar 2025 + Catálogo de Escolas InepData]]></description><Point><coordinates>-53.3524885,-22.4856233,0</coordinates></Point></Placemark><Placemark><name>CEI - ESMERALDA CARVALHO CUNHA</name><description><![CDATA[Código INEP: 50026470<br>Município: Taquarussu<br>Fonte: INEP Censo Escolar 2025 + Catálogo de Escolas InepData]]></description><Point><coordinates>-53.3420906,-22.4838514,0</coordinates></Point></Placemark><Placemark><name>ESCOLA DE EDUCACAO ESPECIAL NOVOS HORIZONTES</name><description><![CDATA[Código INEP: 50027131<br>Município: Taquarussu<br>Fonte: INEP Censo Escolar 2025 + Catálogo de Escolas InepData]]></description><Point><coordinates>-53.34572892,-22.48659255,0</coordinates></Point></Placemark><Placemark><name>ESCOLA MUNICIPAL IRENE LINDA ZIOLE CRIVELLI</name><description><![CDATA[Código INEP: 50029541<br>Município: Taquarussu<br>Fonte: INEP Censo Escolar 2025 + Catálogo de Escolas InepData]]></description><Point><coordinates>-53.3437844,-22.4873579,0</coordinates></Point></Placemark><Placemark><name>EE ANTONIO NOGUEIRA DA FONSECA</name><description><![CDATA[Código INEP: 50010018<br>Município: Terenos<br>Fonte: INEP Censo Escolar 2025 + Catálogo de Escolas InepData]]></description><Point><coordinates>-54.7691145,-20.4788927,0</coordinates></Point></Placemark><Placemark><name>EE ANTONIO VALADARES</name><description><![CDATA[Código INEP: 50010026<br>Município: Terenos<br>Fonte: INEP Censo Escolar 2025 + Catálogo de Escolas InepData]]></description><Point><coordinates>-54.86171988,-20.44269527,0</coordinates></Point></Placemark><Placemark><name>EE EDUARDO PEREZ</name><description><![CDATA[Código INEP: 50010034<br>Município: Terenos<br>Fonte: INEP Censo Escolar 2025 + Catálogo de Escolas InepData]]></description><Point><coordinates>-54.871852,-20.4426885,0</coordinates></Point></Placemark><Placemark><name>EM ALVARO LOPES</name><description><![CDATA[Código INEP: 50010042<br>Município: Terenos<br>Fonte: INEP Censo Escolar 2025 + Catálogo de Escolas InepData]]></description><Point><coordinates>-54.86849,-20.447,0</coordinates></Point></Placemark><Placemark><name>EM ANTONIO SANDIM DE REZENDE</name><description><![CDATA[Código INEP: 50010050<br>Município: Terenos<br>Fonte: INEP Censo Escolar 2025 + Catálogo de Escolas InepData]]></description><Point><coordinates>-54.9088321,-20.3334222,0</coordinates></Point></Placemark><Placemark><name>EM ASSENTAMENTO CAMPO VERDE</name><description><![CDATA[Código INEP: 50010069<br>Município: Terenos<br>Fonte: INEP Censo Escolar 2025 + Catálogo de Escolas InepData]]></description><Point><coordinates>-55.0226983,-20.7393833,0</coordinates></Point></Placemark><Placemark><name>ESCOLA MUNICIPAL JAMIC</name><description><![CDATA[Código INEP: 50010077<br>Município: Terenos<br>Fonte: INEP Censo Escolar 2025 + Catálogo de Escolas InepData]]></description><Point><coordinates>-55.0149053,-20.4041886,0</coordinates></Point></Placemark><Placemark><name>ESCOLA ESPECIAL RAIO DE LUZ - PESTALOZZI</name><description><![CDATA[Código INEP: 50010093<br>Município: Terenos<br>Fonte: INEP Censo Escolar 2025 + Catálogo de Escolas InepData]]></description><Point><coordinates>-54.8672651,-20.4468417,0</coordinates></Point></Placemark><Placemark><name>CMEI - SANTA ANA</name><description><![CDATA[Código INEP: 50025635<br>Município: Terenos<br>Fonte: INEP Censo Escolar 2025 + Catálogo de Escolas InepData]]></description><Point><coordinates>-54.8726899,-20.4390944,0</coordinates></Point></Placemark><Placemark><name>EM ISABEL DE CAMPOS WIDAL RODRIGUES</name><description><![CDATA[Código INEP: 50029533<br>Município: Terenos<br>Fonte: INEP Censo Escolar 2025 + Catálogo de Escolas InepData]]></description><Point><coordinates>-54.9317191,-20.7390445,0</coordinates></Point></Placemark><Placemark><name>ESCOLA MUNICIPAL ROSA IDALINA BRAGA BARBOZA</name><description><![CDATA[Código INEP: 50031082<br>Município: Terenos<br>Fonte: INEP Censo Escolar 2025 + Catálogo de Escolas InepData]]></description><Point><coordinates>-54.8619506,-20.443701,0</coordinates></Point></Placemark><Placemark><name>EM SALUSTIANO DA MOTTA</name><description><![CDATA[Código INEP: 50031090<br>Município: Terenos<br>Fonte: INEP Censo Escolar 2025 + Catálogo de Escolas InepData]]></description><Point><coordinates>-55.0066222,-20.6903779,0</coordinates></Point></Placemark><Placemark><name>ESCOLA MUNICIPAL PROFª VILMA FATIMA DE ASSIS BARRETO</name><description><![CDATA[Código INEP: 50032151<br>Município: Terenos<br>Fonte: INEP Censo Escolar 2025 + Catálogo de Escolas InepData]]></description><Point><coordinates>-55.2045478,-20.4331831,0</coordinates></Point></Placemark><Placemark><name>CAEE - TERENOS</name><description><![CDATA[Código INEP: 50032364<br>Município: Terenos<br>Fonte: INEP Censo Escolar 2025 + Catálogo de Escolas InepData]]></description><Point><coordinates>-54.8671813,-20.4469817,0</coordinates></Point></Placemark><Placemark><name>CMEI - PRO INFANCIA VITOR GLAGAU</name><description><![CDATA[Código INEP: 50032925<br>Município: Terenos<br>Fonte: INEP Censo Escolar 2025 + Catálogo de Escolas InepData]]></description><Point><coordinates>-54.8640941,-20.4442302,0</coordinates></Point></Placemark><Placemark><name>ESCOLA DOCE INFANCIA</name><description><![CDATA[Código INEP: 50012045<br>Município: Três Lagoas<br>Fonte: INEP Censo Escolar 2025 + Catálogo de Escolas InepData]]></description><Point><coordinates>-51.70215,-20.77745,0</coordinates></Point></Placemark><Placemark><name>EE JOSE FERREIRA</name><description><![CDATA[Código INEP: 50012088<br>Município: Três Lagoas<br>Fonte: INEP Censo Escolar 2025 + Catálogo de Escolas InepData]]></description><Point><coordinates>-51.6364236,-20.7914986,0</coordinates></Point></Placemark><Placemark><name>EE AFONSO PENA</name><description><![CDATA[Código INEP: 50012096<br>Município: Três Lagoas<br>Fonte: INEP Censo Escolar 2025 + Catálogo de Escolas InepData]]></description><Point><coordinates>-51.7062055,-20.7857193,0</coordinates></Point></Placemark><Placemark><name>EE BOM JESUS</name><description><![CDATA[Código INEP: 50012100<br>Município: Três Lagoas<br>Fonte: INEP Censo Escolar 2025 + Catálogo de Escolas InepData]]></description><Point><coordinates>-51.6924413,-20.7769844,0</coordinates></Point></Placemark><Placemark><name>EE DOM AQUINO CORREA</name><description><![CDATA[Código INEP: 50012118<br>Município: Três Lagoas<br>Fonte: INEP Censo Escolar 2025 + Catálogo de Escolas InepData]]></description><Point><coordinates>-51.71681965,-20.79517167,0</coordinates></Point></Placemark><Placemark><name>EE EDWARDS CORREA E SOUZA</name><description><![CDATA[Código INEP: 50012126<br>Município: Três Lagoas<br>Fonte: INEP Censo Escolar 2025 + Catálogo de Escolas InepData]]></description><Point><coordinates>-51.7105726,-20.7795319,0</coordinates></Point></Placemark><Placemark><name>EE FERNANDO CORREA</name><description><![CDATA[Código INEP: 50012134<br>Município: Três Lagoas<br>Fonte: INEP Censo Escolar 2025 + Catálogo de Escolas InepData]]></description><Point><coordinates>-51.7023452,-20.7788206,0</coordinates></Point></Placemark><Placemark><name>EE JOAO DANTAS FILGUEIRAS</name><description><![CDATA[Código INEP: 50012142<br>Município: Três Lagoas<br>Fonte: INEP Censo Escolar 2025 + Catálogo de Escolas InepData]]></description><Point><coordinates>-51.726506,-20.7831436,0</coordinates></Point></Placemark><Placemark><name>EE PADRE JOAO TOMES</name><description><![CDATA[Código INEP: 50012150<br>Município: Três Lagoas<br>Fonte: INEP Censo Escolar 2025 + Catálogo de Escolas InepData]]></description><Point><coordinates>-51.6662255,-20.7917707,0</coordinates></Point></Placemark><Placemark><name>EE PROF JOAO MAGIANO PINTO</name><description><![CDATA[Código INEP: 50012169<br>Município: Três Lagoas<br>Fonte: INEP Censo Escolar 2025 + Catálogo de Escolas InepData]]></description><Point><coordinates>-51.7008343,-20.7789121,0</coordinates></Point></Placemark><Placemark><name>EE JOAO PONCE DE ARRUDA</name><description><![CDATA[Código INEP: 50012177<br>Município: Três Lagoas<br>Fonte: INEP Censo Escolar 2025 + Catálogo de Escolas InepData]]></description><Point><coordinates>-51.6989866,-20.8004258,0</coordinates></Point></Placemark><Placemark><name>C E I DIOGENES DE LIMA</name><description><![CDATA[Código INEP: 50012185<br>Município: Três Lagoas<br>Fonte: INEP Censo Escolar 2025 + Catálogo de Escolas InepData]]></description><Point><coordinates>-51.7042513,-20.770076,0</coordinates></Point></Placemark><Placemark><name>EM EUFROSINA PINTO</name><description><![CDATA[Código INEP: 50012193<br>Município: Três Lagoas<br>Fonte: INEP Censo Escolar 2025 + Catálogo de Escolas InepData]]></description><Point><coordinates>-51.7071497,-20.8056399,0</coordinates></Point></Placemark><Placemark><name>EM FLAUSINA DE ASSUNCAO MARINHO</name><description><![CDATA[Código INEP: 50012207<br>Município: Três Lagoas<br>Fonte: INEP Censo Escolar 2025 + Catálogo de Escolas InepData]]></description><Point><coordinates>-51.7006845,-20.8020737,0</coordinates></Point></Placemark><Placemark><name>EM GENTIL RODRIGUES MONTALVAO</name><description><![CDATA[Código INEP: 50012215<br>Município: Três Lagoas<br>Fonte: INEP Censo Escolar 2025 + Catálogo de Escolas InepData]]></description><Point><coordinates>-51.7230065,-20.7784079,0</coordinates></Point></Placemark><Placemark><name>EM JOAQUIM MARQUES DE SOUZA</name><description><![CDATA[Código INEP: 50012231<br>Município: Três Lagoas<br>Fonte: INEP Censo Escolar 2025 + Catálogo de Escolas InepData]]></description><Point><coordinates>-51.6746472,-20.7956677,0</coordinates></Point></Placemark><Placemark><name>EM OLYNTHO MANCINI</name><description><![CDATA[Código INEP: 50012240<br>Município: Três Lagoas<br>Fonte: INEP Censo Escolar 2025 + Catálogo de Escolas InepData]]></description><Point><coordinates>-51.7288492,-20.8057606,0</coordinates></Point></Placemark><Placemark><name>EM PARQUE SAO CARLOS</name><description><![CDATA[Código INEP: 50012258<br>Município: Três Lagoas<br>Fonte: INEP Censo Escolar 2025 + Catálogo de Escolas InepData]]></description><Point><coordinates>-51.7181849,-20.8082179,0</coordinates></Point></Placemark><Placemark><name>EM PRESIDENTE MEDICI</name><description><![CDATA[Código INEP: 50012266<br>Município: Três Lagoas<br>Fonte: INEP Censo Escolar 2025 + Catálogo de Escolas InepData]]></description><Point><coordinates>-51.6929932,-20.7863238,0</coordinates></Point></Placemark><Placemark><name>EM PROFª MARIA DE LOURDES LOPES</name><description><![CDATA[Código INEP: 50012274<br>Município: Três Lagoas<br>Fonte: INEP Censo Escolar 2025 + Catálogo de Escolas InepData]]></description><Point><coordinates>-51.6607409,-20.7919156,0</coordinates></Point></Placemark><Placemark><name>ESCOLA MUNICIPAL PROFESSORA MARIA EULALIA VIEIRA</name><description><![CDATA[Código INEP: 50012282<br>Município: Três Lagoas<br>Fonte: INEP Censo Escolar 2025 + Catálogo de Escolas InepData]]></description><Point><coordinates>-51.6874301,-20.7961719,0</coordinates></Point></Placemark><Placemark><name>EM PROF ODEIR ANTONIO DA SILVA</name><description><![CDATA[Código INEP: 50012290<br>Município: Três Lagoas<br>Fonte: INEP Censo Escolar 2025 + Catálogo de Escolas InepData]]></description><Point><coordinates>-51.7096609,-20.8073619,0</coordinates></Point></Placemark><Placemark><name>EM SENADOR FILINTO MULLER</name><description><![CDATA[Código INEP: 50012304<br>Município: Três Lagoas<br>Fonte: INEP Censo Escolar 2025 + Catálogo de Escolas InepData]]></description><Point><coordinates>-51.6929491,-20.7716031,0</coordinates></Point></Placemark><Placemark><name>ESCOLA DO SESI TRES LAGOAS</name><description><![CDATA[Código INEP: 50012320<br>Município: Três Lagoas<br>Fonte: INEP Censo Escolar 2025 + Catálogo de Escolas InepData]]></description><Point><coordinates>-51.727475,-20.78891167,0</coordinates></Point></Placemark><Placemark><name>CENTRO EDUCACIONAL DE TRES LAGOAS</name><description><![CDATA[Código INEP: 50012479<br>Município: Três Lagoas<br>Fonte: INEP Censo Escolar 2025 + Catálogo de Escolas InepData]]></description><Point><coordinates>-51.7030198,-20.7861354,0</coordinates></Point></Placemark><Placemark><name>EXITUS SISTEMA DE ENSINO</name><description><![CDATA[Código INEP: 50012487<br>Município: Três Lagoas<br>Fonte: INEP Censo Escolar 2025 + Catálogo de Escolas InepData]]></description><Point><coordinates>-51.69185211,-20.79050825,0</coordinates></Point></Placemark><Placemark><name>CEI - GUANABARA</name><description><![CDATA[Código INEP: 50023772<br>Município: Três Lagoas<br>Fonte: INEP Censo Escolar 2025 + Catálogo de Escolas InepData]]></description><Point><coordinates>-51.7218556,-20.8086524,0</coordinates></Point></Placemark><Placemark><name>EM GAL NELSON CUSTODIO DE OLIVEIRA</name><description><![CDATA[Código INEP: 50023780<br>Município: Três Lagoas<br>Fonte: INEP Censo Escolar 2025 + Catálogo de Escolas InepData]]></description><Point><coordinates>-51.7304854,-20.7940468,0</coordinates></Point></Placemark><Placemark><name>CEI - DONA DIVA GARCIA DE SOUZA</name><description><![CDATA[Código INEP: 50023799<br>Município: Três Lagoas<br>Fonte: INEP Censo Escolar 2025 + Catálogo de Escolas InepData]]></description><Point><coordinates>-51.6887565,-20.7685448,0</coordinates></Point></Placemark><Placemark><name>CEI - PROFESSORA ELIZIA OLIVEIRA DOS SANTOS</name><description><![CDATA[Código INEP: 50023802<br>Município: Três Lagoas<br>Fonte: INEP Censo Escolar 2025 + Catálogo de Escolas InepData]]></description><Point><coordinates>-51.7220117,-20.7875913,0</coordinates></Point></Placemark><Placemark><name>CEI - NILZA TEBET THOME</name><description><![CDATA[Código INEP: 50023810<br>Município: Três Lagoas<br>Fonte: INEP Censo Escolar 2025 + Catálogo de Escolas InepData]]></description><Point><coordinates>-51.693181,-20.7882707,0</coordinates></Point></Placemark><Placemark><name>CEI - NOSSA SENHORA APARECIDA</name><description><![CDATA[Código INEP: 50023829<br>Município: Três Lagoas<br>Fonte: INEP Censo Escolar 2025 + Catálogo de Escolas InepData]]></description><Point><coordinates>-51.7101284,-20.7937312,0</coordinates></Point></Placemark><Placemark><name>ESCOLA BATISTA SEMEAR</name><description><![CDATA[Código INEP: 50024698<br>Município: Três Lagoas<br>Fonte: INEP Censo Escolar 2025 + Catálogo de Escolas InepData]]></description><Point><coordinates>-51.7133036,-20.7879179,0</coordinates></Point></Placemark><Placemark><name>COLEGIO HERMESINDO ALONSO GONZALEZ</name><description><![CDATA[Código INEP: 50024701<br>Município: Três Lagoas<br>Fonte: INEP Censo Escolar 2025 + Catálogo de Escolas InepData]]></description><Point><coordinates>-51.71783254,-20.79106611,0</coordinates></Point></Placemark><Placemark><name>CEI - OLGA SALATI MARCONDES</name><description><![CDATA[Código INEP: 50024787<br>Município: Três Lagoas<br>Fonte: INEP Censo Escolar 2025 + Catálogo de Escolas InepData]]></description><Point><coordinates>-51.6747195,-20.8002478,0</coordinates></Point></Placemark><Placemark><name>CEI - JACI CAMBUI FERREIRA</name><description><![CDATA[Código INEP: 50027425<br>Município: Três Lagoas<br>Fonte: INEP Censo Escolar 2025 + Catálogo de Escolas InepData]]></description><Point><coordinates>-51.6635395,-20.7932292,0</coordinates></Point></Placemark><Placemark><name>SESC TRES LAGOAS</name><description><![CDATA[Código INEP: 50028251<br>Município: Três Lagoas<br>Fonte: INEP Censo Escolar 2025 + Catálogo de Escolas InepData]]></description><Point><coordinates>-51.7039651,-20.7852829,0</coordinates></Point></Placemark><Placemark><name>UNITRES</name><description><![CDATA[Código INEP: 50029312<br>Município: Três Lagoas<br>Fonte: INEP Censo Escolar 2025 + Catálogo de Escolas InepData]]></description><Point><coordinates>-51.721854,-20.7702019,0</coordinates></Point></Placemark><Placemark><name>CENTRO DE EDUCACAO INFANTIL MASSUMI OTSUBO</name><description><![CDATA[Código INEP: 50029517<br>Município: Três Lagoas<br>Fonte: INEP Censo Escolar 2025 + Catálogo de Escolas InepData]]></description><Point><coordinates>-51.7292556,-20.8061465,0</coordinates></Point></Placemark><Placemark><name>CENTRO DE EDUCACAO PROFISSIONAL - SENAC TRES LAGOAS</name><description><![CDATA[Código INEP: 50030280<br>Município: Três Lagoas<br>Fonte: INEP Censo Escolar 2025 + Catálogo de Escolas InepData]]></description><Point><coordinates>-51.7079855,-20.7896655,0</coordinates></Point></Placemark><Placemark><name>FACULDADE DE TECNOLOGIA SENAI TRES LAGOAS JOSE PAULO RIMOLI</name><description><![CDATA[Código INEP: 50030337<br>Município: Três Lagoas<br>Fonte: INEP Censo Escolar 2025 + Catálogo de Escolas InepData]]></description><Point><coordinates>-51.6920949,-20.7784632,0</coordinates></Point></Placemark><Placemark><name>CEI -PROFESSORA MARONITA PEREIRA DOS SANTOS</name><description><![CDATA[Código INEP: 50030612<br>Município: Três Lagoas<br>Fonte: INEP Censo Escolar 2025 + Catálogo de Escolas InepData]]></description><Point><coordinates>-51.6340981,-20.7916433,0</coordinates></Point></Placemark><Placemark><name>CEI - NOVO ALVORADA</name><description><![CDATA[Código INEP: 50030965<br>Município: Três Lagoas<br>Fonte: INEP Censo Escolar 2025 + Catálogo de Escolas InepData]]></description><Point><coordinates>-51.7310306,-20.7932143,0</coordinates></Point></Placemark><Placemark><name>ESCOLA MUNICIPAL PROF ELSON LOT RIGO</name><description><![CDATA[Código INEP: 50031350<br>Município: Três Lagoas<br>Fonte: INEP Censo Escolar 2025 + Catálogo de Escolas InepData]]></description><Point><coordinates>-51.6816769,-20.7770218,0</coordinates></Point></Placemark><Placemark><name>CEI - PROFª MARIA APARECIDA DO NASCIMENTO CASTRO</name><description><![CDATA[Código INEP: 50031481<br>Município: Três Lagoas<br>Fonte: INEP Censo Escolar 2025 + Catálogo de Escolas InepData]]></description><Point><coordinates>-51.7155718,-20.7949514,0</coordinates></Point></Placemark><Placemark><name>CEI - PROF NEIFE DE SOUZA LIMA</name><description><![CDATA[Código INEP: 50031490<br>Município: Três Lagoas<br>Fonte: INEP Censo Escolar 2025 + Catálogo de Escolas InepData]]></description><Point><coordinates>-51.6875598,-20.7896023,0</coordinates></Point></Placemark><Placemark><name>COLEGIO HY</name><description><![CDATA[Código INEP: 50031775<br>Município: Três Lagoas<br>Fonte: INEP Censo Escolar 2025 + Catálogo de Escolas InepData]]></description><Point><coordinates>-51.66978279,-20.78709242,0</coordinates></Point></Placemark><Placemark><name>CEI INTERLAGOS</name><description><![CDATA[Código INEP: 50032020<br>Município: Três Lagoas<br>Fonte: INEP Censo Escolar 2025 + Catálogo de Escolas InepData]]></description><Point><coordinates>-51.7110713,-20.780734,0</coordinates></Point></Placemark><Placemark><name>ESCOLA PREMIER</name><description><![CDATA[Código INEP: 50032046<br>Município: Três Lagoas<br>Fonte: INEP Censo Escolar 2025 + Catálogo de Escolas InepData]]></description><Point><coordinates>-51.6968246,-20.79547552,0</coordinates></Point></Placemark><Placemark><name>EE LUIZ LOPES DE CARVALHO</name><description><![CDATA[Código INEP: 50032089<br>Município: Três Lagoas<br>Fonte: INEP Censo Escolar 2025 + Catálogo de Escolas InepData]]></description><Point><coordinates>-51.7256464,-20.7939497,0</coordinates></Point></Placemark><Placemark><name>ESCOLA MUNDO ENCANTADO LTDA</name><description><![CDATA[Código INEP: 50032747<br>Município: Três Lagoas<br>Fonte: INEP Censo Escolar 2025 + Catálogo de Escolas InepData]]></description><Point><coordinates>-51.6936324,-20.7944725,0</coordinates></Point></Placemark><Placemark><name>ANGLO TRES LAGOAS</name><description><![CDATA[Código INEP: 50032950<br>Município: Três Lagoas<br>Fonte: INEP Censo Escolar 2025 + Catálogo de Escolas InepData]]></description><Point><coordinates>-51.701406,-20.7824865,0</coordinates></Point></Placemark><Placemark><name>ESCOLA MUNICIPAL JULIO FERNANDES COLINO</name><description><![CDATA[Código INEP: 50033360<br>Município: Três Lagoas<br>Fonte: INEP Censo Escolar 2025 + Catálogo de Escolas InepData]]></description><Point><coordinates>-51.7017265,-20.7938864,0</coordinates></Point></Placemark><Placemark><name>CENTRO DE EDUCACAO INFANTIL PROFª ANDREA MARTINEZ TABANEZ</name><description><![CDATA[Código INEP: 50033832<br>Município: Três Lagoas<br>Fonte: INEP Censo Escolar 2025 + Catálogo de Escolas InepData]]></description><Point><coordinates>-51.7370599,-20.7873552,0</coordinates></Point></Placemark><Placemark><name>ESCOLA MUNICIPAL IRMA SCHEILLA</name><description><![CDATA[Código INEP: 50034154<br>Município: Três Lagoas<br>Fonte: INEP Censo Escolar 2025 + Catálogo de Escolas InepData]]></description><Point><coordinates>-51.7088886,-20.7791373,0</coordinates></Point></Placemark><Placemark><name>CENTRO DE EDUCACAO INFANTIL NOVO OESTE II</name><description><![CDATA[Código INEP: 50034758<br>Município: Três Lagoas<br>Fonte: INEP Censo Escolar 2025 + Catálogo de Escolas InepData]]></description><Point><coordinates>-51.74721401,-20.78039657,0</coordinates></Point></Placemark><Placemark><name>ESCOLA MUNICIPAL PROFESSORA ELAINE DE SA COSTA</name><description><![CDATA[Código INEP: 50034766<br>Município: Três Lagoas<br>Fonte: INEP Censo Escolar 2025 + Catálogo de Escolas InepData]]></description><Point><coordinates>-51.73658371,-20.78744642,0</coordinates></Point></Placemark><Placemark><name>UNIDEA EDUCACIONAL</name><description><![CDATA[Código INEP: 50035312<br>Município: Três Lagoas<br>Fonte: INEP Censo Escolar 2025 + Catálogo de Escolas InepData]]></description><Point><coordinates>-51.70565905,-20.79181431,0</coordinates></Point></Placemark><Placemark><name>INSTITUTO EDUCACIONAL PISTORI</name><description><![CDATA[Código INEP: 50035479<br>Município: Três Lagoas<br>Fonte: INEP Censo Escolar 2025 + Catálogo de Escolas InepData]]></description><Point><coordinates>-51.70164151,-20.79070047,0</coordinates></Point></Placemark><Placemark><name>CEI - PROF EDNEIA BORGES</name><description><![CDATA[Código INEP: 50035622<br>Município: Três Lagoas<br>Fonte: INEP Censo Escolar 2025 + Catálogo de Escolas InepData]]></description><Point><coordinates>-51.70759135,-20.8089754,0</coordinates></Point></Placemark><Placemark><name>CEI - JARDIM DAS ACACIAS</name><description><![CDATA[Código INEP: 50035630<br>Município: Três Lagoas<br>Fonte: INEP Censo Escolar 2025 + Catálogo de Escolas InepData]]></description><Point><coordinates>-51.67669091,-20.77668751,0</coordinates></Point></Placemark><Placemark><name>CENTRO DE EDUCACAO INFANTIL DONA CLEMENTINA CARRATO</name><description><![CDATA[Código INEP: 50036602<br>Município: Três Lagoas<br>Fonte: INEP Censo Escolar 2025 + Catálogo de Escolas InepData]]></description><Point><coordinates>-51.7071467,-20.7853245,0</coordinates></Point></Placemark><Placemark><name>CENTRO DE EDUCACAO INFANTIL PROFESSORA CLARINDA DIAS CONCEICAO</name><description><![CDATA[Código INEP: 50036807<br>Município: Três Lagoas<br>Fonte: INEP Censo Escolar 2025 + Catálogo de Escolas InepData]]></description><Point><coordinates>-51.71223552,-20.78929767,0</coordinates></Point></Placemark><Placemark><name>EMEC - ANTONIO CAMARGO GARCIA</name><description><![CDATA[Código INEP: 50038800<br>Município: Três Lagoas<br>Fonte: INEP Censo Escolar 2025 + Catálogo de Escolas InepData]]></description><Point><coordinates>-52.2927161,-19.9934211,0</coordinates></Point></Placemark><Placemark><name>CEI - PROFª LILIAN MARCIA DIAS</name><description><![CDATA[Código INEP: 50039008<br>Município: Três Lagoas<br>Fonte: INEP Censo Escolar 2025 + Catálogo de Escolas InepData]]></description><Point><coordinates>-51.6947311,-20.8023757,0</coordinates></Point></Placemark><Placemark><name>EM PROF RAMEZ TEBET</name><description><![CDATA[Código INEP: 50040006<br>Município: Três Lagoas<br>Fonte: INEP Censo Escolar 2025 + Catálogo de Escolas InepData]]></description><Point><coordinates>-51.6972872,-20.7645816,0</coordinates></Point></Placemark><Placemark><name>COLEGIO SALESIANO DOM BOSCO DE TRES LAGOAS</name><description><![CDATA[Código INEP: 50040200<br>Município: Três Lagoas<br>Fonte: INEP Censo Escolar 2025 + Catálogo de Escolas InepData]]></description><Point><coordinates>-51.70577643,-20.78234222,0</coordinates></Point></Placemark><Placemark><name>EMTI PROFª MARLENE NORONHA GONCALVES</name><description><![CDATA[Código INEP: 50072919<br>Município: Três Lagoas<br>Fonte: INEP Censo Escolar 2025 + Catálogo de Escolas InepData]]></description><Point><coordinates>-51.735136,-20.7988981,0</coordinates></Point></Placemark><Placemark><name>IFMS - CAMPUS TRES LAGOAS</name><description><![CDATA[Código INEP: 50082868<br>Município: Três Lagoas<br>Fonte: INEP Censo Escolar 2025 + Catálogo de Escolas InepData]]></description><Point><coordinates>-51.7056362,-20.7630718,0</coordinates></Point></Placemark><Placemark><name>EE AFONSO FRANCISCO XAVIER TRANNIN</name><description><![CDATA[Código INEP: 50012525<br>Município: Três Lagoas<br>Fonte: INEP Censo Escolar 2025 + Catálogo de Escolas InepData]]></description><Point><coordinates>-52.05517333,-20.79323333,0</coordinates></Point></Placemark><Placemark><name>EM DE EDUCACAO NO CAMPO ARAPUA</name><description><![CDATA[Código INEP: 50035258<br>Município: Três Lagoas<br>Fonte: INEP Censo Escolar 2025 + Catálogo de Escolas InepData]]></description><Point><coordinates>-52.05599309,-20.79359045,0</coordinates></Point></Placemark><Placemark><name>EE PADRE JOSE DANIEL</name><description><![CDATA[Código INEP: 50019384<br>Município: Vicentina<br>Fonte: INEP Censo Escolar 2025 + Catálogo de Escolas InepData]]></description><Point><coordinates>-54.43723024,-22.41020318,0</coordinates></Point></Placemark><Placemark><name>ESCOLA MUNICIPAL DE EDUCACAO INFANTIL E ENSINO FUNDAMENTAL ANTONIA ALVES FEITOSA</name><description><![CDATA[Código INEP: 50019406<br>Município: Vicentina<br>Fonte: INEP Censo Escolar 2025 + Catálogo de Escolas InepData]]></description><Point><coordinates>-54.4336503,-22.4080661,0</coordinates></Point></Placemark><Placemark><name>CENTRO DE EDUCACAO INFANTIL ANTONIO ROBERTO DIAS</name><description><![CDATA[Código INEP: 50031830<br>Município: Vicentina<br>Fonte: INEP Censo Escolar 2025 + Catálogo de Escolas InepData]]></description><Point><coordinates>-54.44149467,-22.41642589,0</coordinates></Point></Placemark><Placemark><name>EE SAO JOSE</name><description><![CDATA[Código INEP: 50019430<br>Município: Vicentina<br>Fonte: INEP Censo Escolar 2025 + Catálogo de Escolas InepData]]></description><Point><coordinates>-54.4609673,-22.4924553,0</coordinates></Point></Placemark><Placemark><name>ESCOLA MUNICIPAL DE EDUCACAO INFANTIL E ENSINO FUNDAMENTAL JOSE DO PATROCINIO - POLO E EXTENSAO</name><description><![CDATA[Código INEP: 50019414<br>Município: Vicentina<br>Fonte: INEP Censo Escolar 2025 + Catálogo de Escolas InepData]]></description><Point><coordinates>-54.45036398,-22.54008549,0</coordinates></Point></Placemark><Placemark><name>ESCOLA ESTADUAL EMANNUEL PINHEIRO</name><description><![CDATA[Código INEP: 50019449<br>Município: Vicentina<br>Fonte: INEP Censo Escolar 2025 + Catálogo de Escolas InepData]]></description><Point><coordinates>-54.4526938,-22.5412467,0</coordinates></Point></Placemark></Document></kml>
