{"type":"FeatureCollection","name":"Zonas de Amortecimento das UCs - MS","crs_note":"GeoJSON solicitado ao ArcGIS com outSR=4326","source":"https://www.pinms.ms.gov.br/arcgis/rest/services/IMASUL/SiriemaGeo_Sisla/MapServer/4","captured_at":"2026-08-10T23:52:03.890Z","features":[{"type":"Feature","id":1,"geometry":{"type":"Polygon","coordinates":[[[-57.53135532799997,-22.159695055340187],[-57.544222699999985,-22.159306029340208],[-57.54428744599995,-22.162795609340076],[-57.54466385499995,-22.163917779340075],[-57.54537368399997,-22.164991027340065],[-57.55224971499996,-22.171230381339917],[-57.55221616899996,-22.17249733533985],[-57.55201562599995,-22.173717050339864],[-57.55389229599995,-22.17454727533981],[-57.55502117999998,-22.175123074339776],[-57.55736913399995,-22.176616104339747],[-57.55391681299995,-22.179751949339707],[-57.549687502999966,-22.181116771339653],[-57.547002242999945,-22.180898223339682],[-57.53995758599995,-22.180324662339697],[-57.53520443399998,-22.178193704339733],[-57.53387437099997,-22.177597367339757],[-57.52844108399995,-22.175295044339773],[-57.52622621099994,-22.173198771339877],[-57.52460518099997,-22.17205427433986],[-57.524083066999935,-22.169665680339946],[-57.52361689799994,-22.168519846339983],[-57.52233290999993,-22.16828493733995],[-57.52125827599997,-22.16914887633993],[-57.52039069199997,-22.1704283983399],[-57.52018626499996,-22.170729884339917],[-57.51875618099996,-22.17264666133989],[-57.51753216599997,-22.172996572339876],[-57.51750643299993,-22.173013870339865],[-57.51747954099995,-22.173029565339874],[-57.517451602999984,-22.17304358733982],[-57.51742274099996,-22.17305587833985],[-57.51739307799994,-22.17306638533986],[-57.517362739999946,-22.173075061339848],[-57.51733185899996,-22.17308187233984],[-57.51730056499997,-22.173086785339834],[-57.51726899299995,-22.173089783339858],[-57.51723727799998,-22.173090851339868],[-57.517205554999975,-22.173089984339835],[-57.517195923999964,-22.173089338339846],[-57.51536746999994,-22.172949445339864],[-57.51534550799994,-22.17294729433987],[-57.51534471299994,-22.17294719933985],[-57.515149744999974,-22.172923613339858],[-57.51470966399995,-22.172870375339834],[-57.51397729599995,-22.173174080339855],[-57.51278297999994,-22.173758236339847],[-57.51210042499997,-22.174177822339857],[-57.510753112999964,-22.175417782339785],[-57.51073479299999,-22.175433790339767],[-57.50940425799996,-22.176537482339757],[-57.509402696999985,-22.176538772339757],[-57.50937823299995,-22.17655760033977],[-57.50935249699995,-22.176574898339762],[-57.50932560399997,-22.17659059133978],[-57.50929766399997,-22.176604611339755],[-57.50926880199996,-22.176616901339795],[-57.50923913699995,-22.17662740633976],[-57.50920879699999,-22.176636081339772],[-57.50917791399997,-22.176642889339796],[-57.50914661999997,-22.176647802339794],[-57.509115046999966,-22.176650798339768],[-57.50908333099994,-22.17665186433975],[-57.50905160799993,-22.176650997339774],[-57.50903341799995,-22.176649623339745],[-57.50828891499998,-22.17658023933978],[-57.508275509999976,-22.176578813339788],[-57.508244180999945,-22.176574096339767],[-57.50821324899993,-22.176567481339752],[-57.50818284899997,-22.1765589953398],[-57.50815310899997,-22.176548676339788],[-57.50812415899997,-22.17653656733978],[-57.50809611899996,-22.176522721339776],[-57.50806911199999,-22.176507196339788],[-57.50804325399997,-22.17649005933976],[-57.50801865399995,-22.17647138433978],[-57.50799541899995,-22.176451250339767],[-57.50797364699997,-22.176429744339767],[-57.507953430999976,-22.176406958339783],[-57.50793485899994,-22.17638298933979],[-57.50791800999996,-22.17635794033976],[-57.50790295599995,-22.176331918339766],[-57.50788976099994,-22.176305036339787],[-57.507878482999956,-22.176277407339796],[-57.507869168999946,-22.176249151339803],[-57.507861858999945,-22.176220386339764],[-57.50785658499996,-22.176191239339808],[-57.50785463499994,-22.176175796339756],[-57.507786353999954,-22.175540797339774],[-57.50749966799999,-22.175116734339813],[-57.506925769999945,-22.1746616623398],[-57.50627078699994,-22.17452146433981],[-57.50625545299994,-22.17451793633983],[-57.50622505299998,-22.17450945033982],[-57.506195314999964,-22.17449913033981],[-57.50616636399997,-22.174487022339843],[-57.50613832499994,-22.174473175339802],[-57.506111319999945,-22.17445764933983],[-57.50608546099994,-22.17444051233983],[-57.50606086199998,-22.174421836339828],[-57.506037626999955,-22.174401703339797],[-57.506015855999976,-22.174380197339804],[-57.50599564099997,-22.174357410339837],[-57.50598159199996,-22.174339588339816],[-57.50551743199998,-22.173719556339847],[-57.505512909999936,-22.17371340933983],[-57.505496060999974,-22.173688360339842],[-57.50548100899994,-22.173662337339813],[-57.505467813999985,-22.173635455339824],[-57.505456536999986,-22.17360782633983],[-57.50544722299998,-22.17357956933984],[-57.50543991399997,-22.17355080433982],[-57.50543839199998,-22.173543490339856],[-57.505229328999974,-22.172492415339867],[-57.50522557699998,-22.17247058333985],[-57.50522236099994,-22.17244117733985],[-57.50522121799997,-22.17241163633989],[-57.50522214999996,-22.17238209033989],[-57.505225155999945,-22.172352665339854],[-57.50523022099998,-22.172323486339895],[-57.50523732499993,-22.172294676339877],[-57.50524643599994,-22.172266363339862],[-57.50525751599997,-22.172238664339865],[-57.505270516999985,-22.172211699339858],[-57.50528538399993,-22.172185585339868],[-57.50530205299998,-22.172160432339847],[-57.50532045199998,-22.172136348339894],[-57.50532172199996,-22.172134803339855],[-57.50593497799997,-22.1713919143399],[-57.50595375899996,-22.171370548339898],[-57.50597537499993,-22.171348907339908],[-57.50599846599994,-22.171328629339886],[-57.506000976999985,-22.171326577339876],[-57.50688150399997,-22.170612474339887],[-57.50721983299996,-22.17003012633993],[-57.50714948499996,-22.169632338339948],[-57.506574426999975,-22.169265576339967],[-57.506554481999956,-22.169252150339947],[-57.506535174999954,-22.169237706339967],[-57.50584032699999,-22.168690099339937],[-57.50583503499996,-22.16868586833994],[-57.505811800999936,-22.168665734339932],[-57.50579003099994,-22.168644228339936],[-57.50576981699998,-22.16862144133996],[-57.505751246999985,-22.16859747233998],[-57.50573439899995,-22.168572423339942],[-57.505725180999946,-22.168556979339954],[-57.505208692999986,-22.16765027434],[-57.50520285799996,-22.167639696339986],[-57.50518966399994,-22.167612814339957],[-57.505178386999944,-22.167585184339973],[-57.50516907399999,-22.167556926339998],[-57.50516176599995,-22.16752816233996],[-57.50515649199997,-22.16749901534],[-57.50515327599999,-22.16746960933999],[-57.50515213199998,-22.16744006933997],[-57.50515228399996,-22.167427167339994],[-57.505174958999994,-22.166590500340018],[-57.50517574099996,-22.16657385534001],[-57.50517874499996,-22.166544430340032],[-57.50518380999995,-22.166515250340026],[-57.50518712599995,-22.166500723339997],[-57.50536419499997,-22.165783090340053],[-57.505367982999985,-22.165768808339998],[-57.50537709399998,-22.165740493340042],[-57.505388172999965,-22.16571279534005],[-57.505401173999985,-22.165685831340024],[-57.50541603999994,-22.165659716340052],[-57.505432707999944,-22.16563456334004],[-57.505451105999946,-22.16561047934002],[-57.50547115599995,-22.165587567340054],[-57.50549277099997,-22.16556592634001],[-57.50551586099994,-22.165545649340036],[-57.50554032499998,-22.165526821340013],[-57.50556605799994,-22.165509524340024],[-57.50559294999994,-22.165493832340044],[-57.50562088799996,-22.165479811340013],[-57.505649748999986,-22.165467522340034],[-57.50567941099996,-22.165457019340042],[-57.505709747999965,-22.16544834434004],[-57.50574062899994,-22.165441535340033],[-57.505771921999944,-22.165436623340018],[-57.50578923599994,-22.16543474034004],[-57.506327958999975,-22.16538526234004],[-57.50634221499996,-22.165384151340017],[-57.506373928999956,-22.16538308534005],[-57.50640564999998,-22.165383954340072],[-57.50643723999997,-22.16538675234004],[-57.506468567999946,-22.16539147034004],[-57.506499496999936,-22.165398086340044],[-57.50652989499997,-22.165406572339997],[-57.50655963199995,-22.165416892340005],[-57.50658857999998,-22.165429001340012],[-57.50660634299999,-22.16543751834005],[-57.50717192499996,-22.16572259334],[-57.50718219999993,-22.16572792434002],[-57.50720920499998,-22.165743449340045],[-57.50723506099997,-22.16576058534005],[-57.507259659999924,-22.165779261340017],[-57.50728289299996,-22.16579939534002],[-57.50730466299996,-22.165820901340023],[-57.50732487699998,-22.165843687339997],[-57.507343447999965,-22.16586765734004],[-57.50736029499996,-22.165892705340028],[-57.50737534799998,-22.16591872734002],[-57.50738854099996,-22.16594561033999],[-57.50739078899994,-22.165950705339995],[-57.50761948499997,-22.16647813134],[-57.50810562999993,-22.16700285434001],[-57.50862262399994,-22.167187409339977],[-57.50886169599994,-22.16710978733998],[-57.50885002199994,-22.166777919340003],[-57.50838219299994,-22.166227128339987],[-57.508378765999964,-22.16622304634002],[-57.508360195999956,-22.16619907834004],[-57.50834334799998,-22.166174029340038],[-57.508328294999956,-22.16614800734],[-57.50831510099994,-22.166121124340034],[-57.508303823999945,-22.166093495340043],[-57.50829450999999,-22.166065239340025],[-57.50828720099998,-22.16603647434],[-57.508281926999985,-22.166007327340054],[-57.50827871099994,-22.16597792134003],[-57.50827756599995,-22.165948381340016],[-57.508278498999964,-22.165918834340026],[-57.508281502999985,-22.165889409340046],[-57.50828220999995,-22.16588448634004],[-57.508402752999984,-22.165079289340024],[-57.508400058999946,-22.16432992134008],[-57.50806665099997,-22.163990596340067],[-57.50729009699995,-22.16359918534007],[-57.507279822999976,-22.16359385634009],[-57.50725281899997,-22.16357833034006],[-57.50722696299993,-22.163561193340072],[-57.50720568299993,-22.163545185340087],[-57.50680344799997,-22.163224725340076],[-57.506279225999954,-22.162807078340084],[-57.506275907999964,-22.1628044103401],[-57.506252674999985,-22.1627842753401],[-57.50623090499994,-22.162762770340102],[-57.506210691999975,-22.16273998434011],[-57.50619212199996,-22.162716014340095],[-57.50617527499998,-22.16269096534009],[-57.50616022299994,-22.162664942340122],[-57.50615893599996,-22.162662515340095],[-57.50571970599998,-22.161827279340123],[-57.505707799999975,-22.161802824340093],[-57.50570171199996,-22.16178858634009],[-57.50546871499996,-22.161215642340114],[-57.50546352599998,-22.161202250340146],[-57.50545421399994,-22.161173993340146],[-57.505446904999985,-22.16114522834012],[-57.50544163099993,-22.16111608134016],[-57.50543841499996,-22.16108667534014],[-57.50543727199994,-22.161057135340133],[-57.50543820499997,-22.16102758934012],[-57.505441209999965,-22.160998163340157],[-57.505446275999994,-22.16096898434013],[-57.50545337799998,-22.160940175340123],[-57.50546248899997,-22.160911861340153],[-57.50547356699996,-22.16088416234011],[-57.50548656899997,-22.160857198340153],[-57.50550143399994,-22.160831084340114],[-57.50551810099995,-22.16080593034015],[-57.50553649799997,-22.16078184634014],[-57.50555296599998,-22.160762810340117],[-57.50585969799993,-22.160427220340154],[-57.50586328099996,-22.160423344340163],[-57.50588489599994,-22.160401704340163],[-57.505907983999975,-22.16038142534015],[-57.505932445999974,-22.160362598340136],[-57.505958179999936,-22.16034530034015],[-57.50598507099994,-22.160329608340177],[-57.50601300699998,-22.160315588340133],[-57.50604186699996,-22.160303298340168],[-57.50607152799995,-22.16029279434017],[-57.50610186299996,-22.160284120340155],[-57.506132742999974,-22.16027731234013],[-57.50616403499999,-22.160272400340137],[-57.50618240799998,-22.160270420340154],[-57.50726020299999,-22.16017364934013],[-57.50842348099996,-22.159953163340152],[-57.50993173099994,-22.15994941534016],[-57.51194672899999,-22.159944386340143],[-57.51954238299998,-22.15992520834014],[-57.52138705599999,-22.159920498340163],[-57.52373901099997,-22.159914459340182],[-57.53135532799997,-22.159695055340187]],[[-57.52179851799996,-22.166953526340016],[-57.52179900599999,-22.166772069340027],[-57.52146080399996,-22.16674201434],[-57.519143290999985,-22.166554053340008],[-57.51912579899994,-22.166553374340033],[-57.519105740999976,-22.166554406340026],[-57.51877109099997,-22.166587896339987],[-57.518738219999925,-22.166593895339986],[-57.51870694699995,-22.166605072340033],[-57.518678203999976,-22.16662109333999],[-57.51865284899998,-22.166641482340026],[-57.51863163799993,-22.166665629340006],[-57.51861520299996,-22.166692815340024],[-57.51860403299997,-22.16672222933999],[-57.517774374999924,-22.16970498833994],[-57.51405787899994,-22.169309282339952],[-57.50855858699999,-22.16872359433996],[-57.507278767999935,-22.16859262333993],[-57.50728764799993,-22.168773113339974],[-57.507922067999964,-22.16935693233995],[-57.508040638999944,-22.169912480339946],[-57.50762530999998,-22.171015078339927],[-57.50695668699996,-22.17146299033988],[-57.50654217399994,-22.171740669339897],[-57.50600837699994,-22.17241527933985],[-57.505985915999986,-22.172739717339844],[-57.50603357099993,-22.17284818733984],[-57.50652052799995,-22.173956555339824],[-57.50773494599997,-22.17436825233983],[-57.50856870599994,-22.175246449339813],[-57.508698876999965,-22.17590835633981],[-57.50978485399997,-22.17518533733981],[-57.510461562999986,-22.174763717339808],[-57.51106384099995,-22.174052207339848],[-57.51198154799993,-22.17331856833984],[-57.51254807699996,-22.17310724733985],[-57.51397265299994,-22.172445716339865],[-57.51463872099998,-22.172179136339867],[-57.515009103999944,-22.172215732339904],[-57.51541154999995,-22.17225549433986],[-57.51636689199995,-22.17196778133989],[-57.51645921599998,-22.171939975339892],[-57.51649418699998,-22.171929444339856],[-57.51694122899994,-22.171698983339866],[-57.51791123299995,-22.171040143339905],[-57.51813749799999,-22.171041141339924],[-57.518294039999944,-22.171041831339906],[-57.51858503199998,-22.17104311333987],[-57.519107418999965,-22.17003382533992],[-57.51916468599996,-22.169893427339943],[-57.51943481699993,-22.169231165339962],[-57.51956117599997,-22.168942955339958],[-57.52045596199997,-22.167906057339998],[-57.521092600999964,-22.167576367339997],[-57.52179676899993,-22.167361156339993],[-57.52179851799996,-22.166953526340016]]]},"properties":{"OBJECTID":1,"NOME_UC":"Parque Natural Municipal Cachoeira do Apa","Shape.STArea()":0.0006599117066875586,"Shape.STLength()":0.19177112226874599,"Field":null,"__atlas_capturado_em":"2026-08-10T23:53:12.285Z","__atlas_fonte_servico":"https://www.pinms.ms.gov.br/arcgis/rest/services/IMASUL/SiriemaGeo_Sisla/MapServer","__atlas_layer_id":4}},{"type":"Feature","id":2,"geometry":{"type":"Polygon","coordinates":[[[-57.633625835999965,-19.270919205411484],[-57.633558800999936,-19.27128762741148],[-57.633390900999984,-19.272127467411433],[-57.633357316999934,-19.27231748441145],[-57.633323408999956,-19.272507400411406],[-57.63330514899997,-19.272602035411435],[-57.63328538799994,-19.27269630341143],[-57.63326365199999,-19.272790089411416],[-57.63323946799994,-19.272883280411424],[-57.63314759999998,-19.273174122411387],[-57.633047749999946,-19.273463303411404],[-57.63301973899996,-19.27354938741138],[-57.632993260999974,-19.273635858411403],[-57.63296869199997,-19.273722772411418],[-57.632946403999945,-19.273810186411414],[-57.632898687999955,-19.27403980541139],[-57.63285690399993,-19.274270734411388],[-57.63282305799999,-19.274441967411384],[-57.63278405799996,-19.274612104411386],[-57.63273771099994,-19.27478586841139],[-57.63268841499997,-19.274958968411365],[-57.632547316999926,-19.275466168411363],[-57.632254639999985,-19.27649594841134],[-57.63189946199997,-19.27774058541127],[-57.631764362999945,-19.27821211941131],[-57.63168131399994,-19.278516536411296],[-57.631589849999955,-19.27881915441126],[-57.63158510499994,-19.278833277411287],[-57.63158037299996,-19.278847402411234],[-57.631571225999956,-19.278875715411264],[-57.63156694199996,-19.27888993041129],[-57.63156294199997,-19.278904203411273],[-57.63155929199996,-19.27891854841128],[-57.63155605999998,-19.278932977411245],[-57.631555048999985,-19.278937998411244],[-57.63155409299998,-19.27894303041129],[-57.63155233699997,-19.278953125411288],[-57.631550768999944,-19.27896325541124],[-57.631549364999955,-19.278973414411247],[-57.63154696599997,-19.278993800411257],[-57.63154496299995,-19.27901423441129],[-57.63153878099996,-19.279098174411242],[-57.63153419699996,-19.279182123411235],[-57.63149086499994,-19.279783290411224],[-57.63143958899997,-19.280302565411198],[-57.63139754999998,-19.280821876411196],[-57.631389454999976,-19.28099223441118],[-57.631381743999945,-19.281163049411223],[-57.631355026999984,-19.281634209411173],[-57.631351827999936,-19.281708847411178],[-57.631348044999974,-19.281783717411162],[-57.631345515999946,-19.281821502411184],[-57.63134233899996,-19.28185965641116],[-57.63133834699994,-19.28189828741121],[-57.631333369999936,-19.281937499411196],[-57.631332849999986,-19.281941177411195],[-57.63133230899996,-19.28194485341119],[-57.63133112099997,-19.28195216841119],[-57.63133045199998,-19.281955790411207],[-57.63132971899995,-19.28195938041121],[-57.63132890999997,-19.2819629284112],[-57.63132801599994,-19.28196642741121],[-57.631327024999955,-19.281969869411185],[-57.63132592599993,-19.281973246411166],[-57.631325333999946,-19.28197490841115],[-57.63132470999995,-19.281976550411187],[-57.63132405299996,-19.2819781724112],[-57.63132336199994,-19.28197977341121],[-57.63132263799997,-19.281981352411158],[-57.63132187599996,-19.281982908411194],[-57.63132107599995,-19.28198444041119],[-57.63132023699994,-19.281985947411176],[-57.631319358999974,-19.281987427411206],[-57.63131843799993,-19.281988881411177],[-57.63131747399995,-19.281990307411164],[-57.63131646499995,-19.281991703411165],[-57.63131596599994,-19.2819923624112],[-57.631315455999975,-19.281993013411203],[-57.631314404999955,-19.28199429641121],[-57.63131331599993,-19.2819955544112],[-57.63131218899997,-19.28199678741118],[-57.631311025999935,-19.281997994411153],[-57.63130982699994,-19.281999179411184],[-57.63130859499995,-19.282000340411184],[-57.63130732899998,-19.282001480411175],[-57.63130603399998,-19.282002599411165],[-57.63130470899994,-19.282003697411206],[-57.63130335599993,-19.28200477641116],[-57.631301975999975,-19.28200583641115],[-57.63129914199993,-19.282007903411184],[-57.63129621799994,-19.28200990541116],[-57.63129321599995,-19.28201184841119],[-57.63129014699996,-19.28201374041118],[-57.631287021999974,-19.282015585411173],[-57.63128385199997,-19.282017391411173],[-57.63127742399996,-19.282020910411187],[-57.631270952999955,-19.282024348411205],[-57.63124752099998,-19.282036721411167],[-57.63122460799997,-19.282048892411193],[-57.63117986699995,-19.28207339441116],[-57.63112903999997,-19.282103284411168],[-57.631078953999975,-19.282134856411187],[-57.631029458999926,-19.282167787411204],[-57.63098040299997,-19.282201759411183],[-57.630883004999994,-19.282271542411205],[-57.63078554999999,-19.282341640411175],[-57.63017101299994,-19.282749853411175],[-57.62986033899995,-19.282962924411137],[-57.62953939999994,-19.283168952411167],[-57.62952706399995,-19.28317620941116],[-57.62951479099997,-19.283183528411133],[-57.62949085399998,-19.283198746411173],[-57.629485073999945,-19.28320274241115],[-57.62947940199995,-19.283206840411182],[-57.62947384999995,-19.283211051411158],[-57.62946843299995,-19.283215388411154],[-57.629463163999965,-19.283219864411183],[-57.62945805599997,-19.28322448941115],[-57.62945556699997,-19.283226862411176],[-57.62945312199997,-19.283229277411152],[-57.62945072399998,-19.28323173741112],[-57.62944837499999,-19.28323424041114],[-57.62944712599994,-19.28323561441117],[-57.62944588999994,-19.283237001411166],[-57.62944346199998,-19.283239813411154],[-57.629441087999965,-19.283242674411134],[-57.62943876699997,-19.283245583411123],[-57.62943427599999,-19.283251526411146],[-57.62942997399995,-19.28325762341113],[-57.62942584299998,-19.28326384941116],[-57.62942186999999,-19.28327018341114],[-57.62941803899998,-19.283276605411157],[-57.62941433399993,-19.283283089411132],[-57.62940644499997,-19.28329772741118],[-57.629399000999975,-19.283312531411156],[-57.62939189799993,-19.283327456411115],[-57.62938502799995,-19.283342460411152],[-57.62935774299996,-19.283402404411135],[-57.62935003099994,-19.283418010411165],[-57.62934200899997,-19.28343347441117],[-57.62933369799999,-19.283448807411137],[-57.629325122999944,-19.283464021411174],[-57.62930727699995,-19.28349412941114],[-57.629288661999965,-19.283523889411157],[-57.62924988799995,-19.283582701411117],[-57.62921033399994,-19.283641153411132],[-57.629120945999944,-19.283777550411145],[-57.62903530899996,-19.283915698411157],[-57.62895315999997,-19.28405557241111],[-57.628874234999955,-19.284197149411124],[-57.62884394099996,-19.284253197411097],[-57.62881348099996,-19.28430917241111],[-57.628749580999965,-19.284419575411107],[-57.62873590999994,-19.2844413564111],[-57.62872190199993,-19.284462952411108],[-57.62869285299997,-19.28450552641112],[-57.628662377999945,-19.284547191411104],[-57.62863042399994,-19.284587836411106],[-57.62861635599996,-19.284604812411086],[-57.628602021999946,-19.284621586411102],[-57.628572604999924,-19.284654545411122],[-57.62854227299994,-19.284686739411086],[-57.62851112299995,-19.284718196411117],[-57.62845946899995,-19.284767421411114],[-57.62840627799994,-19.28481513141111],[-57.62835188199995,-19.28486165341109],[-57.628296605999935,-19.284907315411086],[-57.62818472899993,-19.284997364411122],[-57.628073270999955,-19.285087893411102],[-57.62746495799996,-19.28563685541108],[-57.62707055299996,-19.285976010411073],[-57.62667813199994,-19.28631871541109],[-57.626629636999944,-19.286363813411086],[-57.62658130699998,-19.286409091411045],[-57.62648408899998,-19.286498907411055],[-57.62643468099997,-19.286542805411056],[-57.62638439099993,-19.28658560241104],[-57.626332958999974,-19.28662697841106],[-57.62628012199997,-19.286666613411064],[-57.62610039999998,-19.28678343041105],[-57.62591588599997,-19.286895273411062],[-57.625820032999975,-19.28695719441105],[-57.62572468999997,-19.287019596411078],[-57.625676688999924,-19.287050118411052],[-57.625628191999965,-19.287079728411058],[-57.62557898799997,-19.287108083411052],[-57.62552886999999,-19.287134840411046],[-57.625484793999924,-19.287156448411054],[-57.62544001699996,-19.28717685641105],[-57.62539468099993,-19.287196304411054],[-57.62534891799999,-19.287215038411023],[-57.62525666299995,-19.28725133641102],[-57.62516434499997,-19.28728769541106],[-57.624819401999964,-19.287438203411043],[-57.62447520199998,-19.287587854411054],[-57.624307871999974,-19.287651349411057],[-57.624139032999956,-19.287711784411027],[-57.62380298799996,-19.28783922141103],[-57.62377273599998,-19.287852080411056],[-57.62374251799997,-19.287865015411036],[-57.62368190799998,-19.287890247411017],[-57.62365137499995,-19.287902111410997],[-57.62362059699995,-19.287913186411043],[-57.62360509599995,-19.28791836141104],[-57.62358950699996,-19.287923256411005],[-57.62357382199996,-19.287927847411055],[-57.62355803199994,-19.287932104411052],[-57.62353981599994,-19.287936555411058],[-57.62352146899997,-19.287940596411005],[-57.623503014999976,-19.287944288411015],[-57.62348447199997,-19.287947694411027],[-57.62344719999999,-19.287953892411032],[-57.62340981099993,-19.28795968441105],[-57.62287114499998,-19.28804841541106],[-57.62192472999993,-19.28820324741102],[-57.62091555999995,-19.288358289411022],[-57.61984934099997,-19.288513518411005],[-57.61859661099999,-19.288705518411017],[-57.61830582999993,-19.288749818411027],[-57.61822760899998,-19.28876141041099],[-57.61814928299998,-19.288772223411005],[-57.61807082399997,-19.288781574411033],[-57.617992208999965,-19.288788782411025],[-57.617861245999954,-19.28879565641103],[-57.61772982999997,-19.288800499411025],[-57.61768264699998,-19.28880262041099],[-57.61763549099999,-19.288804148410993],[-57.61761194699995,-19.288804355411017],[-57.61758843999996,-19.288804011411013],[-57.61757670299995,-19.28880359141101],[-57.617564977999955,-19.288802983411024],[-57.617553266999955,-19.28880217041098],[-57.617541571999936,-19.288801135411017],[-57.617535904999954,-19.28880054941101],[-57.617530241999994,-19.28879990841103],[-57.61751893099996,-19.288798462411023],[-57.617507641999964,-19.288796803411017],[-57.61749637999998,-19.28879493641104],[-57.61748514599997,-19.288792869410997],[-57.61747394699995,-19.288790605411016],[-57.61746278399994,-19.288788150411005],[-57.61745166199995,-19.288785512410996],[-57.617429551999976,-19.28877970141099],[-57.61740764599995,-19.288773218411006],[-57.61738597299995,-19.288766109410982],[-57.61736456099994,-19.288758417410985],[-57.61735537599997,-19.288754918410987],[-57.61734624099994,-19.288751322410985],[-57.61732811099994,-19.288743866410996],[-57.617310140999955,-19.288736091411025],[-57.61729230199996,-19.288728041411005],[-57.617256906999955,-19.28871128141101],[-57.61722169899998,-19.28869392541101],[-57.617201462999965,-19.288683775411027],[-57.61718130799994,-19.288673445411018],[-57.61714161499997,-19.288651869411026],[-57.617122264999985,-19.28864043241101],[-57.61710336999994,-19.288628439411035],[-57.61709412399994,-19.288622203411038],[-57.61708502499994,-19.288615791411033],[-57.617076088999966,-19.28860919541104],[-57.61706732499994,-19.288602399411],[-57.61706272199996,-19.288598687411042],[-57.61705816999994,-19.288594917411007],[-57.61704921999996,-19.288587208411016],[-57.617040464999945,-19.288579284411025],[-57.61703189999997,-19.288571155410995],[-57.61702351499997,-19.28856283541104],[-57.61701530599999,-19.288554334411007],[-57.617007264999984,-19.288545665411007],[-57.61699938499998,-19.288536840411002],[-57.61698407999996,-19.288518769410988],[-57.61696933299998,-19.28850021741103],[-57.61695508899999,-19.288481276411016],[-57.61694129299997,-19.288462045411006],[-57.616933851999924,-19.288451341411037],[-57.61692653199998,-19.288440577411013],[-57.61691226399995,-19.28841887141102],[-57.61689850599998,-19.288396928411],[-57.61688527299999,-19.288374750411002],[-57.616872583999964,-19.288352339411027],[-57.61686045299996,-19.28832969441103],[-57.616848897999944,-19.28830681941101],[-57.61683793699996,-19.288283713410983],[-57.61682598999994,-19.28825666741104],[-57.616814801999965,-19.288229336411025],[-57.616804314999975,-19.288201743410998],[-57.61679446999994,-19.288173910411007],[-57.61677647199996,-19.28811761541104],[-57.616760337999956,-19.288060627411056],[-57.61673177599994,-19.287945294410996],[-57.61670502499999,-19.287829338411],[-57.61648522499997,-19.287023309411037],[-57.616219120999965,-19.286038754411056],[-57.616113350999974,-19.28564393141111],[-57.61599728699997,-19.285251726411097],[-57.615970198999946,-19.285168306411084],[-57.615942650999955,-19.28508499841108],[-57.61588812999997,-19.28491825341108],[-57.615862137999954,-19.28483458541109],[-57.61583764499994,-19.28475056441113],[-57.61581513999993,-19.28466607441111],[-57.61579511399998,-19.284581000411098],[-57.61579001699994,-19.284557181411124],[-57.61578500599995,-19.284533339411098],[-57.615774674999955,-19.284485720411126],[-57.615769068999946,-19.284462007411104],[-57.61576297799997,-19.284438403411116],[-57.61575625899996,-19.284414938411096],[-57.61574876899994,-19.284391646411116],[-57.61574358599995,-19.28437694841114],[-57.61573823899994,-19.28436228841111],[-57.61572786399994,-19.284332905411137],[-57.61572548499998,-19.284325514411137],[-57.615723242999934,-19.284318093411127],[-57.61572116399998,-19.284310638411124],[-57.61571927199998,-19.284303142411098],[-57.61571759399993,-19.284295599411113],[-57.61571615499998,-19.2842880064111],[-57.615715533999946,-19.284284188411114],[-57.61571498099995,-19.284280356411106],[-57.61571450099996,-19.284276507411118],[-57.615714095999984,-19.28427264241113],[-57.615713391999975,-19.284262990411108],[-57.615712938999934,-19.28425328541114],[-57.615711850999965,-19.284233927411094],[-57.615711370999975,-19.284229136411124],[-57.615710748999966,-19.284224378411132],[-57.61571037499994,-19.284222012411142],[-57.61570995499994,-19.284219659411132],[-57.61570948599996,-19.28421731541114],[-57.61570896299998,-19.28421498541111],[-57.61570838199998,-19.28421266841111],[-57.61570773999995,-19.284210364411148],[-57.61570703399996,-19.284208075411147],[-57.61570625799994,-19.2842058004111],[-57.61570541199995,-19.284203543411145],[-57.61570448899994,-19.284201303411134],[-57.61570348799996,-19.284199081411106],[-57.61570240299994,-19.2841968774111],[-57.61570206099998,-19.28419622041112],[-57.615701710999986,-19.284195564411124],[-57.61570098799996,-19.28419426041116],[-57.61570023599995,-19.284192964411098],[-57.61569945399997,-19.28419167941111],[-57.615698642999966,-19.284190406411145],[-57.61569780399997,-19.28418914541114],[-57.615696937999985,-19.284187898411133],[-57.61569604399994,-19.284186666411145],[-57.615695123999956,-19.284185450411098],[-57.61569417899995,-19.28418425241115],[-57.615693206999936,-19.28418307141113],[-57.61569221199994,-19.28418191041113],[-57.615691191999986,-19.28418077041114],[-57.61569014999998,-19.28417965141115],[-57.61568908399994,-19.284178555411152],[-57.615687995999956,-19.28417748341111],[-57.615686885999935,-19.284176437411148],[-57.61568575599995,-19.284175416411145],[-57.615684603999966,-19.28417442241114],[-57.61568343399995,-19.28417345741111],[-57.61568224299998,-19.28417252241111],[-57.61568103399998,-19.284171617411133],[-57.61567980699994,-19.284170744411096],[-57.61567856399995,-19.28416990441111],[-57.61567730299999,-19.284169098411105],[-57.61567602499996,-19.28416832741114],[-57.61567473299994,-19.2841675944111],[-57.615673423999965,-19.28416689741114],[-57.615672101999955,-19.284166238411114],[-57.61567076599994,-19.284165620411112],[-57.61566941599995,-19.284165041411093],[-57.61566805399996,-19.284164505411137],[-57.61566764999998,-19.28416435641113],[-57.61566724599998,-19.284164210411124],[-57.615666432999944,-19.284163929411154],[-57.615665615999944,-19.28416366341112],[-57.61566479499998,-19.284163410411125],[-57.61566314199997,-19.284162947411136],[-57.615661474999975,-19.284162538411135],[-57.615659791999974,-19.28416218041112],[-57.61565809599995,-19.28416187241113],[-57.615656385999955,-19.284161611411104],[-57.61565466399998,-19.284161397411154],[-57.61565292899996,-19.28416122641115],[-57.615651183999944,-19.28416109741114],[-57.61564942699994,-19.284161008411118],[-57.615647658999926,-19.284160956411103],[-57.61564588099998,-19.2841609394111],[-57.61564409499994,-19.284160957411146],[-57.61564229999994,-19.284161005411143],[-57.615640495999976,-19.284161083411117],[-57.615636867999974,-19.284161321411105],[-57.615633213999956,-19.28416165141114],[-57.61562953799996,-19.284162059411138],[-57.61562584599994,-19.284162529411116],[-57.61561843199996,-19.28416358841112],[-57.61561100799997,-19.284164698411146],[-57.615602671999966,-19.28416587941111],[-57.61559436799996,-19.284166966411156],[-57.61557785299994,-19.284168871411126],[-57.615561452999934,-19.284170446411114],[-57.615545157999975,-19.284171726411117],[-57.615512846999934,-19.28417353641114],[-57.615480841999954,-19.284174572411146],[-57.615417441999966,-19.28417540541115],[-57.61535433999995,-19.284176392411105],[-57.61529778099998,-19.284178873411136],[-57.61524100699996,-19.28418295241114],[-57.615184058999944,-19.284188373411112],[-57.61512697899997,-19.284194882411107],[-57.61501258499993,-19.284210133411158],[-57.614898152999956,-19.28422665941112],[-57.61408275499997,-19.28432686341115],[-57.61333570999994,-19.284399763411113],[-57.61236062099994,-19.284511325411135],[-57.61111687599999,-19.284641109411094],[-57.61078354299996,-19.284665379411138],[-57.61073665599997,-19.284669881411105],[-57.61068979099997,-19.28467363141112],[-57.61066639699993,-19.284674821411098],[-57.61064304799999,-19.28467534141111],[-57.610631393999945,-19.284675299411113],[-57.61061975599994,-19.284675029411126],[-57.61060813499994,-19.2846745104111],[-57.61059653299998,-19.284673723411114],[-57.610589999999945,-19.284673155411102],[-57.61058347399995,-19.284672496411133],[-57.61057044599994,-19.284670918411102],[-57.61055744999998,-19.284669003411125],[-57.61054449099999,-19.28466676741112],[-57.610531570999974,-19.284664224411127],[-57.61051869399995,-19.28466139141114],[-57.61050586399995,-19.28465828141111],[-57.61049308299994,-19.284654910411124],[-57.61048035499993,-19.284651294411105],[-57.61046768399996,-19.284647448411143],[-57.61045507199998,-19.284643385411123],[-57.61044252399996,-19.284639122411136],[-57.61041762999997,-19.284630057411103],[-57.61039302899996,-19.28462037341109],[-57.61037716799996,-19.28461378141111],[-57.61036144199995,-19.284606980411134],[-57.61033038499995,-19.284592749411107],[-57.61029984399995,-19.284577690411137],[-57.61026980799994,-19.284561812411138],[-57.61024026299997,-19.284545124411128],[-57.610211195999966,-19.2845276364111],[-57.61018259399998,-19.284509357411142],[-57.610154445999974,-19.284490295411107],[-57.610143679999965,-19.28448271441113],[-57.61013299299997,-19.284475013411125],[-57.61011191399995,-19.284459230411134],[-57.610091317999945,-19.28444290841112],[-57.61007131299993,-19.284426010411103],[-57.610061567999935,-19.284417332411124],[-57.61005201199998,-19.28440849541113],[-57.610042658999994,-19.2843994954111],[-57.61003352299997,-19.28439032741114],[-57.61002461699996,-19.284380986411133],[-57.61001595499994,-19.284371467411134],[-57.61000755199995,-19.284361765411127],[-57.60999942099995,-19.284351876411108],[-57.609992408999965,-19.284342906411105],[-57.60998560599996,-19.284333794411122],[-57.60997899099993,-19.284324552411153],[-57.60997254399995,-19.2843151934111],[-57.60996007799997,-19.284296165411096],[-57.60994805299999,-19.28427680241112],[-57.60992470699995,-19.28423743741111],[-57.60990126299998,-19.284197831411127],[-57.60987566199998,-19.284156355411156],[-57.609850698999935,-19.28411473841114],[-57.609844804999966,-19.28410423041113],[-57.60983911899996,-19.2840936604111],[-57.60983367199998,-19.28408301741111],[-57.609828495999984,-19.284072290411146],[-57.60982362599998,-19.28406146641113],[-57.60981909499998,-19.284050539411126],[-57.60981493499998,-19.28403949341113],[-57.60981118099994,-19.284028322411153],[-57.60981004399997,-19.28402463041114],[-57.60980895299998,-19.284020925411152],[-57.60980690799994,-19.284013472411132],[-57.60980504099995,-19.2840059664111],[-57.60980334599997,-19.283998409411154],[-57.60980181699995,-19.283990805411143],[-57.609800449999966,-19.28398315641114],[-57.60979923899998,-19.28397546641112],[-57.609798177999956,-19.28396773741112],[-57.60979648599994,-19.28395217741111],[-57.60979533099999,-19.28393649741112],[-57.60979466999999,-19.283920723411107],[-57.60979445999994,-19.283904879411146],[-57.609794680999975,-19.283887140411153],[-57.609795212999984,-19.283869398411152],[-57.609796425999946,-19.283834122411147],[-57.60979671399997,-19.28381669941111],[-57.60979652699996,-19.283799491411134],[-57.609796193999955,-19.283790986411162],[-57.60979566999998,-19.283782555411133],[-57.609794927999985,-19.28377420641114],[-57.60979394499998,-19.28376594541114],[-57.60979354799996,-19.283763128411145],[-57.60979311899995,-19.28376032041111],[-57.60979217299996,-19.283754729411125],[-57.609791110999936,-19.283749160411126],[-57.60978993999998,-19.283743600411153],[-57.60978728799995,-19.28373246441114],[-57.60978425899999,-19.283721227411114],[-57.609777236999946,-19.283698077411113],[-57.60976920599995,-19.283673404411132],[-57.60976820699994,-19.28367036441116],[-57.60976718699993,-19.283667312411144],[-57.60976504399997,-19.28366126041115],[-57.60976389699994,-19.283658298411154],[-57.60976268699996,-19.283655407411146],[-57.609762054999976,-19.283653995411118],[-57.60976140199995,-19.283652608411128],[-57.60976072899996,-19.283651249411125],[-57.60976003199994,-19.283649920411126],[-57.60975931099995,-19.28364862441114],[-57.60975856499993,-19.283647365411163],[-57.60975779199998,-19.283646142411122],[-57.60975698899995,-19.28364496241116],[-57.60975657799997,-19.28364438741115],[-57.60975615799999,-19.283643823411154],[-57.60975573099995,-19.283643272411126],[-57.60975529599995,-19.283642731411167],[-57.60975485299997,-19.283642203411123],[-57.60975440099998,-19.283641687411123],[-57.609753941999934,-19.28364118441115],[-57.60975347299996,-19.28364069441116],[-57.60975299599994,-19.28364021841113],[-57.60975250899997,-19.283639755411148],[-57.60975201399998,-19.28363930741117],[-57.60975150999997,-19.28363887141111],[-57.60975099499995,-19.283638452411164],[-57.60975047099998,-19.283638047411124],[-57.60974993799994,-19.283637657411166],[-57.60974939499993,-19.283637283411142],[-57.60974884099994,-19.283636925411116],[-57.60974827699994,-19.283636583411152],[-57.609747701999936,-19.28363625841112],[-57.60974711799997,-19.283635950411142],[-57.60974652099998,-19.283635659411143],[-57.609745913999966,-19.283635386411135],[-57.60974529599998,-19.28363512941112],[-57.60974466699997,-19.283634892411126],[-57.609744338999974,-19.283634777411148],[-57.60974400799996,-19.283634666411125],[-57.60974333599996,-19.28363446041115],[-57.60974265299995,-19.283634272411142],[-57.609741959999944,-19.28363410341112],[-57.60974125699993,-19.28363395241111],[-57.60974054299999,-19.28363381841111],[-57.609739820999955,-19.283633700411112],[-57.609739089999955,-19.283633600411143],[-57.60973835099998,-19.283633515411132],[-57.609737604999964,-19.28363344641114],[-57.60973684999993,-19.283633392411136],[-57.609736089999956,-19.283633353411144],[-57.609735322999946,-19.28363332841112],[-57.609734550999974,-19.28363331741113],[-57.60973377299997,-19.283633319411162],[-57.60973299199998,-19.283633334411125],[-57.60973141599993,-19.283633402411137],[-57.60972982899995,-19.283633515411132],[-57.60972823299994,-19.28363367141113],[-57.60972663299999,-19.283633868411158],[-57.60972503199998,-19.283634100411145],[-57.60972343599997,-19.28363436341115],[-57.609721846999946,-19.28363465541114],[-57.60972027099995,-19.28363497441111],[-57.60971886899995,-19.28363527741114],[-57.60971747899999,-19.283635598411166],[-57.609714736999926,-19.283636288411145],[-57.60971203999998,-19.28363703941115],[-57.60970938599996,-19.28363784841113],[-57.609706768999956,-19.28363870941112],[-57.60970418899996,-19.283639620411154],[-57.609701641999955,-19.28364057641116],[-57.60969912499997,-19.283641574411114],[-57.60969416499995,-19.28364367641112],[-57.60968928699998,-19.283645893411155],[-57.60968446299995,-19.283648194411143],[-57.609679666999966,-19.283650546411163],[-57.609628888999964,-19.283676654411156],[-57.60957830799998,-19.283704041411134],[-57.609476763999965,-19.28375928441116],[-57.609404834999964,-19.28379579141115],[-57.60933210099995,-19.283830437411115],[-57.60925880499996,-19.283863794411126],[-57.609185182999965,-19.283896441411144],[-57.608892251999976,-19.284031387411133],[-57.608823091999966,-19.28406746941114],[-57.608754476999934,-19.284104805411133],[-57.608617806999966,-19.284180214411112],[-57.60854921599997,-19.28421677941112],[-57.60848009799997,-19.28425157841111],[-57.60844525699998,-19.284268079411117],[-57.60841018399997,-19.284283857411154],[-57.60837484599995,-19.284298815411102],[-57.60833920699998,-19.28431286141114],[-57.60832382299997,-19.284318612411152],[-57.608308414999954,-19.284324340411114],[-57.60827766299997,-19.284336374411126],[-57.60827001499996,-19.28433962141112],[-57.60826239199997,-19.28434300541114],[-57.608254797999955,-19.28434654441112],[-57.60824723799993,-19.284350260411095],[-57.60823971599996,-19.284354174411146],[-57.60823223699998,-19.28435830441112],[-57.608224804999956,-19.28436267241114],[-57.608217424999964,-19.284367297411112],[-57.60821491699995,-19.28436894041113],[-57.608212425999966,-19.284370617411142],[-57.60820753599995,-19.284374077411087],[-57.60820515599994,-19.284375861411114],[-57.60820283399994,-19.28437768441115],[-57.60820057899996,-19.284379547411117],[-57.60819840299995,-19.284381451411097],[-57.60819734599993,-19.284382417411106],[-57.60819631399994,-19.284383395411115],[-57.60819530599997,-19.284384384411116],[-57.60819432299996,-19.284385383411127],[-57.608193367999945,-19.284386394411122],[-57.608192440999964,-19.28438741641111],[-57.60819154399996,-19.284388448411118],[-57.608190676999975,-19.284389493411147],[-57.60818984199995,-19.284390549411118],[-57.60818904199993,-19.28439161641115],[-57.608188275999964,-19.28439269741114],[-57.608187545999954,-19.284393788411144],[-57.60818685199996,-19.284394893411104],[-57.60818619799994,-19.28439600941113],[-57.608185582999965,-19.284397138411133],[-57.60818500999994,-19.284398280411104],[-57.608184792999964,-19.284398740411124],[-57.60818458099994,-19.284399202411127],[-57.60818417899998,-19.28440013341112],[-57.60818380399997,-19.28440107241113],[-57.60818345399996,-19.284402018411132],[-57.60818312899995,-19.2844029724111],[-57.60818282999997,-19.284403934411124],[-57.60818255399993,-19.284404903411094],[-57.60818230299997,-19.28440587941112],[-57.60818207599993,-19.284406863411117],[-57.608181871999925,-19.284407853411103],[-57.60818169099997,-19.28440884941115],[-57.608181531999946,-19.284409853411102],[-57.60818139499998,-19.284410863411107],[-57.60818127899995,-19.284411880411145],[-57.60818118499998,-19.284412903411123],[-57.60818111099997,-19.284413931411116],[-57.60818105799996,-19.28441496641114],[-57.60818102399998,-19.28441600641111],[-57.60818100899996,-19.284417053411133],[-57.608181013999975,-19.284418104411095],[-57.60818107899996,-19.284420224411136],[-57.608181212999966,-19.28442236341113],[-57.60818141499993,-19.28442452341114],[-57.608181679999966,-19.28442670041113],[-57.60818200499995,-19.284428895411118],[-57.60818238699995,-19.284431105411112],[-57.60818282199995,-19.284433331411105],[-57.60818330799999,-19.28443556941114],[-57.60818383999998,-19.28443782141113],[-57.608184413999936,-19.28444008441114],[-57.60818567799999,-19.284444639411106],[-57.60818707199997,-19.284449226411148],[-57.60819013999998,-19.28445846241114],[-57.60819339799996,-19.284467720411104],[-57.60829133499994,-19.284757936411097],[-57.60838251899998,-19.285030552411108],[-57.60841082199995,-19.285111432411092],[-57.60843678999999,-19.285193885411093],[-57.608442428999986,-19.285214706411107],[-57.60844759599996,-19.28523559841112],[-57.608452228999965,-19.2852565574111],[-57.60845625899998,-19.2852775794111],[-57.60845962299998,-19.285298657411076],[-57.60846225499994,-19.285319787411126],[-57.60846327699995,-19.28533036941108],[-57.60846409199996,-19.285340963411084],[-57.608464690999945,-19.28535156641111],[-57.60846506699994,-19.285362180411116],[-57.608465174999935,-19.285367998411093],[-57.608465215999956,-19.285373818411117],[-57.608465096999964,-19.285385465411125],[-57.60846472199996,-19.285397116411087],[-57.608464101999964,-19.285408768411102],[-57.60846216399995,-19.28543206241111],[-57.60845937099998,-19.2854553214111],[-57.60845580799997,-19.28547852241107],[-57.60845155999993,-19.285501636411116],[-57.60844671399996,-19.28552464041107],[-57.60844135399998,-19.285547506411067],[-57.60842895999997,-19.285594311411074],[-57.60841516699998,-19.285640661411065],[-57.60840040699997,-19.28568679041106],[-57.60838511299993,-19.285732942411105],[-57.608371621999936,-19.285772782411108],[-57.60835704699997,-19.285812222411067],[-57.60834903999996,-19.2858316064111],[-57.60834038399997,-19.28585066841109],[-57.60833577399995,-19.285860056411117],[-57.60833095399994,-19.285869334411103],[-57.60832591099995,-19.28587849541109],[-57.608320624999976,-19.285887530411088],[-57.60831800799997,-19.285891806411055],[-57.608315331999954,-19.28589605141107],[-57.608309814999984,-19.285904452411074],[-57.60830408399994,-19.28591273541107],[-57.608298152999964,-19.285920905411075],[-57.608292031999945,-19.285928964411102],[-57.60828573199994,-19.28593691741107],[-57.608279264999965,-19.285944766411063],[-57.608272639999946,-19.285952517411058],[-57.60825896899996,-19.28596773441106],[-57.60824480499998,-19.2859825974111],[-57.60823023999995,-19.285997136411112],[-57.60821536299994,-19.286011378411068],[-57.60820430899997,-19.286021643411086],[-57.60819313899998,-19.286031769411093],[-57.60817047099994,-19.286051617411054],[-57.608147389999935,-19.286070953411098],[-57.60812392799994,-19.286089807411045],[-57.608075991999954,-19.286126196411047],[-57.608026922999954,-19.286161027411094],[-57.60795696599996,-19.286207414411095],[-57.60788544999996,-19.286251466411066],[-57.60781252099997,-19.286293398411036],[-57.60773832199993,-19.28633342641105],[-57.60766299499994,-19.286371768411087],[-57.607586685999934,-19.28640863941105],[-57.60750953799993,-19.286444255411087],[-57.60743169199997,-19.286478832411046],[-57.60711621999997,-19.286611080411035],[-57.60680108899999,-19.286744003411066],[-57.606078595999975,-19.28709374141106],[-57.60516126499994,-19.287536746411014],[-57.60445500099996,-19.287878705411032],[-57.603602606999964,-19.288290613411004],[-57.603287006999956,-19.288447480411],[-57.60296586999993,-19.288594761411012],[-57.60293603599996,-19.28860719841101],[-57.60290606599995,-19.288619338411035],[-57.60284563299995,-19.288642336410998],[-57.602815128999964,-19.288652999411003],[-57.602784403999976,-19.28866297541101],[-57.602753437999986,-19.288672165411025],[-57.60272221099996,-19.28868047141101],[-57.602706941999934,-19.28868417641099],[-57.60269163199996,-19.288687746410986],[-57.60266099099994,-19.28869486941103],[-57.60264571099997,-19.288698614410983],[-57.602630491999946,-19.28870261141101],[-57.60261535899997,-19.288706957411033],[-57.60260033699995,-19.28871174741103],[-57.602594253999946,-19.28871384141099],[-57.602588185999956,-19.288715980410988],[-57.60257605799996,-19.28872022341104],[-57.602569980999924,-19.28872224041101],[-57.60256388499994,-19.288724128411005],[-57.60256082699994,-19.28872501141099],[-57.60255776099996,-19.28872584541103],[-57.60255468599996,-19.288726625411027],[-57.60255159999996,-19.288727345411033],[-57.60254817199996,-19.28872806941099],[-57.60254473099996,-19.288728717411015],[-57.60254127699994,-19.288729291411016],[-57.60253781099993,-19.288729795410983],[-57.60253433299994,-19.288730231411037],[-57.60253084399995,-19.288730604411008],[-57.60252734399996,-19.288730915411016],[-57.60252383399995,-19.28873116841101],[-57.60251678299995,-19.288731513411005],[-57.60250969799995,-19.288731662411017],[-57.60250258099995,-19.28873163941104],[-57.60249543599998,-19.288731468411026],[-57.60246665699998,-19.288729800410984],[-57.602437746999954,-19.288727721411032],[-57.60235158099994,-19.288725432411024],[-57.602266938999946,-19.28872056641098],[-57.60225922799997,-19.28871953641102],[-57.602251533999954,-19.288718377410998],[-57.60223619899995,-19.288715683411006],[-57.60222093799995,-19.288712504411027],[-57.60220575399996,-19.28870886041103],[-57.60219065099994,-19.288704771411016],[-57.60217563299995,-19.288700260411026],[-57.602160699999956,-19.28869534741104],[-57.60214585899996,-19.288690053411024],[-57.60213111199993,-19.288684397410986],[-57.60211646199997,-19.288678400411033],[-57.60210191199996,-19.288672085411022],[-57.602087466999926,-19.288665471410987],[-57.60205890099996,-19.288651428411026],[-57.60203078999995,-19.288636439411004],[-57.602009608999936,-19.28862448341103],[-57.601988594999966,-19.288612357411026],[-57.60194661899993,-19.288588743411026],[-57.601936052999974,-19.288583182411017],[-57.60192542999993,-19.288577829411015],[-57.601914736999966,-19.288572721411036],[-57.601903956999934,-19.288567893411035],[-57.601893076999936,-19.288563380411016],[-57.60188208499994,-19.28855922041102],[-57.60187654099997,-19.288557282410995],[-57.60187096399995,-19.28855544741101],[-57.60186534999997,-19.288553717411002],[-57.60185970099997,-19.288552097411028],[-57.60185678499994,-19.288551310410995],[-57.60185386099993,-19.288550553411035],[-57.601847980999935,-19.288549121411013],[-57.601842061999946,-19.288547797411024],[-57.601836104999954,-19.28854657241102],[-57.60182408199996,-19.28854439041102],[-57.60181191999993,-19.288542519411024],[-57.601787213999955,-19.288539477411025],[-57.601762055999984,-19.288536982411035],[-57.601759447999946,-19.288536739410993],[-57.60175683899996,-19.28853650341103],[-57.601751623999974,-19.288536074411027],[-57.601746428999945,-19.288535740411035],[-57.601741272999966,-19.288535549411012],[-57.60173871499996,-19.28853552041103],[-57.60173617299995,-19.288535544411],[-57.60173364999997,-19.288535627411044],[-57.601731146999946,-19.28853577341103],[-57.60172866899995,-19.288535989411017],[-57.601726214999985,-19.288536282410988],[-57.601724998999934,-19.288536458410995],[-57.60172378999994,-19.28853665641101],[-57.60172258699998,-19.288536874411033],[-57.60172139399998,-19.288537116411042],[-57.601720111999946,-19.28853740341101],[-57.601718837999954,-19.28853771741099],[-57.601717574999945,-19.28853805741103],[-57.601716318999934,-19.288538421410987],[-57.60171507299998,-19.288538811411016],[-57.60171383399996,-19.288539225411018],[-57.60171260299995,-19.28853966241099],[-57.60171138099997,-19.28854012341101],[-57.601710165999975,-19.288540605411026],[-57.60170895799997,-19.28854110941105],[-57.60170775799998,-19.28854163441101],[-57.60170656399998,-19.288542180411028],[-57.60170419699994,-19.28854333041102],[-57.601701854999995,-19.288544555411033],[-57.601699535999956,-19.28854585041104],[-57.601697237999986,-19.28854721041104],[-57.601694959999975,-19.288548629411036],[-57.601692698999955,-19.288550104411012],[-57.60168822399999,-19.28855319941103],[-57.601683796999964,-19.288556456411026],[-57.60166628199994,-19.288570324411026],[-57.60164837199994,-19.288583669411036],[-57.60164453599998,-19.28858613841102],[-57.601640647999936,-19.288588490410984],[-57.60163671399993,-19.288590733411027],[-57.60163273599994,-19.28859287941101],[-57.60162467199996,-19.288596917411002],[-57.60161649499997,-19.288600688411023],[-57.60159995699996,-19.28860776041103],[-57.601583424999944,-19.288614756410993],[-57.601570909999964,-19.28862043641102],[-57.60155856799997,-19.28862643941103],[-57.60154638499995,-19.28863274041101],[-57.60153434899996,-19.288639317411036],[-57.60151066899994,-19.288653203411016],[-57.60148742599995,-19.288667908411032],[-57.60144184799997,-19.288699022410988],[-57.601396803999926,-19.288731151411024],[-57.60019585799996,-19.289460656410984],[-57.59922213199997,-19.290058190410978],[-57.59797595699996,-19.290828075410964],[-57.59756206899994,-19.291068709410926],[-57.59751648899998,-19.29109612541095],[-57.59747052299997,-19.291122805410968],[-57.59744723499995,-19.291135534410962],[-57.59742365799996,-19.291147675410972],[-57.59741174199997,-19.29115348441094],[-57.59739972999996,-19.29115909641093],[-57.59738761399995,-19.29116449441096],[-57.59737538599996,-19.29116966241094],[-57.597368882999945,-19.29117229241092],[-57.59736234799994,-19.291174854410947],[-57.59734918299995,-19.291179777410946],[-57.597335900999944,-19.29118443841093],[-57.597322507999934,-19.291188845410947],[-57.59730901299997,-19.291193004410953],[-57.597295421999945,-19.29119692241096],[-57.597281743999986,-19.29120060741092],[-57.59726798699996,-19.291204066410963],[-57.59724026699996,-19.291210329410944],[-57.59721232099997,-19.29121577141092],[-57.59718421299993,-19.291220446410932],[-57.597156004999924,-19.29122441041095],[-57.59714333599993,-19.291225971410945],[-57.59713065999995,-19.291227399410964],[-57.59710528799997,-19.29122985341093],[-57.59707989399993,-19.291231760410938],[-57.59705448099999,-19.29123311441094],[-57.59702905299997,-19.291233903410955],[-57.59700361399996,-19.291234119410937],[-57.596978168999954,-19.29123375241096],[-57.59695271999993,-19.291232793410924],[-57.59694034699998,-19.29123211041094],[-57.59692797799995,-19.291231281410948],[-57.59690326899994,-19.29122917441095],[-57.59687862199996,-19.291226445410928],[-57.59685406999994,-19.29122306841094],[-57.59682964299998,-19.291219018410978],[-57.59680537399998,-19.29121426741097],[-57.596781291999946,-19.291208788410916],[-57.59675742899998,-19.29120255641096],[-57.59674990999997,-19.291200419410924],[-57.59674241699997,-19.291198204410943],[-57.59672750599998,-19.291193549410934],[-57.59671269599995,-19.29118860341094],[-57.59669798799996,-19.291183378410953],[-57.59668337899995,-19.29117788441096],[-57.59666887099995,-19.291172131410924],[-57.59665446499997,-19.291166135410958],[-57.59664015999994,-19.29115990341097],[-57.59661185099997,-19.291146780410937],[-57.59658394799994,-19.29113285541092],[-57.596556448999934,-19.29111821841094],[-57.59652935499997,-19.29110295941094],[-57.59649653699994,-19.29108344241093],[-57.59646424699997,-19.29106323441096],[-57.59643239499996,-19.291042454410967],[-57.59640089399995,-19.291021214410932],[-57.59633859099995,-19.290977818410976],[-57.596276632999945,-19.29093397341092],[-57.59543697699996,-19.290380968410965],[-57.591811655999955,-19.287964793411028],[-57.590222058999984,-19.28691247741108],[-57.58890148199998,-19.28603680941106],[-57.58846423399996,-19.285725574411092],[-57.58801786999999,-19.28542727841112],[-57.58793271499996,-19.285375416411096],[-57.58784697499994,-19.285324367411125],[-57.58767524799998,-19.28522255041109],[-57.58759001699997,-19.28517070341109],[-57.58750570999995,-19.285117510411098],[-57.58742270599999,-19.285062431411106],[-57.58734138199997,-19.28500492641108],[-57.587257162999954,-19.284941019411118],[-57.58717435499994,-19.284875119411133],[-57.58700935599995,-19.284742718411106],[-57.58696757499996,-19.284710473411103],[-57.586925356999984,-19.28467890541111],[-57.586882586999934,-19.284648182411107],[-57.58683915299997,-19.284618473411115],[-57.58679494199998,-19.284589946411135],[-57.586749840999964,-19.2845627674111],[-57.58672692199996,-19.284549737411115],[-57.58670373699993,-19.284537107411104],[-57.586680273999946,-19.284524898411135],[-57.586656517999984,-19.284513131411142],[-57.58664470399998,-19.284507512411093],[-57.58663280299999,-19.284502047411145],[-57.58660868399994,-19.284491749411135],[-57.58659643799995,-19.284486999411122],[-57.58658404899995,-19.28448257141111],[-57.586571505999984,-19.284478508411116],[-57.58655879399999,-19.284474851411126],[-57.58655579399994,-19.284474059411142],[-57.586552783999934,-19.28447329541109],[-57.58654673999996,-19.284471862411127],[-57.586540663999976,-19.284470579411114],[-57.58653456199994,-19.284469470411132],[-57.58653150099997,-19.284468989411103],[-57.58652843599998,-19.28446856141114],[-57.58652536799996,-19.284468189411086],[-57.586522293999955,-19.284467878411146],[-57.586519216999925,-19.284467628411115],[-57.58651613799997,-19.284467446411103],[-57.586513055999944,-19.28446733141113],[-57.58650997299998,-19.284467289411115],[-57.58650843099997,-19.284467296411105],[-57.58650688799998,-19.28446732241111],[-57.58650380499995,-19.284467428411133],[-57.586500720999936,-19.28446760441113],[-57.58649763999995,-19.284467848411122],[-57.58649456099993,-19.284468158411133],[-57.586491486999925,-19.28446853041113],[-57.58648841799993,-19.284468964411136],[-57.58648535499998,-19.284469454411123],[-57.58647925299993,-19.28447059941112],[-57.586473188999946,-19.28447194741113],[-57.58646717099998,-19.284473475411115],[-57.58646120699996,-19.28447516441111],[-57.58645881199993,-19.28447589041111],[-57.58645642499994,-19.28447663741111],[-57.58645168199996,-19.284478199411133],[-57.58644697599993,-19.284479841411102],[-57.586442303999945,-19.28448156041111],[-57.58643305599997,-19.284485209411123],[-57.58642391899998,-19.284489102411108],[-57.58640590899994,-19.284497452411127],[-57.58638812799996,-19.284506274411118],[-57.58624390199997,-19.284583999411097],[-57.58610206699996,-19.284665406411133],[-57.585811840999945,-19.284816870411124],[-57.58577775499998,-19.2848315204111],[-57.58574345799997,-19.284845811411113],[-57.58567499599997,-19.28487454941108],[-57.58564120999995,-19.284889609411085],[-57.58560797599995,-19.284905537411127],[-57.585591622999964,-19.284913923411118],[-57.58557548099998,-19.284922641411118],[-57.58555957099997,-19.284931730411124],[-57.585543917999985,-19.284941228411125],[-57.58551155499999,-19.284962600411117],[-57.58547965899999,-19.284984758411092],[-57.58541410399994,-19.28502655041108],[-57.58541054099998,-19.285028493411108],[-57.58540695799996,-19.285030406411117],[-57.585399732999974,-19.285034137411106],[-57.58539243299998,-19.28503774441111],[-57.585385061999936,-19.285041226411117],[-57.585377620999964,-19.285044584411125],[-57.58537011599997,-19.28504781641112],[-57.585362549999964,-19.285050924411102],[-57.58535492599998,-19.28505390641111],[-57.585339519999934,-19.285059495411122],[-57.585323924999955,-19.285064584411074],[-57.58530817099995,-19.285069169411074],[-57.58529228599997,-19.285073252411095],[-57.58522343899995,-19.285086182411117],[-57.58515411999996,-19.28509685041108],[-57.58508921299994,-19.2851092214111],[-57.585024086999965,-19.285120423411108],[-57.58501854299993,-19.28512114741111],[-57.58501298999993,-19.28512182541112],[-57.58500185999997,-19.285123040411108],[-57.58499070299997,-19.2851240734111],[-57.58497952399994,-19.28512492141111],[-57.584957112999966,-19.285126069411078],[-57.584934662999956,-19.285126490411123],[-57.58491220899999,-19.28512618941112],[-57.584889786999945,-19.285125169411103],[-57.584867431999946,-19.285123437411116],[-57.584845178999956,-19.285120996411123],[-57.584837289999946,-19.285119958411066],[-57.58482941799998,-19.2851188324111],[-57.58481372699998,-19.285116323411085],[-57.58479810399996,-19.285113484411102],[-57.584782548999954,-19.285110328411108],[-57.58476706199996,-19.28510686541113],[-57.58475163999998,-19.285103112411083],[-57.584736285999945,-19.28509907741112],[-57.584720996999984,-19.28509477741111],[-57.58469061199998,-19.285085426411104],[-57.584660480999965,-19.285075164411104],[-57.58463060099996,-19.285064091411122],[-57.584600965999975,-19.285052310411107],[-57.58458452299994,-19.285045456411122],[-57.58456816899997,-19.285038404411107],[-57.584535783999975,-19.285023676411118],[-57.584503926999965,-19.28500805541113],[-57.584472707999964,-19.284991472411086],[-57.58445737499995,-19.284982799411114],[-57.58444224399994,-19.284973860411117],[-57.584427328999936,-19.284964647411126],[-57.584412645999976,-19.28495514941113],[-57.58439820899998,-19.28494536041108],[-57.58438402899998,-19.2849352704111],[-57.584370123999975,-19.28492487141113],[-57.58435650699993,-19.28491415541111],[-57.58434463499997,-19.284904346411096],[-57.58433298799997,-19.28489429441111],[-57.584321548999974,-19.28488401741111],[-57.58431030599997,-19.284873529411122],[-57.58428834199998,-19.284851988411106],[-57.58426697599999,-19.284829800411103],[-57.584225559999936,-19.2847840044111],[-57.58418510099994,-19.284737174411134],[-57.58325267499999,-19.28322728941115],[-57.583247538999956,-19.28322556941115],[-57.58324238999996,-19.283224032411148],[-57.583241097999974,-19.28322369841116],[-57.583239803999966,-19.283223390411173],[-57.58323850799997,-19.283223110411118],[-57.58323720999993,-19.283222862411133],[-57.583235908999946,-19.283222649411172],[-57.58323460399998,-19.283222473411147],[-57.58323329699993,-19.28322233741117],[-57.58323198699998,-19.283222244411125],[-57.58323141699997,-19.283222218411183],[-57.58323084699998,-19.283222200411142],[-57.58322970499996,-19.28322218841115],[-57.58322856099994,-19.28322220741112],[-57.583227414999946,-19.28322225441114],[-57.583226267999976,-19.283222327411153],[-57.58322511799997,-19.283222423411175],[-57.58322396699998,-19.283222542411156],[-57.58322281499995,-19.28322268041113],[-57.583218203999934,-19.283223388411145],[-57.58321359399997,-19.28322424341113],[-57.583210455999954,-19.283224850411134],[-57.58320733099998,-19.28322547441114],[-57.583201135999964,-19.28322681141115],[-57.58319807499999,-19.283227546411165],[-57.58319504299993,-19.283228339411135],[-57.58319204399999,-19.283229200411117],[-57.58318908399997,-19.283230143411156],[-57.58318798699997,-19.283230517411173],[-57.58318689699996,-19.283230904411177],[-57.583184733999985,-19.28323171341114],[-57.58318259199996,-19.283232569411137],[-57.58318047199999,-19.28323347041115],[-57.583178369999985,-19.28323441641115],[-57.58317628799995,-19.28323540241113],[-57.583174224999944,-19.28323642841114],[-57.58317217799999,-19.28323749341113],[-57.58316813599998,-19.283239730411175],[-57.583164152999984,-19.283242098411147],[-57.58316022399998,-19.283244582411132],[-57.58315634199993,-19.283247172411144],[-57.583141157999925,-19.28325828541117],[-57.583126209999925,-19.283269939411163],[-57.58310578099998,-19.283285364411128],[-57.583085047999994,-19.283300190411158],[-57.583064037999975,-19.283314469411135],[-57.583042775999964,-19.283328250411138],[-57.582999603999944,-19.283354525411177],[-57.58295573699996,-19.28337942441116],[-57.58286676199997,-19.28342672341116],[-57.58277752099996,-19.283473409411133],[-57.58225746699998,-19.283784224411164],[-57.58156596499998,-19.284179900411136],[-57.58089220699997,-19.284569895411096],[-57.579842317999976,-19.2851826614111],[-57.57890260499993,-19.28573088241106],[-57.57809880199994,-19.286194353411094],[-57.57730095499994,-19.28666904441105],[-57.57722465399996,-19.286717867411085],[-57.577147311999965,-19.286765087411087],[-57.57712719199998,-19.286776627411033],[-57.57710690599998,-19.28678790641107],[-57.577065841999975,-19.286809669411067],[-57.57702412999999,-19.286830351411087],[-57.57698178399993,-19.28684992641104],[-57.57696549299993,-19.28685708241107],[-57.576949112999955,-19.286864057411037],[-57.57691609599994,-19.286877400411075],[-57.57688274499998,-19.286889823411062],[-57.576849073999945,-19.28690119841105],[-57.57683858899997,-19.286904487411046],[-57.57682807499998,-19.286907665411036],[-57.57680696399995,-19.286913697411077],[-57.57678574499994,-19.28691931341104],[-57.57676442199993,-19.286924531411046],[-57.576721487999976,-19.28693384441106],[-57.576678195999925,-19.286941781411038],[-57.576634586999944,-19.28694848441108],[-57.576590696999965,-19.286954100411045],[-57.57654656299997,-19.286958771411033],[-57.57650222399997,-19.28696264241108],[-57.57632355699997,-19.286973011411078],[-57.57614460099995,-19.286982115411032],[-57.57609585399996,-19.28698557141103],[-57.576047252999956,-19.28698959041105],[-57.57595043799994,-19.28699917741107],[-57.57585405399994,-19.28701060541106],[-57.575757998999954,-19.287023597411054],[-57.57556647599995,-19.287053177411043],[-57.57537505999994,-19.287085720411078],[-57.57533673899997,-19.287092362411045],[-57.57529838399994,-19.287098874411058],[-57.57522155199996,-19.287110846411046],[-57.57518306299993,-19.287115983411063],[-57.575144517999945,-19.28712033541103],[-57.57510591199997,-19.287123741411044],[-57.57506723999995,-19.287126037411028],[-57.57505395699997,-19.287126541411045],[-57.57504066299998,-19.28712690241104],[-57.57501404399994,-19.287127216411072],[-57.57498737199996,-19.287127023411063],[-57.57496063899999,-19.287126372411073],[-57.57495168399998,-19.287126056411065],[-57.574942729999975,-19.287125676411048],[-57.57492486299998,-19.287124645411033],[-57.57491596899997,-19.287123957411044],[-57.57490711299994,-19.287123128411054],[-57.57489830499998,-19.287122141411018],[-57.574889551999945,-19.287120975411074],[-57.57488255699997,-19.287119897411053],[-57.57487560199996,-19.287118694411042],[-57.57486868799999,-19.287117367411028],[-57.57486181599996,-19.28711592241103],[-57.57485498199998,-19.287114358411028],[-57.57484818599993,-19.287112680411038],[-57.57484142799996,-19.287110888411057],[-57.57483470699998,-19.287108986411045],[-57.57482137299997,-19.287104863411056],[-57.574808176999966,-19.287100329411025],[-57.57479511199995,-19.287095402411065],[-57.57478217199996,-19.287090105411036],[-57.57476934899994,-19.287084456411037],[-57.57475663799994,-19.28707847541106],[-57.574744031999955,-19.28707218341105],[-57.57473152399996,-19.287065597411065],[-57.57470677999998,-19.28705162941105],[-57.57468234999994,-19.28703672941105],[-57.574586740999955,-19.286970984411077],[-57.57449199599995,-19.28690300541103],[-57.57407661499997,-19.28666822641106],[-57.57357226399995,-19.286394380411092],[-57.57343650099995,-19.286323134411095],[-57.57330092899998,-19.286251917411064],[-57.57323366199996,-19.28621564141106],[-57.57316697999995,-19.28617855841107],[-57.57310106099994,-19.28614039641106],[-57.573036084999956,-19.28610088241108],[-57.572958670999974,-19.286050875411053],[-57.57288266199998,-19.285998840411104],[-57.572807811999944,-19.285945140411076],[-57.572733874999976,-19.28589013441106],[-57.57258775599997,-19.285777659411085],[-57.572442337999966,-19.285664302411107],[-57.572164060999974,-19.285451110411067],[-57.57189006899994,-19.285233211411125],[-57.571849295999975,-19.285198861411107],[-57.57180893299994,-19.285164057411105],[-57.57172984199997,-19.2850928124111],[-57.57169132199994,-19.285056235411094],[-57.57165362299998,-19.28501893441113],[-57.57161684799997,-19.28498084041109],[-57.57158109899995,-19.28494188341113],[-57.57156593199995,-19.284924698411086],[-57.57155097399994,-19.28490734341113],[-57.57152166399994,-19.284872156411097],[-57.571493134999976,-19.284836371411124],[-57.57146535099997,-19.2848000394111],[-57.57141187899999,-19.284725943411104],[-57.57136096499993,-19.284650277411114],[-57.57133768099994,-19.284614027411124],[-57.57131489699998,-19.28457751541111],[-57.571270794999975,-19.28450370441113],[-57.571228582999936,-19.284428836411113],[-57.57118818799995,-19.284352902411126],[-57.571173595999944,-19.284324343411136],[-57.571159273999974,-19.284295635411137],[-57.57113154899997,-19.284237778411136],[-57.571105235999944,-19.284179334411153],[-57.57108055699996,-19.284120311411144],[-57.571057733999965,-19.28406071441113],[-57.571036989999975,-19.284000546411125],[-57.57102746599997,-19.283970252411123],[-57.57101854699994,-19.28393981641115],[-57.571010256999955,-19.28390924241116],[-57.57100262599994,-19.283878528411112],[-57.57099224699994,-19.283831372411125],[-57.57098320199998,-19.283783944411155],[-57.570975225999966,-19.283736295411153],[-57.570968053999934,-19.283688473411164],[-57.57095505399997,-19.283592520411144],[-57.570942079999945,-19.283496485411124],[-57.57093281799997,-19.283433336411164],[-57.57092384699996,-19.283370217411157],[-57.57091984699997,-19.28333863441114],[-57.570916369999956,-19.28330701941114],[-57.57091356899998,-19.283275356411178],[-57.57091159199996,-19.283243634411168],[-57.57091083899996,-19.283223903411148],[-57.570910454999925,-19.283204149411155],[-57.57091076899996,-19.28316460041116],[-57.57091247899996,-19.283125037411175],[-57.57091553299995,-19.283085511411155],[-57.57091987699994,-19.28304607041114],[-57.57092545699998,-19.28300676641117],[-57.570932219999975,-19.28296764741116],[-57.57094011199996,-19.282928766411136],[-57.570951294999986,-19.28288080841115],[-57.57096334199996,-19.282833084411138],[-57.57098682699995,-19.282737503411163],[-57.57099803999995,-19.282683907411176],[-57.57100867399998,-19.282630182411193],[-57.57103346399998,-19.282523758411173],[-57.57103878299994,-19.28250572741115],[-57.571044469999954,-19.28248779841119],[-57.57105049399996,-19.2824699624112],[-57.57105682299993,-19.282452210411183],[-57.57107026599994,-19.28241691841118],[-57.57108454799998,-19.282381848411156],[-57.571114616999985,-19.282312093411175],[-57.571145007999974,-19.28224235641119],[-57.57119599799996,-19.28212027241121],[-57.57125076899995,-19.28200032141117],[-57.57126861699998,-19.28196637241116],[-57.57128737599999,-19.281932841411177],[-57.57130687799997,-19.28189964341119],[-57.571326958999975,-19.281866692411153],[-57.571368191999966,-19.28180118741121],[-57.57140974899995,-19.28173563441119],[-57.57141480799998,-19.281727468411216],[-57.57141960199994,-19.281719185411212],[-57.57142072999994,-19.28171708341121],[-57.57142182099994,-19.281714967411204],[-57.57142287399994,-19.28171283341119],[-57.57142388199997,-19.28171068141121],[-57.57142484199994,-19.281708509411164],[-57.57142575099994,-19.28170631441119],[-57.57142660399995,-19.28170409641117],[-57.57142739799997,-19.281701852411192],[-57.571427677999964,-19.281701009411186],[-57.57142794899993,-19.28170016341121],[-57.57142846499993,-19.281698461411192],[-57.57142894499999,-19.281696745411203],[-57.57142938999994,-19.281695016411188],[-57.571429798999986,-19.281693278411197],[-57.571430172999946,-19.28169152841118],[-57.57143051199996,-19.281689770411177],[-57.571430814999985,-19.281688003411166],[-57.57143108199995,-19.28168623041122],[-57.571431312999955,-19.281684449411177],[-57.571431507999925,-19.281682664411182],[-57.57143166699995,-19.28168087541117],[-57.57143178999996,-19.281679081411227],[-57.57143187799995,-19.281677285411167],[-57.57143192899998,-19.281675489411175],[-57.57143194399998,-19.281673691411207],[-57.57143192299997,-19.28167189441117],[-57.571431864999965,-19.281670098411173],[-57.57143177199998,-19.28166830541121],[-57.57143163999996,-19.281666515411207],[-57.57143147399995,-19.28166472941117],[-57.57143126999995,-19.281662948411185],[-57.571431029999985,-19.281661174411195],[-57.57143075299996,-19.281659407411183],[-57.571430437999936,-19.281657648411194],[-57.57143008699995,-19.28165589841116],[-57.57142969999995,-19.281654158411207],[-57.571429273999975,-19.281652429411185],[-57.571428812999955,-19.281650712411217],[-57.571428313999945,-19.281649008411215],[-57.57142777699994,-19.28164731841118],[-57.571427202999985,-19.281645643411213],[-57.57142671399998,-19.281644304411163],[-57.57142619999996,-19.281642974411195],[-57.57142510599994,-19.281640344411212],[-57.571423924999976,-19.281637750411175],[-57.57142266499994,-19.28163519241118],[-57.571421329999964,-19.28163266541118],[-57.57141992699997,-19.28163016841122],[-57.57141846099995,-19.281627699411178],[-57.57141693699998,-19.28162525641121],[-57.57141374199994,-19.28162043841117],[-57.57141038699995,-19.281615696411187],[-57.571406915999944,-19.2816110134112],[-57.571403377999964,-19.281606370411183],[-57.57139248199996,-19.281592432411195],[-57.57138138999994,-19.28157869241121],[-57.57135867199998,-19.281551749411186],[-57.571335332999986,-19.281525424411168],[-57.57131148199994,-19.28149960041119],[-57.57126268399997,-19.28144899141122],[-57.571213150999945,-19.281398986411173],[-57.57119556599997,-19.28138121541119],[-57.57117803999995,-19.281363374411196],[-57.571143328999945,-19.28132736941117],[-57.57110935099996,-19.281290742411183],[-57.57107643699993,-19.2812532664112],[-57.57105960699994,-19.28123308941119],[-57.57104314999998,-19.2812126304112],[-57.57101130299998,-19.28117094441118],[-57.57098078699994,-19.28112835941122],[-57.57095148999997,-19.28108502441124],[-57.57090772899994,-19.28101588341119],[-57.57086617699998,-19.280945547411232],[-57.57082632199996,-19.28087429441119],[-57.570787646999975,-19.28080240041122],[-57.57071178199993,-19.28065779941123],[-57.57063446499995,-19.280513965411206],[-57.570414064999966,-19.280143663411252],[-57.570319680999944,-19.27998472141122],[-57.57022937399994,-19.279823839411236],[-57.570189718999984,-19.27974932541122],[-57.57015035199999,-19.27967465041123],[-57.57006844899997,-19.279526425411255],[-57.57005492099995,-19.279503583411227],[-57.57004129699993,-19.279480779411255],[-57.570014448999984,-19.27943503641122],[-57.57000156499999,-19.279411971411232],[-57.56998927199998,-19.279388693411267],[-57.56998339799997,-19.279376955411266],[-57.56997773699993,-19.27936514041126],[-57.56997230899998,-19.279353239411275],[-57.56996713399997,-19.279341247411278],[-57.56996102099998,-19.279326064411272],[-57.56995530299997,-19.279310736411247],[-57.56994994199994,-19.279295277411247],[-57.569944899999946,-19.27927970041124],[-57.569935614999956,-19.279248248411278],[-57.56992714199998,-19.27921648841126],[-57.56991139499996,-19.279152474411227],[-57.56989519399997,-19.279088524411264],[-57.56986787799997,-19.27899575841125],[-57.56984125599996,-19.278903197411275],[-57.56983335499996,-19.278870678411277],[-57.56982625399996,-19.278837984411258],[-57.569819819999964,-19.278805132411254],[-57.56981391599998,-19.27877214241128],[-57.56980317699998,-19.278705818411293],[-57.569792966999955,-19.27863915841128],[-57.569785036999974,-19.27858711941126],[-57.56977830099999,-19.2785350584113],[-57.56977585399994,-19.278509047411255],[-57.569774275999976,-19.278483065411294],[-57.56977387099994,-19.278470090411297],[-57.569773754999964,-19.2784571254113],[-57.569773950999945,-19.27844417341128],[-57.56977448099997,-19.27843123641126],[-57.56977537199999,-19.27841818941129],[-57.56977659499995,-19.278405156411274],[-57.569778114999956,-19.278392136411288],[-57.56977989799998,-19.278379126411256],[-57.56978411599994,-19.278353131411276],[-57.56978897399994,-19.27832715541125],[-57.56979950699997,-19.278275204411266],[-57.56980929399998,-19.278223149411293],[-57.56981409399998,-19.27819104341131],[-57.56981789399999,-19.278158860411278],[-57.569820810999936,-19.278126605411273],[-57.56982295899996,-19.278094288411303],[-57.56982540899997,-19.278029492411296],[-57.569826165999984,-19.277964528411307],[-57.56982618599995,-19.27794758341128],[-57.56982609299996,-19.27793064141128],[-57.569825326999926,-19.277896808411302],[-57.569824532999974,-19.277879939411264],[-57.56982338399996,-19.277863114411293],[-57.56982181799999,-19.27784634541126],[-57.56981977699997,-19.277829643411284],[-57.569817350999976,-19.27781378841126],[-57.56981448999994,-19.27779799541128],[-57.56981125099997,-19.277782256411296],[-57.56980768699998,-19.277766561411294],[-57.56979979799996,-19.277735273411288],[-57.56979125699997,-19.277704064411314],[-57.56975923799996,-19.277578708411294],[-57.56975620899993,-19.2775619914113],[-57.56975355099996,-19.277545214411315],[-57.569751217999965,-19.277528384411323],[-57.569749161999944,-19.27751151141128],[-57.56974568899995,-19.277477675411276],[-57.56974274999994,-19.277443775411268],[-57.56972869499999,-19.277308992411307],[-57.56972416199994,-19.277282514411315],[-57.56971927999995,-19.27725602941128],[-57.569710559999976,-19.27720224941131],[-57.56970853099995,-19.27718471841128],[-57.56970666899997,-19.277167091411314],[-57.56970211999993,-19.2771321274113],[-57.56970056999995,-19.277123553411315],[-57.56969877299997,-19.27711508141132],[-57.56969776999995,-19.2771108904113],[-57.569696687999965,-19.277106731411294],[-57.569695523999926,-19.27710260841129],[-57.569694271999936,-19.277098520411332],[-57.56969292799994,-19.277094473411317],[-57.569691484999964,-19.277090468411327],[-57.56968993999993,-19.277086506411322],[-57.56968828599997,-19.277082591411293],[-57.56968651799997,-19.277078724411332],[-57.56968463299995,-19.27707490841132],[-57.56968262299995,-19.277071145411323],[-57.56968048399994,-19.277067437411315],[-57.56967890499993,-19.2770648694113],[-57.56967726299997,-19.2770623264113],[-57.56967556699993,-19.277059807411288],[-57.56967381899994,-19.277057311411305],[-57.56967019199993,-19.277052371411312],[-57.56966642299994,-19.27704749041132],[-57.569658620999974,-19.27703783041132],[-57.56965073899994,-19.277028183411325],[-57.569605648999975,-19.276966481411343],[-57.56956148299997,-19.27690479741135],[-57.56954996699994,-19.276890382411324],[-57.569538057999985,-19.27687623841129],[-57.56952580899997,-19.276862326411305],[-57.56951326999996,-19.27684861141134],[-57.569487538999965,-19.27682162941133],[-57.56946128299995,-19.276795000411354],[-57.56935938099997,-19.276686206411327],[-57.56934933699995,-19.276673674411295],[-57.56933956399996,-19.276660953411326],[-57.56933003499994,-19.27664806241134],[-57.569320723999965,-19.27663501641131],[-57.56930264999994,-19.276608536411327],[-57.56928513699995,-19.27658165941135],[-57.56925095599996,-19.27652728741133],[-57.56921651699997,-19.27647305141134],[-57.56915358599996,-19.276380673411314],[-57.569091516999954,-19.27628794541134],[-57.56908235199995,-19.27627319541135],[-57.56907336999996,-19.276258338411356],[-57.56905594799997,-19.276228311411316],[-57.56903924699998,-19.27619789741134],[-57.569023257999966,-19.27616712341136],[-57.56900797499998,-19.276136018411357],[-57.568993392999964,-19.27610461141131],[-57.568979504999966,-19.27607293241135],[-57.568966303999964,-19.27604100841136],[-57.56892895699996,-19.275940421411345],[-57.568894541999946,-19.275838874411363],[-57.56886652999999,-19.275754917411348],[-57.568840663999936,-19.27567040941137],[-57.56883204599996,-19.275638527411342],[-57.56882405099998,-19.275606490411356],[-57.56880973699998,-19.27554202841134],[-57.56879733999994,-19.27547715641135],[-57.56878647399997,-19.275412010411355],[-57.56878136599993,-19.27537840841132],[-57.56877658299999,-19.275344769411344],[-57.568768080999966,-19.27527739541138],[-57.56876114099999,-19.27520989941134],[-57.56875593399997,-19.275142294411364],[-57.56875420199998,-19.275111919411383],[-57.56875284199998,-19.275081526411345],[-57.56875119199997,-19.275020697411346],[-57.56875088999993,-19.274959825411337],[-57.568751839999955,-19.27489892341137],[-57.568757124999934,-19.274777101411395],[-57.56876629399994,-19.274655360411344],[-57.56876919099994,-19.27462419441137],[-57.56877236199994,-19.274593059411387],[-57.56877979899996,-19.274530958411358],[-57.56878420299995,-19.274500026411356],[-57.56878915399994,-19.274469198411367],[-57.56879471999997,-19.274438493411406],[-57.568800970999966,-19.27440792641139],[-57.56882677599998,-19.274303932411367],[-57.56885354999997,-19.274199783411387],[-57.56887274699994,-19.27411074341136],[-57.56889224099996,-19.274021821411388],[-57.56889777299995,-19.273999804411392],[-57.56890373099998,-19.273977923411383],[-57.56891019799997,-19.2739562054114],[-57.568917254999974,-19.273934677411365],[-57.568924983999985,-19.2739133634114],[-57.568933466999965,-19.273892290411425],[-57.56893801499996,-19.27388185141136],[-57.568942783999944,-19.273871482411373],[-57.56894778099996,-19.2738611874114],[-57.568953017999945,-19.273850968411413],[-57.56896020999994,-19.273837710411375],[-57.568967631999946,-19.273824531411368],[-57.568982375999944,-19.273798191411398],[-57.56898589699994,-19.273791568411404],[-57.56898930399995,-19.273784917411376],[-57.568992570999974,-19.273778229411384],[-57.56899567299997,-19.2737714984114],[-57.56899858699995,-19.273764716411392],[-57.56900128599994,-19.273757879411377],[-57.56900254799996,-19.273754436411412],[-57.569003746999954,-19.273750977411385],[-57.569004880999955,-19.273747499411396],[-57.56900594499996,-19.273744002411373],[-57.56900645099995,-19.273742248411395],[-57.56900693899996,-19.273740488411423],[-57.569007861999985,-19.273736953411404],[-57.569008715999985,-19.273733402411377],[-57.56900950499994,-19.273729833411366],[-57.56901088699993,-19.273722645411386],[-57.56901202399996,-19.273715398411415],[-57.56901292799995,-19.27370809741137],[-57.56901361299998,-19.273700748411382],[-57.569014092999964,-19.273693356411396],[-57.56901438199997,-19.273685929411386],[-57.56901449299995,-19.2736784724114],[-57.56901444099997,-19.273670992411382],[-57.569014237999966,-19.273663493411384],[-57.569013899999966,-19.273655982411416],[-57.56901286999994,-19.273640950411387],[-57.56901145899997,-19.273625943411382],[-57.56900289799995,-19.273563252411414],[-57.568992199999975,-19.27350144241138],[-57.568975075999965,-19.273378730411427],[-57.56897433199998,-19.273367064411392],[-57.56897379299994,-19.273355384411396],[-57.56897329599997,-19.273331982411378],[-57.568973522999954,-19.273308533411424],[-57.568974415999946,-19.273285042411384],[-57.56897591499996,-19.273261514411402],[-57.56897795799995,-19.273237956411393],[-57.568980487999966,-19.273214374411403],[-57.56898344299998,-19.27319077241141],[-57.56899832399995,-19.273096296411396],[-57.56901522799995,-19.27300199441142],[-57.56902763599999,-19.272929822411434],[-57.56903988299997,-19.27285796441142],[-57.56906753399995,-19.272715157411454],[-57.56907252499996,-19.272693239411435],[-57.56907776399998,-19.272671354411415],[-57.56908899599995,-19.272627710411392],[-57.56910125599996,-19.272584273411418],[-57.56911456799997,-19.27254109241144],[-57.569128959999944,-19.272498217411428],[-57.569144456999936,-19.272455699411445],[-57.56916108199994,-19.272413585411442],[-57.56917886299994,-19.272371926411413],[-57.56919027799995,-19.272346770411424],[-57.56920211399995,-19.272321796411433],[-57.569226983999954,-19.272272381411458],[-57.569253336999964,-19.272223647411447],[-57.56928103699994,-19.272175559411412],[-57.56930994499999,-19.27212808441144],[-57.56933992899996,-19.272081189411427],[-57.56937084799994,-19.272034837411454],[-57.56940256899998,-19.27198899741142],[-57.56942421699995,-19.27195854941145],[-57.56944617699997,-19.271928326411437],[-57.569491094999925,-19.271868601411413],[-57.56953743899999,-19.271809910411424],[-57.56958532799996,-19.271752343411432],[-57.569613656999934,-19.271719725411444],[-57.569642535999954,-19.271687530411437],[-57.569701935999944,-19.271624477411468],[-57.56976351599997,-19.271563338411447],[-57.56982726199993,-19.271504263411426],[-57.56984965399993,-19.27148447541146],[-57.56987229199995,-19.271464944411434],[-57.56991828099996,-19.271426641411434],[-57.56996517299996,-19.271389320411465],[-57.57001291099993,-19.271352953411448],[-57.57006143799998,-19.271317507411492],[-57.57011069599997,-19.27128295341146],[-57.570160629999975,-19.271249258411437],[-57.57021118199998,-19.271216391411432],[-57.570242744999966,-19.271196470411443],[-57.57027454099994,-19.271176900411437],[-57.57033890499997,-19.271138998411466],[-57.57037150899999,-19.271120758411435],[-57.570404418999935,-19.271103053411483],[-57.57043765399993,-19.271085929411473],[-57.57047123199994,-19.271069433411483],[-57.57049664299996,-19.271057496411473],[-57.57052224699999,-19.271045927411492],[-57.57057399499996,-19.271023845411445],[-57.57062639399999,-19.27100309441148],[-57.570679364999926,-19.270983584411464],[-57.57073282899995,-19.27096522141148],[-57.570786705999986,-19.27094791741144],[-57.57084091499997,-19.270931577411446],[-57.57089537699994,-19.270916112411456],[-57.57094882099994,-19.270901753411483],[-57.57100242699993,-19.27088810841145],[-57.571110116999925,-19.270862814411444],[-57.57121842499998,-19.27083994141147],[-57.571327329999974,-19.27081920541146],[-57.57137291499998,-19.27081114141147],[-57.571418594999955,-19.270803511411447],[-57.57151021199996,-19.27078999841145],[-57.57155613799994,-19.270784339411488],[-57.57160213599996,-19.270779559411448],[-57.57164819699994,-19.27077577241149],[-57.57169431799997,-19.270773088411445],[-57.57172204999994,-19.270772046411498],[-57.571749797999985,-19.27077142041146],[-57.571805333999976,-19.27077133241149],[-57.57186090399994,-19.270772649411487],[-57.57191648699995,-19.27077519541145],[-57.57202760699994,-19.270783279411436],[-57.57213852299998,-19.270794183411468],[-57.57218176899993,-19.2707989324115],[-57.57222494999996,-19.2708039634115],[-57.572311077999984,-19.270815130411467],[-57.572396836999985,-19.270828201411472],[-57.572482155999985,-19.270843697411486],[-57.57251446999999,-19.27085033241146],[-57.57254669099995,-19.270857412411445],[-57.57261078099998,-19.27087298841145],[-57.57264261199999,-19.27088152341145],[-57.57267427499994,-19.270890582411493],[-57.57270575099994,-19.270900184411477],[-57.57273702199996,-19.27091035141144],[-57.57275650399998,-19.27091701541146],[-57.572775899999954,-19.270923899411468],[-57.572814440999935,-19.270938296411448],[-57.572852660999956,-19.270953473411467],[-57.57289057399998,-19.27096936441144],[-57.572965545999985,-19.27100300841148],[-57.57303947799994,-19.271038688411483],[-57.573278049999935,-19.271165223411465],[-57.57351411299999,-19.27129576841145],[-57.57392345399995,-19.271508084411437],[-57.57444552399995,-19.271781875411463],[-57.57496761499993,-19.272061286411414],[-57.575158066999954,-19.27215802241146],[-57.57534850299999,-19.272254801411442],[-57.575443070999945,-19.272304389411406],[-57.57553686199997,-19.272355409411407],[-57.57562962099997,-19.27240833141142],[-57.57572108799996,-19.2724636314114],[-57.57576475299998,-19.272491249411452],[-57.575808255999966,-19.27251914341141],[-57.57589558299998,-19.272574199411423],[-57.57593980599995,-19.272600584411435],[-57.57598466899997,-19.272625685411445],[-57.57600740399995,-19.272637635411424],[-57.57603037399997,-19.27264911741142],[-57.57605360399997,-19.272660084411392],[-57.57607711899993,-19.272670488411414],[-57.57609067399994,-19.27267618041142],[-57.576104276999956,-19.272681793411408],[-57.57613140999996,-19.27269328241144],[-57.57614483299996,-19.272699403411448],[-57.57615808999998,-19.27270593741141],[-57.57616463899995,-19.272709399411404],[-57.57617112599997,-19.27271301041142],[-57.57617754399996,-19.272716785411404],[-57.576183886999964,-19.272720741411405],[-57.57618752899999,-19.272723113411434],[-57.57619115799998,-19.272725504411454],[-57.57619844399995,-19.272730143411447],[-57.576200281999945,-19.272731239411396],[-57.576202130999945,-19.272732296411416],[-57.57620399199993,-19.272733310411436],[-57.57620586799994,-19.27273427441142],[-57.57620775999993,-19.272735182411417],[-57.57620967099996,-19.27273602941144],[-57.57621063399994,-19.27273642641139],[-57.576211601999944,-19.272736807411402],[-57.57621257599993,-19.272737168411446],[-57.57621355499998,-19.272737511411403],[-57.57621503799998,-19.272737988411418],[-57.57621653299998,-19.272738422411425],[-57.57621804199994,-19.27273881341144],[-57.57621956199994,-19.272739163411433],[-57.57622109499994,-19.272739474411452],[-57.57622263899998,-19.2727397474114],[-57.57622419399997,-19.2727399844114],[-57.57622575999994,-19.27274018541144],[-57.57622733499995,-19.272740353411415],[-57.57622892099994,-19.272740489411397],[-57.57623051599996,-19.272740594411427],[-57.57623211999999,-19.272740669411434],[-57.57623535299996,-19.272740738411432],[-57.57623861599996,-19.272740707411415],[-57.57624190599994,-19.272740586411395],[-57.576245218999986,-19.272740389411428],[-57.576248551999974,-19.272740126411428],[-57.57625190199997,-19.272739808411444],[-57.57625863599998,-19.27273905641143],[-57.57626539599994,-19.27273822341143],[-57.57791168099994,-19.2727442684114],[-57.57991325099994,-19.27274355041143],[-57.581814090999956,-19.272726267411386],[-57.58367982599999,-19.272720219411404],[-57.58503592499994,-19.27272150541145],[-57.58658741999994,-19.27271653341145],[-57.58790796799997,-19.272712290411416],[-57.588865329999976,-19.272709237411416],[-57.59003193099994,-19.272711096411427],[-57.591198572999986,-19.27272419041142],[-57.59270863499996,-19.27272492041142],[-57.59386774899997,-19.27271592241144],[-57.59504621299993,-19.272723331411402],[-57.59678152399993,-19.272785127411414],[-57.59773506499993,-19.272821358411434],[-57.59875208699998,-19.27286878941143],[-57.599593115999944,-19.27290538041139],[-57.60051702799996,-19.272936073411433],[-57.601891074999976,-19.272987764411447],[-57.60282687299997,-19.27302964841142],[-57.60358882999997,-19.27306695841141],[-57.60440615199996,-19.273097984411393],[-57.604737667999984,-19.273116342411427],[-57.605069509999964,-19.273129515411387],[-57.60516141299996,-19.273130819411403],[-57.60525330599996,-19.273132061411403],[-57.60543669799995,-19.273139542411407],[-57.60557588499995,-19.273152819411408],[-57.60571512299998,-19.273166725411404],[-57.60581595199994,-19.273173965411395],[-57.605916524999934,-19.2731829204114],[-57.60598776699994,-19.273192872411418],[-57.606058728999976,-19.27320493241138],[-57.60622233399993,-19.273235643411407],[-57.60638467199994,-19.273271304411427],[-57.60656882799998,-19.273319769411398],[-57.60675219299998,-19.273371263411384],[-57.60730343199999,-19.273509958411413],[-57.607724248999936,-19.273609738411377],[-57.60824402399999,-19.273749660411397],[-57.608481142999956,-19.273816323411385],[-57.60853707799998,-19.273831493411407],[-57.60859319699994,-19.27384603541139],[-57.60864959699995,-19.27385958741138],[-57.608706376999976,-19.273871783411373],[-57.60874059599996,-19.273878343411408],[-57.60877491699995,-19.27388452441141],[-57.60884357699995,-19.27389671241137],[-57.60887777399996,-19.273903196411418],[-57.60891178899993,-19.2739102614114],[-57.608945549999994,-19.27391814441141],[-57.60897898499997,-19.273927085411398],[-57.60906819499997,-19.27395658041137],[-57.60915686599998,-19.273988325411363],[-57.609222428999935,-19.27400993341137],[-57.60928731099995,-19.27403285841137],[-57.60930857799997,-19.274041476411405],[-57.60932962299995,-19.274050603411393],[-57.60935048399995,-19.274060147411358],[-57.60937119999994,-19.274070021411358],[-57.609412357999986,-19.27409039341136],[-57.60945341199994,-19.27411099941139],[-57.60953104199996,-19.27414932041141],[-57.609607668999956,-19.274189178411394],[-57.609622867999974,-19.274197699411364],[-57.609637957999944,-19.274206404411412],[-57.609667822999945,-19.274224321411374],[-57.60969728699996,-19.274242836411407],[-57.60972637499998,-19.274261856411364],[-57.609779787999976,-19.2742981674114],[-57.609833236999975,-19.274334573411384],[-57.609880387999965,-19.27436557641139],[-57.60992747399995,-19.2743966704114],[-57.60995066699996,-19.274412573411368],[-57.60997345399994,-19.274428883411392],[-57.60999570499997,-19.27444573041139],[-57.610017289999966,-19.274463242411386],[-57.61003168799994,-19.274475719411363],[-57.610045751999955,-19.27448853441135],[-57.61005952399995,-19.274501646411387],[-57.61007304699996,-19.274515017411357],[-57.610099514999945,-19.274542386411362],[-57.61012549299995,-19.274570333411393],[-57.61023128599998,-19.27468174841139],[-57.61023541299994,-19.274685673411373],[-57.61023956799994,-19.27468957241135],[-57.61024798099998,-19.27469726341135],[-57.61025654799995,-19.27470476841139],[-57.61026529299994,-19.274712035411394],[-57.61026973999997,-19.274715565411356],[-57.610274240999956,-19.27471901641136],[-57.610278798999964,-19.274722383411394],[-57.61028341699994,-19.274725658411363],[-57.61028809899994,-19.27472883541137],[-57.61029284699998,-19.274731909411372],[-57.61029766499996,-19.27473487341135],[-57.610302554999976,-19.274737720411366],[-57.61030438099994,-19.27473874141137],[-57.610306216999966,-19.274739746411367],[-57.61030991899997,-19.27474170641139],[-57.610313659999974,-19.274743601411355],[-57.61031743799998,-19.27474543441136],[-57.610325100999944,-19.27474891541137],[-57.61033289699997,-19.27475215941135],[-57.610340816999944,-19.274755178411365],[-57.61034884799994,-19.27475798341137],[-57.61035697999995,-19.274760584411382],[-57.61036520399995,-19.27476299341138],[-57.61037350699996,-19.274765219411364],[-57.61038187999998,-19.274767275411392],[-57.61039031199994,-19.274769171411346],[-57.610398790999966,-19.27477091741136],[-57.61041585299995,-19.27477400841136],[-57.61043297899994,-19.27477663241135],[-57.610445609999935,-19.274778316411386],[-57.61045823099994,-19.274779807411363],[-57.61048344599994,-19.274782256411385],[-57.610508630999966,-19.274784078411383],[-57.61053379299995,-19.27478537041136],[-57.61058407999997,-19.274786757411363],[-57.61063436299998,-19.27478720141139],[-57.61074673099995,-19.274787279411353],[-57.61085926399995,-19.274786294411367],[-57.611084396999956,-19.274780076411368],[-57.61139851099995,-19.274760501411354],[-57.61171193899998,-19.27473300841135],[-57.612697957999956,-19.27463412741137],[-57.61353853599996,-19.274546992411363],[-57.61437917599994,-19.274476716411392],[-57.61530259599993,-19.274372431411376],[-57.616299959999935,-19.274278336411363],[-57.61711686799998,-19.274196886411396],[-57.618188304999926,-19.274086466411394],[-57.61830095899995,-19.274071818411407],[-57.61841317099999,-19.27405794841137],[-57.618468797999974,-19.274051887411407],[-57.61852393999994,-19.274046719411373],[-57.61857847299996,-19.274042678411366],[-57.618632267999935,-19.274039996411368],[-57.61868017299997,-19.274038884411425],[-57.61872784299993,-19.27403892641137],[-57.61877574299996,-19.274039982411402],[-57.61882433999995,-19.27404190941137],[-57.618925486999956,-19.27404781041138],[-57.61903501099994,-19.274055495411396],[-57.61906090199994,-19.27405725741141],[-57.61908684499998,-19.274058529411366],[-57.61909966199994,-19.274058821411405],[-57.61911228399999,-19.274058795411396],[-57.61911849999995,-19.27405864341141],[-57.619124641999974,-19.274058387411387],[-57.61913069999997,-19.27405801941136],[-57.61913666699996,-19.274057532411387],[-57.619142532999945,-19.274056916411375],[-57.619148287999955,-19.27405616441137],[-57.61915392699995,-19.274055268411406],[-57.619159438999986,-19.2740542204114],[-57.619162143999965,-19.27405363641139],[-57.619164814999976,-19.2740530114114],[-57.61916744999997,-19.274052344411405],[-57.619170047999944,-19.27405163341136],[-57.619172607999985,-19.27405087841139],[-57.619175128999984,-19.274050078411378],[-57.61917760799998,-19.2740492324114],[-57.619180046999986,-19.27404833941141],[-57.61918244399994,-19.27404739841141],[-57.619184795999956,-19.274046407411387],[-57.619187103999934,-19.27404536541137],[-57.61918936699993,-19.27404427241139],[-57.61919158299997,-19.274043128411382],[-57.619193749999965,-19.27404192941139],[-57.61919586899995,-19.274040677411385],[-57.61919793799996,-19.27403936841141],[-57.61919995499994,-19.274038004411402],[-57.61920192099996,-19.27403658241137],[-57.61920383299997,-19.2740351024114],[-57.619205690999934,-19.274033562411365],[-57.61920749399997,-19.27403196341139],[-57.61920923999998,-19.274030301411404],[-57.61921009099995,-19.27402944641141],[-57.61921092799998,-19.274028577411386],[-57.61921174999997,-19.27402769141138],[-57.61921255799995,-19.274026789411366],[-57.61921299599999,-19.27402628541141],[-57.619213429999945,-19.274025776411396],[-57.619214284999934,-19.274024745411385],[-57.619215121999964,-19.274023694411415],[-57.61921594099994,-19.27402262541141],[-57.61921752799997,-19.274020432411415],[-57.61921904899997,-19.274018169411406],[-57.61922050399994,-19.27401583841139],[-57.61922189499996,-19.274013441411388],[-57.61922322499998,-19.274010982411422],[-57.61922449599996,-19.27400846241141],[-57.61922570799994,-19.274005886411366],[-57.619226864999966,-19.274003254411404],[-57.619227966999965,-19.274000570411367],[-57.61922901699996,-19.273997837411393],[-57.61923001599996,-19.273995056411415],[-57.619230966999964,-19.273992230411395],[-57.61923186999996,-19.27398936341136],[-57.61923272899997,-19.27398645841139],[-57.61923431799994,-19.27398053841141],[-57.619235747999944,-19.273974493411387],[-57.61923703499997,-19.273968343411404],[-57.619238193999934,-19.273962109411393],[-57.619240180999945,-19.273949474411374],[-57.61924182899998,-19.273936753411416],[-57.61924276699994,-19.273928521411374],[-57.61924361199994,-19.273920321411417],[-57.61924503399996,-19.27390402141139],[-57.619246106999974,-19.273887850411363],[-57.61924684499997,-19.273871800411367],[-57.61924726199999,-19.273855866411388],[-57.61924737299994,-19.273840044411372],[-57.619247188999964,-19.273824329411408],[-57.61924672599997,-19.273808713411363],[-57.619245012999954,-19.27377776341137],[-57.61924234599997,-19.273747149411406],[-57.61923883199996,-19.27371683041138],[-57.61923458199993,-19.273686761411394],[-57.61921240799995,-19.273568138411402],[-57.619187214999954,-19.27345008341138],[-57.61915143999994,-19.27325182341139],[-57.61912057699993,-19.273051216411382],[-57.61905381199995,-19.272618624411425],[-57.61901733199994,-19.272365801411436],[-57.619007344999936,-19.272283097411428],[-57.618999299999984,-19.27220022541142],[-57.61899626899997,-19.272158748411453],[-57.618994038999965,-19.27211725441144],[-57.618992713999944,-19.272075750411403],[-57.61899239999997,-19.27203424541146],[-57.61899606699995,-19.27192743641142],[-57.61900344199994,-19.271820610411442],[-57.61900756699998,-19.271766968411438],[-57.619012332999944,-19.271713406411425],[-57.61901837399995,-19.27166002841147],[-57.61902632599997,-19.27160693341147],[-57.61903087999996,-19.271582112411455],[-57.619035930999985,-19.271557368411436],[-57.61904725599998,-19.271508076411465],[-57.619059773999936,-19.271458990411475],[-57.61907295999998,-19.271410039411474],[-57.61908540999997,-19.27136479941145],[-57.61909818899994,-19.271319674411473],[-57.61912557999995,-19.271229989411452],[-57.61913531799996,-19.27120076141148],[-57.61914545099995,-19.27117165041148],[-57.61916683199996,-19.27111376441145],[-57.619189577999975,-19.27105630141148],[-57.619213538999986,-19.270999229411483],[-57.619222279999974,-19.27097914341148],[-57.61923118799996,-19.270959122411462],[-57.61924962899997,-19.270919366411494],[-57.61926912399997,-19.27088012841149],[-57.61928992899994,-19.270841582411453],[-57.61931045299996,-19.270806719411457],[-57.61933211899998,-19.270772478411473],[-57.61935472799996,-19.27073874441147],[-57.619378084999944,-19.270705406411505],[-57.61942625599994,-19.270639471411492],[-57.61947505799997,-19.270573774411464],[-57.619527141999974,-19.27050263041146],[-57.619579761999944,-19.27043202141149],[-57.61960678199995,-19.2703973244115],[-57.619634545999986,-19.270363247411492],[-57.619663257999946,-19.270329954411494],[-57.619693122999934,-19.2702976064115],[-57.619703037999955,-19.270287394411497],[-57.61971308699998,-19.27027729541149],[-57.61973356299995,-19.2702574124115],[-57.61975449999995,-19.270237924411486],[-57.619775844999936,-19.270218798411495],[-57.619819555999975,-19.27018150341147],[-57.61986427899996,-19.270145258411475],[-57.61989445599995,-19.270121572411455],[-57.61992488799996,-19.270098224411498],[-57.61998648099995,-19.27005249041148],[-57.62004897999998,-19.270007963411476],[-57.62011230999996,-19.269964544411472],[-57.620249483999935,-19.26987538141149],[-57.62038928199996,-19.26978980041149],[-57.620530913999964,-19.26970679941149],[-57.620673592999935,-19.269625378411487],[-57.62122313599999,-19.26931435641148],[-57.62199126599995,-19.2688676834115],[-57.62324499899995,-19.268162902411543],[-57.623577979999936,-19.267960652411514],[-57.62391856499994,-19.26776713341154],[-57.62396554999998,-19.267742850411576],[-57.624012694999976,-19.267718787411567],[-57.62410646599994,-19.267670220411542],[-57.62415259199997,-19.267645158411575],[-57.62419787799996,-19.267619207411524],[-57.62422012799993,-19.267605812411535],[-57.62424207599997,-19.267592089411536],[-57.62426368699994,-19.267578006411547],[-57.62428493399994,-19.267563526411536],[-57.62429727599993,-19.26755483041153],[-57.624309616999945,-19.267546123411584],[-57.62433484299999,-19.26752922341153],[-57.62434136199994,-19.26752520641156],[-57.62434799999994,-19.267521305411535],[-57.62435477499998,-19.267517540411557],[-57.62436170199999,-19.267513925411535],[-57.62436879999996,-19.267510481411584],[-57.62437608499993,-19.267507222411535],[-57.624379803999936,-19.267505668411548],[-57.62438357499997,-19.267504167411563],[-57.62438740199997,-19.267502721411557],[-57.62439128699999,-19.26750133241153],[-57.62440090699993,-19.267498206411563],[-57.62441078699993,-19.26749534841154],[-57.62442084099997,-19.26749267941157],[-57.62443097899996,-19.26749011941153],[-57.624470619999954,-19.267479382411558],[-57.62447529199994,-19.267477821411543],[-57.62447986299998,-19.267476178411577],[-57.62448432499996,-19.267474443411565],[-57.62448866399995,-19.26747260841158],[-57.62449078499997,-19.26747164841156],[-57.62449286999999,-19.26747066041155],[-57.62449492099995,-19.267469641411573],[-57.62449693299993,-19.267468591411536],[-57.62449890799997,-19.26746750741158],[-57.62450084199998,-19.267466390411574],[-57.62450273499996,-19.267465237411546],[-57.624504584999954,-19.267464048411554],[-57.62450639099996,-19.26746282141157],[-57.62450815199997,-19.26746155441156],[-57.62450986499993,-19.267460248411552],[-57.62451152999995,-19.267458900411548],[-57.62451314599996,-19.26745751041158],[-57.62451470999997,-19.26745607541158],[-57.624516221999954,-19.267454595411532],[-57.624517680999986,-19.267453069411534],[-57.624518388999945,-19.26745228841155],[-57.624519083999985,-19.267451494411535],[-57.624519764999945,-19.267450690411565],[-57.62452042999996,-19.26744987241157],[-57.624521081999944,-19.267449042411556],[-57.62452171899997,-19.267448198411543],[-57.62452234099993,-19.267447343411558],[-57.62452294899998,-19.267446474411525],[-57.624523540999974,-19.267445592411534],[-57.624524116999964,-19.267444697411563],[-57.62452467899993,-19.267443788411576],[-57.624525223999974,-19.267442865411553],[-57.62452575399993,-19.267441929411575],[-57.62452626799996,-19.267440979411557],[-57.62452676599998,-19.267440015411562],[-57.624527246999946,-19.26743903641158],[-57.62452770799996,-19.267438051411546],[-57.624528152999964,-19.267437053411562],[-57.62452899999993,-19.267435021411565],[-57.62452979199998,-19.26743294541153],[-57.624530533999966,-19.267430833411584],[-57.62453188799998,-19.267426525411555],[-57.624533103999966,-19.267422153411577],[-57.62453382399997,-19.26741935541155],[-57.62453450299994,-19.26741655341158],[-57.624535728999945,-19.267410940411587],[-57.62453677399998,-19.267405316411544],[-57.62453762499997,-19.267399685411576],[-57.62453797499996,-19.267396868411588],[-57.62453827099994,-19.267394051411532],[-57.62453851299994,-19.267391234411544],[-57.62453869899998,-19.26738841741154],[-57.62453882799996,-19.26738560141154],[-57.62453889799997,-19.26738278741157],[-57.62453890799998,-19.267379975411572],[-57.624538854999976,-19.267377166411556],[-57.62453878299994,-19.26737521841158],[-57.62453868099993,-19.267373273411575],[-57.624538392999966,-19.267369386411584],[-57.624537998999976,-19.267365504411536],[-57.624537506999964,-19.267361626411564],[-57.624536924999965,-19.267357754411584],[-57.62453625999995,-19.267353885411566],[-57.62453552099998,-19.267350019411595],[-57.624534713999935,-19.267346159411538],[-57.62453097199994,-19.26733074641156],[-57.624526777999954,-19.26731537641153],[-57.62449634399996,-19.26720271141158],[-57.62446671199995,-19.26709074041156],[-57.62424463799994,-19.266304556411583],[-57.62378784099997,-19.264700711411646],[-57.62339757399997,-19.26327992441166],[-57.62305551299994,-19.26207819141167],[-57.622735517999956,-19.260954877411717],[-57.622633306999944,-19.26054489141171],[-57.62263080199995,-19.260534367411754],[-57.62262817899995,-19.260523891411754],[-57.62262678699994,-19.260518695411747],[-57.62262532099999,-19.26051353941176],[-57.62262376799998,-19.260508433411754],[-57.62262211099995,-19.26050338741175],[-57.62262033799993,-19.260498410411735],[-57.62261843199997,-19.260493512411752],[-57.622616379999954,-19.260488700411713],[-57.62261416599995,-19.260483987411757],[-57.62261299399995,-19.260481670411767],[-57.622611775999985,-19.260479381411756],[-57.62261051099994,-19.26047712141172],[-57.62260919499994,-19.260474891411718],[-57.62260782899994,-19.26047269241172],[-57.62260640899996,-19.260470527411716],[-57.62260493499997,-19.260468395411753],[-57.62260340399996,-19.260466298411753],[-57.62260235199995,-19.26046492141177],[-57.62260127399997,-19.260463560411722],[-57.62259904699993,-19.26046088341172],[-57.62259673199998,-19.260458259411728],[-57.62259433399999,-19.26045568641171],[-57.62259186099993,-19.260453160411707],[-57.62258931999997,-19.260450675411732],[-57.62258671999996,-19.2604482264117],[-57.622584065999945,-19.260445811411724],[-57.622573066999976,-19.260436377411736],[-57.622561805999965,-19.26042709241177],[-57.62254869699996,-19.260416021411746],[-57.62253585099995,-19.26040476641173],[-57.62251086499998,-19.260381766411733],[-57.62248667499995,-19.260358218411742],[-57.62246310799998,-19.26033424641173],[-57.62241714999994,-19.260285533411714],[-57.62237160499996,-19.260236625411725],[-57.62227201799993,-19.260134737411768],[-57.622168726999966,-19.26003592241177],[-57.62206242799994,-19.259939601411766],[-57.621953815999966,-19.259845194411774],[-57.62173243399996,-19.25965979941176],[-57.62151014299997,-19.259475095411773],[-57.62042288099996,-19.25850072841176],[-57.61936754999993,-19.257549970411795],[-57.61823275499995,-19.25652516141183],[-57.616959866999935,-19.25539693141186],[-57.61644897399998,-19.254948971411885],[-57.616361516999966,-19.254875900411854],[-57.61627477899998,-19.25480216441187],[-57.616232217999936,-19.254764568411897],[-57.616190480999926,-19.254726231411873],[-57.616149782999976,-19.25468696541187],[-57.61611034099997,-19.254646576411893],[-57.61609598499996,-19.254631182411895],[-57.616081829999985,-19.254615612411868],[-57.616054100999975,-19.254583972411897],[-57.61602711799997,-19.254551713411878],[-57.61600084399998,-19.25451889141189],[-57.61595027899994,-19.25445178041189],[-57.61590211699997,-19.254383089411924],[-57.61587270399997,-19.254338911411924],[-57.615844102999965,-19.254294294411906],[-57.61578919999994,-19.254203825411924],[-57.61573712599994,-19.254111826411926],[-57.61568759699997,-19.25401844341188],[-57.61566982299996,-19.25398346041191],[-57.61565245799995,-19.25394828541192],[-57.615619331999945,-19.253877293411897],[-57.61560376399996,-19.2538414364119],[-57.61558898499994,-19.253805313411938],[-57.61557509399996,-19.2537689054119],[-57.61556218499999,-19.253732193411917],[-57.61555610799996,-19.253713664411915],[-57.61555029099998,-19.253695058411903],[-57.61553939299994,-19.253657633411944],[-57.615529403999965,-19.253619951411913],[-57.61552023399997,-19.253582046411907],[-57.615504004999934,-19.253505711411893],[-57.61549000099996,-19.253428900411915],[-57.61548153499995,-19.25337715341193],[-57.615473820999966,-19.25332532341191],[-57.615460911999946,-19.253221453411932],[-57.615455847999954,-19.253169427411958],[-57.615451796999935,-19.253117351411912],[-57.61544882699997,-19.253065236411903],[-57.61544700299999,-19.25301308841195],[-57.615447193999955,-19.252883863411927],[-57.61545195899999,-19.252754504411907],[-57.61545520899994,-19.25269237241193],[-57.61545959299997,-19.252630343411933],[-57.615462441999966,-19.25259940641192],[-57.615465851999936,-19.252568542411918],[-57.61546991299998,-19.252537769411944],[-57.61547472099995,-19.252507101411975],[-57.61547730299998,-19.252492496411925],[-57.61548006799996,-19.25247791841193],[-57.61548611099994,-19.252448843411944],[-57.615492777999975,-19.252419871411952],[-57.615500001999976,-19.252391001411954],[-57.61551583999994,-19.252333544411933],[-57.61553306999998,-19.25227644341196],[-57.615581421999934,-19.252129703411963],[-57.615632636999976,-19.25198381441196],[-57.61565444499996,-19.251922640411962],[-57.615676919999935,-19.25186169941196],[-57.61570071199997,-19.251801311411942],[-57.61572647099996,-19.251741794411945],[-57.61574259499997,-19.251707663411988],[-57.61575953999994,-19.251673906411945],[-57.61577724199998,-19.251640493411966],[-57.615795633999944,-19.251607394411963],[-57.61583422599994,-19.25154202041199],[-57.615874797999936,-19.251477545411948],[-57.615959780999965,-19.25135033641198],[-57.616046402999984,-19.251223859412004],[-57.61679968199996,-19.24999031541203],[-57.61732936599998,-19.249134132412006],[-57.61784293099999,-19.248324936412047],[-57.61827839899996,-19.247609594412097],[-57.61867854699994,-19.24695058041209],[-57.619119886999954,-19.246223974412118],[-57.61970385299998,-19.245296478412104],[-57.62020990899999,-19.244462851412166],[-57.62083497799995,-19.243497141412192],[-57.621140969999935,-19.2429958314122],[-57.62168822399996,-19.24210022841222],[-57.62207667499997,-19.241486215412213],[-57.62257101599994,-19.24069196841225],[-57.623035981999976,-19.23995965241228],[-57.62344964499994,-19.239295831412317],[-57.623996937999955,-19.23841708541233],[-57.62455012499999,-19.237532695412334],[-57.624945853999975,-19.236926353412326],[-57.62537549099994,-19.236250362412356],[-57.626005051999975,-19.235213940412365],[-57.626693659999944,-19.234137966412444],[-57.62708788799995,-19.233495818412393],[-57.62737610399995,-19.233000180412454],[-57.62763165399996,-19.23258911241246],[-57.62813179899996,-19.231777967412476],[-57.62879172599997,-19.23068289241249],[-57.62923299999995,-19.229961884412532],[-57.62965650999996,-19.22924093541253],[-57.629846126999944,-19.228932713412537],[-57.63004492299996,-19.22863252741254],[-57.63008817299993,-19.228570689412575],[-57.63013155799996,-19.228509054412562],[-57.630217289999955,-19.22838470741257],[-57.63025891499995,-19.228321151412597],[-57.63029923199996,-19.228256109412573],[-57.630318786999965,-19.22822289941255],[-57.63033787999995,-19.228189159412565],[-57.63035646499998,-19.228154836412592],[-57.63037449799999,-19.22811987941257],[-57.63037674899994,-19.22811538141256],[-57.63037897299995,-19.228110872412557],[-57.63038327399994,-19.228101823412587],[-57.63038531699993,-19.228097283412563],[-57.63038726699995,-19.228092733412588],[-57.63038910599994,-19.228088172412562],[-57.63039081799997,-19.228083603412568],[-57.63039238399995,-19.22807902341257],[-57.63039379099996,-19.228074435412548],[-57.63039442799994,-19.22807213841256],[-57.63039501799994,-19.228069838412566],[-57.63039556099995,-19.22806753641257],[-57.63039605199999,-19.228065232412547],[-57.630396489999946,-19.228062925412562],[-57.63039687399998,-19.228060618412577],[-57.63039719899996,-19.228058307412585],[-57.630397465999984,-19.228055994412593],[-57.63039767199995,-19.228053680412565],[-57.63039781399994,-19.228051364412558],[-57.63039789099997,-19.22804904541259],[-57.630397899999934,-19.228046725412568],[-57.63039788299995,-19.22804575241257],[-57.630397853999966,-19.228044778412578],[-57.63039775999994,-19.228042831412587],[-57.630397620999986,-19.228040882412557],[-57.63039743799993,-19.22803893241256],[-57.63039720999996,-19.228036983412593],[-57.630396939999976,-19.228035033412574],[-57.63039663099994,-19.228033083412562],[-57.63039628199994,-19.2280311344126],[-57.630395472999965,-19.22802723541256],[-57.630394524999986,-19.2280233404126],[-57.63039344799995,-19.228019450412578],[-57.63039225699999,-19.228015566412562],[-57.63039095999994,-19.22801169241254],[-57.63038956899994,-19.228007828412597],[-57.63038809699998,-19.228003976412577],[-57.63038655399998,-19.228000137412597],[-57.63038330199998,-19.2279925094126],[-57.63037990399994,-19.22798495541256],[-57.63037718499998,-19.22797909241255],[-57.63037441899997,-19.22797329041258],[-57.63036868999996,-19.227961890412573],[-57.630365698999974,-19.22795630541258],[-57.63036260399998,-19.227950802412558],[-57.63035939399999,-19.22794538941256],[-57.63035605199997,-19.22794006941255],[-57.63035246699996,-19.227934701412597],[-57.630348734999984,-19.22792943541258],[-57.63034486099997,-19.227924266412558],[-57.63034085099997,-19.227919193412603],[-57.63033670999994,-19.227914211412596],[-57.63033244399998,-19.22790931541259],[-57.630328057999975,-19.2279045034126],[-57.63032355799998,-19.227899770412577],[-57.63031894999994,-19.227895112412554],[-57.63031423799999,-19.22789052641257],[-57.63030942899996,-19.227886009412586],[-57.63030452799996,-19.227881556412548],[-57.63029447099995,-19.22787282541258],[-57.63028411099998,-19.227864307412567],[-57.630240539999924,-19.227831731412593],[-57.630195672999946,-19.227800095412583],[-57.62986203599996,-19.227516073412577],[-57.62900071699994,-19.226754572412585],[-57.628287981999954,-19.22614432541261],[-57.62758108699995,-19.22551157141264],[-57.626963338999985,-19.22496844641268],[-57.62631878299993,-19.22441603441265],[-57.62552881099999,-19.22372734541271],[-57.62474474499998,-19.223033012412706],[-57.62409726799996,-19.222450630412727],[-57.62350693099995,-19.22194341841274],[-57.62301986999995,-19.221512255412765],[-57.62254471399996,-19.221097913412716],[-57.62198640899999,-19.22061077841278],[-57.62150533899995,-19.22019645341278],[-57.62142990499996,-19.220130743412778],[-57.621356635999966,-19.220063171412807],[-57.62133893399993,-19.22004580841277],[-57.62132155099994,-19.220028211412764],[-57.62130452599996,-19.22001035341278],[-57.62128789499996,-19.219992213412763],[-57.62127169599996,-19.21997376641277],[-57.62125596399994,-19.219954989412788],[-57.62124073699993,-19.21993585741276],[-57.62122605199993,-19.219916347412795],[-57.621205531999976,-19.21988709341278],[-57.62118594999998,-19.219857177412752],[-57.62116700499996,-19.219826806412783],[-57.62114839299995,-19.219796178412793],[-57.62107122899994,-19.219675167412817],[-57.62103162299996,-19.219622827412795],[-57.62099022899997,-19.219571685412777],[-57.620910612999985,-19.219467733412824],[-57.62090382099996,-19.219457579412822],[-57.62089718799995,-19.21944733041281],[-57.62088438499995,-19.21942656341278],[-57.62087217599998,-19.21940545641278],[-57.62086053099995,-19.219384031412787],[-57.62084942399997,-19.21936231141277],[-57.620838823999975,-19.21934032041279],[-57.62082870599994,-19.219318082412805],[-57.62081903899997,-19.219295619412808],[-57.62080094899995,-19.219250114412816],[-57.620784328999946,-19.219203989412833],[-57.620768950999945,-19.219157433412796],[-57.62075458999993,-19.21911063041283],[-57.620742474999986,-19.219068778412787],[-57.620731003999936,-19.219026868412794],[-57.620710036999974,-19.21894283341282],[-57.620691790999956,-19.218858449412835],[-57.62067636699999,-19.2187736334128],[-57.62065789899998,-19.21864740441282],[-57.620639898999976,-19.218520809412833],[-57.62062911199996,-19.218454822412816],[-57.62061839399997,-19.218388866412802],[-57.62061354799994,-19.218355876412836],[-57.62060930099994,-19.218322865412812],[-57.62060584999995,-19.218289824412818],[-57.62060338799994,-19.218256743412844],[-57.62060269399996,-19.218242851412814],[-57.620602201999986,-19.21822895241281],[-57.62060180499998,-19.218201133412848],[-57.62060215599996,-19.21817329241282],[-57.62060321099995,-19.21814543841283],[-57.62060492499995,-19.21811757541282],[-57.62060725699996,-19.218089712412805],[-57.620610162999974,-19.218061855412838],[-57.62061359899997,-19.218034010412794],[-57.62062188999994,-19.217978384412856],[-57.620631784999944,-19.217922889412833],[-57.62064293699996,-19.217867579412843],[-57.62065499899995,-19.217812506412848],[-57.620663184999955,-19.217776872412824],[-57.62067165399998,-19.217741366412856],[-57.62068961799997,-19.217670748412868],[-57.62070924799997,-19.21760068141284],[-57.620730900999945,-19.21753119641286],[-57.62073814099995,-19.217509590412845],[-57.62074560899999,-19.217488046412853],[-57.62076121299997,-19.217445143412846],[-57.62077767699998,-19.217402498412834],[-57.620794968999974,-19.217360120412852],[-57.620831892999945,-19.21727620041284],[-57.62087170799998,-19.217193456412858],[-57.620893703999975,-19.217150471412854],[-57.620916432999934,-19.21710784841284],[-57.62096412299996,-19.217023758412875],[-57.62098910399993,-19.216982324412847],[-57.62101485599994,-19.21694132041289],[-57.62104138699993,-19.216900762412862],[-57.62106870599996,-19.216860669412867],[-57.62108451399997,-19.216838199412837],[-57.621100576999936,-19.216815887412835],[-57.62113346199993,-19.21677175541286],[-57.62116735299998,-19.216728304412857],[-57.621202238999956,-19.216685568412835],[-57.62123811499999,-19.21664358141287],[-57.621274969999945,-19.216602376412872],[-57.621312796999966,-19.216561987412877],[-57.62135158399997,-19.216522446412853],[-57.62137107499995,-19.216503258412896],[-57.621390792999925,-19.216484283412843],[-57.62143089099993,-19.216446967412878],[-57.62147183899997,-19.216410488412862],[-57.621513596999925,-19.21637483441288],[-57.62155612699996,-19.216339995412852],[-57.62159938899998,-19.21630595941287],[-57.62164334299996,-19.216272715412863],[-57.62168794999996,-19.216240253412874],[-57.62172413799993,-19.216214807412886],[-57.62176072899995,-19.216189894412874],[-57.62183514699995,-19.216141818412904],[-57.621872990999975,-19.216118732412898],[-57.62191126799996,-19.21609633041289],[-57.62194998699993,-19.2160746524129],[-57.62198915499994,-19.21605373641291],[-57.62200880299997,-19.216043628412887],[-57.62202855999994,-19.216033712412866],[-57.62206838299994,-19.21601443741287],[-57.62210858999998,-19.215995868412914],[-57.62214914799995,-19.215977961412886],[-57.622231180999954,-19.215943965412883],[-57.62231420799997,-19.215912106412876],[-57.622362815999956,-19.21589446141287],[-57.62241167499997,-19.215877478412906],[-57.62251016199997,-19.215845732412916],[-57.622559803999934,-19.21583108341288],[-57.62260971599994,-19.215817326412903],[-57.62265990699996,-19.21580451841289],[-57.62271038099993,-19.21579271841291],[-57.622731919999985,-19.215788021412898],[-57.62275350899995,-19.2157835174129],[-57.62279682299999,-19.215775088412904],[-57.62284030299998,-19.2157674354129],[-57.62288392799996,-19.21576056241288],[-57.62292767699996,-19.215754473412865],[-57.62297152799994,-19.2157491714129],[-57.623015459999976,-19.215744660412906],[-57.62305944999998,-19.21574094341288],[-57.62310519899996,-19.21573791241288],[-57.62315098799996,-19.215735663412893],[-57.62324267599996,-19.215733187412877],[-57.62333450099994,-19.21573287141288],[-57.62342644799998,-19.215734074412868],[-57.62346662399995,-19.215734938412897],[-57.62350679399998,-19.215736086412925],[-57.623587008999955,-19.215739701412893],[-57.623627000999946,-19.21574240041288],[-57.62366687999997,-19.215745850412883],[-57.62370661999995,-19.215750168412864],[-57.62374619399997,-19.21575546941291],[-57.623794157999946,-19.215763352412882],[-57.62384187799996,-19.215772629412882],[-57.62388939499993,-19.215783059412914],[-57.62393675099997,-19.21579440441288],[-57.62403114399996,-19.215818873412914],[-57.62412539099995,-19.215844115412903],[-57.624741607999965,-19.215993783412912],[-57.625770670999934,-19.216255886412853],[-57.626600233999966,-19.216466652412866],[-57.62771422099996,-19.21674951241288],[-57.628573408999955,-19.21696578741289],[-57.62974074499994,-19.217265315412845],[-57.631030830999975,-19.217587553412866],[-57.631895945999986,-19.21780379241286],[-57.63297438899997,-19.21807550141285],[-57.634366925999984,-19.21843605341281],[-57.635083905999984,-19.21861344241284],[-57.635917253999935,-19.21881486141279],[-57.636924629999946,-19.219075551412786],[-57.637766124999985,-19.21930308541281],[-57.63870832299994,-19.219547129412803],[-57.639594421999966,-19.21978234341279],[-57.64050104099993,-19.220009639412762],[-57.64152033399995,-19.22028712441278],[-57.642284752999956,-19.220481182412755],[-57.64316182399995,-19.220719809412746],[-57.643340600999984,-19.220762457412768],[-57.643519440999974,-19.220804834412768],[-57.64360854099994,-19.220827017412763],[-57.643697246999984,-19.220850448412754],[-57.64378541999997,-19.220875564412786],[-57.643872922999954,-19.220902806412763],[-57.64392077599995,-19.22091886141276],[-57.64396835499997,-19.220935698412745],[-57.64406257699994,-19.22097172341278],[-57.64410916099996,-19.220990917412735],[-57.644155355999935,-19.221010902412775],[-57.64420113299998,-19.221031682412786],[-57.644246462999945,-19.221053260412745],[-57.64434161999998,-19.22110177641274],[-57.64443522399995,-19.221153007412724],[-57.64452788799996,-19.221206030412755],[-57.64462022299995,-19.221259924412756],[-57.64469659999997,-19.221304791412745],[-57.644772175999954,-19.22135070541275],[-57.64480935499995,-19.221374391412763],[-57.64484596099999,-19.221398745412767],[-57.64488187099994,-19.221423901412763],[-57.64491695999993,-19.221449994412733],[-57.64493661999995,-19.221465383412728],[-57.64495599299993,-19.22148109841276],[-57.64499396899999,-19.221513411412765],[-57.64503106999996,-19.22154674041273],[-57.64506747499996,-19.22158088941271],[-57.645138913999965,-19.22165087741272],[-57.64520972599996,-19.221721821412725],[-57.64523959099995,-19.22175158941272],[-57.645269397999975,-19.221781386412747],[-57.64532802299994,-19.22184161041272],[-57.645356435999986,-19.22187230641273],[-57.645383977999984,-19.221903572412735],[-57.64539736099994,-19.221919461412735],[-57.645410449999986,-19.221935541412755],[-57.64542321999994,-19.22195183341276],[-57.645435644999964,-19.2219683504127],[-57.645448453999975,-19.22198616141273],[-57.645460878999984,-19.222004223412704],[-57.64547295799998,-19.222022516412746],[-57.64548472599994,-19.22204101741275],[-57.64550746599997,-19.222078557412736],[-57.64552938299993,-19.22211666741273],[-57.645571867999934,-19.22219388441274],[-57.645614426999934,-19.2222712564127],[-57.64566339799996,-19.22235595941273],[-57.64571240599997,-19.222440385412728],[-57.64573604499997,-19.222482891412724],[-57.64575863899994,-19.222525804412733],[-57.64576943299994,-19.22254746341271],[-57.64577983499998,-19.22256928441272],[-57.64578979899994,-19.22259128541271],[-57.64579928199998,-19.22261348741274],[-57.645805974999966,-19.22263007541273],[-57.64581238799997,-19.222646776412727],[-57.64582440599997,-19.222680494412728],[-57.64583540199993,-19.22271458341272],[-57.64584543999995,-19.222748989412715],[-57.64585458499994,-19.222783653412716],[-57.645862902999966,-19.2228185224127],[-57.64587045899997,-19.222853537412732],[-57.64587731699999,-19.222888643412716],[-57.64589680099993,-19.223009203412687],[-57.645913779999944,-19.22313021841267],[-57.64592287999995,-19.223193366412712],[-57.64593106699993,-19.22325659741272],[-57.64593432899994,-19.223288225412716],[-57.64593677699998,-19.22331985241271],[-57.64593763499993,-19.22333566341267],[-57.645938214999944,-19.223351473412716],[-57.64593849499994,-19.22336727741269],[-57.645938447999974,-19.223383077412663],[-57.645938058999945,-19.223398907412722],[-57.64593734699997,-19.223414733412707],[-57.645936340999974,-19.223430554412673],[-57.64593507099994,-19.2234463714127],[-57.64593185599995,-19.223477997412697],[-57.645927932999946,-19.22350961741272],[-57.64591889999997,-19.223572855412716],[-57.645909836999984,-19.223636124412664],[-57.64588106999999,-19.22398743641267],[-57.64585868599994,-19.224319156412687],[-57.64584143799993,-19.224516154412665],[-57.645818783999964,-19.224712768412655],[-57.64581540899996,-19.22473754641267],[-57.645811858999934,-19.22476230341267],[-57.645804027999986,-19.224811697412648],[-57.645794888999944,-19.22486084241263],[-57.645784032999984,-19.224909627412675],[-57.64578034899994,-19.224924313412664],[-57.645776480999984,-19.22493895741264],[-57.645768224999976,-19.224968126412648],[-57.64575933699996,-19.224997145412658],[-57.64574988999992,-19.225026023412628],[-57.645729611999975,-19.225083404412658],[-57.64570797399995,-19.225140357412666],[-57.64568424199995,-19.225199973412654],[-57.64565968699998,-19.225259235412636],[-57.645608256999935,-19.225376792412636],[-57.64551250899996,-19.22557994741264],[-57.64541447699997,-19.225782188412655],[-57.64523785199997,-19.226167960412596],[-57.645196156999994,-19.22626333741263],[-57.64515379399995,-19.2263584244126],[-57.645109427999955,-19.226452587412634],[-57.64506172199999,-19.22654519041261],[-57.64504864599997,-19.22656887841261],[-57.64503527399995,-19.226592425412623],[-57.64500772599995,-19.22663911941261],[-57.64497923799996,-19.226685321412624],[-57.64494996499996,-19.2267310774126],[-57.64491232999995,-19.226787812412585],[-57.64487344299994,-19.226843768412618],[-57.64484446199997,-19.226883538412622],[-57.64481454999998,-19.22692266941262],[-57.644698699999935,-19.227059457412572],[-57.64457880099996,-19.227193308412613],[-57.64434897099994,-19.227463926412604],[-57.64401297499995,-19.2278360964126],[-57.64392955599993,-19.227929543412575],[-57.64384800499993,-19.228024372412605],[-57.64380826399998,-19.228072403412543],[-57.643769389999925,-19.228120898412584],[-57.643731516999935,-19.228169899412574],[-57.64369477999997,-19.22821944341254],[-57.64362437899997,-19.228319864412562],[-57.643553485999966,-19.228422297412543],[-57.64353812899997,-19.228444008412534],[-57.64352293899998,-19.228465882412564],[-57.64351553999995,-19.228476909412535],[-57.64350834399995,-19.228488010412573],[-57.64350140499994,-19.22849919741256],[-57.643494776999944,-19.228510481412535],[-57.643488513999955,-19.228521874412564],[-57.64348266999997,-19.228533385412597],[-57.643479920999944,-19.22853918941254],[-57.643477296999954,-19.22854502741253],[-57.643474804999975,-19.228550900412557],[-57.64347245099999,-19.228556811412574],[-57.64347024199998,-19.22856275941253],[-57.64346818399997,-19.22856874741254],[-57.64346628599997,-19.22857477641256],[-57.643464551999955,-19.228580848412566],[-57.64346298999993,-19.22858696341254],[-57.64346160699995,-19.228593123412534],[-57.643460408999935,-19.228599330412546],[-57.64345940299996,-19.22860558541255],[-57.64345913799997,-19.228607491412586],[-57.64345888999997,-19.22860940241256],[-57.643458448999986,-19.228613235412553],[-57.64345807899998,-19.22861708141258],[-57.643457782999974,-19.228620940412572],[-57.64345740199997,-19.22862868541258],[-57.643457301999945,-19.22863645341257],[-57.643457479999945,-19.228644226412563],[-57.643457932999986,-19.228651989412548],[-57.643458654999954,-19.228659724412545],[-57.64345964399996,-19.22866741641254],[-57.643459976999964,-19.228669616412596],[-57.64346033199997,-19.22867181141257],[-57.64346110299993,-19.228676189412536],[-57.643461954999964,-19.228680547412548],[-57.64346288499996,-19.228684888412577],[-57.643464962999985,-19.228693519412584],[-57.643467312999974,-19.228702087412586],[-57.643469909999965,-19.22871059841255],[-57.64347272799995,-19.228719058412562],[-57.643475741999964,-19.228727473412587],[-57.64347892799998,-19.228735849412562],[-57.643492871999975,-19.228769079412547],[-57.64350752999996,-19.228802152412555],[-57.643517534999944,-19.228825597412552],[-57.64352712799997,-19.228849142412532],[-57.64354522799993,-19.228896494412552],[-57.64356213099995,-19.228944132412565],[-57.64357813899995,-19.22899197941252],[-57.643608677999964,-19.22908799141255],[-57.64363926099997,-19.22918391941256],[-57.64367630699997,-19.22929176841252],[-57.643716052999935,-19.229398840412554],[-57.64375804599996,-19.229505251412547],[-57.64380183599996,-19.229611118412556],[-57.64389300099998,-19.229821686412535],[-57.64398593599997,-19.230031475412535],[-57.64423679499998,-19.23059831641248],[-57.64427260399998,-19.23067667541253],[-57.64430748199993,-19.230755350412515],[-57.644324106999925,-19.230794933412504],[-57.64433993999995,-19.230834747412505],[-57.64435479699995,-19.23087484341251],[-57.64436849199996,-19.23091527241248],[-57.64437594799994,-19.230939250412483],[-57.644382967999945,-19.2309633514125],[-57.644395822999975,-19.231011886412517],[-57.64440730799999,-19.231060803412515],[-57.64441767199997,-19.231110024412505],[-57.644436034999956,-19.231209080412512],[-57.644452908999945,-19.23130844741247],[-57.644489374999985,-19.23151929341248],[-57.64452559599994,-19.2317297674125],[-57.64462273099997,-19.232347738412486],[-57.64465610199994,-19.23256381841246],[-57.64468362199994,-19.232780343412426],[-57.64470669199994,-19.233129806412443],[-57.644722058999946,-19.23348042641244],[-57.644732577999946,-19.233640794412402],[-57.64474304699996,-19.233801068412454],[-57.64474704399999,-19.233881153412426],[-57.64474956799996,-19.233961197412434],[-57.64475012899993,-19.234041191412416],[-57.64474824099995,-19.234121130412408],[-57.64474370099998,-19.23419987841242],[-57.64473699699994,-19.23427859041242],[-57.64472882299998,-19.234357291412426],[-57.64471986799998,-19.234436008412434],[-57.64471316199996,-19.234492631412408],[-57.64470565399994,-19.234549109412384],[-57.644701364999946,-19.234577243412428],[-57.644696591999946,-19.23460527841239],[-57.64469124299995,-19.23463319441241],[-57.644685222999954,-19.234660971412417],[-57.644678070999994,-19.234690143412404],[-57.644670195999936,-19.23471916441239],[-57.64466172799995,-19.23474806341243],[-57.644652798999964,-19.23477686541239],[-57.64463407799997,-19.234834296412405],[-57.64461507899995,-19.234891679412424],[-57.644569317999974,-19.235035617412372],[-57.64452147199995,-19.2351786814124],[-57.644458530999934,-19.235339576412365],[-57.64439247499997,-19.235499533412362],[-57.64427527399994,-19.235809102412375],[-57.64408632299996,-19.236319412412335],[-57.64405186899995,-19.236408906412347],[-57.64401634599994,-19.23649801041238],[-57.643979154999954,-19.23658647541235],[-57.64393969399999,-19.236674053412337],[-57.64392724199997,-19.23670029241236],[-57.643914529999954,-19.23672642741234],[-57.643888335999975,-19.23677836241232],[-57.643861124999944,-19.236829840412362],[-57.64383291399997,-19.236880837412325],[-57.64380371899995,-19.236931330412325],[-57.64377355399995,-19.23698129841236],[-57.64374243399993,-19.23703071941234],[-57.64371037699994,-19.23707957241235],[-57.643554743999964,-19.237295929412333],[-57.643392338999945,-19.237507888412342],[-57.64302132299997,-19.238015083412343],[-57.64296142299999,-19.238098270412316],[-57.64290071999994,-19.238180888412334],[-57.64283847099995,-19.23826232641233],[-57.64277393399993,-19.238341971412297],[-57.64271185799999,-19.23841351241231],[-57.642647635999936,-19.238483357412285],[-57.64258170299996,-19.238551864412322],[-57.642514492999965,-19.238619385412324],[-57.64237798399996,-19.238752891412318],[-57.642241584999965,-19.238886713412267],[-57.64212628499996,-19.2390045424123],[-57.64201455399996,-19.239125236412278],[-57.64196030699998,-19.239186818412275],[-57.64190728699998,-19.23924930941227],[-57.641855603999936,-19.23931277241227],[-57.641805371999965,-19.239377272412266],[-57.64173514499998,-19.239472380412252],[-57.64166663799994,-19.23956868741228],[-57.64152859399996,-19.239760471412257],[-57.64137277599997,-19.239956974412245],[-57.64121039299994,-19.240149437412253],[-57.641141275999985,-19.24023135341225],[-57.64107388699994,-19.24031442641223],[-57.64104138099998,-19.24035667441223],[-57.64100995299998,-19.24039954641228],[-57.640979820999966,-19.240443152412247],[-57.64095119899997,-19.24048760541223],[-57.64092839099993,-19.240525720412222],[-57.640906610999934,-19.240564410412272],[-57.64088566499998,-19.240603576412237],[-57.64086535799999,-19.240643114412247],[-57.64082588799993,-19.24072290241224],[-57.64078664599999,-19.24080295941223],[-57.640772740999985,-19.24083093941226],[-57.64075904799995,-19.240858960412243],[-57.64074594199997,-19.240887132412237],[-57.640733797999985,-19.240915564412248],[-57.64073061499994,-19.240923600412252],[-57.64072753399996,-19.240931665412226],[-57.64072167499995,-19.24094787641223],[-57.64071620699997,-19.240964194412236],[-57.64071111299996,-19.240980616412223],[-57.64070637899994,-19.24099713541226],[-57.64070198799994,-19.24101374941226],[-57.64069792799995,-19.24103045241224],[-57.64069418099996,-19.24104724141226],[-57.640687567999976,-19.241081055412213],[-57.64068202599998,-19.241115157412235],[-57.64067743399994,-19.24114951141222],[-57.640673669999956,-19.24118408241223],[-57.64066444399998,-19.241323827412238],[-57.64065868399996,-19.24146421541221],[-57.64064955399994,-19.241613022412224],[-57.640638169999924,-19.241760602412196],[-57.640619528999935,-19.242054559412196],[-57.64061757899998,-19.242132303412195],[-57.64061715299993,-19.242210187412194],[-57.640620378999984,-19.24236623341222],[-57.64062822699998,-19.2425224074122],[-57.64063971199993,-19.242678421412165],[-57.640667521999944,-19.2429736204122],[-57.64069528699997,-19.243268433412183],[-57.64075169299997,-19.244072042412167],[-57.64078792299994,-19.24443655441213],[-57.64081352399995,-19.244801268412125],[-57.64081473399995,-19.245010506412147],[-57.64080962899993,-19.24521997941212],[-57.64080493399996,-19.245638829412133],[-57.64081625299997,-19.24586639941211],[-57.64083038399997,-19.246094043412118],[-57.640835957999975,-19.246237425412076],[-57.640837566999956,-19.246380880412076],[-57.64083466199998,-19.2465242574121],[-57.640826687999954,-19.24666739941211],[-57.64081875599999,-19.246760220412067],[-57.64080964599997,-19.2468529534121],[-57.640792516999966,-19.247016022412083],[-57.640771812999965,-19.247175321412097],[-57.64074563799994,-19.24733385541208],[-57.64068643699995,-19.247612614412102],[-57.64062346099996,-19.24789076341208],[-57.64057186999998,-19.248149718412066],[-57.64051889399997,-19.24840826341207],[-57.64048022399998,-19.248568980412045],[-57.640437245999976,-19.248728947412037],[-57.640426719999944,-19.248765927412045],[-57.640415655999966,-19.248802739412064],[-57.64040368599995,-19.248839232412045],[-57.64039044599996,-19.248875257412024],[-57.64038353199999,-19.248892376412023],[-57.64037626999993,-19.24890936341201],[-57.640368690999935,-19.248926232412046],[-57.64036082599995,-19.248942992412033],[-57.64034435999997,-19.24897623441202],[-57.640327118999956,-19.24900918541205],[-57.64029128699997,-19.24907457941204],[-57.64025529199995,-19.24913991841203],[-57.640084938999955,-19.249489017412024],[-57.64003821199997,-19.249587412412037],[-57.639989791999945,-19.249685058412002],[-57.63996462799997,-19.24973340041202],[-57.63993865799994,-19.249781312412026],[-57.63991175599994,-19.249828714412033],[-57.639883790999924,-19.249875525412044],[-57.63985259599997,-19.249924925412007],[-57.63982023899996,-19.249973669412032],[-57.63978691999995,-19.250021869412],[-57.63975283999997,-19.250069641412026],[-57.63968319799994,-19.250164349412028],[-57.639612912999944,-19.25025870141199],[-57.63942963299997,-19.250508470411965],[-57.639241813999945,-19.250754647411974],[-57.63907147599998,-19.25095744441195],[-57.638894025999946,-19.251154954411973],[-57.638700540999935,-19.25136493841194],[-57.63851079799998,-19.251577869411967],[-57.63842596499995,-19.251678522411957],[-57.63834178999997,-19.25177969741196],[-57.63816892799996,-19.251978153411972],[-57.63797691099995,-19.252172004411978],[-57.63777962299998,-19.252361740411946],[-57.63763364599998,-19.252507483411964],[-57.637488521999956,-19.252653880411945],[-57.63741522299994,-19.25272627641194],[-57.63734087299998,-19.25279757741193],[-57.63726504699997,-19.25286736341191],[-57.63718732399996,-19.252935216411935],[-57.63710246399996,-19.25300504941193],[-57.63701626499994,-19.253073547411944],[-57.63684497099997,-19.253211838411932],[-57.63667938599996,-19.25335822941191],[-57.63651452299996,-19.2535052814119],[-57.63627254199997,-19.2537084794119],[-57.636222872999944,-19.25375280341189],[-57.63617454799998,-19.253798426411894],[-57.636151034999955,-19.25382180841188],[-57.63612803099995,-19.253845613411897],[-57.636105595999936,-19.253869876411898],[-57.63608378499999,-19.25389462941189],[-57.636071457999954,-19.253909202411926],[-57.63605934999998,-19.253923940411926],[-57.63603574899998,-19.253953879411878],[-57.63601290199995,-19.253984373411924],[-57.63599072599994,-19.25401534741189],[-57.63594806399993,-19.25407844141193],[-57.635907108999966,-19.25414256941189],[-57.635868640999945,-19.254205086411893],[-57.635831247999924,-19.254268107411896],[-57.63576005799996,-19.254396026411865],[-57.63574511899998,-19.25442453041187],[-57.63573050599995,-19.254453197411898],[-57.63570250299994,-19.25451106741188],[-57.63568924099997,-19.254540294411907],[-57.635676554999975,-19.254569731411866],[-57.63566450799993,-19.254599392411908],[-57.63565316399996,-19.25462928741186],[-57.63564761899994,-19.254644765411886],[-57.63564226799997,-19.254660303411896],[-57.63563211499996,-19.25469155441188],[-57.63562264099994,-19.254723012411862],[-57.63561377599996,-19.254754652411897],[-57.63559761099998,-19.25481836441188],[-57.63558308599994,-19.254882477411883],[-57.63556636399994,-19.25496291941189],[-57.63555003999994,-19.25504336341188],[-57.635513266999965,-19.255203117411856],[-57.63546825099997,-19.25535256041185],[-57.63541967699996,-19.255501356411877],[-57.635372564999955,-19.25565430141189],[-57.63532018799997,-19.255805236411856],[-57.63531256299996,-19.255824126411888],[-57.635304676999965,-19.255842921411844],[-57.63528817299993,-19.255880249411867],[-57.63527076499998,-19.25591724041187],[-57.63525254299997,-19.25595392441187],[-57.63521400999996,-19.256026456411856],[-57.63517328599994,-19.256098039411818],[-57.63514801999998,-19.256140660411862],[-57.635122140999954,-19.256182930411853],[-57.635068224999934,-19.25626610741187],[-57.63504002899999,-19.256306859411833],[-57.63501090299997,-19.256346950411846],[-57.634980766999945,-19.256386301411844],[-57.63494953999999,-19.256424835411845],[-57.634928871999925,-19.256449133411863],[-57.63490774599995,-19.256473077411833],[-57.63486422099999,-19.256519970411816],[-57.634819162999975,-19.256565644411854],[-57.63477277199996,-19.25661022841182],[-57.63467679099995,-19.256696643411807],[-57.634577872999955,-19.25678024941184],[-57.63453457799994,-19.256815740411845],[-57.63449095199996,-19.25685078941181],[-57.63440237999998,-19.25691912741181],[-57.63435727399997,-19.256952196411852],[-57.63431151299994,-19.256984384411833],[-57.63426501499999,-19.257015584411846],[-57.63421769999997,-19.257045686411832],[-57.63419904699999,-19.257057082411823],[-57.634180259999944,-19.257068293411837],[-57.634142294999954,-19.257090144411823],[-57.63410382099994,-19.257111219411826],[-57.63406485899998,-19.257131495411816],[-57.63402542599993,-19.257150949411855],[-57.63398553999996,-19.257169560411825],[-57.63394522099998,-19.257187304411815],[-57.63390448499997,-19.257204160411813],[-57.63388293899994,-19.257212647411816],[-57.63386128699995,-19.25722088741182],[-57.63381768699997,-19.25723663841179],[-57.63377371899998,-19.257251440411807],[-57.633729420999934,-19.257265321411836],[-57.63368482699997,-19.257278308411816],[-57.63363997299996,-19.257290430411807],[-57.63359489399994,-19.257301714411845],[-57.63354962799996,-19.2573121894118],[-57.63336087499994,-19.257348718411798],[-57.63317093399996,-19.25738095241181],[-57.63305383699997,-19.257401865411808],[-57.63293667299996,-19.257422139411823],[-57.63287801699993,-19.257431267411807],[-57.63281928299995,-19.25743931241183],[-57.63276045299995,-19.257445965411844],[-57.63270150699998,-19.257450919411795],[-57.63250667699998,-19.257456233411823],[-57.63231073399999,-19.257457892411832],[-57.63224824799995,-19.257460199411838],[-57.63218585599997,-19.257462253411816],[-57.63215475099997,-19.25746265041183],[-57.63212373199997,-19.2574623414118],[-57.63210826299997,-19.257461856411815],[-57.63209282299994,-19.257461113411836],[-57.63207741699995,-19.257460087411825],[-57.63206204499994,-19.257458751411797],[-57.63204371499995,-19.257456724411806],[-57.632025433999964,-19.25745425841179],[-57.63200719499997,-19.2574513984118],[-57.63198899599996,-19.257448184411793],[-57.63195269099998,-19.25744087641182],[-57.63191647699994,-19.257432679411828],[-57.63184414899996,-19.25741500241181],[-57.631771672999946,-19.25739792341183],[-57.631658844999954,-19.257376569411825],[-57.63154564599995,-19.257358137411828],[-57.631489156999976,-19.257348416411812],[-57.63143287299994,-19.25733750441181],[-57.63140483899996,-19.2573314004118],[-57.63137689499995,-19.257324759411834],[-57.63134905199996,-19.2573174994118],[-57.63132132199996,-19.257309541411836],[-57.631296992999985,-19.257301955411798],[-57.631272716999945,-19.257294093411844],[-57.63122415099997,-19.25727886541184],[-57.631211974999985,-19.257275403411786],[-57.631199772999935,-19.25727215941182],[-57.631187540999974,-19.2572691784118],[-57.63117527399998,-19.25726649841183],[-57.63116296399995,-19.257264162411808],[-57.63115060699994,-19.25726221141181],[-57.63114440999993,-19.25726139241183],[-57.631138197999974,-19.2572606864118],[-57.631131971999935,-19.257260096411837],[-57.63112573099995,-19.257259628411845],[-57.631122439999956,-19.2572594324118],[-57.63111914499996,-19.25725926941183],[-57.631112539999954,-19.257259042411842],[-57.63110591499998,-19.257258934411848],[-57.631099268999954,-19.257258934411848],[-57.631085904999956,-19.257259219411843],[-57.63107244099995,-19.25725981141184],[-57.631070524999984,-19.25725991741179],[-57.63106860999994,-19.257260031411846],[-57.63106478499998,-19.257260309411798],[-57.631062879999945,-19.25726048341183],[-57.63106098299995,-19.25726068741183],[-57.631059094999955,-19.2572609274118],[-57.63105721899995,-19.257261208411837],[-57.63105535599993,-19.257261534411807],[-57.63105350799998,-19.257261912411845],[-57.63105259099996,-19.2572621214118],[-57.63105167799995,-19.2572623464118],[-57.631050769999945,-19.257262585411837],[-57.631049866999945,-19.25726284041181],[-57.63104896899995,-19.25726311241183],[-57.631048077999935,-19.257263401411844],[-57.631047190999936,-19.25726370841184],[-57.63104631199996,-19.257264034411804],[-57.631045437999944,-19.257264378411797],[-57.63104457099996,-19.25726474341181],[-57.63104370999997,-19.25726512841182],[-57.63104285699995,-19.257265535411836],[-57.63104250399993,-19.257265710411808],[-57.631042152999946,-19.2572658894118],[-57.631041453999956,-19.25726625841181],[-57.631040759999955,-19.257266641411796],[-57.631040073999934,-19.2572670384118],[-57.63103939399996,-19.257267450411828],[-57.63103872199997,-19.25726787541183],[-57.63103805599996,-19.2572683124118],[-57.63103739999997,-19.25726876241183],[-57.631036750999954,-19.257269225411804],[-57.63103611099996,-19.2572696994118],[-57.63103548099996,-19.257270185411837],[-57.63103485999994,-19.25727068241181],[-57.63103424999998,-19.257271191411828],[-57.63103364999995,-19.2572717094118],[-57.63103306099999,-19.257272238411844],[-57.63103248399994,-19.257272777411817],[-57.631031918999945,-19.257273326411816],[-57.631031365999945,-19.257273882411848],[-57.63103082599998,-19.257274449411813],[-57.63103029899998,-19.257275023411825],[-57.63102978499995,-19.2572756074118],[-57.63102928499995,-19.25727619841179],[-57.63102879999997,-19.257276796411837],[-57.631028330999975,-19.25727740141181],[-57.63102787599996,-19.257278014411796],[-57.63102743699995,-19.257278632411808],[-57.631027013999976,-19.25727925741185],[-57.631026607999964,-19.257279887411837],[-57.631026217999924,-19.25728052341182],[-57.631025846999925,-19.257281163411808],[-57.63102549399997,-19.2572818094118],[-57.63102515799994,-19.25728245841182],[-57.63102498599994,-19.25728280741183],[-57.63102482099998,-19.25728315641182],[-57.63102450399999,-19.25728385841179],[-57.631024207999985,-19.257284565411823],[-57.631023932999945,-19.2572852764118],[-57.63102367799996,-19.257285991411795],[-57.63102344099996,-19.25728671041181],[-57.631023224999986,-19.25728743441184],[-57.631023027999966,-19.257288161411815],[-57.63102284799998,-19.257288893411804],[-57.631022686999984,-19.25728962841182],[-57.63102254399996,-19.257290367411787],[-57.631022418999976,-19.257291110411835],[-57.631022309999935,-19.257291856411797],[-57.631022217999934,-19.257292606411827],[-57.63102214299994,-19.2572933604118],[-57.63102208299994,-19.25729411741181],[-57.63102203999995,-19.257294877411844],[-57.63102201199996,-19.25729564041179],[-57.63102199899998,-19.257296408411804],[-57.63102200099996,-19.257297177411797],[-57.63102204599994,-19.257298726411836],[-57.63102214699995,-19.25730028741182],[-57.63102229899994,-19.257301858411797],[-57.63102249999997,-19.25730344041184],[-57.63102274699998,-19.25730503341181],[-57.63102303699998,-19.25730663441183],[-57.63102336799995,-19.257308243411806],[-57.631023735999975,-19.257309861411812],[-57.631024138999976,-19.257311487411837],[-57.63102457399997,-19.25731312041184],[-57.63102552999993,-19.257316402411806],[-57.631026579999975,-19.257319705411835],[-57.63102887199995,-19.25732635441183],[-57.63103127299997,-19.25733302741181],[-57.63103421699998,-19.257341379411823],[-57.63103705099996,-19.257349709411837],[-57.63104239099994,-19.257366310411808],[-57.63104730899994,-19.257382831411824],[-57.63105182099997,-19.257399275411807],[-57.631055940999936,-19.25741564741181],[-57.63105968499997,-19.257431948411824],[-57.63106306699996,-19.257448183411803],[-57.63106610299997,-19.257464355411823],[-57.631071199999944,-19.25749652041181],[-57.63107509699995,-19.257528469411813],[-57.63107791399994,-19.25756022841184],[-57.631079774999925,-19.257591822411783],[-57.63108080099993,-19.257623277411838],[-57.631081114999965,-19.257654618411795],[-57.63108083899993,-19.257685870411837],[-57.63108009299997,-19.257717059411803],[-57.63107768399993,-19.257779351411795],[-57.631074862999974,-19.257841696411795],[-57.63106962999995,-19.25843928141176],[-57.63108538599993,-19.259044557411798],[-57.631112919999964,-19.260050624411758],[-57.63114653699994,-19.26072287841173],[-57.631155656999965,-19.260885419411743],[-57.631162096999965,-19.261048239411746],[-57.63116337799994,-19.261130206411718],[-57.63116286699995,-19.26121278641174],[-57.631160189999946,-19.261296159411735],[-57.63115497399997,-19.261380509411733],[-57.63115451799995,-19.261386326411735],[-57.63115407099996,-19.261392144411694],[-57.631153292999954,-19.261403756411738],[-57.631153004999994,-19.261409540411734],[-57.63115281599995,-19.261415300411695],[-57.63115274799998,-19.26142103241174],[-57.63115282199993,-19.261426731411717],[-57.631153060999964,-19.261432390411727],[-57.631153488999985,-19.261438003411715],[-57.63115377899998,-19.261440792411726],[-57.631154124999966,-19.26144356641171],[-57.63115452899996,-19.261446327411736],[-57.631154993999985,-19.261449073411686],[-57.631155522999954,-19.261451803411685],[-57.631156117999986,-19.261454517411696],[-57.63115678199994,-19.261457214411703],[-57.63115751899995,-19.261459894411733],[-57.631158329999955,-19.261462556411708],[-57.631159217999944,-19.261465198411692],[-57.63116018799996,-19.26146782141169],[-57.63116123999999,-19.261470423411737],[-57.63116158499997,-19.261471230411733],[-57.63116193999997,-19.261472035411682],[-57.631162672999956,-19.261473640411708],[-57.63116343699994,-19.261475234411733],[-57.63116423399998,-19.26147682041174],[-57.631165918999955,-19.261479959411737],[-57.631167723999965,-19.261483053411705],[-57.631169643999954,-19.261486099411716],[-57.631171672999976,-19.261489093411704],[-57.63117380699999,-19.2614920294117],[-57.631176041999936,-19.26149490641168],[-57.631178370999976,-19.261497717411682],[-57.63118079099996,-19.261500461411718],[-57.63118329699995,-19.261503133411694],[-57.631185882999944,-19.26150572841172],[-57.631188544999986,-19.261508243411722],[-57.63119127899995,-19.26151067441171],[-57.631194078999954,-19.261513017411723],[-57.631196938999956,-19.26151526841172],[-57.63119841099996,-19.261516371411716],[-57.63119989499995,-19.26151745141172],[-57.63120290599994,-19.261519538411708],[-57.631205971999975,-19.261521535411724],[-57.63120908999998,-19.261523442411686],[-57.631212257999955,-19.261525265411738],[-57.631215474999976,-19.261527005411686],[-57.63121873799997,-19.26152866741173],[-57.631222044999966,-19.26153025441172],[-57.63122539399995,-19.261531768411682],[-57.631228782999976,-19.26153321441169],[-57.631232211999986,-19.2615345944117],[-57.63123567599997,-19.261535911411695],[-57.631242706999956,-19.261538373411693],[-57.63124985999997,-19.261540625411705],[-57.63125711899994,-19.261542693411716],[-57.63126446899997,-19.26154460341169],[-57.63127189399996,-19.261546382411687],[-57.631279377999924,-19.26154805741172],[-57.63129446299997,-19.261551195411727],[-57.63130959499995,-19.26155422641173],[-57.63155007099994,-19.261614785411687],[-57.631783792999954,-19.26168187141168],[-57.63216946499995,-19.261772185411726],[-57.632554292999934,-19.26187032341172],[-57.632666976999985,-19.261907937411724],[-57.63277830799996,-19.261949190411674],[-57.632888818999966,-19.261992781411674],[-57.63299903899996,-19.26203741541169],[-57.63309422799994,-19.26207617541169],[-57.63318878299998,-19.26211608741171],[-57.633235567999975,-19.262136897411676],[-57.633281887999935,-19.262158499411676],[-57.633327641999976,-19.262181060411717],[-57.63337272799999,-19.262204751411687],[-57.63339937599994,-19.26221954341168],[-57.63342575599996,-19.262234781411692],[-57.63347773299996,-19.262266521411686],[-57.633528713999965,-19.26229982041168],[-57.633578750999966,-19.262334527411678],[-57.63362789699993,-19.262370491411673],[-57.633676206999944,-19.262407563411667],[-57.63372373599997,-19.262445591411677],[-57.633770535999986,-19.262484424411696],[-57.633803745999955,-19.26251277341169],[-57.633836531999975,-19.262541516411655],[-57.633900534999945,-19.2626003964117],[-57.63393160099998,-19.262630643411686],[-57.63396194399997,-19.262661499411703],[-57.63399148799994,-19.26269302141167],[-57.63402015999997,-19.262725262411653],[-57.63403121699997,-19.262738191411696],[-57.63404212699999,-19.2627512364117],[-57.63406352299995,-19.2627776604117],[-57.63408436399993,-19.26280450541168],[-57.634104667999964,-19.26283173641167],[-57.63414373899997,-19.262887241411704],[-57.63418087799994,-19.262943924411662],[-57.63420195799995,-19.26297784141166],[-57.63422246799996,-19.26301205341166],[-57.63426199299994,-19.263081244411683],[-57.63429987999996,-19.26315126641166],[-57.634336556999976,-19.26322188441166],[-57.63436498899995,-19.263278144411675],[-57.634392802999976,-19.26333467741169],[-57.634446072999935,-19.263448740411636],[-57.63447127699994,-19.263506358411664],[-57.63449535999997,-19.263564429411684],[-57.63451819499994,-19.263622995411687],[-57.63453965599996,-19.263682102411646],[-57.634546979999975,-19.263703402411664],[-57.63455409699998,-19.263724773411667],[-57.63456765199999,-19.263767726411654],[-57.63458020699995,-19.263810941411666],[-57.63459164399996,-19.26385440141163],[-57.63460184699994,-19.263898087411654],[-57.63461070199998,-19.26394197941166],[-57.63461808999995,-19.26398606041166],[-57.634623896999976,-19.264030312411677],[-57.634625927999934,-19.26404985841164],[-57.63462765099995,-19.264069431411617],[-57.63463025299996,-19.264108649411668],[-57.634631870999954,-19.26414795041162],[-57.63463267099996,-19.264187314411643],[-57.63463248499994,-19.26426616741163],[-57.634631027999944,-19.264345064411614],[-57.63462947600001,-19.26441689641161],[-57.63462749299998,-19.264488633411652],[-57.63462028999999,-19.26463177341163],[-57.63461402999996,-19.264705153411633],[-57.63460607799993,-19.26477841341165],[-57.63459673099993,-19.26485157341165],[-57.63458629199994,-19.26492465741159],[-57.63456334299997,-19.265070675411597],[-57.63453963899998,-19.26521663841162],[-57.63441254799994,-19.266092275411573],[-57.634291072999986,-19.266840291411544],[-57.63416953299997,-19.267571443411544],[-57.634070766999976,-19.268089641411535],[-57.63398440199995,-19.268609500411536],[-57.63397266899994,-19.268702254411508],[-57.63396159799998,-19.26879509841149],[-57.63393845599995,-19.268980646411542],[-57.63386197199998,-19.269434040411504],[-57.633776130999934,-19.269886191411477],[-57.633625835999965,-19.270919205411484]],[[-57.64354722199994,-19.22310833341271],[-57.630413888999946,-19.219749999412805],[-57.62331666699998,-19.217936110412857],[-57.63391666599995,-19.227183333412597],[-57.629236111999944,-19.234733332412393],[-57.622997221999974,-19.24476666641215],[-57.61815833399999,-19.25254722141197],[-57.625019443999975,-19.2586999994118],[-57.62770555499997,-19.268230555411517],[-57.62170833399995,-19.271658332411437],[-57.62238055499994,-19.27587499941132],[-57.60818333299995,-19.277280555411288],[-57.60824722199994,-19.276024999411327],[-57.60552499999994,-19.275333333411382],[-57.594880554999975,-19.275247221411355],[-57.584869443999935,-19.275194443411365],[-57.57553888899998,-19.275094443411344],[-57.57181944399997,-19.272961110411426],[-57.571272221999955,-19.27499166641135],[-57.57127499999996,-19.274999999411385],[-57.571280555999984,-19.275005554411358],[-57.571402776999946,-19.275124999411357],[-57.57160555599996,-19.27517499941134],[-57.57186666699994,-19.275241666411333],[-57.572041666999944,-19.275383332411366],[-57.57218888899996,-19.27557777741135],[-57.572302777999944,-19.275797221411324],[-57.572358332999954,-19.276038888411332],[-57.57237499999997,-19.27629166641133],[-57.57238055499994,-19.276530554411334],[-57.57237499999997,-19.276722221411287],[-57.572377776999986,-19.276858332411315],[-57.572383332999955,-19.276986110411293],[-57.572391666999984,-19.277105555411335],[-57.57239999999995,-19.277227777411284],[-57.57240833399993,-19.277341665411267],[-57.57246666599997,-19.277658332411328],[-57.57251111099998,-19.277919443411303],[-57.57258333399995,-19.2780666664113],[-57.572666666999964,-19.27821111041128],[-57.57275555599995,-19.278369443411286],[-57.572833332999956,-19.27851111041125],[-57.57291666599997,-19.278658332411265],[-57.57299166599994,-19.27880277741126],[-57.573055555999986,-19.27893888841127],[-57.573127777999964,-19.279080554411262],[-57.573208333999965,-19.279263888411233],[-57.57329999999996,-19.27939999941125],[-57.57341388899993,-19.279508332411257],[-57.57356111099995,-19.279647221411224],[-57.57373333399994,-19.279786110411244],[-57.57392222199996,-19.27993055541124],[-57.57404444399998,-19.280083332411223],[-57.57409999999998,-19.280230555411205],[-57.57416111099997,-19.280455555411194],[-57.57421666699997,-19.28059444341124],[-57.574238888999965,-19.280713888411235],[-57.57424444399998,-19.28072777741123],[-57.57424722199993,-19.2807722214112],[-57.574319443999975,-19.280972221411208],[-57.57439722199996,-19.281152776411176],[-57.57442777799998,-19.28136111041122],[-57.57438611099997,-19.281580554411182],[-57.57434166699994,-19.281791666411166],[-57.574294443999975,-19.2819972214112],[-57.57424166599998,-19.28221666541118],[-57.57424999999996,-19.28244166641116],[-57.57432222199998,-19.282613888411156],[-57.574408332999944,-19.28274444341116],[-57.574505554999966,-19.282863888411146],[-57.574594443999956,-19.282969444411144],[-57.57466666599999,-19.283024999411158],[-57.574961110999936,-19.283397221411157],[-57.57532777799997,-19.28390833341111],[-57.575505555999946,-19.284086110411145],[-57.57569166699994,-19.284263888411104],[-57.575880555999966,-19.284441666411123],[-57.57605833299993,-19.284608332411104],[-57.57621388899997,-19.28475833241111],[-57.57633055599996,-19.284894444411123],[-57.57664166599992,-19.285411110411115],[-57.57669999999996,-19.285569443411116],[-57.58362777799994,-19.281561110411225],[-57.584980555999955,-19.283844444411127],[-57.58657499999999,-19.28299722141116],[-57.59704999999997,-19.28995833341098],[-57.60210555599997,-19.286858333411036],[-57.60243888799994,-19.287455555411032],[-57.60751944499998,-19.285044443411078],[-57.60702499999997,-19.283574999411123],[-57.61232499999995,-19.28086944341122],[-57.615316666999945,-19.2783722214113],[-57.61568611099995,-19.278641666411247],[-57.61077499999994,-19.283338888411127],[-57.61644444399996,-19.282844444411175],[-57.61778611099999,-19.28764166641103],[-57.61832777799997,-19.287577777411034],[-57.61892499999994,-19.28748611041105],[-57.619541665999975,-19.287380555411048],[-57.62033888899998,-19.287216666411034],[-57.62091111099994,-19.287127777411055],[-57.62157499999994,-19.287016666411034],[-57.62221944399994,-19.28689444341103],[-57.62283055499994,-19.28676111041108],[-57.62339444499997,-19.286619443411055],[-57.62389722199999,-19.286466665411087],[-57.62434444399998,-19.286302777411056],[-57.624741666999974,-19.286130555411056],[-57.62509722199996,-19.285949999411073],[-57.62541944499997,-19.285763887411097],[-57.62571111099999,-19.285572221411055],[-57.625983332999965,-19.285383332411108],[-57.62623888899998,-19.285177777411082],[-57.62648611199995,-19.284977777411086],[-57.62672222199996,-19.284774999411123],[-57.626949999999965,-19.28457777741113],[-57.62716388899997,-19.28438055541114],[-57.62736666699993,-19.284188888411126],[-57.62755277799994,-19.28400277741113],[-57.62772777799996,-19.283822222411136],[-57.627886110999945,-19.28365277741116],[-57.62802777799993,-19.28348888841114],[-57.628155554999985,-19.28333611041118],[-57.62826388899999,-19.283186110411165],[-57.628355555999974,-19.28303888841116],[-57.628436111999974,-19.282886110411187],[-57.628499999999974,-19.282724999411176],[-57.628549999999954,-19.282552777411187],[-57.62858888899996,-19.28236111041117],[-57.62861388899996,-19.28214999941117],[-57.628630555999955,-19.281919443411216],[-57.628636110999935,-19.28166666541122],[-57.628638888999944,-19.281397221411193],[-57.628638888999944,-19.281111110411217],[-57.628636110999935,-19.280811111411232],[-57.62864166699996,-19.2804944434112],[-57.62864999999993,-19.280169443411232],[-57.628666665999965,-19.279827777411253],[-57.62869722199997,-19.279472221411282],[-57.62873888899998,-19.279097221411266],[-57.62879444499998,-19.278694444411236],[-57.628866665999965,-19.27825833341125],[-57.62895833299996,-19.277786110411288],[-57.62907777799995,-19.277352777411306],[-57.62924444499998,-19.27671666541133],[-57.62943333399994,-19.276088888411316],[-57.62961388899998,-19.275441666411343],[-57.62989444399994,-19.274519444411375],[-57.63006666699993,-19.273988888411388],[-57.63023888899995,-19.273363888411392],[-57.63038888899997,-19.27254999941143],[-57.630627776999965,-19.271822221411462],[-57.63079999999996,-19.27110555441147],[-57.63093055599995,-19.270322221411476],[-57.63101666699998,-19.26964166641152],[-57.63112499999995,-19.269016666411535],[-57.63119444499995,-19.268827776411523],[-57.631297221999944,-19.26804722241152],[-57.631388888999936,-19.267527777411534],[-57.63146944499994,-19.267044443411574],[-57.63180277799995,-19.266738888411574],[-57.63173888899996,-19.26618333341158],[-57.631683332999955,-19.265808332411588],[-57.631708332999956,-19.265463888411592],[-57.63174999999995,-19.26518888741161],[-57.63179999999994,-19.264888888411637],[-57.63184722199997,-19.264602777411664],[-57.63187777699995,-19.264391665411626],[-57.631908333999945,-19.264147222411648],[-57.631938888999976,-19.263997221411636],[-57.63193055599999,-19.26398055541167],[-57.62848333299996,-19.26308333341165],[-57.62835277799996,-19.257330555411805],[-57.625255555999956,-19.25516944341185],[-57.625230554999966,-19.253738888411927],[-57.63279444499995,-19.254633332411892],[-57.632813888999976,-19.254455554411877],[-57.63281111099997,-19.254305555411904],[-57.63288611099995,-19.254041666411922],[-57.63294166599996,-19.253863888411907],[-57.63298333299997,-19.253691666411896],[-57.633033332999965,-19.253541666411945],[-57.633083332999945,-19.253394443411942],[-57.63313333399998,-19.2532527774119],[-57.63346666599995,-19.25308611041193],[-57.63341666699995,-19.25301111041195],[-57.633363888999945,-19.252922221411914],[-57.63338333299998,-19.252791666411927],[-57.633452777999935,-19.252655554411916],[-57.63354166699997,-19.252513888411933],[-57.63363888899994,-19.252338888411927],[-57.63372777799998,-19.25218611041196],[-57.633827776999965,-19.25205833241198],[-57.63394166699994,-19.25189166541195],[-57.63406944399997,-19.251752777411973],[-57.63420833399993,-19.25161666541197],[-57.63435833299996,-19.25148611041197],[-57.634513888999955,-19.251355554411987],[-57.634674999999966,-19.251224999411995],[-57.634844444999935,-19.251091665412005],[-57.635013888999936,-19.250949999411954],[-57.63518888899995,-19.250802777412005],[-57.63536666699997,-19.250647221411977],[-57.63554444499993,-19.25048055541199],[-57.63572499999998,-19.250308333411997],[-57.635905555999955,-19.250124999412026],[-57.63608888899995,-19.250061110412034],[-57.636274999999955,-19.249744443411988],[-57.63645833299996,-19.24954722141199],[-57.63664444399995,-19.249347221412],[-57.63683055499996,-19.24914722141205],[-57.637011110999936,-19.24894166541203],[-57.637186110999956,-19.24873055541203],[-57.63734999999997,-19.248516665412033],[-57.63750555599995,-19.248294444412032],[-57.63764722199994,-19.24806111041207],[-57.63777222199997,-19.24781666641204],[-57.63787777799996,-19.24756111141209],[-57.63796666699995,-19.24728888841207],[-57.63803333399994,-19.246999999412083],[-57.63808611099995,-19.246691666412065],[-57.63811944499997,-19.24636388841209],[-57.638136110999945,-19.246019443412113],[-57.63814166699996,-19.24565277741213],[-57.638130555999965,-19.245266666412125],[-57.63810833399999,-19.244861110412174],[-57.63807777699997,-19.24443611041217],[-57.63803888899997,-19.243994443412156],[-57.63799722199996,-19.243544443412173],[-57.63795833299997,-19.24309166541217],[-57.63792222299999,-19.242638888412223],[-57.63789444399998,-19.242197221412216],[-57.63787777799996,-19.241769443412206],[-57.637880554999974,-19.241361110412225],[-57.637902776999965,-19.24097777641224],[-57.63794444499996,-19.240619443412246],[-57.638002777999986,-19.24028611141228],[-57.63808333299995,-19.23997222141227],[-57.638177776999946,-19.239677777412254],[-57.638288888999966,-19.23940277741227],[-57.63841388899993,-19.239141666412284],[-57.63855555599998,-19.23889722141227],[-57.638705554999945,-19.238663888412294],[-57.63886944399997,-19.238444444412316],[-57.63903888899994,-19.23823333241233],[-57.63921388899996,-19.238030554412337],[-57.639391666999984,-19.23783055541231],[-57.63957222199997,-19.237636110412346],[-57.63974999999994,-19.237444444412308],[-57.639927777999965,-19.23725277641236],[-57.640097221999945,-19.23705555441231],[-57.640266666999935,-19.236861110412327],[-57.64042499999994,-19.23666666641235],[-57.64058055599997,-19.236474999412334],[-57.640727777999984,-19.236288888412382],[-57.640863888999945,-19.236108332412357],[-57.640991665999934,-19.23593888841237],[-57.64110833299997,-19.235783333412382],[-57.64121388899997,-19.235636110412386],[-57.64130833399998,-19.23550555541239],[-57.641391666999944,-19.235383332412386],[-57.641463888999965,-19.23549166641239],[-57.64153055499998,-19.235163888412416],[-57.64158888899994,-19.235063888412387],[-57.64164166699999,-19.23496666641242],[-57.641688888999965,-19.234869443412407],[-57.64173333399998,-19.234772221412396],[-57.64177499999993,-19.234674999412427],[-57.64181111099998,-19.234574999412402],[-57.64184722199997,-19.23447222141242],[-57.641880554999936,-19.234366666412413],[-57.64191111199995,-19.234261110412422],[-57.64193888899996,-19.23414999941241],[-57.64196944399999,-19.234033332412416],[-57.64199722199999,-19.233916666412423],[-57.64202222199997,-19.233794443412418],[-57.642047221999974,-19.233669444412445],[-57.64206944399995,-19.233541666412428],[-57.64209166699994,-19.233413888412446],[-57.64211111099996,-19.233383333412412],[-57.642127777999974,-19.233152777412467],[-57.64214166699998,-19.23302222241247],[-57.64214999999995,-19.232891665412442],[-57.64215833299994,-19.232761110412437],[-57.64216111099996,-19.23263055441246],[-57.64215833299994,-19.232497222412444],[-57.64215277699998,-19.232363888412454],[-57.64214166699998,-19.232230555412443],[-57.642127777999974,-19.232094443412446],[-57.64210555599993,-19.231955555412465],[-57.64207777699993,-19.231813888412482],[-57.642041666999944,-19.231666665412497],[-57.64200277799995,-19.231519444412474],[-57.64195555599997,-19.231369443412472],[-57.64190555499994,-19.231213888412483],[-57.64184722199997,-19.231055554412496],[-57.641783332999985,-19.230894444412478],[-57.64171388899996,-19.230730555412524],[-57.641638888999985,-19.230563888412497],[-57.64155833399996,-19.230391666412498],[-57.64147777799996,-19.2302194434125],[-57.641391666999944,-19.230041666412536],[-57.64130833399998,-19.229861110412507],[-57.64122499999996,-19.229677777412515],[-57.64114444499995,-19.22949166641251],[-57.64106944399998,-19.229305555412516],[-57.64099999999996,-19.229116666412562],[-57.64093611199996,-19.22892499941254],[-57.64088333299997,-19.228730554412568],[-57.640841666999954,-19.22853611041259],[-57.64081388899995,-19.228341666412557],[-57.64079722199994,-19.22814999941259],[-57.640802777999966,-19.227955555412553],[-57.64082499999996,-19.227763888412586],[-57.640866666999955,-19.22757222141256],[-57.640927776999945,-19.22738611041257],[-57.64101111099995,-19.22719999941262],[-57.64111111099999,-19.227013888412625],[-57.64122777799998,-19.226827777412623],[-57.64136388899994,-19.226636110412606],[-57.64151666699996,-19.22643888741262],[-57.64168333299994,-19.226233332412654],[-57.64186666699994,-19.22601944441263],[-57.642055554999956,-19.225802777412614],[-57.64224166599996,-19.225597221412663],[-57.64241666599997,-19.225408333412634],[-57.642569443999946,-19.225244444412617],[-57.642688888999935,-19.225113887412647],[-57.642769443999946,-19.225030555412673],[-57.642977777999924,-19.22479722141265],[-57.64318055599995,-19.22450277741264],[-57.64334166699995,-19.22418333241265],[-57.64344444499995,-19.223888888412695],[-57.64350277799996,-19.223611110412705],[-57.64354722199994,-19.22310833341271]]]},"properties":{"OBJECTID":2,"NOME_UC":"Parque Natural Municipal Piraputangas","Shape.STArea()":0.0007032648369524432,"Shape.STLength()":0.6263245181663407,"Field":null,"__atlas_capturado_em":"2026-08-10T23:53:12.285Z","__atlas_fonte_servico":"https://www.pinms.ms.gov.br/arcgis/rest/services/IMASUL/SiriemaGeo_Sisla/MapServer","__atlas_layer_id":4}},{"type":"Feature","id":3,"geometry":{"type":"Polygon","coordinates":[[[-53.83699999999994,-22.84799999932415],[-53.83699999999993,-22.848999999324093],[-53.81699999999995,-22.8469999993242],[-53.819999999999936,-22.8719999993236],[-53.821999999999946,-22.892999999323134],[-53.823999999999955,-22.903999999322846],[-53.82999999999999,-22.90499999932286],[-53.83699999999994,-22.914999999322607],[-53.84399999999994,-22.92299999932241],[-53.84799999999996,-22.936999999322104],[-53.854999999999954,-22.95899999932159],[-53.86299999999994,-22.981999999321093],[-53.86699999999996,-22.993999999320817],[-53.86799999999994,-22.99699999932073],[-53.87099999999998,-23.002999999320565],[-53.87199999999996,-23.005999999320526],[-53.87299999999994,-23.007999999320504],[-53.87199999999996,-23.009999999320407],[-53.87199999999996,-23.01299999932038],[-53.87199999999996,-23.01499999932028],[-53.869999999999955,-23.022999999320152],[-53.86799999999994,-23.031999999319954],[-53.86699999999996,-23.036999999319836],[-53.86399999999997,-23.04499999931964],[-53.85899999999998,-23.053999999319448],[-53.85499999999996,-23.060999999319282],[-53.84899999999993,-23.06799999931908],[-53.84499999999997,-23.071999999319004],[-53.84099999999996,-23.07599999931893],[-53.83599999999996,-23.0799999993188],[-53.83099999999996,-23.08399999931873],[-53.823999999999955,-23.087999999318665],[-53.813999999999965,-23.092999999318547],[-53.803999999999974,-23.09599999931846],[-53.79399999999998,-23.098999999318384],[-53.787999999999954,-23.099999999318385],[-53.78999999999997,-23.104999999318267],[-53.79099999999995,-23.10799999931818],[-53.79399999999999,-23.111999999318126],[-53.79699999999997,-23.11599999931799],[-53.79999999999995,-23.120999999317924],[-53.80199999999997,-23.123999999317835],[-53.80299999999995,-23.124999999317794],[-53.80699999999995,-23.128999999317728],[-53.81299999999994,-23.134999999317568],[-53.81699999999995,-23.139999999317443],[-53.82099999999997,-23.145999999317336],[-53.825999999999965,-23.15399999931713],[-53.82899999999996,-23.158999999317018],[-53.83099999999995,-23.163999999316896],[-53.83299999999997,-23.168999999316835],[-53.83399999999995,-23.17399999931671],[-53.83499999999998,-23.179999999316557],[-53.835999999999956,-23.18499999931643],[-53.83699999999993,-23.187999999316347],[-53.83899999999994,-23.193999999316247],[-53.839999999999975,-23.202999999316056],[-53.83999999999998,-23.214999999315786],[-53.83899999999995,-23.22399999931554],[-53.837999999999965,-23.23399999931536],[-53.835999999999956,-23.23999999931519],[-53.83299999999997,-23.246999999315037],[-53.82899999999996,-23.25599999931485],[-53.82699999999994,-23.260999999314738],[-53.82299999999998,-23.266999999314567],[-53.81799999999998,-23.272999999314454],[-53.813999999999965,-23.277999999314336],[-53.811999999999955,-23.278999999314305],[-53.81099999999998,-23.280999999314254],[-53.809999999999945,-23.28399999931418],[-53.80699999999996,-23.288999999314058],[-53.80199999999997,-23.29499999931396],[-53.797999999999945,-23.30099999931379],[-53.79299999999995,-23.305999999313723],[-53.78699999999998,-23.31099999931362],[-53.78199999999998,-23.314999999313486],[-53.77899999999994,-23.316999999313452],[-53.77699999999999,-23.317999999313404],[-53.775999999999954,-23.318999999313405],[-53.773999999999944,-23.31999999931337],[-53.771999999999935,-23.320999999313376],[-53.770999999999965,-23.320999999313376],[-53.76699999999994,-23.322999999313335],[-53.76399999999996,-23.324999999313253],[-53.761999999999944,-23.325999999313268],[-53.76099999999997,-23.325999999313268],[-53.75699999999995,-23.327999999313228],[-53.75199999999995,-23.328999999313176],[-53.745999999999974,-23.330999999313143],[-53.739999999999945,-23.33299999931311],[-53.72999999999996,-23.333999999313058],[-53.72099999999995,-23.334999999313077],[-53.714999999999975,-23.334999999313077],[-53.70799999999998,-23.334999999313077],[-53.700999999999965,-23.333999999313058],[-53.69199999999995,-23.331999999313094],[-53.68399999999997,-23.329999999313138],[-53.674999999999955,-23.32699999931321],[-53.66799999999994,-23.32399999931329],[-53.66499999999997,-23.321999999313324],[-53.660999999999945,-23.318999999313416],[-53.65999999999997,-23.318999999313416],[-53.658999999999935,-23.317999999313404],[-53.65799999999996,-23.317999999313404],[-53.656999999999975,-23.316999999313452],[-53.65599999999995,-23.31599999931349],[-53.65499999999997,-23.31499999931348],[-53.65399999999995,-23.31499999931348],[-53.65299999999996,-23.313999999313527],[-53.651999999999994,-23.312999999313515],[-53.650999999999954,-23.312999999313515],[-53.64999999999998,-23.31199999931356],[-53.647999999999975,-23.30999999931361],[-53.646999999999935,-23.308999999313638],[-53.64599999999996,-23.307999999313637],[-53.64399999999995,-23.305999999313723],[-53.64299999999997,-23.30499999931371],[-53.64099999999996,-23.30299999931375],[-53.639999999999986,-23.301999999313793],[-53.63899999999995,-23.30099999931379],[-53.63899999999995,-23.29999999931384],[-53.63799999999997,-23.29899999931388],[-53.63699999999995,-23.297999999313873],[-53.63599999999997,-23.29699999931391],[-53.635999999999974,-23.2959999993139],[-53.634999999999934,-23.29499999931396],[-53.63399999999996,-23.29499999931396],[-53.63399999999996,-23.293999999314003],[-53.63299999999998,-23.292999999313988],[-53.63199999999995,-23.291999999314037],[-53.63199999999995,-23.290999999314025],[-53.62999999999994,-23.288999999314058],[-53.62999999999994,-23.286999999314155],[-53.62899999999996,-23.28599999931414],[-53.627999999999986,-23.28499999931419],[-53.627999999999986,-23.28399999931418],[-53.62699999999996,-23.282999999314228],[-53.62699999999995,-23.281999999314273],[-53.625999999999976,-23.280999999314254],[-53.625999999999976,-23.27999999931431],[-53.62499999999994,-23.278999999314305],[-53.62499999999994,-23.277999999314336],[-53.62499999999994,-23.276999999314334],[-53.62399999999997,-23.275999999314376],[-53.62399999999997,-23.27499999931443],[-53.62399999999997,-23.273999999314412],[-53.622999999999934,-23.273999999314412],[-53.622999999999934,-23.272999999314454],[-53.622999999999934,-23.271999999314442],[-53.62199999999996,-23.2709999993145],[-53.62199999999996,-23.26999999931454],[-53.621999999999964,-23.268999999314538],[-53.62199999999996,-23.26799999931458],[-53.62099999999998,-23.266999999314567],[-53.62099999999999,-23.265999999314612],[-53.62099999999998,-23.26399999931465],[-53.61999999999995,-23.262999999314694],[-53.61999999999995,-23.261999999314686],[-53.61999999999995,-23.260999999314738],[-53.619999999999955,-23.259999999314715],[-53.61899999999997,-23.258999999314774],[-53.61899999999997,-23.257999999314812],[-53.61899999999997,-23.256999999314804],[-53.61899999999997,-23.25599999931485],[-53.61899999999997,-23.253999999314875],[-53.61899999999997,-23.25299999931488],[-53.61899999999997,-23.251999999314915],[-53.61799999999993,-23.251999999314915],[-53.61699999999996,-23.25099999931497],[-53.61699999999996,-23.249999999314955],[-53.615999999999985,-23.24799999931499],[-53.61499999999995,-23.24799999931499],[-53.61499999999995,-23.246999999315037],[-53.61499999999995,-23.245999999315085],[-53.61399999999998,-23.244999999315073],[-53.61299999999995,-23.24399999931512],[-53.61299999999994,-23.242999999315114],[-53.611999999999966,-23.241999999315155],[-53.611999999999966,-23.240999999315147],[-53.61099999999994,-23.23999999931519],[-53.60999999999996,-23.23799999931523],[-53.60999999999996,-23.236999999315284],[-53.60899999999999,-23.23599999931526],[-53.60899999999998,-23.23499999931531],[-53.60799999999995,-23.23499999931531],[-53.60799999999995,-23.233999999315344],[-53.60799999999995,-23.232999999315343],[-53.60699999999997,-23.232999999315343],[-53.60699999999997,-23.231999999315395],[-53.60599999999994,-23.230999999315387],[-53.60599999999994,-23.22999999931543],[-53.604999999999954,-23.228999999315423],[-53.604999999999954,-23.227999999315468],[-53.603999999999985,-23.226999999315513],[-53.603999999999985,-23.225999999315498],[-53.60299999999995,-23.22499999931556],[-53.60299999999996,-23.22299999931558],[-53.601999999999975,-23.221999999315635],[-53.601999999999975,-23.22099999931562],[-53.60099999999994,-23.219999999315664],[-53.60099999999994,-23.218999999315653],[-53.60099999999994,-23.2179999993157],[-53.59999999999997,-23.2179999993157],[-53.599999999999966,-23.21599999931574],[-53.59899999999993,-23.21599999931574],[-53.597999999999956,-23.213999999315774],[-53.59699999999998,-23.211999999315807],[-53.59599999999995,-23.209999999315905],[-53.595999999999954,-23.20899999931589],[-53.59499999999997,-23.20699999931593],[-53.59399999999994,-23.205999999315978],[-53.59299999999996,-23.20399999931601],[-53.59299999999996,-23.202999999316056],[-53.591999999999985,-23.200999999316096],[-53.59099999999995,-23.198999999316133],[-53.59099999999995,-23.19799999931618],[-53.589999999999975,-23.196999999316162],[-53.589999999999975,-23.194999999316202],[-53.58899999999994,-23.193999999316247],[-53.587999999999965,-23.192999999316235],[-53.587999999999965,-23.190999999316325],[-53.58699999999993,-23.189999999316317],[-53.586999999999925,-23.187999999316347],[-53.585999999999956,-23.186999999316406],[-53.585999999999956,-23.185999999316447],[-53.58499999999997,-23.18499999931643],[-53.583999999999946,-23.182999999316475],[-53.58299999999997,-23.18199999931651],[-53.58099999999997,-23.17899999931659],[-53.579999999999984,-23.17799999931658],[-53.578999999999944,-23.175999999316627],[-53.57799999999997,-23.174999999316675],[-53.577999999999975,-23.172999999316705],[-53.57699999999994,-23.17199999931675],[-53.575999999999965,-23.170999999316745],[-53.575999999999965,-23.169999999316783],[-53.57499999999993,-23.168999999316835],[-53.57499999999993,-23.167999999316823],[-53.57499999999993,-23.166999999316864],[-53.573999999999955,-23.16599999931686],[-53.57299999999998,-23.164999999316912],[-53.57299999999998,-23.163999999316896],[-53.57299999999998,-23.162999999316945],[-53.57199999999994,-23.162999999316945],[-53.571999999999946,-23.161999999316986],[-53.571999999999946,-23.160999999316978],[-53.571999999999946,-23.15999999931702],[-53.57099999999997,-23.15999999931702],[-53.57099999999997,-23.158999999317018],[-53.57099999999997,-23.156999999317105],[-53.569999999999936,-23.15599999931709],[-53.56899999999996,-23.15499999931714],[-53.56899999999996,-23.152999999317178],[-53.567999999999984,-23.151999999317173],[-53.56699999999995,-23.15099999931721],[-53.56699999999996,-23.149999999317263],[-53.56599999999998,-23.147999999317303],[-53.56499999999994,-23.146999999317284],[-53.56499999999995,-23.14599999931733],[-53.56399999999997,-23.14499999931738],[-53.56399999999997,-23.143999999317366],[-53.563999999999965,-23.142999999317414],[-53.56299999999993,-23.141999999317406],[-53.56299999999994,-23.140999999317447],[-53.561999999999955,-23.13899999931748],[-53.561999999999955,-23.137999999317543],[-53.56099999999998,-23.13699999931752],[-53.56099999999998,-23.13599999931757],[-53.56099999999998,-23.13499999931756],[-53.55999999999995,-23.1339999993176],[-53.559999999999945,-23.132999999317654],[-53.55999999999995,-23.131999999317635],[-53.55899999999997,-23.13099999931768],[-53.55899999999997,-23.129999999317672],[-53.55899999999997,-23.128999999317717],[-53.557999999999936,-23.128999999317717],[-53.55799999999993,-23.12799999931772],[-53.557999999999936,-23.12699999931775],[-53.55699999999996,-23.125999999317813],[-53.55699999999996,-23.124999999317794],[-53.55699999999995,-23.123999999317835],[-53.55699999999996,-23.122999999317834],[-53.55599999999998,-23.121999999317875],[-53.55599999999998,-23.120999999317924],[-53.55599999999998,-23.119999999317912],[-53.55599999999998,-23.118999999317953],[-53.55499999999995,-23.118999999317953],[-53.55499999999995,-23.117999999317945],[-53.55499999999996,-23.116999999317994],[-53.553999999999974,-23.116999999317994],[-53.553999999999974,-23.11599999931799],[-53.553999999999974,-23.114999999318034],[-53.55299999999994,-23.113999999318082],[-53.55299999999994,-23.112999999318067],[-53.55299999999994,-23.111999999318126],[-53.551999999999964,-23.111999999318126],[-53.551999999999964,-23.11099999931811],[-53.551999999999964,-23.109999999318152],[-53.55099999999993,-23.108999999318208],[-53.55099999999993,-23.10799999931818],[-53.550999999999924,-23.10599999931823],[-53.549999999999955,-23.10599999931823],[-53.549999999999955,-23.104999999318267],[-53.54999999999996,-23.10399999931826],[-53.549999999999955,-23.102999999318303],[-53.54899999999998,-23.10199999931835],[-53.54899999999998,-23.10099999931834],[-53.54899999999998,-23.099999999318385],[-53.547999999999945,-23.098999999318384],[-53.547999999999945,-23.097999999318425],[-53.54799999999994,-23.096999999318477],[-53.547999999999945,-23.09599999931846],[-53.54699999999997,-23.09599999931846],[-53.54699999999997,-23.094999999318507],[-53.54699999999997,-23.093999999318495],[-53.54699999999997,-23.092999999318547],[-53.545999999999935,-23.092999999318536],[-53.545999999999935,-23.091999999318528],[-53.545999999999935,-23.090999999318583],[-53.545999999999935,-23.089999999318632],[-53.54499999999995,-23.088999999318613],[-53.54499999999995,-23.087999999318665],[-53.54499999999996,-23.085999999318695],[-53.54499999999996,-23.084999999318736],[-53.54499999999996,-23.08399999931873],[-53.543999999999976,-23.08399999931873],[-53.54399999999998,-23.081999999318764],[-53.54399999999998,-23.080999999318827],[-53.543999999999976,-23.0799999993188],[-53.54399999999998,-23.078999999318846],[-53.54299999999996,-23.078999999318846],[-53.54299999999995,-23.077999999318898],[-53.54299999999996,-23.076999999318893],[-53.54299999999995,-23.07599999931893],[-53.54299999999995,-23.074999999318926],[-53.54299999999995,-23.073999999318964],[-53.54199999999998,-23.072999999319016],[-53.54199999999998,-23.071999999319004],[-53.54199999999998,-23.070999999319053],[-53.54199999999997,-23.06899999931909],[-53.54199999999998,-23.06799999931908],[-53.54199999999997,-23.066999999319123],[-53.54199999999997,-23.065999999319178],[-53.54099999999995,-23.064999999319166],[-53.54099999999994,-23.063999999319208],[-53.54099999999994,-23.062999999319203],[-53.54099999999994,-23.060999999319282],[-53.54099999999994,-23.059999999319274],[-53.54099999999994,-23.05899999931933],[-53.54099999999994,-23.057999999319318],[-53.54099999999995,-23.055999999319408],[-53.54099999999995,-23.054999999319396],[-53.54099999999994,-23.053999999319448],[-53.54099999999995,-23.052999999319432],[-53.54099999999994,-23.051999999319474],[-53.54199999999998,-23.04999999931952],[-53.54199999999998,-23.048999999319555],[-53.54199999999998,-23.046999999319606],[-53.54199999999998,-23.045999999319594],[-53.54199999999997,-23.043999999319688],[-53.54299999999995,-23.042999999319672],[-53.54299999999995,-23.04099999931971],[-53.54299999999996,-23.03999999931975],[-53.54299999999996,-23.03899999931974],[-53.54399999999998,-23.036999999319836],[-53.54399999999998,-23.03499999931988],[-53.54499999999996,-23.0329999993199],[-53.54499999999996,-23.031999999319954],[-53.545999999999935,-23.02999999931999],[-53.545999999999935,-23.028999999319982],[-53.54699999999997,-23.027999999320024],[-53.547999999999945,-23.027999999320024],[-53.54899999999998,-23.027999999320024],[-53.54899999999998,-23.02699999932002],[-53.549999999999955,-23.02699999932002],[-53.549999999999955,-23.025999999320064],[-53.549999999999955,-23.02499999932012],[-53.548999999999985,-23.02499999932011],[-53.54899999999998,-23.022999999320152],[-53.547999999999945,-23.021999999320126],[-53.54699999999997,-23.019999999320227],[-53.54699999999997,-23.01899999932023],[-53.54599999999993,-23.017999999320267],[-53.545999999999935,-23.01699999932025],[-53.54499999999995,-23.01499999932028],[-53.54399999999998,-23.01399999932034],[-53.54399999999998,-23.01299999932038],[-53.54299999999996,-23.01299999932038],[-53.54199999999997,-23.01299999932038],[-53.54099999999994,-23.01299999932038],[-53.54099999999994,-23.011999999320384],[-53.539999999999964,-23.01199999932037],[-53.539999999999964,-23.01099999932042],[-53.53899999999993,-23.009999999320417],[-53.53899999999993,-23.008999999320462],[-53.537999999999954,-23.007999999320504],[-53.537999999999954,-23.00599999932054],[-53.53699999999998,-23.00499999932053],[-53.535999999999945,-23.00399999932058],[-53.535999999999945,-23.002999999320565],[-53.535999999999945,-23.00199999932062],[-53.53499999999997,-23.00099999932066],[-53.533999999999935,-22.99999999932065],[-53.533999999999935,-22.998999999320706],[-53.53299999999996,-22.99699999932073],[-53.53299999999995,-22.995999999320773],[-53.53299999999996,-22.994999999320775],[-53.53199999999998,-22.993999999320817],[-53.53199999999998,-22.992999999320805],[-53.53099999999994,-22.990999999320838],[-53.53099999999994,-22.989999999320883],[-53.53099999999994,-22.988999999320928],[-53.529999999999966,-22.98799999932092],[-53.529999999999966,-22.985999999320953],[-53.52899999999994,-22.98499999932101],[-53.52899999999995,-22.98399999932105],[-53.52899999999994,-22.982999999321045],[-53.52899999999994,-22.980999999321078],[-53.52799999999996,-22.978999999321108],[-53.52799999999996,-22.9769999993212],[-53.527999999999956,-22.973999999321236],[-53.527999999999956,-22.971999999321323],[-53.52699999999999,-22.968999999321362],[-53.52699999999999,-22.967999999321393],[-53.52699999999999,-22.963999999321473],[-53.52699999999999,-22.960999999321555],[-53.525999999999954,-22.95899999932159],[-53.524999999999984,-22.956999999321624],[-53.522999999999975,-22.95399999932171],[-53.521999999999935,-22.951999999321746],[-53.52099999999996,-22.950999999321787],[-53.52099999999996,-22.94999999932178],[-53.51999999999998,-22.949999999321776],[-53.51799999999997,-22.947999999321876],[-53.51599999999997,-22.944999999321904],[-53.51399999999995,-22.94299999932194],[-53.51399999999995,-22.941999999321986],[-53.51199999999994,-22.93999999932201],[-53.509999999999934,-22.93899999932207],[-53.50899999999995,-22.937999999322052],[-53.50799999999998,-22.936999999322104],[-53.50599999999997,-22.93599999932215],[-53.50499999999993,-22.93599999932215],[-53.50399999999996,-22.934999999322137],[-53.502999999999986,-22.933999999322182],[-53.50099999999998,-22.932999999322178],[-53.49999999999994,-22.931999999322212],[-53.497999999999934,-22.93099999932227],[-53.49599999999998,-22.929999999322252],[-53.49499999999995,-22.92899999932231],[-53.49399999999997,-22.928999999322308],[-53.49299999999994,-22.927999999322292],[-53.49199999999996,-22.926999999322344],[-53.48999999999995,-22.925999999322332],[-53.488999999999976,-22.925999999322332],[-53.48799999999995,-22.924999999322385],[-53.486999999999966,-22.92399999932243],[-53.48599999999993,-22.92399999932243],[-53.48499999999995,-22.92299999932241],[-53.48399999999998,-22.92299999932241],[-53.48299999999995,-22.921999999322463],[-53.48099999999994,-22.921999999322463],[-53.479999999999954,-22.92099999932245],[-53.47799999999995,-22.919999999322503],[-53.476999999999975,-22.919999999322503],[-53.474999999999966,-22.918999999322544],[-53.47399999999993,-22.91799999932253],[-53.47199999999998,-22.91799999932253],[-53.47099999999995,-22.91699999932258],[-53.46899999999994,-22.915999999322565],[-53.46799999999996,-22.914999999322617],[-53.46699999999998,-22.914999999322617],[-53.464999999999975,-22.913999999322602],[-53.46299999999997,-22.91299999932266],[-53.46199999999994,-22.911999999322695],[-53.460999999999956,-22.910999999322694],[-53.45999999999999,-22.910999999322694],[-53.45799999999998,-22.909999999322736],[-53.45599999999996,-22.90899999932272],[-53.453999999999944,-22.90899999932272],[-53.45299999999997,-22.907999999322776],[-53.45199999999994,-22.907999999322776],[-53.448999999999955,-22.90699999932281],[-53.446999999999946,-22.90599999932281],[-53.44399999999996,-22.90499999932286],[-53.442999999999984,-22.90499999932286],[-53.44099999999998,-22.90499999932286],[-53.43899999999996,-22.903999999322846],[-53.43599999999998,-22.903999999322846],[-53.43199999999996,-22.902999999322894],[-53.42999999999996,-22.90199999932288],[-53.42699999999996,-22.900999999322924],[-53.42499999999995,-22.900999999322924],[-53.42199999999997,-22.89999999932297],[-53.41999999999996,-22.89899999932297],[-53.41799999999995,-22.89899999932297],[-53.41599999999994,-22.89799999932301],[-53.412999999999954,-22.896999999323],[-53.410999999999945,-22.89599999932305],[-53.408999999999935,-22.8949999993231],[-53.40499999999998,-22.892999999323123],[-53.40399999999994,-22.892999999323134],[-53.40399999999993,-22.89099999932316],[-53.40199999999999,-22.886999999323244],[-53.39999999999997,-22.882999999323356],[-53.39199999999994,-22.88499999932328],[-53.38899999999995,-22.883999999323322],[-53.38699999999995,-22.88199999932335],[-53.38599999999997,-22.880999999323407],[-53.383999999999965,-22.875999999323515],[-53.38299999999998,-22.870999999323644],[-53.38099999999997,-22.862999999323794],[-53.38099999999997,-22.861999999323835],[-53.37999999999993,-22.858999999323917],[-53.37999999999993,-22.856999999323953],[-53.37899999999996,-22.85399999932399],[-53.37799999999999,-22.851999999324075],[-53.37799999999999,-22.850999999324067],[-53.37799999999999,-22.848999999324093],[-53.37899999999996,-22.847999999324152],[-53.37999999999993,-22.8469999993242],[-53.38099999999997,-22.845999999324185],[-53.38199999999995,-22.845999999324185],[-53.38299999999998,-22.84499999932424],[-53.38199999999995,-22.84499999932424],[-53.37999999999993,-22.843999999324225],[-53.37699999999995,-22.843999999324225],[-53.37399999999997,-22.842999999324267],[-53.37099999999998,-22.842999999324267],[-53.36899999999997,-22.841999999324262],[-53.363999999999976,-22.840999999324303],[-53.36099999999993,-22.840999999324303],[-53.36099999999993,-22.838999999324344],[-53.361999999999966,-22.836999999324377],[-53.35599999999994,-22.83399999932446],[-53.34899999999994,-22.83099999932454],[-53.34399999999994,-22.828999999324576],[-53.341999999999985,-22.823999999324695],[-53.338999999999935,-22.81799999932481],[-53.337999999999965,-22.81799999932481],[-53.32899999999995,-22.812999999324923],[-53.317999999999984,-22.80799999932504],[-53.30899999999996,-22.802999999325163],[-53.301999999999964,-22.801999999325204],[-53.29299999999995,-22.7989999993253],[-53.27899999999994,-22.79599999932531],[-53.27099999999996,-22.793999999325408],[-53.26599999999996,-22.80799999932504],[-53.259999999999934,-22.802999999325163],[-53.24199999999996,-22.8009999993252],[-53.238999999999976,-22.79599999932532],[-53.235999999999926,-22.78899999932548],[-53.23399999999998,-22.781999999325695],[-53.23199999999997,-22.7759999993258],[-53.23099999999994,-22.769999999325968],[-53.230999999999945,-22.76199999932612],[-53.23099999999994,-22.750999999326396],[-53.23299999999995,-22.740999999326586],[-53.23499999999996,-22.731999999326842],[-53.239999999999945,-22.72199999932708],[-53.24599999999998,-22.7109999993273],[-53.25199999999995,-22.702999999327503],[-53.25899999999996,-22.693999999327705],[-53.26399999999995,-22.688999999327823],[-53.26899999999995,-22.684999999327893],[-53.27599999999996,-22.679999999328018],[-53.283999999999935,-22.674999999328136],[-53.291999999999966,-22.670999999328213],[-53.30299999999994,-22.666999999328343],[-53.313999999999965,-22.663999999328365],[-53.321999999999946,-22.660999999328446],[-53.32899999999995,-22.65999999932849],[-53.33599999999996,-22.658999999328486],[-53.34899999999994,-22.658999999328486],[-53.35899999999998,-22.658999999328486],[-53.36699999999996,-22.660999999328446],[-53.36999999999995,-22.66099999932846],[-53.37699999999995,-22.661999999328454],[-53.380999999999965,-22.66299999932841],[-53.386999999999944,-22.664999999328376],[-53.39099999999996,-22.665999999328328],[-53.39199999999994,-22.66599999932834],[-53.39999999999998,-22.666999999328343],[-53.40999999999997,-22.668999999328296],[-53.41899999999999,-22.66999999932825],[-53.42499999999995,-22.671999999328218],[-53.428999999999974,-22.673999999328185],[-53.43199999999996,-22.673999999328185],[-53.44599999999996,-22.665999999328328],[-53.45399999999995,-22.662999999328406],[-53.456999999999944,-22.653999999328608],[-53.46199999999993,-22.64599999932881],[-53.464999999999975,-22.64099999932892],[-53.46999999999997,-22.629999999329158],[-53.47399999999993,-22.622999999329323],[-53.476999999999975,-22.617999999329438],[-53.479999999999954,-22.612999999329563],[-53.48399999999998,-22.60799999932968],[-53.48899999999997,-22.6029999993298],[-53.49499999999995,-22.59799999932992],[-53.501999999999946,-22.59299999933005],[-53.50599999999997,-22.58999999933012],[-53.511999999999944,-22.58599999933021],[-53.51799999999997,-22.583999999330242],[-53.52199999999993,-22.58199999933027],[-53.52899999999995,-22.579999999330308],[-53.53699999999998,-22.5779999993304],[-53.54199999999998,-22.57699999933039],[-53.54499999999996,-22.57599999933043],[-53.54999999999996,-22.57599999933043],[-53.55599999999998,-22.57499999933043],[-53.561999999999955,-22.57499999933043],[-53.56699999999995,-22.57499999933043],[-53.567999999999984,-22.57499999933043],[-53.57199999999994,-22.57399999933048],[-53.57699999999995,-22.572999999330516],[-53.58199999999994,-22.572999999330523],[-53.585999999999956,-22.57199999933052],[-53.58899999999995,-22.571999999330508],[-53.59299999999996,-22.571999999330508],[-53.59699999999998,-22.571999999330508],[-53.60099999999994,-22.571999999330508],[-53.603999999999985,-22.571999999330508],[-53.60899999999999,-22.572999999330523],[-53.61499999999996,-22.57399999933048],[-53.619999999999955,-22.57499999933043],[-53.62499999999994,-22.57699999933039],[-53.63199999999995,-22.578999999330357],[-53.63599999999997,-22.579999999330308],[-53.64299999999997,-22.583999999330242],[-53.64899999999995,-22.58699999933015],[-53.65199999999999,-22.588999999330113],[-53.65999999999997,-22.593999999329988],[-53.664999999999964,-22.59799999932992],[-53.66899999999998,-22.600999999329836],[-53.67199999999997,-22.6029999993298],[-53.676999999999964,-22.606999999329727],[-53.67999999999995,-22.610999999329604],[-53.68299999999993,-22.613999999329565],[-53.684999999999945,-22.61599999932948],[-53.68799999999994,-22.615999999329464],[-53.69199999999995,-22.617999999329438],[-53.694999999999936,-22.618999999329446],[-53.696999999999946,-22.619999999329405],[-53.698999999999955,-22.619999999329412],[-53.702999999999975,-22.620999999329417],[-53.704999999999984,-22.620999999329417],[-53.70999999999997,-22.620999999329417],[-53.714999999999975,-22.62199999932937],[-53.718999999999944,-22.62199999932937],[-53.722999999999956,-22.622999999329316],[-53.72599999999994,-22.623999999329328],[-53.728999999999985,-22.623999999329328],[-53.73199999999997,-22.62499999932928],[-53.736999999999966,-22.62699999932925],[-53.73999999999995,-22.627999999329198],[-53.74399999999997,-22.629999999329158],[-53.74699999999996,-22.630999999329163],[-53.74999999999994,-22.63199999932912],[-53.751999999999946,-22.632999999329133],[-53.75399999999996,-22.634999999329043],[-53.75499999999994,-22.634999999329033],[-53.75699999999995,-22.635999999329048],[-53.759999999999934,-22.637999999329015],[-53.761999999999944,-22.639999999328918],[-53.76399999999996,-22.64099999932892],[-53.76599999999997,-22.64299999932889],[-53.76699999999994,-22.64299999932889],[-53.76799999999997,-22.64499999932886],[-53.77099999999996,-22.646999999328763],[-53.77299999999997,-22.64899999932872],[-53.774999999999984,-22.650999999328686],[-53.77599999999996,-22.65199999932865],[-53.77799999999996,-22.653999999328605],[-53.77999999999997,-22.655999999328564],[-53.78199999999998,-22.658999999328486],[-53.78299999999996,-22.659999999328484],[-53.783999999999935,-22.65999999932849],[-53.78499999999997,-22.661999999328465],[-53.78699999999998,-22.663999999328365],[-53.787999999999954,-22.665999999328328],[-53.78899999999994,-22.666999999328343],[-53.789999999999964,-22.667999999328302],[-53.79099999999994,-22.66999999932825],[-53.79299999999995,-22.672999999328177],[-53.79399999999998,-22.673999999328185],[-53.79499999999996,-22.676999999328096],[-53.796999999999976,-22.679999999328018],[-53.797999999999945,-22.68199999932798],[-53.797999999999945,-22.68399999932794],[-53.798999999999985,-22.68599999932791],[-53.799999999999955,-22.6879999993278],[-53.80099999999993,-22.690999999327786],[-53.80199999999997,-22.693999999327705],[-53.80299999999994,-22.697999999327628],[-53.803999999999974,-22.699999999327527],[-53.803999999999974,-22.703999999327458],[-53.80499999999994,-22.707999999327395],[-53.80499999999994,-22.711999999327254],[-53.80499999999995,-22.71599999932719],[-53.80499999999995,-22.71799999932715],[-53.803999999999974,-22.727999999326908],[-53.80199999999997,-22.741999999326595],[-53.799999999999955,-22.75499999932628],[-53.798999999999985,-22.764999999326033],[-53.79899999999998,-22.76599999932604],[-53.80299999999994,-22.768999999325956],[-53.80799999999993,-22.774999999325843],[-53.809999999999945,-22.777999999325765],[-53.81299999999994,-22.782999999325643],[-53.81499999999994,-22.785999999325558],[-53.817999999999984,-22.79099999932545],[-53.819999999999936,-22.794999999325377],[-53.821999999999946,-22.7989999993253],[-53.82299999999998,-22.802999999325163],[-53.823999999999955,-22.80699999932509],[-53.82499999999993,-22.810999999325027],[-53.82699999999994,-22.815999999324912],[-53.827999999999975,-22.821999999324735],[-53.82999999999999,-22.826999999324617],[-53.83199999999994,-22.836999999324377],[-53.833999999999946,-22.843999999324225],[-53.83499999999998,-22.844999999324227],[-53.83699999999994,-22.84799999932415]],[[-53.753586238999965,-22.92154617932245],[-53.759210999999944,-22.90220799932292],[-53.74670599999996,-22.90059199932294],[-53.73338599999994,-22.891491999323158],[-53.72662199999996,-22.88303299932334],[-53.74180299999995,-22.87306399932356],[-53.72971699999994,-22.828993999324595],[-53.70926099999997,-22.82538099932464],[-53.70976099999995,-22.815716999324884],[-53.700421999999946,-22.766852999326034],[-53.707907999999975,-22.716780999327188],[-53.706324999999936,-22.71677199932715],[-53.705416999999954,-22.71624199932719],[-53.70448299999998,-22.715207999327212],[-53.704127999999976,-22.714530999327238],[-53.703588999999965,-22.713746999327242],[-53.70283099999995,-22.713568999327236],[-53.70225799999997,-22.713427999327262],[-53.70258099999995,-22.712438999327283],[-53.702696999999944,-22.711407999327292],[-53.70219199999996,-22.711182999327296],[-53.70127199999995,-22.710982999327292],[-53.700774999999965,-22.711141999327285],[-53.70008299999995,-22.712052999327298],[-53.699471999999965,-22.712277999327288],[-53.69750799999998,-22.712288999327264],[-53.696402999999975,-22.711707999327274],[-53.69534699999997,-22.711510999327306],[-53.69531699999993,-22.711105999327323],[-53.695585999999935,-22.710799999327303],[-53.69555799999995,-22.710607999327333],[-53.69448599999998,-22.710582999327286],[-53.69394399999993,-22.710913999327307],[-53.69282499999997,-22.710955999327297],[-53.69242499999996,-22.711496999327284],[-53.69105599999994,-22.71149699932729],[-53.69074699999993,-22.710818999327312],[-53.68985599999996,-22.710768999327325],[-53.689799999999934,-22.711477999327276],[-53.690774999999974,-22.712252999327294],[-53.690102999999965,-22.71296899932723],[-53.688999999999965,-22.712643999327266],[-53.688027999999974,-22.711913999327304],[-53.68644399999994,-22.711532999327307],[-53.68629699999997,-22.710935999327297],[-53.685491999999954,-22.71058599932734],[-53.68489699999998,-22.710660999327317],[-53.68450299999995,-22.711371999327323],[-53.683835999999985,-22.711213999327267],[-53.68346099999997,-22.71068299932732],[-53.68307199999998,-22.71060599932729],[-53.682424999999974,-22.711430999327284],[-53.68280299999998,-22.71204399932726],[-53.68267199999997,-22.71238899932729],[-53.681607999999976,-22.71287799932724],[-53.67998299999994,-22.713802999327207],[-53.679232999999954,-22.714007999327265],[-53.67876699999994,-22.71345799932724],[-53.67840599999994,-22.71256699932729],[-53.67736399999995,-22.712946999327237],[-53.676766999999984,-22.712766999327236],[-53.67666099999997,-22.712060999327274],[-53.67665299999993,-22.711610999327288],[-53.675318999999945,-22.711205999327287],[-53.67439999999994,-22.710877999327327],[-53.67331699999993,-22.710210999327327],[-53.67207799999994,-22.709955999327356],[-53.671468999999945,-22.70923599932737],[-53.67053599999997,-22.70820599932737],[-53.66936399999997,-22.707816999327395],[-53.66833099999997,-22.707385999327357],[-53.66792799999996,-22.707841999327393],[-53.66732199999995,-22.708471999327376],[-53.66691399999996,-22.70854199932737],[-53.66622799999993,-22.70855599932734],[-53.66549199999997,-22.708266999327403],[-53.66449699999998,-22.70751399932737],[-53.66326699999996,-22.707443999327378],[-53.66261099999997,-22.708035999327358],[-53.66254699999996,-22.70778299932738],[-53.66230799999994,-22.707877999327362],[-53.661774999999984,-22.7075689993274],[-53.66167199999996,-22.70725799932741],[-53.66233299999994,-22.706571999327387],[-53.66217199999994,-22.705674999327403],[-53.661568999999986,-22.704421999327465],[-53.65953899999993,-22.70355799932745],[-53.65844199999999,-22.70373899932744],[-53.65841399999993,-22.70249399932749],[-53.65788299999997,-22.70236899932752],[-53.656627999999955,-22.70207499932753],[-53.65500599999996,-22.702885999327517],[-53.65441099999998,-22.70244999932749],[-53.654038999999955,-22.702832999327484],[-53.65366899999998,-22.7034499993275],[-53.65307799999994,-22.70406699932746],[-53.65251099999995,-22.704830999327445],[-53.65261099999998,-22.70539699932743],[-53.65183899999994,-22.706016999327442],[-53.65109199999995,-22.705568999327447],[-53.65078299999993,-22.7057419993274],[-53.65121699999998,-22.706132999327423],[-53.65145299999995,-22.706905999327397],[-53.65058899999997,-22.707316999327357],[-53.64926899999995,-22.706293999327418],[-53.64937199999997,-22.706896999327416],[-53.64954399999993,-22.70764999932737],[-53.64871699999998,-22.707641999327382],[-53.64789399999996,-22.7071719993274],[-53.647832999999935,-22.706541999327403],[-53.64830599999994,-22.70608299932744],[-53.64744399999995,-22.706321999327404],[-53.64697499999994,-22.706871999327426],[-53.64615599999996,-22.70592199932739],[-53.646057999999975,-22.705524999327444],[-53.64568899999995,-22.704943999327444],[-53.645318999999965,-22.705516999327404],[-53.644443999999964,-22.70546899932742],[-53.64436699999993,-22.7060779993274],[-53.643313999999975,-22.705927999327436],[-53.64328099999994,-22.705446999327407],[-53.64332499999995,-22.704166999327434],[-53.64306399999999,-22.703435999327482],[-53.64263299999993,-22.703232999327486],[-53.641557999999975,-22.703060999327455],[-53.64010299999995,-22.703066999327515],[-53.63944699999996,-22.70276099932749],[-53.63930299999998,-22.7021779993275],[-53.63949699999995,-22.701838999327514],[-53.64107799999993,-22.70224199932751],[-53.64173899999998,-22.701646999327547],[-53.642007999999976,-22.70065299932752],[-53.641213999999934,-22.700360999327525],[-53.64151099999998,-22.699538999327572],[-53.641152999999974,-22.69954399932756],[-53.64098599999994,-22.700091999327526],[-53.640766999999975,-22.70039199932757],[-53.64020799999997,-22.700418999327546],[-53.639377999999965,-22.700285999327534],[-53.63882799999993,-22.699560999327574],[-53.63834699999995,-22.699066999327577],[-53.638671999999985,-22.698474999327615],[-53.63849199999999,-22.698393999327585],[-53.63794199999995,-22.698905999327593],[-53.63713599999994,-22.698877999327607],[-53.63613099999998,-22.698913999327573],[-53.63587199999995,-22.69950599932755],[-53.63540299999994,-22.700688999327543],[-53.63491399999998,-22.70078099932753],[-53.63421099999994,-22.70033099932754],[-53.63363899999996,-22.69964699932758],[-53.63305799999995,-22.698524999327603],[-53.632952999999986,-22.697707999327633],[-53.633546999999965,-22.697257999327643],[-53.63349699999998,-22.69696399932765],[-53.63301899999993,-22.69651099932762],[-53.63239999999996,-22.695724999327687],[-53.63240799999995,-22.69620599932765],[-53.63196699999997,-22.696549999327623],[-53.63109399999996,-22.696543999327638],[-53.630788999999936,-22.696863999327615],[-53.630135999999936,-22.697857999327592],[-53.628791999999976,-22.69775599932762],[-53.62788099999994,-22.696974999327626],[-53.62736099999995,-22.696730999327627],[-53.62655799999993,-22.696868999327606],[-53.62619999999998,-22.696810999327646],[-53.62528299999997,-22.695674999327636],[-53.624855999999966,-22.695471999327648],[-53.62395299999997,-22.696302999327628],[-53.623216999999954,-22.69633599932766],[-53.62223099999994,-22.69637499932761],[-53.621460999999954,-22.695905999327678],[-53.621643999999954,-22.694852999327683],[-53.621527999999955,-22.6946669993277],[-53.620882999999935,-22.694949999327672],[-53.620477999999935,-22.694702999327674],[-53.62008599999996,-22.694163999327685],[-53.62006099999997,-22.692905999327703],[-53.62025799999998,-22.692566999327713],[-53.62060299999996,-22.691849999327715],[-53.620563999999945,-22.690968999327747],[-53.62020299999995,-22.69080599932777],[-53.61943899999994,-22.690693999327763],[-53.61949399999997,-22.690063999327784],[-53.619843999999944,-22.689616999327786],[-53.619477999999965,-22.68920299932781],[-53.618952999999976,-22.68862499932781],[-53.618588999999986,-22.68833599932781],[-53.61818899999997,-22.68846899932781],[-53.617718999999965,-22.68856099932781],[-53.61746899999997,-22.68829199932781],[-53.61773299999998,-22.68811899932785],[-53.61770599999994,-22.68776399932785],[-53.61754199999995,-22.68745299932784],[-53.61749199999997,-22.68715799932785],[-53.618041999999946,-22.686688999327863],[-53.618555999999955,-22.686574999327867],[-53.61866399999997,-22.68644699932785],[-53.61841399999997,-22.686177999327846],[-53.61814399999997,-22.686205999327893],[-53.61771899999997,-22.68623299932788],[-53.617182999999955,-22.686199999327854],[-53.617182999999955,-22.686157999327897],[-53.61712799999998,-22.68569699932789],[-53.61759699999993,-22.6856469993279],[-53.61801699999995,-22.68538899932787],[-53.618416999999965,-22.68517199932791],[-53.61856899999998,-22.685043999327902],[-53.61798599999997,-22.684946999327916],[-53.61720299999996,-22.684896999327933],[-53.61673899999994,-22.684613999327915],[-53.616093999999975,-22.684202999327937],[-53.61592499999995,-22.683513999327932],[-53.61623099999997,-22.68347199932792],[-53.61828299999996,-22.682588999327958],[-53.617930999999935,-22.68160599932796],[-53.615868999999975,-22.68186399932799],[-53.616285999999945,-22.68104699932803],[-53.61627199999998,-22.68071699932801],[-53.61677499999996,-22.680096999327994],[-53.61505299999993,-22.68006699932802],[-53.61411399999997,-22.680102999328053],[-53.61296899999996,-22.679910999328023],[-53.612357999999965,-22.679607999328052],[-53.61210299999993,-22.67902499932806],[-53.61206699999997,-22.67835299932806],[-53.61223599999993,-22.677824999328045],[-53.61109999999996,-22.67688099932813],[-53.61099999999993,-22.67629399932808],[-53.61052499999994,-22.676071999328137],[-53.60998299999994,-22.67580799932812],[-53.609732999999956,-22.675663999328147],[-53.60970299999997,-22.675224999328126],[-53.609896999999926,-22.674863999328142],[-53.61000599999994,-22.674674999328175],[-53.609474999999975,-22.674977999328135],[-53.60910599999994,-22.675591999328113],[-53.60870799999998,-22.675827999328128],[-53.60836899999999,-22.675685999328092],[-53.60807499999999,-22.67541899932814],[-53.60792799999996,-22.674791999328157],[-53.608010999999976,-22.674371999328137],[-53.60876099999996,-22.67383299932815],[-53.60829699999994,-22.67298099932816],[-53.608049999999935,-22.672943999328204],[-53.60737799999998,-22.67293299932818],[-53.60714999999993,-22.672727999328192],[-53.60703099999995,-22.672246999328216],[-53.60736099999996,-22.672032999328195],[-53.60714399999995,-22.67115599932821],[-53.606524999999976,-22.670305999328274],[-53.60586099999995,-22.66956099932824],[-53.60542499999997,-22.66893899932829],[-53.60510599999998,-22.66864999932829],[-53.60457199999996,-22.668888999328306],[-53.60333099999997,-22.668521999328263],[-53.602760999999994,-22.667721999328315],[-53.602485999999935,-22.667368999328303],[-53.60209999999995,-22.666921999328313],[-53.60151099999996,-22.66616699932836],[-53.60073099999994,-22.665546999328342],[-53.60048299999994,-22.66519199932834],[-53.60023899999994,-22.664880999328396],[-53.599999999999966,-22.664766999328346],[-53.599021999999934,-22.6641859993284],[-53.59834999999998,-22.66393299932837],[-53.59748899999994,-22.663382999328398],[-53.59671899999995,-22.6628919993284],[-53.59575599999994,-22.6627809993284],[-53.595038999999986,-22.662646999328405],[-53.59458099999995,-22.662066999328463],[-53.59415799999994,-22.66230299932842],[-53.59337499999998,-22.66229399932844],[-53.59253099999995,-22.66262199932841],[-53.59130799999997,-22.663041999328417],[-53.59031699999997,-22.663749999328378],[-53.589999999999975,-22.66476099932836],[-53.588730999999946,-22.66507799932835],[-53.588093999999955,-22.66569399932837],[-53.58647799999994,-22.665427999328365],[-53.58583299999998,-22.665688999328335],[-53.584585999999945,-22.667177999328338],[-53.582930999999974,-22.66720599932832],[-53.58147799999995,-22.66718599932832],[-53.58093299999996,-22.666755999328334],[-53.579699999999946,-22.666727999328344],[-53.57815299999998,-22.66650599932835],[-53.576832999999965,-22.66642199932833],[-53.575585999999994,-22.666799999328337],[-53.57537499999995,-22.667430999328325],[-53.57477799999998,-22.667777999328287],[-53.57439199999993,-22.66753099932829],[-53.57381399999997,-22.667749999328304],[-53.572685999999976,-22.668355999328302],[-53.57233099999996,-22.66857199932831],[-53.571346999999946,-22.668566999328267],[-53.570363999999984,-22.66860299932828],[-53.570180999999934,-22.66845799932826],[-53.569855999999966,-22.667771999328316],[-53.56945799999995,-22.666791999328304],[-53.56908599999997,-22.66602199932833],[-53.56809999999996,-22.665996999328335],[-53.56767499999995,-22.666066999328322],[-53.56713099999996,-22.666807999328316],[-53.566749999999956,-22.667466999328283],[-53.565907999999986,-22.668380999328292],[-53.56580599999995,-22.66896899932828],[-53.565657999999985,-22.669432999328276],[-53.56440599999996,-22.66949399932824],[-53.56314999999995,-22.669199999328253],[-53.56240599999995,-22.668918999328287],[-53.561860999999965,-22.668591999328257],[-53.561496999999974,-22.668282999328312],[-53.56144699999999,-22.6679059993283],[-53.56168299999997,-22.667399999328282],[-53.56172199999998,-22.6671059993283],[-53.56144699999999,-22.666793999328352],[-53.560996999999986,-22.666802999328322],[-53.56099199999995,-22.66627799932835],[-53.56114199999996,-22.665960999328377],[-53.560918999999956,-22.666068999328324],[-53.56098099999997,-22.665710999328333],[-53.56050799999998,-22.665488999328378],[-53.55925599999995,-22.665507999328334],[-53.558843999999965,-22.66635599932833],[-53.558063999999945,-22.667796999328303],[-53.55806699999994,-22.669205999328284],[-53.55809399999998,-22.67072199932824],[-53.558632999999986,-22.671968999328186],[-53.559357999999975,-22.673057999328194],[-53.560202999999944,-22.67438599932817],[-53.561530999999945,-22.676321999328124],[-53.562071999999944,-22.67780799932808],[-53.56202799999994,-22.679196999328013],[-53.56173099999995,-22.68080799932801],[-53.56092799999993,-22.681743999327995],[-53.559541999999965,-22.682952999327945],[-53.55853099999995,-22.684046999327933],[-53.55706399999997,-22.684796999327904],[-53.55550599999998,-22.685393999327918],[-53.55459399999995,-22.685671999327887],[-53.55331899999993,-22.68646399932786],[-53.55215599999997,-22.68700799932784],[-53.55147199999993,-22.686866999327858],[-53.550907999999936,-22.686852999327836],[-53.54948099999996,-22.68703099932784],[-53.54812799999996,-22.688766999327783],[-53.54695799999997,-22.69012799932779],[-53.54594999999995,-22.69146399932774],[-53.54616899999996,-22.69317799932769],[-53.54667499999994,-22.69514999932767],[-53.54754399999996,-22.69651899932765],[-53.54794399999997,-22.697768999327593],[-53.548288999999954,-22.698663999327586],[-53.54921399999995,-22.70043299932756],[-53.54981399999997,-22.702446999327492],[-53.54954699999996,-22.704496999327446],[-53.54908599999993,-22.706241999327435],[-53.54843299999993,-22.70776899932735],[-53.54810299999997,-22.708896999327383],[-53.54778299999999,-22.709430999327324],[-53.54682199999996,-22.71069999932732],[-53.545410999999945,-22.711888999327257],[-53.544243999999935,-22.712235999327284],[-53.54275599999993,-22.712918999327247],[-53.542174999999986,-22.713171999327223],[-53.54041399999994,-22.71315599932727],[-53.538746999999944,-22.71320299932726],[-53.53708599999993,-22.713382999327262],[-53.53618299999994,-22.714102999327242],[-53.535496999999964,-22.715016999327187],[-53.53496699999994,-22.71689399932718],[-53.53464999999994,-22.718813999327118],[-53.53479199999998,-22.720152999327112],[-53.53505799999993,-22.72184199932708],[-53.535507999999936,-22.723263999327035],[-53.53589199999994,-22.724974999326996],[-53.53644699999996,-22.725910999326942],[-53.53719399999994,-22.72697799932696],[-53.537874999999985,-22.7282439993269],[-53.53871699999996,-22.72935299932688],[-53.53954199999998,-22.73079199932684],[-53.540168999999935,-22.731705999326838],[-53.54107799999997,-22.73263599932681],[-53.541718999999944,-22.73427499932679],[-53.542363999999964,-22.736068999326708],[-53.54259399999995,-22.737232999326686],[-53.542524999999955,-22.738443999326677],[-53.542332999999985,-22.73963299932666],[-53.54197799999997,-22.740693999326627],[-53.54141099999998,-22.741671999326577],[-53.54075599999993,-22.743068999326546],[-53.53976899999998,-22.74431699932655],[-53.539255999999966,-22.744413999326525],[-53.53805799999998,-22.74447499932654],[-53.536343999999985,-22.744413999326536],[-53.53474199999994,-22.744110999326555],[-53.53386699999999,-22.74381699932657],[-53.53282799999994,-22.74341399932657],[-53.53197199999994,-22.742855999326572],[-53.531207999999936,-22.742099999326566],[-53.53027199999997,-22.741035999326613],[-53.52950599999997,-22.740166999326608],[-53.52856899999995,-22.739146999326643],[-53.527849999999944,-22.738257999326702],[-53.52703599999995,-22.737324999326677],[-53.526152999999965,-22.73661399932672],[-53.52484399999998,-22.735666999326757],[-53.52414199999998,-22.735677999326725],[-53.52381699999995,-22.735924999326727],[-53.52317499999998,-22.73676899932673],[-53.52256399999993,-22.73794399932671],[-53.52170799999993,-22.738749999326693],[-53.52083299999998,-22.739643999326635],[-53.51996699999996,-22.74102199932659],[-53.51905599999998,-22.742466999326602],[-53.51917199999997,-22.743763999326532],[-53.519655999999934,-22.744524999326533],[-53.520105999999934,-22.744782999326493],[-53.52153099999998,-22.745660999326475],[-53.522982999999954,-22.746827999326452],[-53.524832999999944,-22.74910799932644],[-53.52551099999994,-22.750152999326406],[-53.52606899999995,-22.751155999326407],[-53.52609699999994,-22.75264999932635],[-53.52590799999996,-22.75388599932632],[-53.52545599999996,-22.754860999326294],[-53.52434699999998,-22.755846999326277],[-53.523082999999986,-22.755999999326285],[-53.52148299999993,-22.755868999326278],[-53.52021099999996,-22.755646999326274],[-53.51917199999996,-22.755246999326275],[-53.518010999999944,-22.754671999326312],[-53.51687199999998,-22.75394199932629],[-53.515307999999955,-22.75317499932632],[-53.51339199999995,-22.75243299932633],[-53.51140799999996,-22.751716999326344],[-53.50991699999997,-22.75112499932637],[-53.508452999999975,-22.750663999326402],[-53.50637199999994,-22.74979399932641],[-53.505210999999974,-22.749263999326452],[-53.50440599999996,-22.7488579993264],[-53.50362499999994,-22.748493999326413],[-53.50309999999996,-22.748063999326437],[-53.50217799999996,-22.747571999326443],[-53.50125299999996,-22.747080999326492],[-53.50014199999998,-22.746635999326493],[-53.49891399999996,-22.746216999326485],[-53.49738299999996,-22.74601899932647],[-53.495807999999954,-22.74597799932652],[-53.49346399999996,-22.746124999326494],[-53.49090799999994,-22.746230999326503],[-53.48992799999996,-22.746552999326475],[-53.48916099999997,-22.746938999326463],[-53.48789199999993,-22.74812499932645],[-53.48723299999995,-22.749343999326413],[-53.487255999999945,-22.750707999326405],[-53.487738999999976,-22.752702999326324],[-53.48745799999995,-22.753982999326297],[-53.48688599999997,-22.75487199932632],[-53.48638899999998,-22.755980999326272],[-53.48639199999997,-22.75734399932621],[-53.48670299999998,-22.757646999326244],[-53.48770799999995,-22.758732999326202],[-53.48894999999993,-22.75992199932618],[-53.490252999999946,-22.760605999326142],[-53.49152799999995,-22.760960999326148],[-53.493338999999935,-22.76119699932617],[-53.495635999999934,-22.761168999326124],[-53.498099999999965,-22.76083599932617],[-53.499521999999956,-22.760438999326166],[-53.50111399999997,-22.760085999326158],[-53.50252199999994,-22.760149999326156],[-53.50363299999998,-22.76044199932615],[-53.50493299999994,-22.76096899932612],[-53.506802999999934,-22.762132999326116],[-53.507574999999974,-22.762952999326135],[-53.50804199999993,-22.76406699932608],[-53.508441999999945,-22.765468999326032],[-53.50902199999996,-22.76631899932602],[-53.50959999999998,-22.767213999326017],[-53.51139399999994,-22.76900799932593],[-53.512916999999966,-22.769996999325908],[-53.51403899999997,-22.771057999325944],[-53.514666999999974,-22.772057999325895],[-53.51487499999997,-22.773088999325882],[-53.515060999999946,-22.77436399932583],[-53.515030999999965,-22.7764749993258],[-53.51418599999993,-22.777741999325745],[-53.51420299999995,-22.778666999325715],[-53.51451899999996,-22.779407999325706],[-53.51500599999997,-22.78023899932569],[-53.516771999999946,-22.781793999325647],[-53.52012199999996,-22.783963999325643],[-53.52202799999998,-22.78538299932559],[-53.52287199999995,-22.786735999325554],[-53.52320599999996,-22.78948099932551],[-53.521349999999984,-22.78942199932549],[-53.520668999999934,-22.789518999325463],[-53.51974199999995,-22.7900829993255],[-53.51718099999994,-22.791307999325458],[-53.515382999999986,-22.791110999325436],[-53.51473899999996,-22.79087499932548],[-53.51414199999994,-22.79014699932545],[-53.51363299999996,-22.789446999325477],[-53.51314999999994,-22.78858099932552],[-53.51231699999994,-22.787635999325538],[-53.51145599999995,-22.78685799932552],[-53.51072199999998,-22.78654199932555],[-53.50914999999998,-22.786730999325574],[-53.50803899999994,-22.786502999325588],[-53.506632999999965,-22.786141999325544],[-53.50560299999995,-22.78566699932556],[-53.504485999999986,-22.785107999325614],[-53.503424999999936,-22.784552999325616],[-53.50303599999995,-22.784038999325613],[-53.50231899999994,-22.783066999325648],[-53.50119399999994,-22.782182999325677],[-53.50009699999998,-22.781135999325677],[-53.498824999999954,-22.780224999325718],[-53.49716099999995,-22.779977999325723],[-53.49631899999997,-22.780318999325715],[-53.495399999999954,-22.78096399932572],[-53.49425599999995,-22.780624999325667],[-53.49385799999993,-22.77953899932572],[-53.49428299999994,-22.77890299932574],[-53.49497199999996,-22.778374999325774],[-53.495627999999954,-22.777435999325782],[-53.49524699999995,-22.77735799932575],[-53.49472199999997,-22.7774749993258],[-53.49380299999996,-22.7765329993258],[-53.49341099999999,-22.77585799932583],[-53.49215799999996,-22.774346999325864],[-53.49079199999995,-22.77291899932586],[-53.48947499999997,-22.772613999325905],[-53.48801899999995,-22.772718999325864],[-53.48726399999998,-22.772893999325873],[-53.486080999999956,-22.773182999325872],[-53.48523299999994,-22.772452999325857],[-53.48438299999998,-22.771574999325882],[-53.48318299999994,-22.7707389993259],[-53.48248599999994,-22.770285999325925],[-53.48161699999997,-22.769774999325975],[-53.48101099999997,-22.76941899932597],[-53.47981699999997,-22.768618999325955],[-53.47927799999997,-22.768663999325955],[-53.47852199999994,-22.769235999325982],[-53.47747799999996,-22.769252999325932],[-53.47671399999995,-22.768741999325993],[-53.476252999999986,-22.76849199932601],[-53.47578899999996,-22.768657999325967],[-53.47559199999995,-22.768568999325982],[-53.474185999999975,-22.768049999325985],[-53.474530999999956,-22.76770299932602],[-53.474941999999935,-22.767130999326003],[-53.47500599999995,-22.766313999326037],[-53.47443899999996,-22.76550799932604],[-53.47376399999996,-22.764841999326045],[-53.47244699999993,-22.76431899932606],[-53.47183899999993,-22.76436399932607],[-53.47076099999998,-22.76517199932605],[-53.46917199999996,-22.764741999326063],[-53.468132999999966,-22.76486699932608],[-53.46724199999994,-22.764930999326037],[-53.46619399999997,-22.765316999326078],[-53.465518999999965,-22.76602199932604],[-53.463885999999945,-22.76720299932598],[-53.462346999999966,-22.76801399932597],[-53.46173099999999,-22.768271999325997],[-53.46023299999997,-22.76915799932595],[-53.45880599999998,-22.769513999325962],[-53.45806399999998,-22.76892799932596],[-53.457993999999985,-22.768416999325968],[-53.45836099999996,-22.767532999325994],[-53.458357999999976,-22.76674399932602],[-53.45747199999994,-22.76636399932603],[-53.456921999999956,-22.76673899932604],[-53.45631399999996,-22.767899999325973],[-53.45549999999998,-22.767971999325965],[-53.454863999999986,-22.767760999325994],[-53.45408099999998,-22.768068999326005],[-53.45326699999998,-22.76822799932599],[-53.45241899999996,-22.76799399932596],[-53.45155299999994,-22.768082999325966],[-53.45101699999998,-22.767596999326003],[-53.45009399999998,-22.76734199932598],[-53.44860799999998,-22.766907999326015],[-53.44757199999998,-22.766391999326018],[-53.44664999999998,-22.766196999326056],[-53.44612499999994,-22.76558099932603],[-53.44531399999994,-22.765266999326027],[-53.44449999999995,-22.76547799932607],[-53.44442799999996,-22.76579699932605],[-53.44371099999996,-22.766943999326024],[-53.443232999999964,-22.76710599932601],[-53.44194399999998,-22.766821999325995],[-53.44143599999995,-22.76684699932598],[-53.440193999999956,-22.767310999326],[-53.43901899999997,-22.767027999326036],[-53.43823899999995,-22.766524999326005],[-53.43672499999997,-22.766466999326045],[-53.43539999999996,-22.76739399932601],[-53.43409399999996,-22.767499999325974],[-53.43343299999998,-22.766971999326017],[-53.43274699999995,-22.766952999326005],[-53.43230799999998,-22.767868999326],[-53.43186099999997,-22.768443999325957],[-53.43057799999997,-22.768066999326003],[-53.43009699999993,-22.767413999326017],[-53.42965299999997,-22.76728299932601],[-53.42893099999998,-22.767480999326015],[-53.42801899999994,-22.76704699932599],[-53.42727199999996,-22.766957999325985],[-53.42628099999996,-22.767305999326013],[-53.42514699999999,-22.76699199932601],[-53.422655999999954,-22.766818999326006],[-53.422796999999946,-22.76628099932601],[-53.423085999999955,-22.765360999326024],[-53.42208899999997,-22.763980999326076],[-53.41850599999998,-22.764055999326096],[-53.41727799999995,-22.763774999326085],[-53.414241999999945,-22.763371999326093],[-53.41291899999993,-22.763788999326106],[-53.41246699999994,-22.76524199932604],[-53.411891999999966,-22.765846999326037],[-53.411055999999974,-22.766724999326016],[-53.40879399999994,-22.766785999326025],[-53.40786699999995,-22.766727999326],[-53.407385999999974,-22.766174999326044],[-53.40569999999997,-22.766435999326006],[-53.407160999999974,-22.765199999326033],[-53.40742199999994,-22.764574999326086],[-53.406393999999985,-22.764680999326053],[-53.40529999999995,-22.765168999326058],[-53.404188999999974,-22.76491899932607],[-53.404057999999964,-22.764627999326073],[-53.40292799999998,-22.763046999326118],[-53.40210599999995,-22.76291699932611],[-53.40201699999994,-22.763327999326084],[-53.40117799999996,-22.76407799932605],[-53.40029199999998,-22.76400299932608],[-53.39952799999997,-22.76357199932609],[-53.39784199999997,-22.762796999326127],[-53.396563999999955,-22.76193099932613],[-53.39577799999996,-22.760705999326174],[-53.39463099999995,-22.759355999326196],[-53.39391399999994,-22.75836899932622],[-53.39234699999997,-22.757510999326236],[-53.39101899999997,-22.757102999326253],[-53.39038599999998,-22.756993999326248],[-53.38935799999995,-22.75769199932623],[-53.388566999999966,-22.75758299932623],[-53.38829999999996,-22.75703099932622],[-53.38788599999999,-22.756557999326223],[-53.38721899999995,-22.756332999326222],[-53.38667499999997,-22.75631399932628],[-53.385621999999955,-22.75681399932626],[-53.38483299999996,-22.757024999326227],[-53.38410299999998,-22.75689399932622],[-53.38366099999996,-22.75676899932625],[-53.38339399999995,-22.755974999326284],[-53.381602999999984,-22.756268999326277],[-53.38142499999998,-22.756649999326264],[-53.381505999999945,-22.75781399932621],[-53.38088899999997,-22.75896399932618],[-53.37981899999994,-22.75869399932618],[-53.378863999999965,-22.758496999326226],[-53.37773299999998,-22.757557999326234],[-53.377160999999944,-22.757907999326196],[-53.377013999999974,-22.758138999326228],[-53.37723299999993,-22.75917199932621],[-53.37677199999995,-22.759799999326148],[-53.37648899999993,-22.759805999326197],[-53.375257999999974,-22.759821999326153],[-53.37434399999995,-22.759866999326146],[-53.373649999999934,-22.76046699932615],[-53.372352999999976,-22.761521999326142],[-53.37187799999999,-22.76153099932612],[-53.37165299999999,-22.761266999326164],[-53.37124699999998,-22.760246999326153],[-53.37062499999996,-22.7593999993262],[-53.369505999999944,-22.75802199932625],[-53.36823899999996,-22.75678899932626],[-53.366671999999944,-22.756810999326255],[-53.36550799999998,-22.75697199932625],[-53.36440299999998,-22.758096999326224],[-53.36340299999995,-22.75816899932621],[-53.362285999999976,-22.75856399932623],[-53.36145799999997,-22.758227999326245],[-53.360480999999936,-22.75795599932624],[-53.36019699999997,-22.75554199932625],[-53.35962799999999,-22.754266999326326],[-53.36091699999997,-22.753193999326328],[-53.35933099999993,-22.751196999326357],[-53.358424999999954,-22.75258299932635],[-53.357816999999955,-22.753188999326333],[-53.35728299999994,-22.754313999326317],[-53.356916999999946,-22.755196999326277],[-53.356341999999984,-22.75520599932626],[-53.35537799999997,-22.754941999326302],[-53.35433599999993,-22.755016999326287],[-53.35398599999996,-22.754363999326312],[-53.35350299999993,-22.753613999326337],[-53.35306399999996,-22.75282199932637],[-53.352393999999954,-22.75225299932633],[-53.35148899999996,-22.751507999326357],[-53.35000599999995,-22.75073599932639],[-53.34941699999996,-22.750299999326412],[-53.34817799999996,-22.75000799932642],[-53.34740599999997,-22.749371999326407],[-53.34681899999998,-22.749380999326437],[-53.346405999999945,-22.74911099932644],[-53.34617499999997,-22.749443999326445],[-53.345707999999945,-22.749560999326434],[-53.34514399999995,-22.749102999326396],[-53.34491399999997,-22.749352999326394],[-53.34527499999996,-22.750074999326433],[-53.34589699999998,-22.750355999326388],[-53.34609399999994,-22.75158899932637],[-53.34604699999994,-22.752218999326363],[-53.34549999999996,-22.75274999932632],[-53.34497799999997,-22.753113999326356],[-53.34398099999999,-22.75296399932634],[-53.34368299999994,-22.75272199932634],[-53.34343099999996,-22.751680999326368],[-53.343366999999944,-22.751324999326375],[-53.343293999999965,-22.75058599932638],[-53.34269999999997,-22.75001699932641],[-53.341868999999974,-22.750057999326412],[-53.34157799999996,-22.750660999326414],[-53.341396999999965,-22.75108099932637],[-53.34061099999997,-22.751255999326368],[-53.33975799999996,-22.751102999326363],[-53.33917199999996,-22.751193999326365],[-53.33852499999995,-22.751730999326348],[-53.33796399999994,-22.75244699932635],[-53.33703099999997,-22.75268099932632],[-53.33597499999996,-22.75261399932632],[-53.33546699999994,-22.752099999326322],[-53.334824999999974,-22.752163999326328],[-53.33447799999993,-22.75258099932636],[-53.33425299999993,-22.75302499932636],[-53.33406099999996,-22.753824999326312],[-53.333421999999985,-22.754135999326323],[-53.332630999999935,-22.754174999326334],[-53.332182999999986,-22.754043999326317],[-53.33171399999998,-22.75493299932628],[-53.33151699999996,-22.755891999326273],[-53.33105599999993,-22.756338999326267],[-53.33035599999993,-22.75648599932623],[-53.32992199999996,-22.75693299932622],[-53.32896699999998,-22.7577939993262],[-53.32851399999998,-22.758463999326192],[-53.328168999999946,-22.759143999326174],[-53.328127999999936,-22.760255999326183],[-53.32872799999996,-22.760821999326165],[-53.33008599999994,-22.761324999326135],[-53.33140299999997,-22.761743999326132],[-53.33379999999994,-22.76268899932613],[-53.33563599999997,-22.76363899932609],[-53.337424999999946,-22.764485999326087],[-53.338491999999974,-22.765368999326064],[-53.338930999999945,-22.76564699932603],[-53.33954199999994,-22.765910999326046],[-53.34031399999998,-22.766196999326056],[-53.34153599999996,-22.766680999326017],[-53.34281699999997,-22.767135999325987],[-53.343777999999986,-22.76750299932602],[-53.345277999999944,-22.768035999325974],[-53.34675299999997,-22.768771999325978],[-53.34895599999999,-22.76993299932597],[-53.35031399999997,-22.770685999325917],[-53.35246099999995,-22.771532999325927],[-53.35528299999999,-22.773188999325853],[-53.356563999999935,-22.774074999325876],[-53.357182999999964,-22.774671999325836],[-53.357996999999955,-22.77521099932582],[-53.358371999999974,-22.775591999325815],[-53.35873599999996,-22.7759999993258],[-53.35934199999997,-22.776510999325808],[-53.36065599999994,-22.776918999325797],[-53.36373299999997,-22.777413999325784],[-53.36705599999993,-22.778046999325763],[-53.37120299999999,-22.77857199932573],[-53.37448599999994,-22.778907999325725],[-53.37591899999995,-22.779049999325714],[-53.37890299999998,-22.779635999325745],[-53.38334699999996,-22.7798309993257],[-53.38598099999996,-22.78060799932571],[-53.38885299999998,-22.781955999325696],[-53.39215799999993,-22.783049999325623],[-53.394263999999964,-22.783727999325624],[-53.39660299999997,-22.7843999993256],[-53.40022799999997,-22.78546399932557],[-53.40213099999994,-22.786141999325544],[-53.40388599999994,-22.786688999325573],[-53.40622499999996,-22.787360999325568],[-53.40895299999995,-22.788655999325503],[-53.411005999999986,-22.78957799932548],[-53.412680999999964,-22.790588999325465],[-53.413655999999946,-22.79149999932542],[-53.414135999999985,-22.7923109993254],[-53.41551899999996,-22.7932689993254],[-53.416988999999944,-22.794146999325385],[-53.418957999999975,-22.795260999325382],[-53.42096399999998,-22.79678599932531],[-53.423224999999945,-22.798030999325313],[-53.42606699999993,-22.799268999325292],[-53.428327999999965,-22.80032499932522],[-53.43163299999998,-22.80149999932524],[-53.43377199999997,-22.802310999325222],[-53.43541699999997,-22.803241999325163],[-53.437818999999934,-22.80410299932514],[-53.43960299999998,-22.804646999325115],[-53.441366999999964,-22.805766999325108],[-53.443610999999976,-22.807610999325068],[-53.44494699999996,-22.809063999325073],[-53.446105999999986,-22.81038099932501],[-53.44748599999997,-22.81125799932499],[-53.44878899999998,-22.812435999324943],[-53.45063899999997,-22.813499999324964],[-53.45277799999997,-22.81436399932492],[-53.45532199999997,-22.81503299932492],[-53.45748599999996,-22.815655999324864],[-53.460377999999935,-22.81626399932485],[-53.46352499999995,-22.816763999324884],[-53.46667499999995,-22.817118999324837],[-53.46962499999996,-22.817674999324844],[-53.47307499999994,-22.81868299932483],[-53.47606099999996,-22.819699999324797],[-53.478755999999976,-22.82069399932477],[-53.48115799999994,-22.821718999324773],[-53.48440799999997,-22.822813999324705],[-53.488680999999985,-22.8242169993247],[-53.49140799999998,-22.825346999324687],[-53.49407199999995,-22.826366999324637],[-53.49679999999995,-22.827549999324635],[-53.499257999999934,-22.82830299932459],[-53.501427999999976,-22.829141999324552],[-53.50310299999995,-22.83014999932455],[-53.50539199999997,-22.831177999324545],[-53.50767799999995,-22.83214699932452],[-53.50976399999996,-22.833432999324483],[-53.51138599999996,-22.83446099932448],[-53.51306099999994,-22.83527799932444],[-53.515357999999935,-22.83675799932442],[-53.51743899999997,-22.837635999324405],[-53.51848599999994,-22.837963999324362],[-53.52153099999998,-22.838893999324377],[-53.524230999999986,-22.83989699932433],[-53.52671899999995,-22.840785999324332],[-53.528380999999975,-22.84146899932431],[-53.530910999999946,-22.84240799932429],[-53.533049999999946,-22.843218999324275],[-53.53472799999997,-22.844227999324207],[-53.53678599999995,-22.8455029993242],[-53.538435999999926,-22.846566999324168],[-53.53864999999996,-22.84713599932418],[-53.54029999999994,-22.848927999324104],[-53.542963999999984,-22.850110999324116],[-53.545466999999974,-22.851627999324055],[-53.54958099999993,-22.853893999324026],[-53.55107799999996,-22.85527499932397],[-53.552655999999956,-22.85643599932398],[-53.55619999999993,-22.858502999323875],[-53.55982499999993,-22.860402999323867],[-53.56119399999995,-22.860957999323873],[-53.56131099999993,-22.86113099932382],[-53.563688999999954,-22.86235299932378],[-53.565188999999975,-22.8631529993238],[-53.567349999999976,-22.865568999323717],[-53.56950299999993,-22.86743299932369],[-53.571421999999984,-22.868916999323655],[-53.57354399999997,-22.87068899932364],[-53.57669699999997,-22.87314399932358],[-53.57850599999994,-22.87379399932357],[-53.57979699999998,-22.87395599932356],[-53.581871999999976,-22.874938999323497],[-53.58366099999995,-22.876257999323485],[-53.58573299999995,-22.878591999323454],[-53.587988999999936,-22.881280999323366],[-53.59003599999994,-22.883752999323317],[-53.59146099999998,-22.885985999323267],[-53.59294999999998,-22.8885779993232],[-53.59446699999995,-22.891030999323156],[-53.59603599999997,-22.8931219993231],[-53.59838099999996,-22.89589199932304],[-53.600052999999946,-22.897821999323007],[-53.60163899999998,-22.90013299932298],[-53.603268999999955,-22.90244399932288],[-53.604480999999964,-22.904391999322858],[-53.606296999999984,-22.90681899932276],[-53.60815599999995,-22.90884699932277],[-53.60945299999998,-22.910463999322694],[-53.61189399999995,-22.913588999322634],[-53.61565799999994,-22.91855299932254],[-53.61701899999997,-22.92016699932247],[-53.61976699999997,-22.92397499932238],[-53.621757999999936,-22.927882999322307],[-53.623085999999944,-22.931405999322255],[-53.623871999999956,-22.934007999322166],[-53.62422799999996,-22.937138999322084],[-53.62460799999997,-22.938591999322078],[-53.62503599999996,-22.94089699932201],[-53.625193999999965,-22.94306899932198],[-53.625549999999976,-22.9466279993219],[-53.625499999999924,-22.948210999321844],[-53.62504999999993,-22.950052999321812],[-53.624613999999944,-22.95233599932174],[-53.62389399999995,-22.95535799932166],[-53.62398899999994,-22.95684999932166],[-53.62436399999996,-22.96013899932159],[-53.624491999999975,-22.96129199932154],[-53.62474999999995,-22.965810999321466],[-53.625152999999955,-22.96687799932141],[-53.62625299999997,-22.968868999321344],[-53.62805599999996,-22.9708499993213],[-53.63016099999998,-22.973318999321258],[-53.63121899999993,-22.974757999321234],[-53.631691999999994,-22.976318999321183],[-53.633396999999945,-22.978855999321144],[-53.63432499999994,-22.9801859993211],[-53.63544699999995,-22.98181899932109],[-53.637410999999986,-22.984510999321],[-53.639502999999934,-22.987721999320947],[-53.641024999999956,-22.99031399932088],[-53.64260599999994,-22.99287499932084],[-53.64449199999996,-22.99501899932078],[-53.64504199999993,-22.9981279993207],[-53.646771999999935,-23.00398599932055],[-53.647302999999965,-23.004746999320545],[-53.64749399999994,-23.006927999320506],[-53.647366999999974,-23.01144399932043],[-53.647046999999986,-23.015424999320295],[-53.64702799999998,-23.018696999320255],[-53.646432999999945,-23.0212389993202],[-53.64589999999998,-23.025107999320056],[-53.64595799999995,-23.028468999320026],[-53.64611099999996,-23.032227999319943],[-53.64627499999995,-23.03786899931978],[-53.646432999999945,-23.04052499931972],[-53.64654399999995,-23.042360999319705],[-53.64648299999993,-23.044380999319614],[-53.64679399999994,-23.04451899931966],[-53.64661099999995,-23.045771999319605],[-53.645880999999974,-23.047805999319593],[-53.645899999999976,-23.048860999319523],[-53.64535299999994,-23.0497829993195],[-53.64452799999998,-23.052299999319455],[-53.64373899999998,-23.053946999319404],[-53.64222499999995,-23.0555109993194],[-53.64065799999997,-23.05688299931937],[-53.638680999999956,-23.058357999319313],[-53.639310999999964,-23.06161699931925],[-53.63961899999998,-23.06378299931919],[-53.64041899999995,-23.06763299931911],[-53.64113899999995,-23.070913999319043],[-53.64154399999995,-23.07167799931904],[-53.642602999999944,-23.074968999318948],[-53.643002999999965,-23.076796999318894],[-53.643610999999964,-23.078999999318846],[-53.644435999999985,-23.081774999318778],[-53.645477999999976,-23.08349699931876],[-53.64667499999996,-23.08582499931869],[-53.647474999999986,-23.08687499931869],[-53.648060999999984,-23.088299999318632],[-53.64961699999998,-23.09343299931852],[-53.650218999999936,-23.09545599931848],[-53.650755999999944,-23.099607999318355],[-53.65159199999994,-23.10107499931838],[-53.652852999999936,-23.10432799931828],[-53.653821999999934,-23.106755999318228],[-53.65439999999995,-23.109782999318135],[-53.655127999999934,-23.111724999318138],[-53.65695299999993,-23.11401899931803],[-53.661427999999944,-23.121952999317877],[-53.663705999999934,-23.12816399931774],[-53.663880999999954,-23.131060999317643],[-53.665624999999984,-23.133730999317606],[-53.66747799999996,-23.136391999317528],[-53.66954399999997,-23.139366999317474],[-53.67055599999997,-23.141052999317427],[-53.671513999999945,-23.14271899931739],[-53.673235999999974,-23.14544699931732],[-53.67459699999995,-23.147755999317294],[-53.675513999999964,-23.14929399931724],[-53.67623899999995,-23.15066399931722],[-53.67702199999996,-23.152355999317166],[-53.677566999999954,-23.154682999317153],[-53.67823099999998,-23.156371999317113],[-53.67850299999998,-23.15779399931707],[-53.67924999999997,-23.159127999317036],[-53.68034199999994,-23.161274999316962],[-53.68124999999998,-23.163996999316904],[-53.68178899999998,-23.165188999316875],[-53.68333599999994,-23.16874699931679],[-53.68393599999996,-23.169624999316778],[-53.68474999999995,-23.171774999316764],[-53.68624399999993,-23.174441999316674],[-53.687896999999964,-23.177296999316617],[-53.68980299999998,-23.179860999316567],[-53.69108299999994,-23.182099999316478],[-53.692102999999975,-23.184246999316475],[-53.69251099999997,-23.186043999316457],[-53.69306699999998,-23.188652999316343],[-53.693618999999956,-23.190518999316296],[-53.69425599999994,-23.191516999316306],[-53.69564999999995,-23.194282999316197],[-53.697360999999944,-23.197474999316153],[-53.698752999999954,-23.200093999316117],[-53.700143999999966,-23.20271399931605],[-53.701577999999984,-23.20485299931599],[-53.70327499999996,-23.207371999315942],[-53.70437799999996,-23.2085079993159],[-53.706218999999976,-23.2104939993159],[-53.70815799999997,-23.212193999315822],[-53.709638999999974,-23.214041999315775],[-53.71127199999995,-23.215985999315716],[-53.713068999999955,-23.21826399931571],[-53.71405599999997,-23.22122799931561],[-53.714377999999954,-23.22396099931558],[-53.714980999999966,-23.226210999315533],[-53.71574999999996,-23.228552999315475],[-53.71601099999998,-23.23133899931537],[-53.716141999999934,-23.231818999315397],[-53.716199999999965,-23.23309699931532],[-53.71585299999999,-23.234391999315324],[-53.71603899999997,-23.235716999315308],[-53.71668099999994,-23.23811399931522],[-53.71668099999994,-23.23954199931522],[-53.71681399999994,-23.24071899931518],[-53.71724999999998,-23.242466999315162],[-53.71683899999994,-23.243302999315134],[-53.71620299999995,-23.243813999315083],[-53.715907999999956,-23.24491399931507],[-53.717416999999955,-23.24487799931509],[-53.71880799999997,-23.244180999315113],[-53.72108599999996,-23.2437639993151],[-53.72189399999996,-23.243305999315133],[-53.722999999999956,-23.242552999315116],[-53.72326099999998,-23.241043999315142],[-53.72203899999994,-23.239746999315212],[-53.72193299999998,-23.239060999315196],[-53.722305999999946,-23.237735999315216],[-53.72255799999993,-23.23667199931526],[-53.72254399999997,-23.235927999315273],[-53.72135599999996,-23.234799999315314],[-53.72131399999995,-23.234285999315304],[-53.72148899999996,-23.23391099931536],[-53.72424199999995,-23.23343299931532],[-53.725457999999946,-23.23283899931535],[-53.72656099999995,-23.231127999315397],[-53.72736099999997,-23.229821999315426],[-53.72790299999996,-23.229780999315423],[-53.72997499999997,-23.228516999315463],[-53.73118599999998,-23.227693999315452],[-53.73198099999997,-23.22598899931553],[-53.73198099999997,-23.224410999315577],[-53.73262799999998,-23.223138999315573],[-53.73298299999993,-23.22244399931558],[-53.73459699999995,-23.221360999315607],[-53.73614199999997,-23.220841999315617],[-53.73838099999995,-23.21978899931564],[-53.73959699999995,-23.218974999315666],[-53.74065799999993,-23.2178859993157],[-53.74159199999997,-23.216143999315722],[-53.74231899999995,-23.2136529993158],[-53.74247799999994,-23.210841999315857],[-53.742388999999946,-23.209252999315872],[-53.741513999999945,-23.208035999315904],[-53.74049399999995,-23.206891999315978],[-53.73763899999995,-23.205363999316003],[-53.73547199999996,-23.20515299931597],[-53.733168999999975,-23.205932999315973],[-53.73148299999997,-23.206102999315934],[-53.73017799999996,-23.205207999316002],[-53.73006699999996,-23.204291999316006],[-53.73103099999997,-23.203443999316],[-53.73349699999994,-23.202393999316065],[-53.735235999999986,-23.201993999316052],[-53.73714999999998,-23.201152999316093],[-53.738449999999936,-23.200224999316077],[-53.739468999999985,-23.198399999316127],[-53.739555999999936,-23.196891999316147],[-53.73920599999997,-23.19549999931623],[-53.73909199999997,-23.195305999316215],[-53.73822799999994,-23.193602999316237],[-53.73636399999998,-23.19102499931631],[-53.73561099999995,-23.1902079993163],[-53.735288999999966,-23.190388999316347],[-53.73403899999994,-23.18980599931635],[-53.73123899999996,-23.187960999316388],[-53.72909999999996,-23.186085999316397],[-53.72684399999997,-23.184710999316437],[-53.72469399999994,-23.183030999316497],[-53.72418099999993,-23.18082799931654],[-53.723638999999935,-23.178588999316556],[-53.72307799999999,-23.17706399931664],[-53.72143599999998,-23.175557999316673],[-53.720666999999935,-23.175216999316696],[-53.718493999999964,-23.17542499931666],[-53.71730599999995,-23.175760999316672],[-53.71592199999998,-23.17564199931668],[-53.71554999999995,-23.175532999316676],[-53.71403899999996,-23.172149999316712],[-53.71274999999997,-23.170593999316754],[-53.71279999999996,-23.16841399931679],[-53.71489999999994,-23.166027999316903],[-53.714930999999986,-23.16535299931692],[-53.71471699999995,-23.16456899931692],[-53.71364399999993,-23.16321099931692],[-53.71184199999993,-23.16235299931694],[-53.71011099999998,-23.161466999316985],[-53.70861899999994,-23.16043099931701],[-53.707416999999964,-23.15867499931705],[-53.70732199999998,-23.156985999317083],[-53.70618899999993,-23.15538099931713],[-53.704791999999934,-23.15467799931712],[-53.70263899999998,-23.15442799931713],[-53.700924999999984,-23.15322499931717],[-53.70083599999998,-23.151849999317207],[-53.70168099999995,-23.15103299931719],[-53.70305799999994,-23.149374999317256],[-53.70262799999995,-23.145988999317307],[-53.70048299999996,-23.144407999317345],[-53.697960999999964,-23.143041999317433],[-53.69745799999998,-23.141763999317433],[-53.69690299999996,-23.139813999317457],[-53.69598099999996,-23.139177999317486],[-53.694046999999955,-23.13699699931754],[-53.69333599999993,-23.13572499931759],[-53.69380799999994,-23.131732999317645],[-53.69358099999994,-23.129613999317687],[-53.69252499999993,-23.127424999317746],[-53.692710999999974,-23.126016999317763],[-53.693741999999986,-23.124755999317788],[-53.69394399999993,-23.12315799931783],[-53.69222199999996,-23.122096999317858],[-53.69216899999998,-23.121955999317873],[-53.69210799999996,-23.121899999317908],[-53.69094999999999,-23.122157999317878],[-53.688635999999974,-23.123077999317864],[-53.68789199999998,-23.12314199931787],[-53.687063999999964,-23.12267499931787],[-53.68718899999993,-23.121757999317865],[-53.688796999999965,-23.12040799931789],[-53.69130299999995,-23.118388999317983],[-53.69174199999998,-23.11740599931798],[-53.69165299999997,-23.115974999318002],[-53.69126699999999,-23.113055999318096],[-53.69022499999994,-23.11204199931812],[-53.68821399999996,-23.111216999318113],[-53.68688899999995,-23.11089399931815],[-53.68631699999998,-23.109930999318152],[-53.68632199999996,-23.10919399931816],[-53.68680599999994,-23.108288999318187],[-53.68908899999997,-23.10584199931823],[-53.68930799999998,-23.104605999318245],[-53.68967199999997,-23.104282999318272],[-53.68954199999995,-23.102421999318302],[-53.68913599999996,-23.10177799931835],[-53.68806399999993,-23.10055599931839],[-53.68653599999993,-23.09927199931837],[-53.68576699999995,-23.09898299931842],[-53.68487499999998,-23.099088999318383],[-53.68396099999995,-23.099535999318373],[-53.682752999999934,-23.100707999318356],[-53.681591999999966,-23.101274999318328],[-53.68087499999996,-23.10144999931833],[-53.67986399999995,-23.101496999318332],[-53.678777999999966,-23.100885999318347],[-53.67874999999998,-23.099507999318384],[-53.67951899999997,-23.09811899931841],[-53.68028899999995,-23.096702999318435],[-53.679871999999925,-23.0942439993185],[-53.67976399999998,-23.09347199931853],[-53.680046999999945,-23.092232999318565],[-53.68111899999997,-23.09061099931861],[-53.68184999999994,-23.089213999318638],[-53.68207199999995,-23.08858099931866],[-53.68172199999998,-23.08701699931866],[-53.68073899999996,-23.085399999318696],[-53.67890299999994,-23.08389399931872],[-53.67700599999995,-23.082738999318764],[-53.67563899999993,-23.08184699931882],[-53.67501699999997,-23.081310999318823],[-53.67295599999994,-23.07948299931887],[-53.67193599999996,-23.077521999318872],[-53.67127799999998,-23.07532499931894],[-53.67119999999995,-23.074496999318953],[-53.671366999999975,-23.073388999318993],[-53.67146699999995,-23.072368999319032],[-53.67230299999994,-23.06974699931906],[-53.672868999999935,-23.068905999319103],[-53.67276099999999,-23.066774999319126],[-53.672199999999975,-23.065155999319153],[-53.67176099999995,-23.063993999319223],[-53.671493999999946,-23.062966999319222],[-53.67206399999998,-23.061266999319233],[-53.67305799999997,-23.059577999319277],[-53.67401699999993,-23.057780999319363],[-53.67436699999996,-23.056130999319354],[-53.674049999999966,-23.054957999319388],[-53.67324199999996,-23.0540389993194],[-53.67163599999998,-23.053074999319474],[-53.670146999999986,-23.053268999319428],[-53.66795299999995,-23.05481399931942],[-53.66638899999999,-23.055913999319397],[-53.664113999999984,-23.056330999319364],[-53.663313999999964,-23.055960999319392],[-53.66274699999997,-23.055421999319403],[-53.66208299999994,-23.05439199931941],[-53.661888999999974,-23.05315299931944],[-53.66204199999998,-23.052338999319478],[-53.66263599999997,-23.05064699931952],[-53.66440299999994,-23.046946999319566],[-53.666807999999946,-23.04303599931969],[-53.667888999999946,-23.04032199931973],[-53.667993999999965,-23.0331389993199],[-53.66671399999995,-23.03025799931996],[-53.66565599999996,-23.028091999320015],[-53.66430599999996,-23.024902999320084],[-53.66281099999998,-23.02369699932013],[-53.66162199999997,-23.023366999320125],[-53.66086699999993,-23.023127999320103],[-53.77370799999994,-23.010516999320405],[-53.77547499999997,-22.999366999320664],[-53.76994199999995,-22.993607999320783],[-53.757649999999956,-22.97133099932132],[-53.757074999999986,-22.970155999321364],[-53.756249999999966,-22.968502999321363],[-53.75195599999995,-22.951946999321766],[-53.750535999999954,-22.943993999321957],[-53.750771999999984,-22.926324999322354],[-53.753586238999965,-22.92154617932245]]]},"properties":{"OBJECTID":3,"NOME_UC":"Parque Estadual das Várzeas do Rio Ivinhema","Shape.STArea()":0.19222645047450845,"Shape.STLength()":4.737173413377768,"Field":null,"__atlas_capturado_em":"2026-08-10T23:53:12.285Z","__atlas_fonte_servico":"https://www.pinms.ms.gov.br/arcgis/rest/services/IMASUL/SiriemaGeo_Sisla/MapServer","__atlas_layer_id":4}},{"type":"Feature","id":4,"geometry":{"type":"Polygon","coordinates":[[[-53.18185599999998,-18.559682999429963],[-53.18015299999996,-18.55919699942995],[-53.17939999999998,-18.55934199942999],[-53.179074999999955,-18.559441999429954],[-53.179130999999984,-18.559877999429986],[-53.17932799999994,-18.560380999429952],[-53.18020599999995,-18.561407999429942],[-53.180218999999965,-18.562182999429897],[-53.17989699999998,-18.562713999429906],[-53.17950799999994,-18.562868999429917],[-53.179246999999975,-18.563093999429906],[-53.179055999999946,-18.563438999429884],[-53.17904699999997,-18.563891999429867],[-53.17953599999999,-18.564899999429848],[-53.17973099999995,-18.565680999429787],[-53.179696999999976,-18.566349999429786],[-53.179393999999945,-18.567093999429765],[-53.17934399999996,-18.56761399942975],[-53.179235999999946,-18.567910999429788],[-53.17897199999993,-18.568277999429757],[-53.178571999999974,-18.568491999429725],[-53.177993999999956,-18.568788999429763],[-53.17763599999994,-18.569243999429734],[-53.17759399999995,-18.56956699942972],[-53.177738999999974,-18.570191999429706],[-53.17809699999997,-18.57046899942967],[-53.178735999999965,-18.570755999429693],[-53.17911699999996,-18.57136099942968],[-53.179149999999936,-18.572280999429665],[-53.17882499999997,-18.572988999429622],[-53.17833099999996,-18.573560999429578],[-53.17768099999995,-18.574371999429612],[-53.177393999999936,-18.57530599942956],[-53.17704999999995,-18.57594199942953],[-53.17671699999993,-18.576118999429543],[-53.176166999999964,-18.57626699942956],[-53.17577799999998,-18.57656899942952],[-53.17573599999997,-18.57730599942952],[-53.175755999999986,-18.57780599942949],[-53.175566999999944,-18.57848099942948],[-53.17559399999993,-18.578855999429493],[-53.17576899999995,-18.580282999429418],[-53.17568899999998,-18.580805999429412],[-53.175318999999945,-18.581691999429417],[-53.17529199999996,-18.5822749994294],[-53.175527999999986,-18.582991999429346],[-53.17579699999993,-18.584118999429315],[-53.17572199999995,-18.585210999429314],[-53.17578899999995,-18.586138999429277],[-53.17645299999998,-18.58809199942923],[-53.17637799999994,-18.58943099942917],[-53.17652199999998,-18.590343999429177],[-53.17661399999997,-18.59098599942912],[-53.17645299999999,-18.59157199942911],[-53.17610599999994,-18.592707999429116],[-53.17609199999998,-18.593438999429072],[-53.176485999999954,-18.59481099942904],[-53.17637799999994,-18.596127999429026],[-53.17660799999993,-18.59733099942896],[-53.176921999999934,-18.598780999428964],[-53.17672499999997,-18.600518999428914],[-53.17638899999998,-18.601202999428875],[-53.17650599999996,-18.601816999428895],[-53.176368999999966,-18.602591999428856],[-53.17550599999999,-18.603366999428804],[-53.17482499999994,-18.604174999428793],[-53.17442799999998,-18.6053109994288],[-53.173538999999955,-18.60589699942878],[-53.172555999999986,-18.606257999428767],[-53.17162199999996,-18.606730999428752],[-53.17105299999997,-18.60729699942873],[-53.170685999999925,-18.60754199942873],[-53.16960299999993,-18.60779199942872],[-53.16921099999996,-18.607971999428706],[-53.16812499999997,-18.609405999428684],[-53.16676099999995,-18.61083299942863],[-53.16469999999998,-18.61184199942862],[-53.162710999999945,-18.612491999428602],[-53.161707999999976,-18.612549999428577],[-53.15875799999998,-18.612410999428587],[-53.15616699999998,-18.612413999428576],[-53.15496099999996,-18.612599999428568],[-53.15301899999997,-18.612935999428554],[-53.15128099999998,-18.613646999428557],[-53.14447499999994,-18.617371999428443],[-53.14131099999997,-18.61924699942843],[-53.139768999999944,-18.620360999428367],[-53.13933099999997,-18.620963999428373],[-53.139121999999986,-18.621488999428347],[-53.13900599999994,-18.62168899942834],[-53.13849399999998,-18.622221999428348],[-53.13784999999996,-18.622299999428318],[-53.13710599999996,-18.622252999428326],[-53.13661699999995,-18.622291999428334],[-53.13612799999999,-18.62241899942835],[-53.13504199999994,-18.62301699942831],[-53.13403599999998,-18.6236439994283],[-53.13261899999998,-18.624627999428288],[-53.13195799999994,-18.625149999428267],[-53.13009399999999,-18.626557999428194],[-53.128957999999955,-18.6275109994282],[-53.12751399999996,-18.628780999428155],[-53.12689199999994,-18.629393999428125],[-53.12613599999998,-18.630066999428117],[-53.12491399999993,-18.63091099942812],[-53.12412799999999,-18.631271999428115],[-53.12327799999997,-18.631613999428087],[-53.12241099999994,-18.631777999428067],[-53.12099399999994,-18.63184699942806],[-53.11947199999997,-18.631782999428058],[-53.118532999999964,-18.631691999428064],[-53.11690299999998,-18.63140299942811],[-53.115546999999935,-18.6312309994281],[-53.11431099999999,-18.63103099942809],[-53.11370599999998,-18.630855999428082],[-53.11280799999998,-18.630688999428116],[-53.109824999999944,-18.630171999428125],[-53.10829199999995,-18.629785999428147],[-53.10706899999997,-18.629274999428144],[-53.10553299999997,-18.628107999428163],[-53.10344199999998,-18.626430999428226],[-53.10257199999996,-18.625960999428234],[-53.10131699999994,-18.62524999942823],[-53.099635999999975,-18.624538999428292],[-53.096010999999976,-18.62331399942828],[-53.09394999999995,-18.622955999428292],[-53.09052499999996,-18.622949999428307],[-53.08781699999997,-18.623299999428326],[-53.08393099999995,-18.624013999428257],[-53.07971099999998,-18.625032999428278],[-53.075943999999936,-18.62558899942822],[-53.07350599999995,-18.626274999428233],[-53.068588999999974,-18.62898599942813],[-53.06513599999994,-18.633688999428028],[-53.05690299999998,-18.633985999428],[-53.055713999999966,-18.63261399942803],[-53.04974999999996,-18.627641999428224],[-53.04448899999994,-18.62670599942822],[-53.036630999999936,-18.62487499942828],[-53.03360799999996,-18.624932999428246],[-53.03277499999996,-18.624099999428267],[-53.03027499999997,-18.624099999428267],[-53.02944199999996,-18.623266999428292],[-53.02777499999996,-18.623266999428292],[-53.026107999999965,-18.624932999428246],[-53.02360799999996,-18.624932999428246],[-53.02277499999997,-18.62576699942822],[-53.021941999999974,-18.625766999428212],[-53.02110799999997,-18.624932999428246],[-53.02027499999997,-18.624099999428267],[-53.01944199999997,-18.623266999428292],[-53.01860799999997,-18.623266999428292],[-53.01235799999995,-18.617849999428465],[-53.01235799999995,-18.617432999428452],[-53.01694199999997,-18.613266999428564],[-53.01819199999994,-18.612016999428626],[-53.01860799999997,-18.611599999428613],[-53.020693999999935,-18.61072799942862],[-53.028821999999934,-18.610046999428643],[-53.030246999999974,-18.61013099942867],[-53.031496999999945,-18.609121999428677],[-53.035252999999955,-18.60713099942876],[-53.03793899999994,-18.605202999428787],[-53.04161899999997,-18.60201399942885],[-53.04554399999995,-18.598252999428954],[-53.04676899999998,-18.597760999428957],[-53.04864999999995,-18.597024999429006],[-53.058216999999956,-18.598332999428965],[-53.060341999999935,-18.598496999428953],[-53.061332999999934,-18.598407999428957],[-53.06199999999995,-18.59782199942897],[-53.06255299999998,-18.59721899942897],[-53.06588099999993,-18.59348899942911],[-53.07085299999994,-18.586460999429256],[-53.07178099999993,-18.58561099942931],[-53.076527999999946,-18.581818999429373],[-53.078082999999936,-18.580266999429416],[-53.07930799999997,-18.579693999429452],[-53.08135299999998,-18.57903899942947],[-53.08290599999997,-18.578874999429495],[-53.085113999999976,-18.57871099942946],[-53.09077799999994,-18.5780469994295],[-53.09833899999995,-18.577330999429517],[-53.09916899999996,-18.577121999429536],[-53.10016699999994,-18.576724999429526],[-53.118780999999956,-18.566768999429804],[-53.12243899999998,-18.56518599942986],[-53.12528599999996,-18.564121999429844],[-53.125310999999954,-18.563424999429856],[-53.12522499999994,-18.562766999429893],[-53.125193999999965,-18.562574999429927],[-53.12512799999996,-18.562430999429893],[-53.12494699999996,-18.562185999429897],[-53.124896999999976,-18.562163999429888],[-53.12472199999996,-18.56208099942993],[-53.12451099999999,-18.561938999429895],[-53.12418299999996,-18.561671999429898],[-53.123932999999965,-18.561243999429916],[-53.12393099999996,-18.561193999429925],[-53.12391099999996,-18.561102999429924],[-53.12407799999994,-18.560899999429942],[-53.12448299999994,-18.560763999429934],[-53.124593999999945,-18.560766999429934],[-53.124855999999966,-18.56097199942992],[-53.124941999999976,-18.56102199942997],[-53.125107999999955,-18.56123299942994],[-53.12553299999996,-18.561505999429933],[-53.126157999999975,-18.5618059994299],[-53.12630299999995,-18.561932999429906],[-53.12665299999997,-18.562146999429945],[-53.126896999999985,-18.562410999429886],[-53.12721899999997,-18.562407999429894],[-53.127346999999986,-18.56251399942991],[-53.127391999999986,-18.562571999429885],[-53.12898599999994,-18.561585999429937],[-53.12911899999994,-18.559996999429966],[-53.12976699999996,-18.559905999429972],[-53.129771999999946,-18.559441999429954],[-53.131213999999936,-18.55912499942997],[-53.132468999999965,-18.558924999429966],[-53.133046999999976,-18.558610999429973],[-53.13318299999997,-18.558368999430023],[-53.13340299999999,-18.558232999430032],[-53.133599999999944,-18.558232999430032],[-53.13373599999995,-18.558210999430027],[-53.13398099999995,-18.55820799943003],[-53.13449399999996,-18.55838299943],[-53.134577999999976,-18.558374999430008],[-53.13491699999997,-18.55819699943001],[-53.13547799999997,-18.557999999430002],[-53.13568299999997,-18.557996999430006],[-53.13596399999994,-18.55796699943003],[-53.13736099999995,-18.557288999430057],[-53.14003599999995,-18.555982999430086],[-53.14304999999996,-18.554366999430112],[-53.145268999999985,-18.553305999430144],[-53.14708899999994,-18.55278099943018],[-53.148788999999965,-18.55234199943017],[-53.14944699999995,-18.55212199943016],[-53.150113999999974,-18.55200599943017],[-53.15078599999998,-18.55187799943015],[-53.151902999999955,-18.551852999430167],[-53.15381099999996,-18.552221999430184],[-53.15418599999999,-18.552221999430184],[-53.15430299999997,-18.55214199943016],[-53.15477199999998,-18.55128899943018],[-53.155557999999985,-18.55057499943024],[-53.15662499999996,-18.550563999430217],[-53.157321999999965,-18.551191999430202],[-53.15801899999997,-18.552155999430184],[-53.158324999999934,-18.552438999430148],[-53.15867199999997,-18.55266399943014],[-53.159621999999956,-18.553121999430168],[-53.16016899999994,-18.55354399943011],[-53.16048299999994,-18.554285999430096],[-53.16049199999998,-18.55479999943009],[-53.160180999999966,-18.555974999430045],[-53.160180999999966,-18.556474999430083],[-53.160193999999926,-18.556555999430042],[-53.160227999999954,-18.55654199943008],[-53.16075799999993,-18.55533599943009],[-53.16122799999994,-18.55476899943011],[-53.16184199999998,-18.5545309994301],[-53.162635999999964,-18.554438999430108],[-53.16312199999993,-18.5545309994301],[-53.163093999999944,-18.554502999430103],[-53.162927999999965,-18.5535219994301],[-53.163205999999946,-18.552846999430127],[-53.16388099999995,-18.552271999430175],[-53.16435599999995,-18.55209999943015],[-53.165002999999956,-18.551863999430196],[-53.16599699999995,-18.55140599943017],[-53.167127999999934,-18.551577999430176],[-53.16801899999996,-18.55221099943015],[-53.16830799999997,-18.55316899943016],[-53.168349999999975,-18.554232999430123],[-53.16852499999993,-18.554780999430083],[-53.16863099999995,-18.554943999430115],[-53.168705999999986,-18.55506699943009],[-53.16904699999998,-18.55532499943011],[-53.16935599999994,-18.55545299943008],[-53.17026099999999,-18.555624999430083],[-53.170913999999975,-18.555602999430093],[-53.17164999999994,-18.555416999430104],[-53.17374699999994,-18.554471999430124],[-53.17454399999997,-18.554332999430088],[-53.17543299999994,-18.554407999430115],[-53.17623899999995,-18.554855999430117],[-53.17652199999998,-18.55533599943009],[-53.17668099999997,-18.55546099943011],[-53.17794999999995,-18.555874999430078],[-53.17869699999994,-18.556235999430065],[-53.180016999999964,-18.55724699943004],[-53.18077499999999,-18.558210999430027],[-53.18082199999998,-18.558241999430006],[-53.18185599999998,-18.559682999429963]],[[-53.13247499999994,-18.562535999429908],[-53.13224699999995,-18.562363999429905],[-53.13216399999993,-18.562232999429895],[-53.13203299999998,-18.561838999429924],[-53.131835999999964,-18.56105799942993],[-53.13168299999995,-18.56016899942998],[-53.13156699999996,-18.55997499942996],[-53.130710999999955,-18.560160999429943],[-53.13070799999996,-18.56068599942997],[-53.13000299999994,-18.560785999429942],[-53.129930999999935,-18.5616469994299],[-53.13016099999999,-18.561932999429906],[-53.12817199999995,-18.5631669994299],[-53.128496999999975,-18.56358299942985],[-53.127610999999945,-18.564196999429875],[-53.12262199999998,-18.565605999429817],[-53.124663999999946,-18.56995299942969],[-53.12719699999997,-18.570688999429684],[-53.12828099999996,-18.5708169994297],[-53.12870599999996,-18.569949999429692],[-53.128957999999955,-18.568896999429708],[-53.129238999999984,-18.56772799942973],[-53.12952199999996,-18.567043999429785],[-53.12970799999994,-18.566677999429807],[-53.129988999999966,-18.566216999429788],[-53.13079699999997,-18.565671999429814],[-53.131538999999975,-18.56519999942982],[-53.13191899999998,-18.56466699942982],[-53.131763999999976,-18.56402199942987],[-53.13174699999997,-18.56340599942985],[-53.13253099999998,-18.562766999429893],[-53.13247499999994,-18.562535999429908]]]},"properties":{"OBJECTID":4,"NOME_UC":"Parque Natural Municipal Salto do Sucuriu","Shape.STArea()":0.007336543502500002,"Shape.STLength()":0.48271577473055,"Field":null,"__atlas_capturado_em":"2026-08-10T23:53:12.285Z","__atlas_fonte_servico":"https://www.pinms.ms.gov.br/arcgis/rest/services/IMASUL/SiriemaGeo_Sisla/MapServer","__atlas_layer_id":4}},{"type":"Feature","id":5,"geometry":{"type":"Polygon","coordinates":[[[-52.819430103999935,-17.848727252448807],[-52.82065406399993,-17.850257192448776],[-52.82176578499997,-17.85019544244879],[-52.82270593399994,-17.850195432448782],[-52.82375054399995,-17.849882051448787],[-52.825421914999936,-17.849673132448796],[-52.82667544499997,-17.849882051448787],[-52.82716834499997,-17.85021065144876],[-52.82761560499994,-17.850508811448744],[-52.82907804499996,-17.851553422448717],[-52.83043604399995,-17.852284641448744],[-52.83252525499995,-17.85395601244869],[-52.832838633999984,-17.854791701448647],[-52.83409216399997,-17.855731842448634],[-52.835136783999985,-17.856149691448643],[-52.836599224999986,-17.85625416244862],[-52.83743491499996,-17.856045231448604],[-52.83837507499993,-17.855314011448638],[-52.838897373999934,-17.854582782448666],[-52.839628594999965,-17.853538181448705],[-52.84088212499995,-17.850613271448793],[-52.84098659499995,-17.84956867244881],[-52.84088212499995,-17.84789730244886],[-52.84098658499994,-17.84674823144891],[-52.84129997399998,-17.845599161448877],[-52.84182227399998,-17.844659022448948],[-52.84255350499995,-17.84319657144897],[-52.84338918499998,-17.842047491448994],[-52.843702563999955,-17.84121181244905],[-52.84359811399997,-17.83995828244904],[-52.84328472499993,-17.838704752449086],[-52.84265035499993,-17.83737833244912],[-52.84265035499993,-17.835693071449192],[-52.846091404999974,-17.833235191449244],[-52.84648610499994,-17.832577341449277],[-52.84725424399994,-17.83222819144926],[-52.84819439499995,-17.831392512449295],[-52.849030073999984,-17.829616672449355],[-52.84923899499995,-17.828676531449382],[-52.84947696499995,-17.827883321449356],[-52.851498764999974,-17.825861511449432],[-52.855555873999954,-17.824509141449468],[-52.85613342399995,-17.82439364144948],[-52.85696910499997,-17.824080262449456],[-52.85770032499994,-17.823557952449516],[-52.85853601499997,-17.823035651449494],[-52.859267243999966,-17.82178212244952],[-52.86011618499998,-17.820737281449606],[-52.860625234999986,-17.820110751449583],[-52.86177430499999,-17.819379531449613],[-52.86219215399995,-17.818648302449642],[-52.86250553499997,-17.81781262144966],[-52.86302783499997,-17.817290311449664],[-52.863654604999965,-17.817603691449687],[-52.86401175399993,-17.81770574144963],[-52.86438583499995,-17.817812611449646],[-52.86501259499994,-17.817603691449676],[-52.86595274499996,-17.816976931449652],[-52.86741519499998,-17.815723402449684],[-52.86919103499997,-17.81457434144974],[-52.86958389399996,-17.814481891449724],[-52.870966864999964,-17.81415649144973],[-52.872571704999984,-17.814232911449746],[-52.873160533999965,-17.81426095144972],[-52.874414074999954,-17.814887722449747],[-52.875667604999926,-17.81541002144974],[-52.876607743999955,-17.815618942449706],[-52.877443434999975,-17.81603679244971],[-52.87838358399995,-17.816559091449697],[-52.87901035399994,-17.817290311449664],[-52.87932373499995,-17.818021542449618],[-52.879532654999934,-17.818857231449638],[-52.88023872499997,-17.819260691449596],[-52.88026388399993,-17.819275062449616],[-52.88068172499993,-17.819797372449617],[-52.88109957499996,-17.820006291449598],[-52.881830794999985,-17.82094644244958],[-52.88193525499997,-17.82188659144953],[-52.88256201499996,-17.82272227144952],[-52.88308432499997,-17.823244571449518],[-52.883502164999975,-17.823557952449516],[-52.884442313999955,-17.824080262449456],[-52.884524234999965,-17.824080252449505],[-52.886892453999955,-17.823403622449476],[-52.88739087499994,-17.823528232449473],[-52.88851629399994,-17.824184712449487],[-52.88893413499994,-17.824602562449442],[-52.889665364999985,-17.824915941449454],[-52.89039658399997,-17.825020401449454],[-52.890989434999945,-17.82460542244949],[-52.89144119499997,-17.8242891814495],[-52.892276883999955,-17.82387134144949],[-52.89342595399995,-17.82387133144949],[-52.89478394499997,-17.8233490314495],[-52.89582855399994,-17.8228267324495],[-52.90021591499993,-17.82178212244952],[-52.900567284999966,-17.82168630144952],[-52.90136498499999,-17.821468741449582],[-52.90293189399995,-17.821364281449533],[-52.90439434499995,-17.821155362449556],[-52.90476759399996,-17.821075371449556],[-52.90606403399993,-17.820945731449545],[-52.91491245499998,-17.81848784144965],[-52.92474403399996,-17.81602995244968],[-52.93162614499994,-17.813572061449744],[-52.93654192499997,-17.8116057514498],[-52.93708214499998,-17.811215591449816],[-52.93761291499993,-17.811127131449847],[-52.94189579499994,-17.809037921449892],[-52.94513409499996,-17.80705316244996],[-52.94565639399997,-17.80632194144997],[-52.94659654499998,-17.80485949144997],[-52.94753669499994,-17.80412826245001],[-52.94837237499996,-17.803292581450005],[-52.94899914499996,-17.802561361450053],[-52.94973036499994,-17.80151675245006],[-52.94996364399998,-17.80064194245011],[-52.95014821499995,-17.79994984145012],[-52.95077497499994,-17.798591852450155],[-52.951715123999975,-17.79744278245019],[-52.952655274999984,-17.79639817145022],[-52.95411772399996,-17.79556249245027],[-52.95493747399996,-17.794906692450283],[-52.955162333999965,-17.794726801450274],[-52.95633575499994,-17.79316224245029],[-52.95704263399995,-17.792219741450307],[-52.95719669399995,-17.792129121450333],[-52.95881846399993,-17.791175142450385],[-52.96017645499995,-17.789712691450404],[-52.96163890499997,-17.78887700245045],[-52.963101363999954,-17.78762348245045],[-52.96372812399995,-17.786996712450467],[-52.96456381499996,-17.785847642450506],[-52.965376653999954,-17.78533962245054],[-52.96790656399997,-17.78375843145056],[-52.969369014999984,-17.783131671450587],[-52.97083146399995,-17.78250490145061],[-52.971771614999966,-17.78219152245059],[-52.97302514499996,-17.78146030245063],[-52.973756364999986,-17.78083353245065],[-52.97521882499996,-17.78031123245066],[-52.97584559499996,-17.78031123245066],[-52.97730804499997,-17.78020677245068],[-52.97824818499999,-17.78020677245068],[-52.97929280399996,-17.78010230145064],[-52.98033740499994,-17.780102311450648],[-52.981590943999954,-17.779475541450665],[-52.98305338499995,-17.778639861450728],[-52.984202454999945,-17.778326481450712],[-52.98576936499995,-17.778326471450697],[-52.98660506499994,-17.77884878145069],[-52.98744074499996,-17.779788932450675],[-52.98918488399993,-17.780615091450642],[-52.98942550399993,-17.780729071450626],[-52.99026641499995,-17.780953312450627],[-52.99258192399998,-17.782111072450604],[-52.998480884999935,-17.787026852450445],[-53.00536297499997,-17.79243420245035],[-53.01568613399997,-17.801774192450086],[-53.02142079499998,-17.80750883144991],[-53.023061903999974,-17.809560222449868],[-53.02556897499994,-17.812589592449765],[-53.029851864999955,-17.816559081449704],[-53.04405854399994,-17.82439364144948],[-53.04520761399994,-17.825333792449467],[-53.04583437399999,-17.82564717144943],[-53.046878994999986,-17.825960552449434],[-53.04823698399997,-17.825960552449434],[-53.05043065499996,-17.825856092449452],[-53.052519873999984,-17.82648285244942],[-53.05398233499995,-17.8267962414494],[-53.055862624999975,-17.826900701449386],[-53.05763846499997,-17.82710962244941],[-53.05951875499994,-17.827736382449377],[-53.060772284999985,-17.828154221449385],[-53.06348827499994,-17.82804977144934],[-53.06505517399995,-17.828049771449347],[-53.06693548499993,-17.828258692449367],[-53.06798008499993,-17.82857207144934],[-53.069651464999936,-17.828989912449323],[-53.07100945399998,-17.829303301449354],[-53.072158523999974,-17.82951221244931],[-53.07362097499998,-17.829512222449324],[-53.074561123999956,-17.829198831449364],[-53.07654588499997,-17.829198831449364],[-53.07811279499998,-17.829407762449332],[-53.07894847399996,-17.829512222449324],[-53.079085014999976,-17.82952197144934],[-53.08041092499997,-17.829616682449302],[-53.083335834999964,-17.829407751449335],[-53.08375368499998,-17.829616682449302],[-53.08461810399996,-17.830020072449326],[-53.08794824499995,-17.831268882449276],[-53.09046980499994,-17.832349541449283],[-53.09117040499996,-17.83243712144924],[-53.09190162499993,-17.832646042449248],[-53.09252839499993,-17.83295942144922],[-53.09305070499994,-17.83348172144921],[-53.09337410399997,-17.83393449144924],[-53.09357300499994,-17.834212951449224],[-53.09493100399994,-17.83504863244916],[-53.09495425499995,-17.83504863244916],[-53.09608006499997,-17.83504863244916],[-53.09670683499996,-17.834944172449173],[-53.097124674999975,-17.835257551449207],[-53.096811293999956,-17.8357798614492],[-53.095766684999944,-17.83619770244918],[-53.09512680499995,-17.836837571449166],[-53.09503545399997,-17.836928932449165],[-53.09399084399996,-17.83724231144912],[-53.093259613999976,-17.837660151449114],[-53.09242393499994,-17.838286911449085],[-53.092319474999954,-17.839435981449057],[-53.09221545499997,-17.839782692449067],[-53.09200608499998,-17.840480592449033],[-53.09158824399998,-17.84142074144904],[-53.09106594499997,-17.84267427144898],[-53.09087351399995,-17.84290517144899],[-53.09085701399994,-17.842987652448997],[-53.09054364499997,-17.843509942448968],[-53.09054363499996,-17.844032251448972],[-53.090857023999945,-17.844554561448916],[-53.09106594499997,-17.8453902424489],[-53.09137933399995,-17.84664377244891],[-53.09158824399998,-17.84779284244887],[-53.09169271499996,-17.84925529144881],[-53.09158824399998,-17.850404351448763],[-53.091797164999946,-17.851762351448766],[-53.09242393499994,-17.853120342448694],[-53.09305069499993,-17.85395601244869],[-53.09346854499994,-17.854478322448685],[-53.095244374999936,-17.856358622448614],[-53.09587114499993,-17.857403221448596],[-53.096288983999955,-17.858134452448546],[-53.09639344399994,-17.859074591448547],[-53.09597560499997,-17.86043258144848],[-53.09587114499993,-17.861790572448463],[-53.096184523999966,-17.863044102448423],[-53.09702020399994,-17.865133311448382],[-53.09754251399994,-17.866909141448325],[-53.09806482399995,-17.868580521448276],[-53.09837820499996,-17.869625132448256],[-53.09900496499995,-17.87087865244825],[-53.09952727499996,-17.87108757144824],[-53.10046741399998,-17.87108757144824],[-53.10245217499995,-17.87046081144826],[-53.10422801499993,-17.870042971448257],[-53.105899393999955,-17.870251892448223],[-53.106242624999936,-17.870595122448215],[-53.10642168499998,-17.87077419144822],[-53.10725738499997,-17.871296491448213],[-53.107988604999946,-17.871505422448234],[-53.10913767499994,-17.871505422448234],[-53.11018228499995,-17.871296501448217],[-53.11154027499998,-17.871505422448234],[-53.11258488499994,-17.87160987244821],[-53.11456964499995,-17.8714009514482],[-53.11571870499995,-17.871400962448188],[-53.117285623999976,-17.871296491448202],[-53.11895700399998,-17.87108757144824],[-53.12062837499997,-17.871192031448224],[-53.122508674999956,-17.871296491448213],[-53.123762203999945,-17.87140095144819],[-53.12491126499998,-17.871714331448207],[-53.12679156399997,-17.872550021448156],[-53.127242843999966,-17.872800731448198],[-53.13022403499997,-17.87551090144812],[-53.13069286499996,-17.8766829814481],[-53.13107445399999,-17.876937372448086],[-53.13159676399994,-17.876937372448086],[-53.132223533999934,-17.87683291144805],[-53.132641374999935,-17.876937372448086],[-53.132327993999986,-17.87735521144805],[-53.13128338499996,-17.877668602448047],[-53.13110862499997,-17.877722361448026],[-53.12992539399994,-17.878086442448062],[-53.129194163999955,-17.87850428144801],[-53.12825212499996,-17.879446321448018],[-53.12804509399996,-17.87965335144797],[-53.12773171499998,-17.88017565144796],[-53.12731386499996,-17.88080242144794],[-53.12752279399995,-17.881638101447944],[-53.127627254999936,-17.882473792447954],[-53.12741833399996,-17.88341394144789],[-53.12679156399998,-17.884145162447897],[-53.12637372499995,-17.88477192144787],[-53.12629236399994,-17.884853282447825],[-53.12595587499993,-17.88518976144788],[-53.12585141499994,-17.88571207144781],[-53.12647818499994,-17.887070061447805],[-53.12700048499993,-17.888323591447758],[-53.12701406499997,-17.888350751447764],[-53.12731387499996,-17.888950351447736],[-53.12741833399996,-17.889994961447712],[-53.12700048499994,-17.89083064144771],[-53.12647817499993,-17.891875251447694],[-53.12595588499995,-17.892397551447672],[-53.125894284999966,-17.892432752447682],[-53.12522464399995,-17.892815402447624],[-53.12502843499994,-17.89320783244764],[-53.12502843499994,-17.89325118244764],[-53.12502843499994,-17.893647202447607],[-53.12502843499994,-17.893669691447613],[-53.125073403999984,-17.893725891447627],[-53.12530743499997,-17.89401844244759],[-53.125656194999976,-17.894367192447596],[-53.125377184999934,-17.894925201447606],[-53.12537719399995,-17.89534371244755],[-53.12523769399996,-17.895552961447574],[-53.124749433999966,-17.895552961447574],[-53.12398216399998,-17.895552961447574],[-53.12370316499994,-17.89590172144756],[-53.12356365499994,-17.89652949144754],[-53.12321490499994,-17.897087492447536],[-53.122796394999966,-17.89743625144754],[-53.122447644999966,-17.89806401144752],[-53.12244763499996,-17.89848252244746],[-53.122447634999965,-17.898970782447506],[-53.122377883999945,-17.899319532447503],[-53.12230813499997,-17.90085406244741],[-53.122308134999976,-17.9011330614474],[-53.122377883999945,-17.90183057244737],[-53.122517393999935,-17.90224908144741],[-53.12263021399997,-17.90253114144735],[-53.12265688499997,-17.90259784144741],[-53.12272664499994,-17.903504601447352],[-53.12272664499994,-17.90385336144735],[-53.122935894999955,-17.90434161144732],[-53.123145153999985,-17.90448112144732],[-53.123354404999986,-17.904620621447354],[-53.12363341399998,-17.904829871447298],[-53.12391241499995,-17.905387882447297],[-53.12405191499994,-17.90587614144729],[-53.12445903399998,-17.906166942447296],[-53.12454018499994,-17.90622489144729],[-53.12502843499994,-17.906643402447294],[-53.12572594399995,-17.907271172447278],[-53.126004953999946,-17.907550171447255],[-53.12621420399994,-17.908177931447227],[-53.12628395499996,-17.9088056914472],[-53.126004953999946,-17.909363702447184],[-53.125656194999976,-17.910061211447186],[-53.125656194999976,-17.910479722447203],[-53.125935194999954,-17.910828481447147],[-53.12621420399994,-17.911107482447175],[-53.126562964999955,-17.91145624144712],[-53.12677221499996,-17.91159574244714],[-53.12670246499994,-17.912153751447104],[-53.12600495399994,-17.91264201144709],[-53.12579570499997,-17.913130272447134],[-53.12579569499996,-17.913187561447106],[-53.12579570499997,-17.91354877144709],[-53.12595505499996,-17.91361251244711],[-53.126144454999974,-17.91368827144708],[-53.126283954999955,-17.913827772447107],[-53.12628395499996,-17.914385791447074],[-53.126257463999934,-17.91441891144709],[-53.126004953999946,-17.914734542447054],[-53.125795694999965,-17.915083302447055],[-53.125656194999976,-17.91543205244705],[-53.12579569499996,-17.91578081144706],[-53.12621420399994,-17.916059812447017],[-53.126562964999955,-17.91626907144704],[-53.127051224999946,-17.916548072447],[-53.12726047499996,-17.916966582447014],[-53.127399984999954,-17.917454831447014],[-53.12746973399993,-17.918501101446935],[-53.127399984999954,-17.91891961244696],[-53.12781848499998,-17.91954737244692],[-53.12823699399996,-17.92003563244691],[-53.12886475499994,-17.920523882446883],[-53.12935301399995,-17.921012151446885],[-53.12999431499997,-17.921595142446858],[-53.13012028499998,-17.921709661446865],[-53.13017965499996,-17.921794472446887],[-53.13060853499996,-17.92240717244686],[-53.130957303999935,-17.922546671446845],[-53.13116655499994,-17.922895432446833],[-53.13144555399998,-17.923244182446826],[-53.131933814999975,-17.923871952446802],[-53.13235232499994,-17.924499712446774],[-53.13277082499997,-17.924778712446795],[-53.13304983499995,-17.92526697244679],[-53.13339859499996,-17.925685471446744],[-53.13381709399993,-17.925964481446726],[-53.134375114999955,-17.92624349244676],[-53.134723864999955,-17.92673174244673],[-53.13479361399993,-17.927220002446713],[-53.13500287499994,-17.927778011446737],[-53.135072623999974,-17.92826627144672],[-53.135491134999945,-17.928405781446706],[-53.135630634999984,-17.928754531446707],[-53.13563063499998,-17.929382291446665],[-53.13556088399997,-17.929731042446658],[-53.13583989399996,-17.93028905144667],[-53.13611889499998,-17.930637811446605],[-53.13625839499997,-17.931126071446595],[-53.13646765499993,-17.93161433144663],[-53.13660714499997,-17.93217233244662],[-53.136676903999955,-17.932590841446604],[-53.13672783499993,-17.93335494144654],[-53.136746654999975,-17.933637111446522],[-53.13672784499994,-17.933659061446544],[-53.13632814499994,-17.934125371446566],[-53.13604914399997,-17.93454387244651],[-53.13549113499994,-17.935241391446525],[-53.13500287499994,-17.9359389024465],[-53.13444486399994,-17.936775912446475],[-53.13388685499996,-17.93782218144642],[-53.13388684499995,-17.939147462446385],[-53.134026354999946,-17.94026347244637],[-53.13444486399994,-17.942356002446292],[-53.134793624999986,-17.94277452144634],[-53.13507262399998,-17.943611532446305],[-53.135072623999974,-17.94465780144624],[-53.135281874999976,-17.94570406244621],[-53.13569151399998,-17.946406302446203],[-53.13577013499997,-17.946541081446213],[-53.13618864399996,-17.947308342446206],[-53.136816403999944,-17.94814535144614],[-53.13772317499997,-17.94891262244614],[-53.13814167399994,-17.949958891446087],[-53.13883919499995,-17.951423662446086],[-53.13946695499993,-17.952679181446037],[-53.139955214999986,-17.954213711446005],[-53.14045115499994,-17.95616914144596],[-53.142396513999984,-17.96383937144573],[-53.142954524999936,-17.965373891445697],[-53.14337302399997,-17.966210911445682],[-53.14414029399995,-17.967257181445667],[-53.14497731499995,-17.968163942445653],[-53.14595383499994,-17.968861451445594],[-53.14658158499998,-17.969698471445575],[-53.14734885499996,-17.971302751445524],[-53.14776736399995,-17.97241877144553],[-53.148325374999956,-17.97416255144545],[-53.14867412499996,-17.975627321445458],[-53.14860438499994,-17.977580352445376],[-53.14853462499997,-17.978556872445346],[-53.14853462499997,-17.979381241445314],[-53.14888729499995,-17.98064076244529],[-53.14919605399996,-17.981489851445314],[-53.14935734399995,-17.98193341144525],[-53.14963127499993,-17.983120442445244],[-53.149709884999936,-17.983461091445232],[-53.149709894999944,-17.98463622144519],[-53.14888559499997,-17.985357492445196],[-53.14876977499995,-17.985458821445157],[-53.14735960499996,-17.98569385244514],[-53.14688955399998,-17.98569385244514],[-53.14630198499997,-17.986633962445158],[-53.14583192499998,-17.98804412144511],[-53.14572223499994,-17.98859258244509],[-53.145596894999976,-17.98921926244506],[-53.14477430499994,-17.990276891445028],[-53.14395170499995,-17.991687052445013],[-53.14359916499995,-17.992274621445],[-53.14359916499995,-17.99321473244495],[-53.14406922499995,-17.994389871444916],[-53.14442175399996,-17.99556500144492],[-53.14453927499994,-17.99697517144487],[-53.14465678499994,-17.998385342444813],[-53.14465678499994,-17.999913011444807],[-53.144438993999984,-18.001219782444743],[-53.14549101499995,-18.00437586244466],[-53.14549523499994,-18.00437854244468],[-53.14583192499998,-18.004378542444687],[-53.14688955399998,-18.00437853244468],[-53.14759463399997,-18.004731081444685],[-53.14829972399997,-18.005436161444646],[-53.14935735499995,-18.006141242444606],[-53.150532484999985,-18.006728811444596],[-53.151590113999994,-18.007081352444573],[-53.15217768499997,-18.007903952444604],[-53.15276525499996,-18.008256491444538],[-53.153822874999946,-18.00813897144454],[-53.15546807499993,-18.00802146144455],[-53.15734829499996,-18.00884405244455],[-53.157935874999964,-18.009549142444534],[-53.15899348499994,-18.01119434244447],[-53.160286144999986,-18.012486991444433],[-53.16310648499995,-18.015307312444357],[-53.165809303999936,-18.017540081444345],[-53.16604374499997,-18.017803832444315],[-53.16694657399995,-18.01881950244431],[-53.167689534999965,-18.01965533244426],[-53.16898218399996,-18.022123122444214],[-53.169922293999946,-18.0262360924441],[-53.170862403999934,-18.029526482443977],[-53.17106953399997,-18.03027215144398],[-53.17144997499997,-18.031641731443955],[-53.17216318499993,-18.034494572443883],[-53.172272574999965,-18.034932121443827],[-53.17233820399997,-18.03528214144387],[-53.17262511499997,-18.03681234144381],[-53.172991483999965,-18.037702102443788],[-53.17230327499993,-18.04148724144368],[-53.174244784999985,-18.0432522424436],[-53.17457237499997,-18.04313312144365],[-53.176956933999975,-18.044368002443573],[-53.198422413999936,-18.040692411443686],[-53.19769870499994,-18.034883261443838],[-53.20245139399998,-18.030583592443975],[-53.20952945399995,-18.02901298244403],[-53.209532293999985,-18.029012351443992],[-53.21153951499997,-18.026101421444086],[-53.21154291499994,-18.026105722444075],[-53.21236036499994,-18.027137261444043],[-53.212911163999934,-18.02663413244408],[-53.21321479399995,-18.025998342444105],[-53.21338592499996,-18.025336971444084],[-53.21342739499994,-18.023367272444172],[-53.21402626399998,-18.022935861444157],[-53.21600761499997,-18.022822852444193],[-53.216693934999974,-18.022589161444206],[-53.21751880499994,-18.022109982444192],[-53.219668904999935,-18.020396131444258],[-53.22155882499993,-18.019019471444295],[-53.222414034999986,-18.01870253144429],[-53.22820001499997,-18.01707328244432],[-53.229593724999965,-18.01678623244433],[-53.231019264999986,-18.01677884244432],[-53.23206358399995,-18.017236511444313],[-53.233559524999976,-18.017571541444294],[-53.234503753999945,-18.017578702444332],[-53.23536584499993,-18.01706290244433],[-53.236330884999965,-18.016340631444375],[-53.23633668399999,-18.016336302444337],[-53.24563815499994,-18.01558901244437],[-53.249675654999976,-18.014584631444425],[-53.25974536399996,-18.01501832244437],[-53.27107242499994,-18.022211381444198],[-53.279640934999975,-18.02334809244419],[-53.29219807499993,-18.024816571444134],[-53.29763044499998,-18.025817982444106],[-53.29700824499997,-18.02952878144399],[-53.285538704999965,-18.026765151444053],[-53.276528574999986,-18.030213551443985],[-53.27686942499997,-18.030562871443976],[-53.276900904999934,-18.03059513244398],[-53.27763555499996,-18.031348042443973],[-53.27764436399997,-18.031357062443966],[-53.278480454999965,-18.03221391244393],[-53.28326443499997,-18.02978186144398],[-53.28724660499995,-18.030340001443967],[-53.28907939399994,-18.03334428144391],[-53.28496592499993,-18.035054962443827],[-53.28618356499994,-18.037217462443774],[-53.29188311399997,-18.034033692443895],[-53.29651713499993,-18.03461099244385],[-53.30104859499994,-18.039642511443716],[-53.297544694999935,-18.042484321443645],[-53.28836551399997,-18.044580431443617],[-53.28970090499996,-18.049993282443427],[-53.29278346399997,-18.050682861443452],[-53.29278574499995,-18.050689311443456],[-53.292906003999974,-18.05103016144342],[-53.29612356399997,-18.05143265144342],[-53.29615074499998,-18.051436071443405],[-53.29752336499996,-18.05174308144342],[-53.29917793499994,-18.054080922443347],[-53.29470242399998,-18.055570351443304],[-53.28931718499996,-18.05761276244325],[-53.28553389399997,-18.05927408144319],[-53.27608704399995,-18.058916002443244],[-53.276085964999936,-18.05891596144322],[-53.26873253399998,-18.061351021443134],[-53.266257494999934,-18.062021411443162],[-53.26534206499997,-18.063540641443097],[-53.257810424999946,-18.064622472443038],[-53.24496544499993,-18.0622791714431],[-53.240635184999974,-18.064858691443078],[-53.24280347399996,-18.071996652442845],[-53.24527778499999,-18.077188912442704],[-53.259163143999956,-18.08546352244248],[-53.27101907499997,-18.087139881442475],[-53.27038139399997,-18.09189864144232],[-53.270112333999975,-18.094476151442283],[-53.255080574999965,-18.103739622442042],[-53.25232337499995,-18.10751147144191],[-53.25008402499998,-18.116335661441653],[-53.24737270499997,-18.11854425144161],[-53.247754834999974,-18.123318181441483],[-53.24863099499998,-18.124608681441483],[-53.25012868399995,-18.127960452441382],[-53.25449892499995,-18.131350821441284],[-53.257330483999965,-18.131146011441277],[-53.261768433999976,-18.128763441441382],[-53.26504654499996,-18.123621371441487],[-53.265396734999975,-18.120735791441565],[-53.267176064999944,-18.120263211441564],[-53.26991261499995,-18.114901631441704],[-53.27341818499997,-18.11644102144168],[-53.27920798499997,-18.113455011441786],[-53.28007273399999,-18.11093368244181],[-53.279292134999935,-18.108278262441882],[-53.28116734499998,-18.10719925244195],[-53.28127139499997,-18.103569322442],[-53.281261893999954,-18.103551402442],[-53.27939023399995,-18.1005270214421],[-53.27817950499996,-18.099665161442136],[-53.278602734999936,-18.098793011442133],[-53.27962909399997,-18.09854602244214],[-53.28205727499994,-18.099330241442143],[-53.28522822499997,-18.099121052442165],[-53.28524721499997,-18.099128611442147],[-53.285266124999964,-18.099129641442165],[-53.28779925399994,-18.10144809244206],[-53.29543940399998,-18.108601431441883],[-53.30288954499998,-18.108238951441912],[-53.30288760499997,-18.108250601441895],[-53.30291536499994,-18.10823769244193],[-53.303803124999945,-18.108194502441886],[-53.30425949399996,-18.10264301244207],[-53.31249216499998,-18.104513502442],[-53.30834130499994,-18.106351721441946],[-53.30813745499996,-18.107374841441924],[-53.31317780499995,-18.106375011441937],[-53.31719697499994,-18.104583441442024],[-53.32088254399998,-18.101133832442084],[-53.321255303999976,-18.10433588144198],[-53.323776694999935,-18.103714871442023],[-53.32380162499993,-18.10371805144204],[-53.331753313999975,-18.101788431442102],[-53.331036763999975,-18.104028121441996],[-53.32813137499994,-18.109320152441864],[-53.32530170499996,-18.10891173244189],[-53.32510667399998,-18.109880571441845],[-53.329169854999975,-18.110707632441827],[-53.33056952399994,-18.11154879144181],[-53.328109954999945,-18.11627542244167],[-53.33121747499996,-18.11911016144163],[-53.32961459399997,-18.122905121441523],[-53.33506130399996,-18.12617211144142],[-53.34057058399998,-18.12276321144149],[-53.338683034999974,-18.120049322441574],[-53.34216764499996,-18.1155673424417],[-53.342673454999954,-18.11491278244174],[-53.34441701399999,-18.111543351441814],[-53.347810384999946,-18.118095642441627],[-53.35078375499995,-18.124300732441444],[-53.355512253999954,-18.128930711441345],[-53.36887655399994,-18.133644101441217],[-53.37273727499997,-18.13552040144116],[-53.37565563499999,-18.13546633144119],[-53.387778114999946,-18.133536942441243],[-53.39561646399994,-18.130585371441285],[-53.396106874999994,-18.1353278424412],[-53.39610916399993,-18.13534993244115],[-53.39665006399997,-18.140580071441068],[-53.38598698399995,-18.139384901441083],[-53.37819072499997,-18.136410492441172],[-53.37109889499993,-18.135919952441142],[-53.36678476399994,-18.138258231441093],[-53.365751054999976,-18.142877401440984],[-53.36298295399996,-18.147093372440878],[-53.36619102499998,-18.153895022440697],[-53.366202004999934,-18.15391829244068],[-53.36294976499994,-18.153759581440692],[-53.35857738499994,-18.159539751440533],[-53.35633245499997,-18.16122922144051],[-53.350342714999954,-18.157611492440566],[-53.34906266499996,-18.156693671440618],[-53.34941985499996,-18.155849302440654],[-53.34950453499994,-18.155116652440636],[-53.349305104999985,-18.15433326144069],[-53.348137323999936,-18.152495911440717],[-53.34628100499998,-18.15215727244072],[-53.34513911399995,-18.151547971440742],[-53.34899340399994,-18.147978312440852],[-53.34951770499998,-18.146915122440845],[-53.34873242499998,-18.1454163124409],[-53.34596866399994,-18.144330031440965],[-53.34244971499999,-18.139739311441073],[-53.33892751499997,-18.139863461441035],[-53.33691207499999,-18.13962601144106],[-53.33563931499997,-18.137690462441117],[-53.33384011499999,-18.134523851441216],[-53.33121853399996,-18.132740112441244],[-53.326767074999964,-18.13259527244125],[-53.32181184399997,-18.130785391441293],[-53.31977174499997,-18.13081902144131],[-53.318546813999944,-18.13105959144127],[-53.31738069499995,-18.131462031441284],[-53.31701072499993,-18.132062642441248],[-53.31670620399996,-18.13189469244125],[-53.31527102499995,-18.13410686144122],[-53.31343849499996,-18.137714821441133],[-53.31417165499994,-18.139584771441097],[-53.31560490399994,-18.14152758244104],[-53.31534364499998,-18.143210772440987],[-53.31555955399995,-18.143822381440938],[-53.31480386499994,-18.143831481440944],[-53.31271761499994,-18.143242361440986],[-53.31337813399995,-18.14030788244104],[-53.312435394999966,-18.138304961441097],[-53.31015788399998,-18.136814862441117],[-53.30639245399994,-18.137844581441108],[-53.30349576499998,-18.138845761441097],[-53.300760313999945,-18.13700875144111],[-53.29988514399997,-18.135826912441175],[-53.29770694499996,-18.134696752441204],[-53.29602935499997,-18.13500583144117],[-53.29584128399994,-18.134348691441204],[-53.29444023499997,-18.134130551441192],[-53.29342527499995,-18.134540082441184],[-53.291817513999945,-18.133683082441213],[-53.289909474999945,-18.133705791441226],[-53.28907807499996,-18.134429262441216],[-53.28822097399995,-18.13462914144119],[-53.287842834999935,-18.133883932441197],[-53.28589857499997,-18.134756101441177],[-53.284800324999935,-18.135302072441156],[-53.28409679499998,-18.137144061441134],[-53.283496174999975,-18.138180921441098],[-53.28384038499996,-18.14067889244107],[-53.28199190499998,-18.141658291440994],[-53.28173336499999,-18.143576291440993],[-53.283585493999965,-18.145785382440923],[-53.28350134499993,-18.14803552144082],[-53.28322950499995,-18.14965559244082],[-53.28429476399998,-18.153834102440683],[-53.286622303999934,-18.154809061440684],[-53.290138094999975,-18.154884631440655],[-53.293878124999935,-18.155490391440622],[-53.29475645499997,-18.15546184144066],[-53.29961659399999,-18.158628391440583],[-53.299822473999946,-18.16013825144055],[-53.299825633999944,-18.160161441440515],[-53.299802894999964,-18.160162722440493],[-53.297389684999985,-18.160298962440507],[-53.297262734999954,-18.159261731440537],[-53.29622851399995,-18.15820824144056],[-53.29451882499996,-18.15824672244055],[-53.29357989499994,-18.158700521440554],[-53.29251189399997,-18.158677142440585],[-53.29140915499995,-18.15961162244051],[-53.290178073999975,-18.159400482440546],[-53.28925378499997,-18.159528911440507],[-53.28824015499998,-18.160778452440535],[-53.288186374999945,-18.161727521440508],[-53.28716673499997,-18.16251647144044],[-53.28723067499993,-18.163798342440415],[-53.28637480499998,-18.164829221440424],[-53.28526566399996,-18.166730231440354],[-53.28560287399995,-18.167954672440302],[-53.286984783999976,-18.16885955244028],[-53.287722144999975,-18.16960952244028],[-53.287594524999975,-18.17141756244025],[-53.28814564399993,-18.17237749244019],[-53.28882339499995,-18.1729023424402],[-53.28796383499997,-18.173653251440165],[-53.28730869499998,-18.174862401440148],[-53.28690972499998,-18.17542717144012],[-53.286648474999936,-18.1756832024401],[-53.28681447399999,-18.17681934144006],[-53.28682642399997,-18.17682415144007],[-53.289540814999945,-18.177915932440055],[-53.29104270399995,-18.178593531440054],[-53.293691044999946,-18.176706162440077],[-53.293715764999945,-18.17698727244007],[-53.293914754999946,-18.177119401440077],[-53.29450502499998,-18.177004741440072],[-53.29487236499995,-18.177081061440074],[-53.29537704399996,-18.17688672144007],[-53.295542574999956,-18.176615731440094],[-53.296133543999986,-18.176554862440113],[-53.29672523399995,-18.176547781440075],[-53.297089384999936,-18.176382032440117],[-53.29712037499996,-18.176596872440065],[-53.29712319499998,-18.17681204244005],[-53.29712530499995,-18.17697342144007],[-53.297239064999985,-18.17705276144008],[-53.297575764999976,-18.176941131440092],[-53.297858924999964,-18.177045352440114],[-53.29800225499997,-18.17723194144004],[-53.298147014999984,-18.177526121440074],[-53.29834670499997,-18.177712042440035],[-53.29846292499997,-18.177979651440076],[-53.29882955399995,-18.178002171440028],[-53.29927894499997,-18.177889191440048],[-53.299390244999984,-18.177780252440083],[-53.299584994999975,-18.17758961244006],[-53.299869214999944,-18.177774521440043],[-53.30017703499993,-18.177609421440046],[-53.30037072399995,-18.177338091440067],[-53.30050913399998,-18.177148121440066],[-53.30073242399993,-18.176984041440083],[-53.30132444499998,-18.177003852440095],[-53.301375503999964,-18.176599722440113],[-53.301658534999945,-18.17629744144011],[-53.30292822399998,-18.177710681440047],[-53.30444810499995,-18.178315702440045],[-53.305301394999965,-18.178531271440008],[-53.30580843499997,-18.17900391244004],[-53.306261364999955,-18.178953311440047],[-53.30675990499998,-18.179498301440013],[-53.306408234999935,-18.180062541440016],[-53.306498964999946,-18.18049501243996],[-53.30647328499998,-18.18141665143995],[-53.30677319499995,-18.18194596243996],[-53.307139823999925,-18.182519631439952],[-53.30781807499994,-18.18379411243992],[-53.308308143999966,-18.184411461439883],[-53.30932430399997,-18.185510241439857],[-53.309517264999954,-18.18652859143982],[-53.31002517499996,-18.18706442243984],[-53.310531063999974,-18.187446732439795],[-53.31195537499997,-18.187962512439775],[-53.312674293999976,-18.188017072439806],[-53.31311667399996,-18.188598851439735],[-53.31301281399993,-18.189322701439767],[-53.32197683499999,-18.192162361439696],[-53.321967814999944,-18.19216868143965],[-53.32136370499995,-18.19232000143969],[-53.321118404999936,-18.192721682439647],[-53.320788524999955,-18.193044642439645],[-53.32036984399998,-18.19296996143965],[-53.320117154999934,-18.192813531439644],[-53.319865513999964,-18.192736832439678],[-53.31970269499993,-18.193057771439666],[-53.31945527399995,-18.19329999243967],[-53.319124344999985,-18.193543212439632],[-53.318791284999975,-18.19362698243963],[-53.318799723999966,-18.19426482143963],[-53.31880921499993,-18.19498239143957],[-53.31914860499995,-18.195377011439565],[-53.31998492499997,-18.195446631439605],[-53.32115429399993,-18.195432491439586],[-53.32140699499996,-18.195588921439594],[-53.321660734999966,-18.195825081439565],[-53.32166601499994,-18.196223732439567],[-53.321503193999945,-18.196544671439565],[-53.321507414999985,-18.19686359143954],[-53.321928224999965,-18.197097732439552],[-53.32217986499995,-18.197174421439513],[-53.32243361499997,-18.197410581439556],[-53.32185314499998,-18.197736581439514],[-53.32177384399995,-18.198056511439493],[-53.32161524399998,-18.198696372439503],[-53.32179179499997,-18.19941191143949],[-53.32154861499998,-18.19997305143947],[-53.32180341499998,-18.20028894243948],[-53.322139653999955,-18.20044436243948],[-53.32172939399993,-18.201007522439415],[-53.32190491399996,-18.201643331439417],[-53.32249173499997,-18.201795712439424],[-53.322577373999934,-18.201954161439396],[-53.32258266499997,-18.202352811439404],[-53.322083593999935,-18.20251834143941],[-53.32141746499997,-18.20268589143942],[-53.320828534999976,-18.202374051439428],[-53.320417223999975,-18.202857481439395],[-53.320086264999986,-18.203100712439397],[-53.31933553499994,-18.203189531439378],[-53.31883435499998,-18.203195591439357],[-53.31849812499996,-18.203040171439365],[-53.31816083399997,-18.202805022439378],[-53.31790814499993,-18.20264859243937],[-53.317570854999985,-18.202413442439397],[-53.317400634999956,-18.202176262439423],[-53.31689839499996,-18.202102592439413],[-53.31665096399996,-18.20234480243941],[-53.316236484999926,-18.202589041439385],[-53.31581987499993,-18.20267381243938],[-53.31548681399994,-18.20275758243938],[-53.31482067499997,-18.202925112439367],[-53.31423595499996,-18.20293216243939],[-53.31389867499996,-18.202697001439414],[-53.31365334499998,-18.20309868243938],[-53.31357613499995,-18.203578072439385],[-53.31341223499999,-18.203819272439368],[-53.312996673999976,-18.203983761439364],[-53.312662554999974,-18.20398779143937],[-53.312820144999925,-18.20326821143938],[-53.31298404399997,-18.203027001439377],[-53.312979834999965,-18.2027080814394],[-53.312973524999954,-18.202229701439403],[-53.31313321499994,-18.20166958243942],[-53.31312795499997,-18.20127092143942],[-53.312789684999984,-18.20127500243946],[-53.31277101499996,-18.20127522243946],[-53.31271030499994,-18.20127596143943],[-53.31221123399996,-18.201441462439465],[-53.31154404399996,-18.201529252439393],[-53.31112954499997,-18.20177347143943],[-53.310955123999975,-18.20121737143945],[-53.311784104999965,-18.200728922439428],[-53.31186132399995,-18.200249532439475],[-53.31160863499997,-18.200093092439467],[-53.31110325399993,-18.19978021143947],[-53.31110187499996,-18.1996755024395],[-53.31110010499998,-18.199541012439454],[-53.310765973999935,-18.19954504143948],[-53.310342024999954,-18.19907169143949],[-53.31067088499998,-18.198669012439517],[-53.31116784499994,-18.198344062439535],[-53.31141212499995,-18.19786265243952],[-53.311240864999945,-18.19754575143952],[-53.31132623499997,-18.19737674243953],[-53.31131551499993,-18.19736006143955],[-53.30821461499994,-18.196687771439567],[-53.30704804499993,-18.197090202439547],[-53.30437161499998,-18.194069372439607],[-53.301484813999934,-18.193733692439633],[-53.298757354999964,-18.193296691439624],[-53.29497738499999,-18.19114701143967],[-53.29687042399996,-18.189209461439752],[-53.294475363999936,-18.181668792439968],[-53.281449373999976,-18.17626892144011],[-53.27674391499994,-18.175575051440102],[-53.27444176399996,-18.17657786244011],[-53.27274312499998,-18.178214831440073],[-53.27186473399996,-18.18043824144001],[-53.277333543999994,-18.18605501143982],[-53.28275675499998,-18.18741775143977],[-53.28373552499994,-18.201359881439444],[-53.283803574999986,-18.20214453243942],[-53.28614907499997,-18.20478325143935],[-53.28888106499994,-18.2055545814393],[-53.296923393999975,-18.21127539243915],[-53.30246683399997,-18.21308767143914],[-53.29783488399995,-18.215193632439057],[-53.29890148499993,-18.220121651438916],[-53.29709723399998,-18.221642682438908],[-53.29689128399997,-18.223234881438824],[-53.30004831499996,-18.229709471438696],[-53.30358890399998,-18.230118551438682],[-53.30692526499996,-18.23081003243865],[-53.304451724999986,-18.234624431438565],[-53.29480738499996,-18.237305481438476],[-53.29062122399995,-18.24174543243836],[-53.284553594999984,-18.245458061438256],[-53.27557577399995,-18.246405031438215],[-53.260960473999944,-18.244925241438295],[-53.22536363399996,-18.24755542243819],[-53.22634128499993,-18.251542091438118],[-53.22401804399993,-18.25154209143811],[-53.21590284499996,-18.25478817243801],[-53.215736663999955,-18.254827271438003],[-53.21583257399993,-18.255293332437983],[-53.21567496399996,-18.255422282438012],[-53.21155674499993,-18.258472801437936],[-53.20774358399996,-18.260303121437897],[-53.20545568499995,-18.262133431437796],[-53.20240516499996,-18.263658701437752],[-53.199354624999955,-18.26518396143777],[-53.19706673499997,-18.265946592437732],[-53.196965054999964,-18.265997431437718],[-53.19554147499997,-18.266404171437717],[-53.193558623999934,-18.267624381437674],[-53.19264346399996,-18.268997122437643],[-53.193101044999935,-18.270674911437588],[-53.19269121499997,-18.272041011437533],[-53.19264346399996,-18.27220016243758],[-53.19255858499997,-18.272306262437557],[-53.19142325399997,-18.27372542243753],[-53.190203043999986,-18.275098161437473],[-53.18944041499998,-18.27631837143742],[-53.18944041499998,-18.2773860524374],[-53.18989799399998,-18.278453741437385],[-53.18989798399997,-18.279027312437385],[-53.18989799399998,-18.279368891437386],[-53.18972719499993,-18.279767412437348],[-53.18944041499997,-18.280436582437364],[-53.188830304999954,-18.28089415143734],[-53.188372723999976,-18.282266891437274],[-53.188677773999984,-18.28531741143718],[-53.18806767399997,-18.2865376314372],[-53.18761009499997,-18.287757831437144],[-53.187915144999984,-18.2892831014371],[-53.188982823999936,-18.290045722437064],[-53.19005051499994,-18.291265931437025],[-53.19096568499998,-18.292638671437004],[-53.191423253999965,-18.294316451436988],[-53.19172830399998,-18.295994242436908],[-53.19203336399994,-18.297519502436863],[-53.19340609499995,-18.298434662436872],[-53.194626304999986,-18.29873971243687],[-53.19492119399996,-18.298887161436866],[-53.195236414999954,-18.29904477243682],[-53.19569399399995,-18.299807401436812],[-53.196151574999924,-18.300722551436813],[-53.19630410399998,-18.30148519243679],[-53.19599905399997,-18.302247821436765],[-53.19630410399998,-18.302857921436722],[-53.19660915399999,-18.303773081436727],[-53.19660915399999,-18.304840761436708],[-53.19660915399999,-18.306671071436654],[-53.19641438499997,-18.30735276243659],[-53.19630410399998,-18.307738762436635],[-53.19641438499997,-18.307959331436592],[-53.19691420499999,-18.308958972436585],[-53.197219263999955,-18.30987413243654],[-53.197066734999964,-18.310331701436517],[-53.19641438499997,-18.310462181436566],[-53.19630410399998,-18.310484232436547],[-53.19584652499998,-18.31109433243654],[-53.195388943999944,-18.31246707143648],[-53.19447378399996,-18.314754972436404],[-53.19386367399994,-18.31551759243644],[-53.192795994999976,-18.31719538143637],[-53.19203336399994,-18.317958022436347],[-53.19203336399994,-18.319726531436288],[-53.19203335399994,-18.319788332436303],[-53.19188915399997,-18.31997373143627],[-53.19096568499998,-18.32116106143623],[-53.18989799399998,-18.322686331436188],[-53.18928788399995,-18.323906531436197],[-53.18913536499996,-18.324516641436144],[-53.18937816499994,-18.325730681436152],[-53.18944041499998,-18.326041902436152],[-53.18928788399996,-18.3275671624361],[-53.18913536499997,-18.32893989143603],[-53.188525254999945,-18.32955000143605],[-53.18776262399996,-18.33061769243602],[-53.18715251399993,-18.33214294243597],[-53.186084834999974,-18.333668212435928],[-53.18562725499999,-18.33443084143592],[-53.185779784999966,-18.33504094143592],[-53.186389884999976,-18.33519348243589],[-53.186694934999935,-18.33610863143585],[-53.18638988499998,-18.337328841435852],[-53.18562725499999,-18.337786412435808],[-53.18501714399997,-18.339006632435773],[-53.18483812399995,-18.339454192435753],[-53.184540173999956,-18.34019905243573],[-53.18440704499994,-18.340531892435727],[-53.18394945499994,-18.341294521435717],[-53.18318682399996,-18.34175210243574],[-53.18292646499999,-18.3415438114357],[-53.18242419499995,-18.34114199243573],[-53.181509034999976,-18.341447052435736],[-53.18044135499998,-18.341294521435717],[-53.179678723999984,-18.34114199243573],[-53.17906861499995,-18.34205715243568],[-53.178837604999956,-18.342634692435713],[-53.17876355499994,-18.34281978143566],[-53.17815345499997,-18.343124831435667],[-53.178140474999964,-18.34312267143566],[-53.17723830399996,-18.342972312435688],[-53.17617061499993,-18.343734941435674],[-53.17540797399994,-18.34495515143563],[-53.175367164999955,-18.345063992435627],[-53.17495039499994,-18.34617536143558],[-53.17464534499993,-18.34693799143556],[-53.173272603999976,-18.34693799143556],[-53.17292285499997,-18.34703791143559],[-53.17220491499995,-18.347243041435554],[-53.171901944999945,-18.34742482143554],[-53.171442283999966,-18.347700621435543],[-53.170679664999966,-18.34785315143557],[-53.169994343999974,-18.347424832435546],[-53.16945945499998,-18.347090512435575],[-53.16884933499995,-18.347243041435554],[-53.167934184999986,-18.348310722435528],[-53.16786881499997,-18.34857220143553],[-53.16793417499997,-18.34876830143552],[-53.16808671399997,-18.34983598243548],[-53.168544284999946,-18.35059862143547],[-53.16854428499994,-18.351208721435484],[-53.16793417499997,-18.351971352435445],[-53.167171553999935,-18.35242893143543],[-53.16610386499997,-18.352581462435452],[-53.165188704999935,-18.35242893143543],[-53.16457860499998,-18.351971352435438],[-53.164257833999955,-18.351891162435432],[-53.16396849499994,-18.35181882143542],[-53.16305333499997,-18.352581452435434],[-53.16281798499995,-18.353005092435442],[-53.16229070499998,-18.35395419143538],[-53.16140321399996,-18.354220431435404],[-53.16076543499997,-18.354411772435405],[-53.16006968399995,-18.355020562435392],[-53.15954523499994,-18.355479451435336],[-53.15855367499995,-18.355930161435317],[-53.15786743499996,-18.356242081435308],[-53.15781902499998,-18.356363101435303],[-53.15756238399996,-18.357004721435306],[-53.15679975499995,-18.357462291435326],[-53.156189644999984,-18.357157241435324],[-53.155274494999965,-18.357462291435326],[-53.15359669399998,-18.357767341435263],[-53.15287319399994,-18.35776735143528],[-53.152376483999944,-18.357767341435263],[-53.151918904999945,-18.358835032435245],[-53.151766373999976,-18.359902711435232],[-53.15176637399997,-18.36081787143519],[-53.15192500499995,-18.361055811435207],[-53.15237648399995,-18.36173303143519],[-53.15252900499996,-18.36295323143514],[-53.15252901499997,-18.364325972435108],[-53.152376483999944,-18.365546182435065],[-53.152223954999954,-18.366003761435053],[-53.15146132399997,-18.3653936514351],[-53.150191663999976,-18.365647581435077],[-53.149936063999974,-18.365698711435112],[-53.14981945499994,-18.36579865143509],[-53.14886838499996,-18.366613871435057],[-53.147190583999986,-18.367071441435034],[-53.14648769499996,-18.366909241435064],[-53.14520774499994,-18.366613871435057],[-53.143529943999965,-18.366308811435054],[-53.14218539499996,-18.36666264243503],[-53.14063194499994,-18.367071441435034],[-53.13834405499995,-18.36691891143506],[-53.13712384499996,-18.367071441435034],[-53.13651373499994,-18.366461342435084],[-53.13575109499993,-18.365393661435114],[-53.13468341499998,-18.364936082435126],[-53.132242994999956,-18.363258291435148],[-53.13102278499997,-18.36295323143514],[-53.126960734999955,-18.362475341435196],[-53.12651427499998,-18.362422832435204],[-53.125836884999956,-18.36234313143519],[-53.124880563999966,-18.361769341435185],[-53.124311624999955,-18.361427981435195],[-53.12370151499994,-18.360665342435194],[-53.122176244999935,-18.360512821435243],[-53.119735824999964,-18.35944513243524],[-53.11836308499994,-18.35822493143525],[-53.11516002499997,-18.35700471143529],[-53.112872134999975,-18.356852191435326],[-53.11027918399998,-18.357462291435326],[-53.108296344999985,-18.35791987243529],[-53.10600844399994,-18.35914008243524],[-53.10548454499997,-18.359768772435213],[-53.10524581499993,-18.360055232435244],[-53.10372055499994,-18.360512821435243],[-53.10173769399995,-18.360512811435235],[-53.100455644999954,-18.36059829243522],[-53.09944981399997,-18.3606653424352],[-53.09716191499996,-18.360970392435195],[-53.09594170499997,-18.360970392435195],[-53.093653803999985,-18.36203807143518],[-53.089535584999965,-18.364631022435113],[-53.08648506499998,-18.368291651435044],[-53.08567580399995,-18.370314771434977],[-53.085569894999935,-18.37057954243496],[-53.08480726399995,-18.373325012434876],[-53.08389210399997,-18.3797311114347],[-53.083434524999966,-18.385984682434543],[-53.08221431499994,-18.39056047143442],[-53.08114663499998,-18.39574636143428],[-53.081451684999934,-18.398796881434198],[-53.081756734999935,-18.4038302514341],[-53.08190926499998,-18.40611814243402],[-53.080994104999945,-18.409016141433916],[-53.07855368499998,-18.413286872433822],[-53.07519809499997,-18.418167712433686],[-53.072910204999964,-18.421370761433643],[-53.06970715399996,-18.425641492433485],[-53.06711419499993,-18.42975969143339],[-53.065821494999966,-18.431181672433365],[-53.06435245499995,-18.433452001433302],[-53.059058893999975,-18.437301851433197],[-53.05878286499995,-18.437454142433214],[-53.050336293999976,-18.442114312433045],[-53.03530656399994,-18.450737912432846],[-53.03172806499998,-18.45431641143276],[-53.027609843999976,-18.456299252432686],[-53.026000383999985,-18.45705369143265],[-53.022728993999976,-18.45858714143262],[-53.01995814399999,-18.459462151432607],[-53.01983100399997,-18.45950230143263],[-53.018610784999964,-18.45950230143263],[-53.01758465499996,-18.458784012432623],[-53.01708552399999,-18.458434622432645],[-53.01540773499994,-18.45675683143266],[-53.013602823999975,-18.456332152432694],[-53.012858534999964,-18.456157011432694],[-53.01281478399994,-18.45614673143272],[-53.00961172499995,-18.454773992432727],[-53.007628883999985,-18.454773992432717],[-53.003968243999964,-18.456299252432686],[-52.998782354999946,-18.45858714143262],[-52.995884353999934,-18.459654832432605],[-52.99511134499995,-18.45952947243263],[-52.993851864999954,-18.459109662432592],[-52.989140873999986,-18.45753932143266],[-52.98225876499998,-18.455573011432694],[-52.969969283999944,-18.455081431432696],[-52.96954535499998,-18.45509086143273],[-52.93822934499997,-18.455994192432733],[-52.935268263999944,-18.45557302143271],[-52.91386773399995,-18.45252898243282],[-52.902843203999964,-18.450960842432835],[-52.88814269499994,-18.448667151432865],[-52.871131564999985,-18.446012931432982],[-52.86575455399998,-18.444758301433016],[-52.834785084999965,-18.440334092433094],[-52.813155603999974,-18.436893041433205],[-52.784444593999986,-18.433133271433316],[-52.771862974999976,-18.43148568143335],[-52.75564087499998,-18.42902780243339],[-52.74891449499995,-18.429027792433388],[-52.73918232499994,-18.429454641433384],[-52.72804789499997,-18.42884453143343],[-52.72011652499998,-18.42823443143343],[-52.71645588499996,-18.42777685243344],[-52.71508314499994,-18.427471802433445],[-52.712947774999975,-18.425336442433494],[-52.710961173999976,-18.42219969243363],[-52.71004977399997,-18.42076065143363],[-52.70730430399994,-18.417557612433686],[-52.70333861499995,-18.413286872433822],[-52.69922039499994,-18.41008382143389],[-52.69714387399995,-18.408137081433946],[-52.69468507499993,-18.40444889143405],[-52.68583665399996,-18.391667861434406],[-52.68078709499997,-18.383011492434633],[-52.67662989399997,-18.375884882434832],[-52.67146058499998,-18.37057954243496],[-52.670240374999935,-18.369359332435003],[-52.66947773399994,-18.367834071435002],[-52.66841006499993,-18.365546182435065],[-52.667799954999964,-18.36447849143509],[-52.66627468499996,-18.36341081243516],[-52.66474942499997,-18.36203807143518],[-52.66246152499997,-18.359902701435228],[-52.65986857499996,-18.357462291435326],[-52.65758068499997,-18.35578450143534],[-52.65651299399997,-18.35502187243535],[-52.65605541499996,-18.354106712435392],[-52.655140254999935,-18.351971342435437],[-52.65468267399996,-18.350293561435457],[-52.654190753999956,-18.34937999143552],[-52.65361498499993,-18.34831072243552],[-52.652699834999964,-18.347090512435575],[-52.651022043999944,-18.3454127324356],[-52.65041193399998,-18.34449756143565],[-52.64934424499995,-18.343887462435628],[-52.648581613999966,-18.34403998143567],[-52.648581613999966,-18.34480261143565],[-52.64812403499997,-18.34556524243561],[-52.64766646399994,-18.345412721435597],[-52.64705635399997,-18.344802622435655],[-52.64675130399996,-18.34480262243564],[-52.646293724999964,-18.345107671435592],[-52.64553109499997,-18.346175352435612],[-52.64507351499998,-18.346785461435584],[-52.645490534999965,-18.34761949243557],[-52.64553108399996,-18.34770061243558],[-52.64568361499994,-18.348158201435563],[-52.64553109499997,-18.34846324143556],[-52.64476845499996,-18.348615772435533],[-52.644310873999984,-18.348158191435562],[-52.64354824499998,-18.348310722435528],[-52.64278561499998,-18.34846324143556],[-52.64263308499994,-18.348158191435562],[-52.64309066399994,-18.34770061243558],[-52.64336675399994,-18.34733250143558],[-52.64354824499998,-18.347090502435563],[-52.64370077499995,-18.346175352435612],[-52.64309066399995,-18.34449757243564],[-52.642480553999974,-18.34373493143567],[-52.64034518499995,-18.34175210243574],[-52.637447184999985,-18.340989461435765],[-52.634091603999934,-18.340684411435756],[-52.631346133999955,-18.34053188243578],[-52.62844812499998,-18.33854905143581],[-52.62204201499997,-18.3379389414358],[-52.61655106399997,-18.33671872143584],[-52.604806534999966,-18.336413671435835],[-52.60250362399995,-18.336883661435817],[-52.60239118499993,-18.336868041435824],[-52.59142835499995,-18.338086131435794],[-52.580059483999946,-18.33971025143579],[-52.57234490499997,-18.341334371435718],[-52.562194123999966,-18.342146431435687],[-52.557321754999975,-18.34174040143573],[-52.55305945499998,-18.3387317214358],[-52.54892962399998,-18.336961821435867],[-52.54275315399997,-18.329241251436066],[-52.53812080499995,-18.316888331436374],[-52.53657669499995,-18.307623651436618],[-52.53348845499995,-18.29372662243697],[-52.53079466499998,-18.284747221437232],[-52.53083336399993,-18.28428267143724],[-52.53083337399994,-18.28091977143732],[-52.53238548499996,-18.277556882437395],[-52.53316153499997,-18.27548741143747],[-52.534972323999966,-18.273417932437525],[-52.53600706399993,-18.272124521437554],[-52.537300484999946,-18.268502932437677],[-52.53807667399997,-18.26617491243768],[-52.53830499499997,-18.26594658243772],[-52.538762574999964,-18.26548900143775],[-52.538762574999964,-18.264116272437768],[-52.53830499499997,-18.263353641437803],[-52.53769489499996,-18.262285962437815],[-52.53769489499996,-18.261065751437876],[-52.53784741499993,-18.260303111437896],[-52.53723731399998,-18.259082912437872],[-52.53632215399994,-18.257710171437967],[-52.53525446499998,-18.256795011437955],[-52.534186783999985,-18.255422282438012],[-52.533881733999976,-18.25359197243806],[-52.533701364999956,-18.252419601438103],[-52.53357667399996,-18.251609121438086],[-52.53473955399994,-18.25005863143812],[-52.534972323999966,-18.249360302438152],[-52.53393758499993,-18.24754952143818],[-52.53393759499995,-18.24548004243823],[-52.53212679499996,-18.243669251438316],[-52.53135073499993,-18.242117151438322],[-52.531868114999945,-18.239530311438404],[-52.53342021499997,-18.23797821143848],[-52.534972323999966,-18.236426102438475],[-52.536265743999934,-18.23435663143856],[-52.537041804999944,-18.231511102438624],[-52.535231013999976,-18.228148211438718],[-52.53316153499998,-18.22607873243876],[-52.53243810499998,-18.225435681438793],[-52.53083337399994,-18.224009261438855],[-52.53044824499994,-18.222340352438856],[-52.53005731399998,-18.22064636243892],[-52.52876389499994,-18.218059521439002],[-52.52876389499994,-18.21521400143909],[-52.52876390499995,-18.21288584243915],[-52.52870548499993,-18.211717692439173],[-52.529711653999975,-18.20693839143925],[-52.53499006399994,-18.197599692439557],[-52.543922744999975,-18.18785497243979],[-52.55001320499997,-18.183794671439916],[-52.55894588499996,-18.176486132440107],[-52.56410469499997,-18.171934231440208],[-52.565848403999944,-18.17039568144023],[-52.57559314399998,-18.161869041440504],[-52.580465524999966,-18.156996682440578],[-52.58533789499995,-18.15212432144075],[-52.59467660399998,-18.143597692440956],[-52.600361034999935,-18.14116151144102],[-52.608075613999965,-18.136289151441158],[-52.61985052499994,-18.124108232441483],[-52.62252237499996,-18.1201004624416],[-52.628480424999964,-18.11576734244171],[-52.63872314399999,-18.10324848144205],[-52.647299534999945,-18.095176602442262],[-52.65564087399997,-18.082985442442553],[-52.66154318499997,-18.074668552442827],[-52.661986483999954,-18.073713761442818],[-52.66509069499995,-18.069057451442966],[-52.66767754399996,-18.06388376144306],[-52.66922965499999,-18.05948614144322],[-52.67155782499998,-18.058192711443212],[-52.67466203499998,-18.056899302443277],[-52.67854230399996,-18.055605872443287],[-52.683715993999954,-18.05482982144329],[-52.68811363399993,-18.05327771144336],[-52.691476534999936,-18.05198429244342],[-52.694063383999946,-18.05172561244342],[-52.69613285499997,-18.051466932443432],[-52.69897839399994,-18.05224298244336],[-52.70123308499995,-18.05224298244336],[-52.70182391499998,-18.05224298244336],[-52.70441076399993,-18.05146692244342],[-52.705962874999955,-18.051466932443432],[-52.70751498499993,-18.05120824244343],[-52.70932577399998,-18.04939746144345],[-52.708549713999965,-18.04629324244358],[-52.70854971399996,-18.044482461443614],[-52.70921542499996,-18.04226344244367],[-52.70932577399998,-18.04189561244367],[-52.710877884999945,-18.040084831443693],[-52.711463084999934,-18.03969469244371],[-52.71242998499998,-18.03905009144376],[-52.71398209399996,-18.03620456144384],[-52.71498987399997,-18.034189012443868],[-52.715275523999935,-18.033617722443893],[-52.71837974499993,-18.028961412443998],[-52.72046224499997,-18.026558521444077],[-52.72174263499994,-18.02508115244413],[-52.725105533999965,-18.023270352444136],[-52.72795106499996,-18.021976931444218],[-52.72872712499998,-18.020424831444235],[-52.730020543999956,-18.01654456144437],[-52.730537913999974,-18.015251141444377],[-52.73027922399996,-18.012405621444458],[-52.72846843499997,-18.010077462444514],[-52.72536421399997,-18.00774931144455],[-52.72483408499994,-18.007219172444586],[-52.72251869499996,-18.00490378244467],[-52.72174263499994,-18.003351671444694],[-52.72226000499995,-17.998954041444836],[-52.72407079499993,-17.99636720144485],[-52.727286644999936,-17.994401972444955],[-52.72872712499998,-17.993521671444924],[-52.72989049499995,-17.99259098144499],[-52.72989049499995,-17.990105321445075],[-52.73025300499995,-17.98684275144516],[-52.73242805499996,-17.9846677014452],[-52.732428063999976,-17.982130151445272],[-52.73025300499995,-17.980317611445322],[-52.728440464999956,-17.977780052445365],[-52.72699042399994,-17.971254912445527],[-52.72735293499994,-17.966542311445668],[-52.72662791499994,-17.96037967144581],[-52.72264032399994,-17.955304561446003],[-52.71502765499997,-17.950591962446104],[-52.71031503499995,-17.946241872446226],[-52.708300064999946,-17.943219411446307],[-52.70755014499997,-17.94096966244638],[-52.70678471499997,-17.939247441446398],[-52.70563656499996,-17.93599436144651],[-52.70448841499996,-17.932358561446563],[-52.70276619499998,-17.928914121446713],[-52.70264111399997,-17.928713981446702],[-52.70180940399996,-17.927383262446728],[-52.701618044999975,-17.92585241244677],[-52.70180940399995,-17.92145118244685],[-52.702339854999934,-17.92039029144693],[-52.70276620499993,-17.919537611446916],[-52.703148914999986,-17.916667242447005],[-52.70410569499995,-17.912648732447128],[-52.70582792499994,-17.905951211447267],[-52.70678471499997,-17.90231541244738],[-52.70667202499993,-17.90028703144743],[-52.706593353999956,-17.898870981447473],[-52.70697607499994,-17.896000611447576],[-52.70755014499997,-17.89408704144762],[-52.70847182499995,-17.892704531447677],[-52.70869829499998,-17.892364821447636],[-52.70965508399997,-17.889685811447762],[-52.71042052399997,-17.887963601447773],[-52.711377304999985,-17.8864327314478],[-52.71156866499996,-17.885093232447858],[-52.71176136499997,-17.884579372447867],[-52.71214273399995,-17.883562372447894],[-52.71290816399994,-17.8826055814479],[-52.71424767499997,-17.881648801447966],[-52.71457639499994,-17.881451561447943],[-52.71625272499995,-17.880445772447985],[-52.71711804499995,-17.879926582447965],[-52.717331553999934,-17.87977406144801],[-52.718457554999986,-17.87896978144802],[-52.71877926499996,-17.878326361448014],[-52.72037113399995,-17.87514264244811],[-52.722284713999954,-17.870167341448248],[-52.722321713999975,-17.87011976244823],[-52.72362421499997,-17.868445121448314],[-52.72438964399999,-17.866531541448346],[-52.72534643499995,-17.865383401448383],[-52.72515507399998,-17.86346982244842],[-52.72611187499996,-17.861747601448496],[-52.72592051399994,-17.860025381448516],[-52.72687730499996,-17.85792045244859],[-52.72840816499996,-17.855432801448625],[-52.730130384999946,-17.85313650244872],[-52.73093416499995,-17.851796872448737],[-52.73127853499994,-17.851222931448724],[-52.733574834999956,-17.848926641448845],[-52.73418411499995,-17.848774321448815],[-52.73434026499996,-17.84873528244881],[-52.73644520499994,-17.84950071244879],[-52.73797606499994,-17.85064885144877],[-52.74142050399996,-17.852371082448748],[-52.742951373999965,-17.8539019324487],[-52.74582174499995,-17.8558155224486],[-52.74716635499993,-17.85756351244858],[-52.74773532399996,-17.85830317244858],[-52.748500743999955,-17.859451312448545],[-52.74984025499998,-17.86059945144853],[-52.749949414999946,-17.860708612448477],[-52.75060568499998,-17.8613648814485],[-52.75251927499993,-17.861364891448456],[-52.758260004999954,-17.86174760144849],[-52.75921679399995,-17.861747601448496],[-52.761321744999975,-17.86289575144842],[-52.763043954999944,-17.86289575144842],[-52.764383463999934,-17.86251304144844],[-52.76512531499998,-17.86158571244848],[-52.76591432399994,-17.860599461448533],[-52.768593334999935,-17.858111811448563],[-52.77242050499996,-17.85447601144868],[-52.77548222399998,-17.852562441448736],[-52.77796987499994,-17.85064886244876],[-52.781031603999956,-17.848926641448845],[-52.78173207399993,-17.848449041448855],[-52.78524148499997,-17.84605628144889],[-52.78792049499998,-17.84375998144894],[-52.78829823399997,-17.843231151448943],[-52.78887727399996,-17.84242048244899],[-52.78899309499997,-17.842304671448993],[-52.78983407499993,-17.84146370244899],[-52.79000226399995,-17.84095910144902],[-52.79021678499998,-17.840315552449074],[-52.791556294999964,-17.838784692449124],[-52.792130363999945,-17.838019261449087],[-52.793087164999974,-17.837062472449126],[-52.793182954999956,-17.837024152449136],[-52.79404395399996,-17.836679752449133],[-52.79519209399996,-17.836297042449146],[-52.79614888499999,-17.83687111144911],[-52.79634024499995,-17.837253831449114],[-52.79748839499996,-17.837827891449102],[-52.79901925499996,-17.83821062144911],[-52.800550114999965,-17.83859332144909],[-52.80246369499997,-17.838593331449097],[-52.80311153399998,-17.8384082424491],[-52.80380320499995,-17.83821061144911],[-52.806099504999956,-17.83821061144911],[-52.808395794999974,-17.838019261449087],[-52.811648874999946,-17.837636541449086],[-52.813371103999934,-17.838593331449097],[-52.815093324999964,-17.839932842449034],[-52.817006903999975,-17.841080982449],[-52.817963694999946,-17.842037771449014],[-52.818537764999974,-17.84375998144894],[-52.81930319499998,-17.84605628144889],[-52.81892048399993,-17.84777850144888],[-52.81901097399997,-17.848140461448832],[-52.819430103999935,-17.848727252448807]],[[-53.00899199999998,-17.90254199944742],[-52.975724999999954,-17.89725299944755],[-52.96835599999997,-17.891710999447657],[-52.96431699999994,-17.87988299944798],[-52.953243999999984,-17.869038999448254],[-52.93189199999995,-17.863143999448464],[-52.917182999999966,-17.863393999448444],[-52.910927999999956,-17.867293999448332],[-52.90314999999998,-17.865791999448348],[-52.88385599999998,-17.870755999448253],[-52.862768999999965,-17.882182999447913],[-52.85304199999995,-17.8978749994475],[-52.84556099999997,-17.898738999447506],[-52.84274399999998,-17.910988999447177],[-52.83406899999994,-17.919085999446928],[-52.82648599999993,-17.945949999446253],[-52.83128599999998,-17.956841999445924],[-52.830641999999955,-17.97176699944552],[-52.813193999999946,-17.98981699944506],[-52.813741999999934,-18.014924999444382],[-52.807530999999976,-18.022032999444207],[-52.81562199999996,-18.03781099944379],[-52.807316999999955,-18.048224999443494],[-52.79975799999994,-18.048224999443494],[-52.801946999999984,-18.054230999443337],[-52.79096099999998,-18.054349999443318],[-52.784816999999975,-18.069566999442934],[-52.77799199999998,-18.072977999442866],[-52.77963099999994,-18.080832999442602],[-52.775991999999974,-18.091202999442352],[-52.77293599999996,-18.090052999442385],[-52.77165799999994,-18.093888999442264],[-52.765402999999935,-18.09567799944225],[-52.76389999999998,-18.10544699944199],[-52.75414999999998,-18.113185999441747],[-52.75125299999996,-18.12194699944155],[-52.74492499999997,-18.124563999441484],[-52.74525799999998,-18.128999999441366],[-52.739555999999936,-18.129180999441353],[-52.73554199999995,-18.1348329994412],[-52.76160599999997,-18.348707999435504],[-52.79644399999995,-18.328916999436032],[-52.825513999999934,-18.325527999436144],[-52.878124999999955,-18.327649999436083],[-52.93149699999998,-18.307513999436633],[-52.974577999999944,-18.30820599943658],[-52.97575299999995,-18.295746999436922],[-52.99472499999996,-18.298643999436866],[-53.00758099999996,-18.293241999437],[-53.02807199999996,-18.293768999436963],[-53.03608899999995,-18.288655999437115],[-53.032043999999985,-18.28064199943732],[-53.03616399999999,-18.266721999437703],[-53.031777999999974,-18.257307999437966],[-53.001038999999935,-18.24491699943825],[-53.020149999999944,-18.24313299943831],[-53.02833599999997,-18.237941999438483],[-53.03930299999996,-18.219971999438904],[-53.044074999999964,-18.195946999439553],[-53.06585799999993,-18.166032999440382],[-53.07068899999995,-18.14895799944081],[-53.11268599999994,-18.114066999441768],[-53.11809999999997,-18.102841999442045],[-53.11468099999996,-18.08816099944244],[-53.097868999999946,-18.08145799944261],[-53.01981699999993,-18.02533599944414],[-53.00230799999997,-17.983974999445188],[-53.00382199999996,-17.930491999446637],[-53.00899199999998,-17.90254199944742]]]},"properties":{"OBJECTID":5,"NOME_UC":"Parque Nacional das Emas","Shape.STArea()":0.22488035026838404,"Shape.STLength()":5.027087114813579,"Field":null,"__atlas_capturado_em":"2026-08-10T23:53:12.285Z","__atlas_fonte_servico":"https://www.pinms.ms.gov.br/arcgis/rest/services/IMASUL/SiriemaGeo_Sisla/MapServer","__atlas_layer_id":4}},{"type":"Feature","id":6,"geometry":{"type":"Polygon","coordinates":[[[-53.003916999999944,-18.51937499943104],[-53.004043999999965,-18.519055999431068],[-53.004080999999985,-18.51896699943107],[-53.00411699999995,-18.51887799943107],[-53.00413599999996,-18.51883599943105],[-53.004152999999974,-18.518796999431046],[-53.00419199999993,-18.51870799943105],[-53.00423299999994,-18.518618999431045],[-53.004249999999956,-18.518580999431027],[-53.00426899999996,-18.518538999431076],[-53.00431099999997,-18.518452999431076],[-53.00435299999998,-18.518366999431063],[-53.00437499999998,-18.51832499943106],[-53.00439399999993,-18.518285999431036],[-53.004438999999934,-18.518199999431083],[-53.00448299999994,-18.51811699943107],[-53.004505999999935,-18.51807499943107],[-53.00452799999994,-18.518035999431046],[-53.00457499999993,-18.517952999431092],[-53.00462199999998,-18.517868999431077],[-53.004643999999985,-18.51783099943106],[-53.004666999999976,-18.517791999431058],[-53.00471699999997,-18.517710999431092],[-53.00476699999996,-18.517627999431074],[-53.00479199999995,-18.517588999431066],[-53.00481699999995,-18.517552999431093],[-53.004868999999985,-18.517471999431066],[-53.004921999999965,-18.5173919994311],[-53.004946999999966,-18.517352999431086],[-53.00497199999996,-18.517316999431063],[-53.00502799999998,-18.517238999431097],[-53.005082999999956,-18.51715799943107],[-53.00510799999995,-18.517121999431108],[-53.00513299999995,-18.517085999431085],[-53.005191999999965,-18.517007999431115],[-53.00524999999993,-18.51693299943108],[-53.00527799999997,-18.51689699943112],[-53.00530299999997,-18.51686099943109],[-53.005363999999986,-18.516785999431114],[-53.005424999999946,-18.516710999431076],[-53.00545299999993,-18.516674999431114],[-53.005480999999975,-18.516691999431128],[-53.005543999999986,-18.51676699943111],[-53.00560599999994,-18.51649399943112],[-53.00563599999998,-18.51646099943109],[-53.00566399999997,-18.51642799943112],[-53.005730999999976,-18.516355999431127],[-53.00579399999998,-18.516282999431088],[-53.005824999999966,-18.516252999431106],[-53.00585599999994,-18.516216999431094],[-53.00592199999995,-18.51614999943114],[-53.00598899999994,-18.5160809994311],[-53.00602199999997,-18.516046999431126],[-53.006052999999945,-18.51601699943114],[-53.00612199999995,-18.51594999943114],[-53.00618899999995,-18.515882999431142],[-53.00622199999998,-18.515852999431107],[-53.006255999999944,-18.51581899943113],[-53.00632799999994,-18.51575599943113],[-53.006396999999936,-18.51569199943112],[-53.00643299999996,-18.51566099943114],[-53.00646399999993,-18.51563099943111],[-53.00653899999998,-18.51556899943115],[-53.006610999999964,-18.51550599943114],[-53.00664699999999,-18.51547799943116],[-53.00668099999996,-18.51544699943112],[-53.00675599999994,-18.515388999431153],[-53.00683099999998,-18.515327999431143],[-53.00686399999996,-18.515299999431157],[-53.00689999999997,-18.51527199943117],[-53.00697799999994,-18.51521399943115],[-53.007052999999985,-18.515155999431116],[-53.007091999999936,-18.515130999431136],[-53.00712799999996,-18.515102999431146],[-53.00720599999994,-18.515046999431185],[-53.00728299999997,-18.51499199943114],[-53.00732199999993,-18.514966999431152],[-53.007357999999954,-18.51494199943116],[-53.00743899999998,-18.514888999431175],[-53.00751699999995,-18.514835999431142],[-53.00755799999996,-18.514810999431152],[-53.00759399999998,-18.51478599943116],[-53.007674999999956,-18.514735999431167],[-53.00775799999997,-18.514685999431126],[-53.00779699999998,-18.51466399943118],[-53.00783599999994,-18.51464199943118],[-53.00791899999996,-18.514591999431136],[-53.008002999999974,-18.514543999431144],[-53.00804199999993,-18.51452499943114],[-53.00808099999995,-18.514499999431145],[-53.00816699999996,-18.514457999431137],[-53.008249999999975,-18.51441099943115],[-53.00829199999999,-18.514391999431144],[-53.00833099999994,-18.514368999431138],[-53.00841699999995,-18.51432799943119],[-53.00850299999996,-18.514285999431184],[-53.00854399999997,-18.514266999431175],[-53.00858299999993,-18.514246999431172],[-53.00867199999993,-18.514207999431154],[-53.00875799999994,-18.51416699943115],[-53.008799999999944,-18.514149999431197],[-53.00884199999996,-18.51413099943117],[-53.00893099999996,-18.51409399943116],[-53.00901899999997,-18.51405799943119],[-53.009060999999974,-18.514041999431182],[-53.00910299999998,-18.514024999431165],[-53.00919199999999,-18.513988999431195],[-53.00928299999998,-18.51395599943117],[-53.00932499999993,-18.513938999431165],[-53.00936699999995,-18.513924999431204],[-53.00945799999994,-18.513893999431158],[-53.00954999999993,-18.51386099943118],[-53.00959199999995,-18.51384699943117],[-53.00963299999995,-18.513832999431195],[-53.009724999999946,-18.513805999431153],[-53.00981699999995,-18.513777999431163],[-53.009860999999944,-18.513763999431198],[-53.00990299999996,-18.513752999431176],[-53.00999699999994,-18.51372499943119],[-53.01008899999994,-18.513699999431207],[-53.01013299999994,-18.513688999431178],[-53.01017499999995,-18.5136779994312],[-53.01026899999993,-18.513655999431194],[-53.01036399999998,-18.5136329994312],[-53.01040799999999,-18.513621999431173],[-53.01044999999994,-18.51361399943119],[-53.01054399999998,-18.513591999431185],[-53.01063899999997,-18.513571999431182],[-53.01068299999997,-18.513563999431206],[-53.01072799999997,-18.513555999431173],[-53.01082199999996,-18.51353899943121],[-53.01091699999995,-18.513521999431195],[-53.01096099999995,-18.51351699943121],[-53.01100599999995,-18.513507999431184],[-53.01109999999995,-18.513493999431216],[-53.01119699999999,-18.513480999431202],[-53.01124199999999,-18.513474999431203],[-53.011285999999984,-18.51346899943116],[-53.01138099999997,-18.513457999431186],[-53.01147499999996,-18.513446999431164],[-53.011521999999964,-18.51344399943118],[-53.01156699999995,-18.513438999431195],[-53.01166099999995,-18.513432999431195],[-53.011757999999986,-18.513421999431163],[-53.011802999999986,-18.513421999431174],[-53.01184699999993,-18.513416999431186],[-53.011941999999976,-18.513413999431183],[-53.01203899999996,-18.51340799943121],[-53.01208299999996,-18.51340799943121],[-53.01212799999996,-18.513405999431203],[-53.01221699999997,-18.513402999431218],[-53.01223299999998,-18.513402999431218],[-53.01226699999995,-18.513399999431172],[-53.01229999999998,-18.51339399943118],[-53.01240799999994,-18.513385999431208],[-53.01251399999995,-18.513377999431164],[-53.012546999999984,-18.513374999431175],[-53.01258299999995,-18.513374999431175],[-53.012688999999966,-18.51336899943119],[-53.01279699999997,-18.513363999431203],[-53.01283099999994,-18.513360999431217],[-53.01286399999998,-18.51336099943121],[-53.01297199999994,-18.513357999431214],[-53.01307799999995,-18.513357999431214],[-53.01311099999998,-18.513357999431214],[-53.01314699999995,-18.513357999431225],[-53.01325299999996,-18.513357999431214],[-53.013360999999975,-18.51336099943121],[-53.01339399999995,-18.51336099943121],[-53.013427999999976,-18.51336099943121],[-53.01353599999993,-18.513366999431195],[-53.01364199999995,-18.513371999431186],[-53.01367499999998,-18.513374999431175],[-53.013710999999944,-18.513374999431175],[-53.01381699999995,-18.51338299943121],[-53.01392499999997,-18.51339199943118],[-53.013957999999946,-18.51339399943118],[-53.013991999999966,-18.51339699943118],[-53.014096999999936,-18.5134109994312],[-53.01420299999995,-18.513421999431163],[-53.014238999999975,-18.51342499943117],[-53.01427199999995,-18.513427999431208],[-53.01437799999996,-18.513443999431168],[-53.014399999999966,-18.513446999431164],[-53.01441099999994,-18.513449999431213],[-53.01442199999997,-18.513449999431202],[-53.01448299999999,-18.513457999431186],[-53.01454199999995,-18.51346699943117],[-53.01461699999999,-18.51348099943119],[-53.01469199999997,-18.51349199943116],[-53.01475599999998,-18.51350299943119],[-53.01481899999993,-18.513513999431165],[-53.01489399999997,-18.513527999431187],[-53.014966999999956,-18.513541999431215],[-53.01503299999996,-18.51355799943117],[-53.01509699999997,-18.513568999431193],[-53.01516899999996,-18.513585999431207],[-53.01524399999994,-18.513602999431168],[-53.01530799999995,-18.51361899943118],[-53.01537199999996,-18.513632999431202],[-53.015443999999945,-18.5136529994312],[-53.01551699999993,-18.513671999431164],[-53.01557799999994,-18.513688999431178],[-53.01563599999998,-18.513702999431192],[-53.01568899999995,-18.513718999431212],[-53.01573899999994,-18.513732999431166],[-53.01580599999994,-18.513752999431176],[-53.01587199999994,-18.51377199943119],[-53.015938999999946,-18.513791999431188],[-53.016010999999935,-18.5138139994312],[-53.016074999999944,-18.513835999431198],[-53.016138999999946,-18.5138559994312],[-53.01620799999995,-18.513880999431198],[-53.01627799999995,-18.513902999431192],[-53.01634199999995,-18.513927999431182],[-53.01640599999996,-18.51394999943118],[-53.01647499999996,-18.513974999431184],[-53.01679199999995,-18.51399999943117],[-53.01672799999995,-18.514024999431165],[-53.01666899999998,-18.51404999943116],[-53.01673599999998,-18.514077999431144],[-53.01680299999998,-18.51410799943119],[-53.016866999999934,-18.514132999431176],[-53.01693099999994,-18.514160999431162],[-53.01699699999995,-18.514191999431194],[-53.017060999999956,-18.51422199943118],[-53.017124999999965,-18.514249999431158],[-53.01718599999998,-18.514277999431144],[-53.01724999999993,-18.514310999431185],[-53.017316999999935,-18.514341999431156],[-53.01737799999995,-18.51437499943118],[-53.01743899999997,-18.514405999431162],[-53.01750299999998,-18.514438999431196],[-53.017566999999985,-18.514471999431162],[-53.017627999999945,-18.51450599943113],[-53.01768599999997,-18.514538999431164],[-53.01773599999995,-18.51456699943115],[-53.01775299999997,-18.51457799943118],[-53.01777199999998,-18.514585999431166],[-53.01787499999995,-18.514646999431168],[-53.01798099999997,-18.51470799943113],[-53.01799699999998,-18.514718999431164],[-53.018016999999986,-18.51472799943114],[-53.01811699999996,-18.51479399943114],[-53.01821899999993,-18.51485799943115],[-53.018235999999945,-18.514868999431172],[-53.01825599999995,-18.514880999431153],[-53.01835599999998,-18.514946999431142],[-53.01845599999996,-18.515013999431144],[-53.01847199999998,-18.515024999431166],[-53.01848899999993,-18.515035999431138],[-53.01858599999998,-18.515107999431137],[-53.01868599999995,-18.51517799943112],[-53.01869999999997,-18.515188999431153],[-53.01871699999998,-18.51520299943112],[-53.01881399999996,-18.515274999431153],[-53.018907999999946,-18.51534999943114],[-53.01892499999997,-18.51536099943111],[-53.018941999999974,-18.51537499943114],[-53.01898099999994,-18.515405999431113],[-53.01907199999994,-18.51548099943115],[-53.019163999999925,-18.515555999431133],[-53.01918099999994,-18.51556899943115],[-53.01919699999996,-18.515582999431114],[-53.019285999999965,-18.51566099943114],[-53.01937799999996,-18.515738999431115],[-53.01939399999998,-18.51575599943113],[-53.019410999999934,-18.515768999431153],[-53.019496999999944,-18.51584999943112],[-53.019582999999955,-18.515930999431134],[-53.01959999999997,-18.515946999431158],[-53.01961699999998,-18.515960999431112],[-53.01969999999995,-18.516046999431126],[-53.019785999999954,-18.51612799943115],[-53.019799999999975,-18.516143999431105],[-53.01981699999993,-18.51616099943112],[-53.01989999999994,-18.51624699943113],[-53.01991099999998,-18.516257999431105],[-53.019957999999974,-18.516302999431094],[-53.01996099999997,-18.516307999431138],[-53.01996399999996,-18.516310999431127],[-53.02006099999994,-18.51640799943111],[-53.020157999999974,-18.516502999431093],[-53.02016099999997,-18.516507999431084],[-53.020163999999966,-18.51651099943113],[-53.020257999999956,-18.516724999431098],[-53.02034999999995,-18.51670799943109],[-53.02035799999993,-18.51671399943113],[-53.02039199999996,-18.516752999431084],[-53.02041099999997,-18.51677499943108],[-53.02043099999998,-18.516796999431087],[-53.02050299999996,-18.516880999431095],[-53.020577999999944,-18.516963999431116],[-53.02059699999995,-18.516985999431117],[-53.020613999999966,-18.517007999431115],[-53.020685999999955,-18.517093999431072],[-53.02075799999995,-18.517180999431076],[-53.020774999999965,-18.517202999431085],[-53.020793999999974,-18.517227999431064],[-53.02086099999997,-18.517316999431063],[-53.02093099999996,-18.51740299943107],[-53.020935999999956,-18.51741099943111],[-53.020966999999985,-18.517446999431076],[-53.020988999999986,-18.517471999431066],[-53.02100599999994,-18.517488999431087],[-53.02101899999996,-18.51750599943109],[-53.02109999999993,-18.517593999431096],[-53.02117799999996,-18.517682999431102],[-53.021191999999985,-18.51769999943105],[-53.021207999999945,-18.517716999431073],[-53.02128299999998,-18.517807999431056],[-53.021357999999964,-18.51789699943107],[-53.021371999999985,-18.517916999431073],[-53.02138599999995,-18.517932999431093],[-53.02146099999993,-18.518027999431077],[-53.02153299999998,-18.518118999431074],[-53.02154699999994,-18.518138999431063],[-53.02156099999996,-18.518155999431084],[-53.02163099999996,-18.518252999431066],[-53.02169999999995,-18.51834699943106],[-53.021713999999974,-18.518366999431063],[-53.02172799999994,-18.518385999431068],[-53.02179399999994,-18.518482999431054],[-53.021860999999944,-18.51858099943102],[-53.02187199999998,-18.518599999431036],[-53.02188599999994,-18.518616999431046],[-53.02194999999995,-18.518716999431074],[-53.022013999999956,-18.518816999431046],[-53.022024999999985,-18.51883599943106],[-53.02203599999995,-18.518855999431064],[-53.02209699999997,-18.51895799943103],[-53.02212199999997,-18.51899999943103],[-53.02218899999997,-18.51908599943105],[-53.02219199999996,-18.519088999431034],[-53.02227499999998,-18.519199999431045],[-53.02236099999993,-18.519310999431035],[-53.02236099999993,-18.519313999431024],[-53.02241399999997,-18.519385999431023],[-53.02242799999994,-18.519402999431037],[-53.02247799999998,-18.51947199943102],[-53.022527999999966,-18.519535999431028],[-53.02254699999997,-18.519563999431018],[-53.022607999999934,-18.519635999431],[-53.02263599999998,-18.519671999431026],[-53.02266399999996,-18.519705999430997],[-53.02268299999998,-18.519732999431035],[-53.02270299999998,-18.519757999431043],[-53.022730999999965,-18.519791999431007],[-53.02275799999995,-18.519824999431037],[-53.022816999999975,-18.519902999431004],[-53.02287499999994,-18.519982999431026],[-53.022902999999985,-18.520016999431],[-53.022927999999986,-18.520049999431027],[-53.022982999999954,-18.520130999431],[-53.023041999999975,-18.520210999431026],[-53.02306399999998,-18.52024699943098],[-53.02308899999997,-18.520282999431007],[-53.02309999999994,-18.520296999431036],[-53.02315799999997,-18.520377999430988],[-53.023166999999944,-18.52038899943102],[-53.02317499999998,-18.520399999430992],[-53.02324699999997,-18.52050599943101],[-53.02331699999996,-18.520610999431014],[-53.02332499999994,-18.520621999430993],[-53.02333299999998,-18.52063299943102],[-53.02339999999998,-18.520741999430975],[-53.023466999999975,-18.520849999430975],[-53.02347499999996,-18.520860999431008],[-53.02348299999994,-18.52087199943098],[-53.02354699999995,-18.520982999430977],[-53.023552999999936,-18.520993999431],[-53.023571999999945,-18.521016999431012],[-53.02363299999996,-18.521096999430974],[-53.02369399999998,-18.52117199943101],[-53.023721999999964,-18.52120799943097],[-53.023746999999965,-18.521238999431013],[-53.023805999999986,-18.521318999430974],[-53.023863999999946,-18.521399999431],[-53.02388899999994,-18.521432999430974],[-53.023913999999934,-18.521466999431],[-53.02396899999997,-18.52154999943096],[-53.02402499999994,-18.52163099943098],[-53.02404699999994,-18.52166699943099],[-53.02407199999993,-18.52169999943097],[-53.02412499999997,-18.52178299943099],[-53.02417799999995,-18.521866999430944],[-53.02419999999995,-18.521902999430957],[-53.024224999999944,-18.52193899943099],[-53.02427499999993,-18.522024999430936],[-53.024324999999976,-18.52210799943096],[-53.02434699999998,-18.52214399943097],[-53.024366999999984,-18.522180999430933],[-53.02441699999997,-18.522266999430943],[-53.024463999999966,-18.52235299943095],[-53.02448599999997,-18.522391999430965],[-53.024505999999974,-18.522427999430928],[-53.02454999999998,-18.522516999430934],[-53.024596999999964,-18.52260299943094],[-53.024613999999985,-18.52264199943096],[-53.02463299999994,-18.52267799943091],[-53.024674999999945,-18.522768999430966],[-53.02471899999995,-18.522857999430915],[-53.02473599999997,-18.522896999430923],[-53.02475599999997,-18.522932999430946],[-53.024793999999986,-18.52302499943094],[-53.024832999999944,-18.523116999430936],[-53.02484999999996,-18.52315599943095],[-53.02486699999997,-18.523191999430917],[-53.02490299999994,-18.523285999430904],[-53.02494199999995,-18.523377999430956],[-53.024955999999975,-18.523416999430907],[-53.024971999999934,-18.523455999430922],[-53.02500599999996,-18.523546999430923],[-53.025038999999936,-18.523641999430904],[-53.02505299999996,-18.523680999430933],[-53.02506699999997,-18.52372199943093],[-53.02509999999995,-18.523813999430924],[-53.02513099999993,-18.523907999430907],[-53.02514199999996,-18.523949999430915],[-53.02515599999998,-18.523988999430923],[-53.02518299999997,-18.524082999430917],[-53.02521399999995,-18.5241779994309],[-53.02522499999998,-18.524218999430914],[-53.02523599999995,-18.52426099943093],[-53.025260999999944,-18.5243559994309],[-53.02528599999994,-18.52444999943089],[-53.02529699999996,-18.524491999430904],[-53.025305999999944,-18.52453299943091],[-53.025327999999945,-18.52462799943089],[-53.025349999999946,-18.52472499943087],[-53.02535799999999,-18.52476699943087],[-53.025368999999955,-18.524807999430887],[-53.02538899999996,-18.524905999430867],[-53.02540799999996,-18.525002999430907],[-53.025413999999955,-18.525043999430913],[-53.025421999999935,-18.525085999430857],[-53.02543899999995,-18.525182999430893],[-53.025455999999956,-18.525280999430873],[-53.02546099999995,-18.52532199943088],[-53.025466999999935,-18.52536399943089],[-53.02548099999996,-18.525460999430866],[-53.02549399999998,-18.525560999430898],[-53.02549699999997,-18.525602999430856],[-53.02550299999996,-18.525641999430857],[-53.025513999999994,-18.525741999430892],[-53.02552199999997,-18.52583899943088],[-53.02552799999995,-18.52588299943088],[-53.025530999999944,-18.525924999430877],[-53.02553599999993,-18.526021999430863],[-53.02554399999997,-18.526121999430828],[-53.02554699999996,-18.526163999430832],[-53.02554999999995,-18.526205999430847],[-53.025552999999945,-18.526305999430868],[-53.02555799999993,-18.52640299943086],[-53.02555799999993,-18.52644699943086],[-53.02555799999993,-18.526488999430867],[-53.02555799999993,-18.526585999430846],[-53.02556099999999,-18.526685999430825],[-53.025557999999926,-18.52672799943082],[-53.02556099999998,-18.526768999430825],[-53.02555799999993,-18.52686899943086],[-53.02555599999993,-18.526966999430837],[-53.025552999999945,-18.527010999430825],[-53.02554999999995,-18.527052999430843],[-53.02554399999997,-18.52714999943083],[-53.02553899999999,-18.527249999430843],[-53.02553599999994,-18.5272919994308],[-53.02553299999994,-18.527332999430808],[-53.02552499999996,-18.52743299943084],[-53.02551699999998,-18.527530999430816],[-53.02551099999994,-18.527571999430833],[-53.025507999999945,-18.527613999430834],[-53.02549699999997,-18.527713999430805],[-53.025485999999944,-18.527810999430784],[-53.025477999999964,-18.52785299943079],[-53.02547499999997,-18.5278939994308],[-53.02545799999996,-18.52799199943078],[-53.02544399999994,-18.52809199943081],[-53.02543599999996,-18.528132999430817],[-53.02543099999997,-18.528174999430828],[-53.02541099999996,-18.528271999430803],[-53.02539399999995,-18.528368999430793],[-53.02538599999997,-18.528410999430793],[-53.02537799999993,-18.528449999430805],[-53.02535799999998,-18.52854699943078],[-53.02533599999998,-18.52864399943076],[-53.02532799999995,-18.528685999430778],[-53.02531699999997,-18.528727999430775],[-53.02529199999998,-18.528821999430768],[-53.02526899999998,-18.528918999430797],[-53.02525799999996,-18.52895799943075],[-53.02524699999998,-18.52899999943077],[-53.02522199999999,-18.529093999430753],[-53.02519399999995,-18.529191999430783],[-53.02518299999997,-18.529230999430805],[-53.025168999999956,-18.529271999430748],[-53.02513899999997,-18.52936699943079],[-53.02511099999999,-18.529460999430782],[-53.02509699999996,-18.529499999430744],[-53.02508299999994,-18.52953899943076],[-53.025049999999965,-18.52963299943073],[-53.025016999999934,-18.529727999430786],[-53.02500299999997,-18.529766999430734],[-53.024988999999955,-18.52980599943075],[-53.02495299999998,-18.52989699943075],[-53.02491699999996,-18.529988999430746],[-53.024899999999946,-18.53002799943075],[-53.02488599999998,-18.53006899943076],[-53.024846999999966,-18.530157999430756],[-53.02480799999995,-18.53024999943076],[-53.024791999999934,-18.530288999430777],[-53.02477499999998,-18.530327999430725],[-53.02473299999997,-18.53041699943072],[-53.02469199999996,-18.53050799943072],[-53.024671999999946,-18.530543999430755],[-53.024655999999936,-18.530582999430752],[-53.02461099999994,-18.530671999430762],[-53.024566999999934,-18.53076099943072],[-53.02454699999999,-18.530796999430734],[-53.024527999999975,-18.530835999430742],[-53.02448099999998,-18.53092199943076],[-53.02443299999993,-18.531007999430706],[-53.024410999999986,-18.531046999430714],[-53.02439199999998,-18.531082999430744],[-53.02434199999993,-18.53116699943075],[-53.024291999999946,-18.531252999430702],[-53.02426899999995,-18.531288999430725],[-53.02424999999994,-18.53132499943075],[-53.024196999999965,-18.531410999430705],[-53.02414399999998,-18.531493999430715],[-53.02412199999998,-18.531527999430732],[-53.02409699999998,-18.531563999430702],[-53.02404199999996,-18.531646999430723],[-53.02398899999997,-18.53172799943069],[-53.02396399999998,-18.531763999430705],[-53.023938999999984,-18.531799999430724],[-53.023882999999955,-18.5318779994307],[-53.02382499999994,-18.531960999430716],[-53.02379999999994,-18.53199199943069],[-53.023774999999944,-18.532027999430706],[-53.023713999999984,-18.532105999430687],[-53.02365599999996,-18.532185999430716],[-53.02362799999998,-18.532216999430684],[-53.02360299999998,-18.532249999430714],[-53.02353899999997,-18.532327999430684],[-53.023477999999955,-18.53240299943067],[-53.02344999999997,-18.532435999430696],[-53.023421999999975,-18.532468999430666],[-53.02335799999998,-18.532541999430713],[-53.02329399999996,-18.532616999430683],[-53.02326399999998,-18.53264999943066],[-53.02323599999994,-18.53268099943069],[-53.02316899999994,-18.532752999430684],[-53.023102999999935,-18.53282499943068],[-53.02307499999995,-18.532855999430705],[-53.02304399999998,-18.532885999430682],[-53.022974999999974,-18.53295799943067],[-53.02290599999998,-18.53302799943067],[-53.02287499999994,-18.533057999430696],[-53.022846999999956,-18.533085999430682],[-53.02277499999997,-18.533155999430683],[-53.022702999999986,-18.533441999430693],[-53.02267199999994,-18.53341399943064],[-53.02264199999996,-18.533385999430656],[-53.02256699999998,-18.533346999430638],[-53.02249199999995,-18.53341399943065],[-53.022460999999964,-18.53343899943064],[-53.02242799999994,-18.53346699943068],[-53.02235299999995,-18.533532999430673],[-53.02227799999997,-18.533596999430635],[-53.02224399999995,-18.53362199943069],[-53.02221099999997,-18.533649999430672],[-53.02213299999993,-18.53371099943069],[-53.02205799999996,-18.53377199943064],[-53.02202199999993,-18.533796999430635],[-53.02198899999996,-18.533821999430636],[-53.021910999999925,-18.53388099943066],[-53.02183099999996,-18.53393899943067],[-53.02179699999993,-18.53396399943067],[-53.02176099999997,-18.53398899943066],[-53.021680999999944,-18.53404399943064],[-53.02159999999998,-18.53409999943066],[-53.021563999999955,-18.53412499943065],[-53.021527999999925,-18.53414699943065],[-53.021446999999974,-18.534199999430633],[-53.02136399999994,-18.53425599943066],[-53.02132799999998,-18.534277999430653],[-53.02129199999995,-18.534299999430647],[-53.02120599999995,-18.534349999430646],[-53.021121999999934,-18.534402999430622],[-53.021085999999976,-18.534421999430638],[-53.02104999999995,-18.534443999430632],[-53.02096099999994,-18.534491999430625],[-53.02087499999994,-18.534541999430612],[-53.02083899999996,-18.53456099943062],[-53.020802999999944,-18.534580999430627],[-53.02071399999995,-18.534624999430633],[-53.02062499999994,-18.534671999430618],[-53.02058899999998,-18.534688999430635],[-53.020549999999965,-18.534707999430644],[-53.02046099999996,-18.534752999430637],[-53.02037199999995,-18.534793999430647],[-53.02033299999994,-18.534810999430608],[-53.02029699999997,-18.53483099943061],[-53.02020599999997,-18.534868999430635],[-53.02011399999998,-18.534910999430632],[-53.02007499999997,-18.534924999430597],[-53.02003599999994,-18.534941999430607],[-53.019943999999946,-18.534980999430633],[-53.019852999999955,-18.535016999430642],[-53.01981399999994,-18.53503299943061],[-53.01977499999998,-18.535046999430634],[-53.019682999999986,-18.5350809994306],[-53.01958899999994,-18.53511699943062],[-53.01954999999998,-18.535130999430642],[-53.01951099999996,-18.53514399943061],[-53.01941399999999,-18.53517499943064],[-53.01932199999994,-18.53520799943061],[-53.01928099999997,-18.53521899943058],[-53.01924199999997,-18.53523299943062],[-53.01914699999997,-18.535260999430598],[-53.019052999999985,-18.535288999430637],[-53.019010999999985,-18.53529999943061],[-53.01897199999996,-18.535310999430635],[-53.01887499999999,-18.535335999430632],[-53.01877799999994,-18.535360999430615],[-53.01873899999999,-18.5353719994306],[-53.018696999999975,-18.53538299943062],[-53.018599999999935,-18.535402999430637],[-53.018505999999945,-18.53542799943062],[-53.01846399999994,-18.535435999430597],[-53.01842199999999,-18.535443999430584],[-53.01832499999995,-18.53546399943059],[-53.018227999999965,-18.53548299943059],[-53.01818599999996,-18.535488999430576],[-53.01814399999995,-18.535496999430613],[-53.01804699999997,-18.535513999430638],[-53.017949999999985,-18.535530999430595],[-53.017907999999984,-18.535535999430635],[-53.01786699999996,-18.53554199943061],[-53.01650799999993,-18.535738999430627],[-53.01644999999996,-18.535746999430604],[-53.01638899999995,-18.535757999430576],[-53.01630799999998,-18.535766999430614],[-53.01622799999996,-18.53577499943059],[-53.016168999999934,-18.535782999430626],[-53.01610799999998,-18.535788999430615],[-53.01602799999995,-18.535796999430588],[-53.01594699999998,-18.535802999430576],[-53.01588899999996,-18.535807999430627],[-53.01582799999994,-18.53581099943061],[-53.015746999999976,-18.535816999430594],[-53.015666999999944,-18.535821999430585],[-53.015605999999934,-18.53582499943057],[-53.01554399999998,-18.535827999430623],[-53.01546399999996,-18.535827999430623],[-53.01538599999998,-18.53583099943063],[-53.01532499999996,-18.535832999430614],[-53.015263999999945,-18.535832999430614],[-53.01518299999998,-18.535832999430607],[-53.015102999999954,-18.535832999430614],[-53.01504199999994,-18.53583099943062],[-53.01498099999998,-18.53583099943062],[-53.014899999999955,-18.53582499943057],[-53.01481899999993,-18.53582499943057],[-53.014760999999964,-18.53581899943059],[-53.01469999999995,-18.535816999430594],[-53.01461899999998,-18.53581099943061],[-53.01453899999996,-18.535807999430627],[-53.01447799999994,-18.535802999430576],[-53.01441699999998,-18.535796999430595],[-53.01433899999995,-18.535788999430615],[-53.01425799999998,-18.535780999430568],[-53.01419699999997,-18.53577499943059],[-53.01413599999995,-18.535766999430606],[-53.01405799999998,-18.535757999430576],[-53.013977999999945,-18.535746999430604],[-53.013916999999935,-18.53573599943058],[-53.01385799999998,-18.53572799943059],[-53.013777999999945,-18.535716999430633],[-53.01369999999997,-18.5357029994306],[-53.013638999999955,-18.535691999430583],[-53.013577999999946,-18.5356829994306],[-53.013499999999965,-18.535666999430596],[-53.013421999999935,-18.53564999943062],[-53.013360999999975,-18.535638999430592],[-53.01330299999995,-18.535624999430638],[-53.01322499999998,-18.535607999430617],[-53.01314699999995,-18.53558899943061],[-53.01308599999999,-18.535574999430587],[-53.01302799999996,-18.535560999430626],[-53.01294999999993,-18.53554199943061],[-53.01287199999996,-18.535521999430614],[-53.012813999999935,-18.535502999430605],[-53.012755999999975,-18.535488999430576],[-53.01267799999994,-18.53546399943059],[-53.01259999999996,-18.53544199943059],[-53.01254199999994,-18.535424999430624],[-53.01248599999997,-18.535407999430614],[-53.01240799999994,-18.535380999430625],[-53.012332999999956,-18.53535599943064],[-53.01227499999993,-18.535335999430625],[-53.012216999999964,-18.53531699943063],[-53.01214199999998,-18.535288999430637],[-53.012066999999945,-18.535260999430598],[-53.01201099999997,-18.535238999430593],[-53.01195299999994,-18.53521699943059],[-53.011877999999975,-18.535188999430613],[-53.011802999999986,-18.535157999430634],[-53.01174699999996,-18.535132999430637],[-53.01169199999998,-18.535110999430643],[-53.01161899999994,-18.535077999430612],[-53.01154399999996,-18.535046999430634],[-53.01148899999998,-18.53502199943064],[-53.011432999999954,-18.534996999430646],[-53.011360999999965,-18.534960999430613],[-53.01128899999998,-18.534927999430654],[-53.01123599999994,-18.53489999943061],[-53.011180999999965,-18.534874999430613],[-53.01110799999998,-18.534835999430598],[-53.01103599999993,-18.534799999430636],[-53.010982999999946,-18.534771999430653],[-53.01093099999998,-18.53474199943061],[-53.01086099999997,-18.53470299943066],[-53.01078899999993,-18.53466399943063],[-53.01073599999995,-18.534632999430606],[-53.01068299999998,-18.53460299943063],[-53.01061699999997,-18.534560999430614],[-53.010546999999974,-18.534521999430662],[-53.01049399999994,-18.534488999430625],[-53.010441999999955,-18.534457999430654],[-53.010374999999954,-18.53441399943065],[-53.01030799999995,-18.534371999430647],[-53.010257999999965,-18.53433599943062],[-53.01020799999998,-18.534302999430647],[-53.01014199999997,-18.53425799943065],[-53.01007499999997,-18.53421399943065],[-53.010024999999985,-18.534177999430632],[-53.00997499999994,-18.534141999430663],[-53.00991099999993,-18.534093999430674],[-53.00984399999999,-18.534046999430625],[-53.009796999999935,-18.534010999430667],[-53.00974699999995,-18.533974999430637],[-53.00968599999993,-18.533924999430653],[-53.00962199999998,-18.53387499943066],[-53.00957499999999,-18.533835999430654],[-53.00952799999993,-18.533799999430624],[-53.00946699999997,-18.533746999430655],[-53.00940299999996,-18.533696999430664],[-53.009357999999956,-18.533655999430646],[-53.00931099999997,-18.533616999430638],[-53.009252999999944,-18.53356399943066],[-53.009191999999985,-18.533510999430682],[-53.00914699999998,-18.53346899943068],[-53.00910299999998,-18.533427999430668],[-53.00904399999996,-18.533371999430642],[-53.008985999999936,-18.53334999943064],[-53.008941999999934,-18.53339199943065],[-53.00889999999998,-18.533432999430648],[-53.00884199999996,-18.53317499943068],[-53.008785999999986,-18.53311699943067],[-53.00874399999998,-18.533074999430657],[-53.00869999999997,-18.533030999430657],[-53.00864699999993,-18.532971999430696],[-53.00859199999997,-18.53291399943068],[-53.00854999999996,-18.53286699943068],[-53.00851099999994,-18.532821999430674],[-53.00845799999996,-18.532760999430664],[-53.00840299999994,-18.5327029994307],[-53.008366999999964,-18.532655999430702],[-53.00832499999996,-18.532607999430724],[-53.00827499999996,-18.532546999430703],[-53.00822499999998,-18.532485999430683],[-53.00818599999997,-18.532435999430696],[-53.00814699999996,-18.532388999430694],[-53.008099999999956,-18.532324999430692],[-53.00804999999997,-18.53226399943068],[-53.008013999999946,-18.532213999430702],[-53.00797799999998,-18.53216399943071],[-53.007930999999985,-18.532099999430706],[-53.00788299999993,-18.532035999430693],[-53.00784999999997,-18.53198599943071],[-53.00781399999993,-18.53193599943073],[-53.00631099999999,-18.529743999430742],[-53.00629699999996,-18.529724999430734],[-53.00628299999994,-18.52970599943078],[-53.00621899999993,-18.52960799943075],[-53.00615299999998,-18.529507999430773],[-53.00614199999995,-18.52948899943077],[-53.00612799999994,-18.529468999430765],[-53.00606699999998,-18.529368999430794],[-53.00600599999996,-18.529268999430762],[-53.00599399999999,-18.52924999943076],[-53.00598299999996,-18.529230999430798],[-53.00592199999994,-18.52912799943078],[-53.005863999999974,-18.52902499943076],[-53.005852999999945,-18.529002999430755],[-53.00584399999997,-18.52899199943079],[-53.00583299999994,-18.528977999430772],[-53.005771999999986,-18.528916999430805],[-53.005735999999956,-18.528874999430794],[-53.00569699999994,-18.528835999430783],[-53.005638999999974,-18.528771999430774],[-53.00558099999996,-18.528710999430757],[-53.005543999999986,-18.528666999430765],[-53.00550799999996,-18.528627999430796],[-53.00545299999993,-18.528560999430802],[-53.00539699999996,-18.5284969994308],[-53.00536099999994,-18.528455999430793],[-53.00532499999997,-18.528410999430793],[-53.005271999999934,-18.528343999430785],[-53.00521699999996,-18.528277999430784],[-53.00518299999993,-18.528235999430784],[-53.00514999999996,-18.52819199943077],[-53.00509699999998,-18.52812199943079],[-53.005046999999934,-18.528055999430787],[-53.00501399999996,-18.528010999430794],[-53.004980999999994,-18.527963999430792],[-53.00493099999994,-18.52789399943081],[-53.004880999999955,-18.527824999430816],[-53.004849999999976,-18.527780999430803],[-53.00481699999995,-18.527732999430814],[-53.00477199999994,-18.52766099943083],[-53.00472499999996,-18.52759199943084],[-53.00469399999997,-18.52754399943084],[-53.00466399999994,-18.527496999430852],[-53.00461899999994,-18.5274249994308],[-53.00457499999994,-18.527352999430818],[-53.004546999999945,-18.527302999430834],[-53.004516999999964,-18.52725799943083],[-53.00447499999996,-18.527182999430856],[-53.00443299999994,-18.527107999430804],[-53.00440599999996,-18.527060999430823],[-53.004377999999974,-18.527010999430825],[-53.00433899999996,-18.52693599943085],[-53.00429699999995,-18.52686099943083],[-53.004271999999965,-18.526810999430836],[-53.004246999999964,-18.52676099943085],[-53.00420799999994,-18.526685999430825],[-53.00417199999998,-18.526607999430837],[-53.00414699999993,-18.526557999430867],[-53.00412199999994,-18.526507999430866],[-53.004088999999965,-18.526430999430843],[-53.00405299999994,-18.526352999430866],[-53.00403099999994,-18.526299999430833],[-53.00400799999995,-18.526249999430846],[-53.00397499999997,-18.526171999430876],[-53.00394199999994,-18.526091999430854],[-53.00392199999994,-18.52604199943087],[-53.00389999999994,-18.525988999430886],[-53.00386899999995,-18.525907999430867],[-53.00383899999997,-18.525830999430895],[-53.00382199999996,-18.525777999430858],[-53.003799999999956,-18.52572499943088],[-53.00377499999997,-18.525643999430855],[-53.00374399999998,-18.525563999430894],[-53.003727999999974,-18.525510999430857],[-53.00371099999995,-18.525457999430888],[-53.00368599999996,-18.525374999430866],[-53.00366099999997,-18.525293999430893],[-53.00364399999995,-18.525241999430868],[-53.00362799999994,-18.52518899943088],[-53.00360599999994,-18.52510599943087],[-53.003582999999935,-18.52502199943091],[-53.00356899999998,-18.524968999430868],[-53.003552999999954,-18.52491699943089],[-53.00353599999994,-18.52483299943088],[-53.00351399999994,-18.524749999430867],[-53.00350299999997,-18.524693999430898],[-53.003488999999945,-18.52464199943091],[-53.00347199999993,-18.524557999430904],[-53.00345299999997,-18.524474999430886],[-53.003443999999945,-18.524418999430914],[-53.003432999999966,-18.524363999430886],[-53.003416999999956,-18.524280999430935],[-53.00340299999993,-18.524196999430913],[-53.00339399999996,-18.524141999430885],[-53.00338599999998,-18.5240859994309],[-53.003371999999956,-18.524002999430895],[-53.003360999999984,-18.523916999430885],[-53.00335299999995,-18.523860999430912],[-53.00334699999997,-18.523807999430936],[-53.00333599999993,-18.523721999430926],[-53.00332499999996,-18.523635999430923],[-53.00332199999997,-18.523582999430943],[-53.00331699999998,-18.523524999430922],[-53.00330799999995,-18.523441999430904],[-53.00329999999997,-18.523355999430954],[-53.003296999999975,-18.52329999943092],[-53.00329399999998,-18.523243999430967],[-53.00328899999994,-18.523160999430942],[-53.003285999999946,-18.523074999430932],[-53.00328299999995,-18.52301899943096],[-53.00328299999995,-18.52296399943093],[-53.00328099999996,-18.522877999430918],[-53.003277999999966,-18.52279199943097],[-53.003277999999966,-18.52273599943093],[-53.003277999999966,-18.522680999430968],[-53.003277999999966,-18.52259399943097],[-53.00328099999996,-18.522510999430953],[-53.00328299999995,-18.52245299943093],[-53.00328299999995,-18.522399999430945],[-53.003285999999946,-18.52231399943094],[-53.00328899999993,-18.52222799943093],[-53.00329399999998,-18.522171999430952],[-53.003296999999975,-18.522116999430988],[-53.00330299999995,-18.522032999430973],[-53.00331099999994,-18.52194699943096],[-53.00331399999993,-18.52189199943099],[-53.00331899999998,-18.521835999430966],[-53.003327999999954,-18.52174999943096],[-53.00333899999998,-18.521663999430952],[-53.00334399999997,-18.52161099943098],[-53.00335299999995,-18.521555999430987],[-53.00336399999997,-18.52147199943099],[-53.00337499999995,-18.52138599943098],[-53.003382999999985,-18.521330999431008],[-53.00339199999997,-18.521274999430986],[-53.00340799999998,-18.52119199943096],[-53.003421999999944,-18.521107999431],[-53.003432999999966,-18.52105299943097],[-53.00344199999995,-18.520996999431],[-53.003457999999966,-18.520913999430988],[-53.00347499999998,-18.52083099943097],[-53.00348899999995,-18.520774999430998],[-53.003499999999974,-18.52072199943102],[-53.00351899999998,-18.520638999431],[-53.003538999999925,-18.520555999430982],[-53.003552999999954,-18.520502999431013],[-53.003566999999975,-18.520446999430977],[-53.00358899999997,-18.520363999431027],[-53.003610999999985,-18.520282999431007],[-53.00362499999994,-18.52022799943103],[-53.00364199999996,-18.520174999430996],[-53.00366699999994,-18.520093999431023],[-53.00369199999995,-18.520010999431012],[-53.00370799999997,-18.519957999431035],[-53.003724999999974,-18.519905999431003],[-53.00375299999996,-18.519824999431037],[-53.003777999999954,-18.51974399943101],[-53.003799999999956,-18.51969199943104],[-53.00381699999997,-18.519638999431002],[-53.00384699999995,-18.51955799943103],[-53.003877999999986,-18.519477999431018],[-53.00389699999994,-18.519427999431016],[-53.003916999999944,-18.51937499943104]],[[-53.01238899999999,-18.52238299943093],[-53.01226099999997,-18.522702999430965],[-53.01324699999998,-18.523046999430942],[-53.013713999999936,-18.524657999430875],[-53.01521899999995,-18.526849999430848],[-53.016755999999994,-18.52665299943084],[-53.01651099999998,-18.52662499943085],[-53.016485999999986,-18.52659399943082],[-53.01644999999996,-18.526574999430874],[-53.01639399999994,-18.526532999430863],[-53.01636399999995,-18.526499999430836],[-53.01634399999995,-18.52648099943083],[-53.01630799999998,-18.526449999430845],[-53.01626399999998,-18.526385999430843],[-53.01623299999994,-18.52633899943085],[-53.01622199999997,-18.52631099943086],[-53.01616899999994,-18.526246999430846],[-53.01613899999995,-18.526202999430858],[-53.016096999999945,-18.52614199943085],[-53.01606899999996,-18.526085999430858],[-53.01604699999996,-18.526035999430878],[-53.01603299999993,-18.525980999430857],[-53.016013999999984,-18.525938999430842],[-53.01600799999994,-18.525891999430854],[-53.01598299999995,-18.52584199943086],[-53.01593299999996,-18.525777999430858],[-53.015882999999974,-18.525696999430895],[-53.01584199999996,-18.525627999430846],[-53.015818999999965,-18.525571999430866],[-53.01580299999995,-18.525532999430855],[-53.01577499999996,-18.5254939994309],[-53.01571099999995,-18.525424999430843],[-53.01567199999994,-18.52534699943087],[-53.015630999999985,-18.525302999430874],[-53.01557799999994,-18.525227999430896],[-53.01553299999995,-18.52517499943086],[-53.015480999999966,-18.52512799943086],[-53.01545299999998,-18.52508899943092],[-53.01541099999997,-18.52505599943088],[-53.01539199999996,-18.5250029994309],[-53.01535599999995,-18.52494199943089],[-53.01530799999995,-18.524893999430898],[-53.01526899999993,-18.52483299943088],[-53.01522799999998,-18.5247829994309],[-53.01512799999995,-18.524655999430877],[-53.01509999999997,-18.524602999430897],[-53.01502499999998,-18.52450799943091],[-53.01498299999997,-18.5244689994309],[-53.01494699999996,-18.524430999430884],[-53.014910999999984,-18.524399999430905],[-53.01488299999995,-18.524368999430916],[-53.014846999999975,-18.524343999430872],[-53.014805999999965,-18.524291999430893],[-53.014757999999965,-18.52423299943092],[-53.01475299999998,-18.524152999430907],[-53.014727999999934,-18.524099999430934],[-53.01470599999993,-18.524071999430888],[-53.01468299999994,-18.5240439994309],[-53.01463899999993,-18.523988999430923],[-53.01461699999999,-18.523946999430922],[-53.014580999999964,-18.523902999430913],[-53.01454699999993,-18.523860999430912],[-53.01451899999995,-18.523810999430932],[-53.01448599999998,-18.523780999430883],[-53.01446899999996,-18.523735999430883],[-53.014457999999934,-18.523691999430948],[-53.01442799999995,-18.523641999430904],[-53.014396999999974,-18.52360299943095],[-53.01438299999995,-18.52356099943095],[-53.01434399999994,-18.523530999430903],[-53.014313999999956,-18.523491999430945],[-53.01427499999995,-18.523463999430902],[-53.01423099999994,-18.52341099943092],[-53.01418899999993,-18.523363999430934],[-53.014163999999944,-18.523332999430952],[-53.01408299999997,-18.523230999430925],[-53.01401899999996,-18.523143999430925],[-53.01398899999998,-18.52310799943096],[-53.01393899999994,-18.523060999430903],[-53.01390599999996,-18.523021999430952],[-53.013866999999955,-18.52296399943093],[-53.01383099999998,-18.522916999430933],[-53.01379199999997,-18.522860999430964],[-53.01375299999995,-18.522802999430937],[-53.013710999999944,-18.522760999430933],[-53.01368899999994,-18.52273899943093],[-53.013649999999984,-18.52271699943094],[-53.01361099999996,-18.522682999430963],[-53.013574999999946,-18.522655999430917],[-53.01350299999996,-18.52260299943094],[-53.01346099999995,-18.522538999430928],[-53.013421999999935,-18.522491999430937],[-53.013391999999946,-18.522438999430967],[-53.01335299999994,-18.522407999430932],[-53.01330299999995,-18.52237799943094],[-53.01325299999996,-18.522363999430986],[-53.01319199999995,-18.522349999430954],[-53.01313299999998,-18.52233899943092],[-53.01308599999999,-18.522360999430923],[-53.01298299999996,-18.522399999430945],[-53.01286399999998,-18.522413999430974],[-53.01274699999993,-18.522413999430974],[-53.01265299999994,-18.522418999430965],[-53.01258899999994,-18.522430999430924],[-53.012527999999975,-18.522438999430967],[-53.01238899999999,-18.52238299943093]]]},"properties":{"OBJECTID":6,"NOME_UC":"Parque Natural Municipal da Lage","Shape.STArea()":0.0003722333815000001,"Shape.STLength()":0.08429210419125009,"Field":null,"__atlas_capturado_em":"2026-08-10T23:53:12.285Z","__atlas_fonte_servico":"https://www.pinms.ms.gov.br/arcgis/rest/services/IMASUL/SiriemaGeo_Sisla/MapServer","__atlas_layer_id":4}},{"type":"Feature","id":7,"geometry":{"type":"Polygon","coordinates":[[[-53.57918555799994,-18.189975391439727],[-53.58058496799998,-18.183395344439912],[-53.58318547499994,-18.175268756440136],[-53.585460919999946,-18.166817106440323],[-53.587736363999966,-18.15901558244052],[-53.589036617999966,-18.151214057440743],[-53.588711554999975,-18.14471278844096],[-53.589036617999966,-18.138211518441118],[-53.590011808999975,-18.133335565441246],[-53.58871155499998,-18.125859105441428],[-53.58708623799998,-18.1193578354416],[-53.585135856999955,-18.113831755441765],[-53.582535347999965,-18.107005422441958],[-53.579934840999954,-18.103104660442053],[-53.576684204999935,-18.09920389744212],[-53.576034077999964,-18.094653008442265],[-53.57473382499995,-18.08977705644237],[-53.57245837999995,-18.085551231442494],[-53.56758242799998,-18.080675278442616],[-53.56530698299997,-18.073523881442846],[-53.56205634799994,-18.067022611443008],[-53.55848064899993,-18.063226744443096],[-53.55718039599998,-18.0593259814432],[-53.55588014199998,-18.055100156443334],[-53.55555507799994,-18.050224203443456],[-53.55588014199998,-18.04632344244355],[-53.55555507799994,-18.041447488443666],[-53.55425482399994,-18.035271282443812],[-53.55425482399994,-18.031695584443945],[-53.55457988699994,-18.02746975844402],[-53.55425482399994,-18.023894059444164],[-53.55425482399994,-18.020318361444243],[-53.552399417999936,-18.015539824444378],[-53.55290715799998,-18.0150320844444],[-53.553474632999944,-18.015002217444376],[-53.553833037999944,-18.01545022344437],[-53.554334378999954,-18.01601876544435],[-53.554997853999964,-18.01637610344435],[-53.55547572799997,-18.016316369444365],[-53.55569759799994,-18.015715827444343],[-53.55529652599995,-18.01494248344439],[-53.55484851899996,-18.014584078444415],[-53.55478878499997,-18.014076337444394],[-53.55538612699996,-18.013807533444425],[-53.55631200699998,-18.01332965944442],[-53.55687948199994,-18.012553116444476],[-53.55681974799995,-18.011776571444486],[-53.556431474999954,-18.011029893444466],[-53.556312006999974,-18.009865077444527],[-53.55687948199994,-18.008969064444564],[-53.55714828499998,-18.00861065944453],[-53.55720801899997,-18.008192520444563],[-53.55678987999994,-18.0076847794446],[-53.55658081099995,-18.006848500444622],[-53.55646134299997,-18.0061018234446],[-53.55696908299996,-18.005713551444657],[-53.55777549399994,-18.00562395044464],[-53.558671507999975,-18.00475780444464],[-53.55971685499998,-18.004638335444675],[-53.56054459999996,-18.0043556654447],[-53.56190782099998,-18.002689508444696],[-53.56372544599998,-18.003143914444692],[-53.563944221999975,-18.00338578544471],[-53.57189933199999,-18.00592769344465],[-53.571934629999994,-18.006021822444637],[-53.572389036999944,-18.007385042444575],[-53.57254050499995,-18.008899729444533],[-53.57254050499995,-18.01011148044452],[-53.57214889699998,-18.01118062744451],[-53.57304108999995,-18.01196129644449],[-53.57415633199997,-18.012072820444452],[-53.57527157399994,-18.01229586844446],[-53.576275290999945,-18.012072820444452],[-53.577948152999966,-18.011849771444464],[-53.57917491899997,-18.01218434444448],[-53.58062473199994,-18.01218434444448],[-53.58252064299995,-18.010957578444504],[-53.58385893299993,-18.00995386144453],[-53.585866367999984,-18.00950776544453],[-53.58809684999994,-18.008950144444558],[-53.58943513999998,-18.00861557244453],[-53.58976971299995,-18.007277281444598],[-53.58932361599995,-18.006385088444585],[-53.58887751899994,-18.005381371444617],[-53.58943513999998,-18.004377653444656],[-53.59110800299993,-18.00426612944468],[-53.593003912999954,-18.003485460444708],[-53.59322696199995,-18.00225869544472],[-53.59300391299996,-18.000808881444755],[-53.59411915499994,-18.000251260444784],[-53.59601506499997,-17.99947059044482],[-53.59757640299995,-17.99857839744482],[-53.59942770499998,-17.99824382544484],[-53.60143513899993,-17.997686204444875],[-53.60366562199994,-17.99690553544484],[-53.60533848399996,-17.996794011444866],[-53.60768049199999,-17.995901818444917],[-53.60946487799998,-17.995009625444926],[-53.61046859499998,-17.994005908444947],[-53.611360787999956,-17.99255609444497],[-53.611360787999956,-17.989879514445022],[-53.61124926399999,-17.987202935445126],[-53.61147231199993,-17.984972452445177],[-53.612922125999944,-17.983188065445244],[-53.61325669799999,-17.980846058445273],[-53.614371939999955,-17.978838624445377],[-53.615598705999965,-17.977388810445394],[-53.617383091999955,-17.976496617445395],[-53.61894442999994,-17.976496617445395],[-53.61950205099999,-17.977165762445402],[-53.619279002999974,-17.97805795544534],[-53.61950205099999,-17.97928472044532],[-53.62117491299995,-17.97917319644535],[-53.62284777599995,-17.9796192924453],[-53.62429758999997,-17.979061672445322],[-53.62585892799996,-17.977611858445403],[-53.62686264499997,-17.97727728644537],[-53.62786636199996,-17.97850405144535],[-53.62864703099996,-17.97995386544532],[-53.629316175999975,-17.980734534445297],[-53.63065446599996,-17.9802884374453],[-53.63176970799998,-17.980399961445325],[-53.63277342499998,-17.979953865445314],[-53.63243885299993,-17.978727099445354],[-53.632104279999965,-17.977834906445345],[-53.63243885299993,-17.977165762445402],[-53.633442569999936,-17.977723382445376],[-53.63400018999993,-17.978615575445378],[-53.63511543199996,-17.97839252744538],[-53.63611914899997,-17.977611858445403],[-53.63734591399998,-17.977388810445394],[-53.63768048699995,-17.97850405144535],[-53.63868420499995,-17.97928472044532],[-53.64002249499998,-17.979396244445347],[-53.64113773599996,-17.97917319644534],[-53.64113773599996,-17.978281003445343],[-53.641695356999946,-17.97772338244537],[-53.64281059799998,-17.97805795544535],[-53.643814314999986,-17.978727099445354],[-53.64526412899994,-17.97917319644535],[-53.64671394299995,-17.978727099445354],[-53.647940708999954,-17.977834906445345],[-53.64883290199998,-17.97671966544541],[-53.64972509499995,-17.97671966544541],[-53.64994814399995,-17.977611858445403],[-53.65017119199996,-17.978727099445354],[-53.65150948199994,-17.97917319644534],[-53.652580112999935,-17.978615575445378],[-53.65302620999995,-17.977611858445403],[-53.654029926999954,-17.97660814144542],[-53.65559126599994,-17.976496617445395],[-53.65603736199995,-17.977500334445374],[-53.65559126599993,-17.97850405144535],[-53.655033644999946,-17.97950776844532],[-53.65670650699997,-17.97973081744532],[-53.658490892999964,-17.978727099445354],[-53.65960613499993,-17.977500334445374],[-53.661167472999985,-17.976942713445403],[-53.662505762999956,-17.977388810445394],[-53.66350947999996,-17.978950148445353],[-53.663844052999934,-17.980734534445297],[-53.664513197999945,-17.98274196844525],[-53.665739962999965,-17.98385721044519],[-53.66596301099998,-17.984860928445208],[-53.66562843899994,-17.98631074244512],[-53.66629758399995,-17.987872079445083],[-53.66785892199994,-17.988764273445078],[-53.669754831999974,-17.988429700445113],[-53.671316170999944,-17.988652748445112],[-53.672542935999964,-17.98898732144508],[-53.67432732299994,-17.989433417445085],[-53.67633475699995,-17.989210369445086],[-53.67811914299995,-17.989433417445085],[-53.67923438599996,-17.990214086445057],[-53.67934590999994,-17.991440852445024],[-53.67990352999993,-17.993336763444937],[-53.68079572299997,-17.99478657744491],[-53.68280315799995,-17.995344198444887],[-53.683996466999986,-17.99634791544486],[-53.685557803999984,-17.997686204444875],[-53.686226948999945,-17.99919178144482],[-53.68667304599996,-18.000195498444807],[-53.68756523899997,-18.001087691444738],[-53.68845743199995,-18.00119921544477],[-53.689015052999935,-18.000641594444748],[-53.68968419699996,-17.99997245044479],[-53.690464866999946,-17.999414829444817],[-53.691468584999946,-17.998857208444797],[-53.69191468099996,-17.999637877444766],[-53.69124553599994,-18.000641594444748],[-53.690687915999945,-18.00119921544477],[-53.69001876999994,-18.001979884444744],[-53.689795721999985,-18.00298360144472],[-53.69024181899994,-18.004879513444685],[-53.69135705999998,-18.005660181444604],[-53.692026204999934,-18.00610627844461],[-53.69213772899997,-18.006998471444607],[-53.69158010899997,-18.007779140444576],[-53.690788286999975,-18.008671333444536],[-53.68989609399995,-18.009563526444527],[-53.68944999699994,-18.010455719444536],[-53.68967304599994,-18.011124864444483],[-53.690788286999975,-18.011124864444483],[-53.69123438299994,-18.012240106444466],[-53.691617271999974,-18.01349028744443],[-53.692894243999945,-18.013745682444434],[-53.69442660999994,-18.012979499444455],[-53.695703581999965,-18.010680950444467],[-53.69774673699994,-18.00838240144454],[-53.69927910299998,-18.006850034444604],[-53.70106686399998,-18.00582845744461],[-53.70336541299997,-18.00557306344465],[-53.704897778999964,-18.006083851444625],[-53.70668553899998,-18.007105429444604],[-53.70723006999998,-18.00863519944455],[-53.707344269999965,-18.010119809444497],[-53.70745846999995,-18.01217542244447],[-53.70808657499998,-18.012632225444428],[-53.70900018099997,-18.012860626444432],[-53.709799584999985,-18.012974827444413],[-53.71037058899998,-18.013774232444394],[-53.71031348899999,-18.0149733404444],[-53.70951408399998,-18.01588694644436],[-53.70842917699997,-18.017257354444343],[-53.708728693999944,-18.019364358444264],[-53.70949487699994,-18.021152118444235],[-53.71077184899997,-18.023195274444184],[-53.71077184899997,-18.024983034444098],[-53.70949487699995,-18.026515400444048],[-53.70796251199994,-18.027792371444054],[-53.70872869399994,-18.03009092144397],[-53.70872869399994,-18.032389470443892],[-53.70872869399994,-18.03545420244385],[-53.71051645499994,-18.03673117444379],[-53.71230421499995,-18.038263540443744],[-53.71511355299997,-18.039795906443693],[-53.717922890999944,-18.04056209044372],[-53.720732228999964,-18.041328272443707],[-53.72251998999996,-18.042860639443646],[-53.72405235499997,-18.045669976443538],[-53.72507393299997,-18.048223920443462],[-53.72532932799999,-18.051544047443432],[-53.72532932799999,-18.055119568443303],[-53.727372481999964,-18.057928906443248],[-53.729926424999974,-18.060993638443147],[-53.73196958099999,-18.063802976443093],[-53.734906615999925,-18.066229222442995],[-53.736949770999956,-18.06852777144298],[-53.739248318999955,-18.071337110442872],[-53.740780685999944,-18.074401842442818],[-53.74282383999997,-18.077977363442688],[-53.744356206999946,-18.081042095442648],[-53.74537778499996,-18.08461761644251],[-53.74691014999996,-18.087937743442417],[-53.748442516999944,-18.091257869442344],[-53.74997488199995,-18.094833390442254],[-53.74997488199995,-18.098153517442164],[-53.750485670999986,-18.10351679844205],[-53.75081768399997,-18.107603108441936],[-53.75081768399997,-18.11220020644179],[-53.751583867999955,-18.116286516441672],[-53.75235004999997,-18.119606643441582],[-53.754393204999985,-18.123820649441505],[-53.755670176999956,-18.127140776441415],[-53.75490399399996,-18.131482480441306],[-53.754393204999985,-18.13582418444115],[-53.75490399399996,-18.13965510044107],[-53.75490399399996,-18.14348601544096],[-53.75643635999995,-18.146550747440905],[-53.756901176999975,-18.150192671440784],[-53.75489071299996,-18.154115528440695],[-53.75288024899999,-18.156403861440598],[-53.75255334399998,-18.160653624440513],[-53.75364847499998,-18.16392267144042],[-53.75675407099993,-18.167518624440333],[-53.76116728499994,-18.171278029440213],[-53.76410942799998,-18.17389326744018],[-53.76623430899996,-18.176345053440098],[-53.76721502399994,-18.180594815439964],[-53.76754192799996,-18.186724279439836],[-53.76754192799996,-18.19113749443972],[-53.76671498199994,-18.190738403439692],[-53.76766036199996,-18.19632389543958],[-53.76788517899996,-18.204295412439354],[-53.76935624999999,-18.211814221439127],[-53.771317678999935,-18.21867922143895],[-53.769219530999976,-18.222646351438875],[-53.76648774999995,-18.228530188438725],[-53.76690802499996,-18.233783615438593],[-53.76606747599993,-18.23798635643846],[-53.76333569399998,-18.242609372438316],[-53.76231145199995,-18.24671130643821],[-53.761494189999944,-18.249653449438178],[-53.75953276099995,-18.251614878438083],[-53.75675407099993,-18.24932654543817],[-53.75333791599996,-18.24842755643819],[-53.74908815299995,-18.248100651438182],[-53.748525694999955,-18.249947548438147],[-53.74628999699996,-18.252996227438075],[-53.74364780899998,-18.255638416437986],[-53.742225091999956,-18.259500076437863],[-53.73653422399997,-18.262142265437816],[-53.73307905499996,-18.26478445443772],[-53.72962388499997,-18.26559743443774],[-53.727794676999956,-18.26783313343766],[-53.72515248899998,-18.271898038437556],[-53.72190056399995,-18.27535320743748],[-53.72047784799997,-18.279214868437347],[-53.71966486699994,-18.283279773437243],[-53.717225922999944,-18.285718717437184],[-53.711128564999974,-18.284905736437242],[-53.70523445199996,-18.284499245437217],[-53.70055980999995,-18.285312226437217],[-53.69527543399994,-18.28795441443713],[-53.68775535899994,-18.288360905437155],[-53.680845018999946,-18.29181607543705],[-53.67576388699996,-18.291612829437046],[-53.67007301999996,-18.294458263436972],[-53.66163282399998,-18.29161208043707],[-53.64930630799995,-18.287261545437172],[-53.641330325999945,-18.28436118843725],[-53.63697978999995,-18.279285564437362],[-53.63206615299998,-18.274946717437494],[-53.628296838999965,-18.270003272437584],[-53.624047075999954,-18.267061129437682],[-53.61587445799996,-18.26395553343775],[-53.612932314999966,-18.262647913437807],[-53.60917290899994,-18.25823469943792],[-53.604759694999984,-18.25365803243806],[-53.601817551999936,-18.250715889438148],[-53.59920231399997,-18.248264104438206],[-53.598711956999985,-18.243360532438295],[-53.59871195699998,-18.24025493743841],[-53.59887540899996,-18.2369858894385],[-53.59854850399995,-18.233880294438563],[-53.59740433699994,-18.231755412438634],[-53.59576981399994,-18.23061124643866],[-53.59397183699997,-18.229630531438655],[-53.591683503999946,-18.22881327043873],[-53.588577907999934,-18.228322912438703],[-53.58694338399994,-18.225380770438782],[-53.58596266999996,-18.223419341438838],[-53.58579921799998,-18.221294460438912],[-53.58579921799998,-18.21867922143895],[-53.584818503999934,-18.21655434043902],[-53.58236671699996,-18.215737079439045],[-53.580078383999926,-18.214919817439064],[-53.57795350299995,-18.214102554439094],[-53.57599207399994,-18.213448745439077],[-53.574847906999935,-18.211650769439153],[-53.574030645999976,-18.20919898343922],[-53.57239612199999,-18.207074102439286],[-53.57076159799993,-18.205276126439315],[-53.569453978999945,-18.203641602439355],[-53.56961743099998,-18.201680173439403],[-53.569453978999945,-18.200045649439446],[-53.569290526999964,-18.198574578439523],[-53.570107788999955,-18.197266959439556],[-53.57255957399997,-18.19661314943957],[-53.57468445599995,-18.195632435439606],[-53.57582862199996,-18.193997911439602],[-53.57672972199998,-18.19271062843968],[-53.57918555799994,-18.189975391439727]],[[-53.67700527299996,-18.141003245441045],[-53.675904085999946,-18.142161020440973],[-53.67431886999998,-18.143958971440945],[-53.67185568699995,-18.146704491440897],[-53.67009975499997,-18.148696815440804],[-53.674440809999965,-18.152657167440726],[-53.680635348999935,-18.149012672440826],[-53.68368384199994,-18.143035699440954],[-53.67700527299996,-18.141003245441045]]]},"properties":{"OBJECTID":7,"NOME_UC":"Parque Natural Municipal Templo dos Pilares","Shape.STArea()":0.04776436779777722,"Shape.STLength()":1.0358230004195648,"Field":null,"__atlas_capturado_em":"2026-08-10T23:53:12.285Z","__atlas_fonte_servico":"https://www.pinms.ms.gov.br/arcgis/rest/services/IMASUL/SiriemaGeo_Sisla/MapServer","__atlas_layer_id":4}},{"type":"Feature","id":8,"geometry":{"type":"Polygon","coordinates":[[[-53.57918555799994,-18.189975391439727],[-53.58058496799998,-18.183395344439912],[-53.58318547499994,-18.175268756440136],[-53.585460919999946,-18.166817106440323],[-53.587736363999966,-18.15901558244052],[-53.589036617999966,-18.151214057440743],[-53.588711554999975,-18.14471278844096],[-53.589036617999966,-18.138211518441118],[-53.590011808999975,-18.133335565441246],[-53.58871155499998,-18.125859105441428],[-53.58708623799998,-18.1193578354416],[-53.585135856999955,-18.113831755441765],[-53.582535347999965,-18.107005422441958],[-53.579934840999954,-18.103104660442053],[-53.576684204999935,-18.09920389744212],[-53.576034077999964,-18.094653008442265],[-53.57473382499995,-18.08977705644237],[-53.57245837999995,-18.085551231442494],[-53.56758242799998,-18.080675278442616],[-53.56530698299997,-18.073523881442846],[-53.56205634799994,-18.067022611443008],[-53.55848064899993,-18.063226744443096],[-53.55718039599998,-18.0593259814432],[-53.55588014199998,-18.055100156443334],[-53.55555507799994,-18.050224203443456],[-53.55588014199998,-18.04632344244355],[-53.55555507799994,-18.041447488443666],[-53.55425482399994,-18.035271282443812],[-53.55425482399994,-18.031695584443945],[-53.55457988699994,-18.02746975844402],[-53.55425482399994,-18.023894059444164],[-53.55425482399994,-18.020318361444243],[-53.552399417999936,-18.015539824444378],[-53.55290715799998,-18.0150320844444],[-53.553474632999944,-18.015002217444376],[-53.553833037999944,-18.01545022344437],[-53.554334378999954,-18.01601876544435],[-53.554997853999964,-18.01637610344435],[-53.55547572799997,-18.016316369444365],[-53.55569759799994,-18.015715827444343],[-53.55529652599995,-18.01494248344439],[-53.55484851899996,-18.014584078444415],[-53.55478878499997,-18.014076337444394],[-53.55538612699996,-18.013807533444425],[-53.55631200699998,-18.01332965944442],[-53.55687948199994,-18.012553116444476],[-53.55681974799995,-18.011776571444486],[-53.556431474999954,-18.011029893444466],[-53.556312006999974,-18.009865077444527],[-53.55687948199994,-18.008969064444564],[-53.55714828499998,-18.00861065944453],[-53.55720801899997,-18.008192520444563],[-53.55678987999994,-18.0076847794446],[-53.55658081099995,-18.006848500444622],[-53.55646134299997,-18.0061018234446],[-53.55696908299996,-18.005713551444657],[-53.55777549399994,-18.00562395044464],[-53.558671507999975,-18.00475780444464],[-53.55971685499998,-18.004638335444675],[-53.56054459999996,-18.0043556654447],[-53.56190782099998,-18.002689508444696],[-53.56372544599998,-18.003143914444692],[-53.563944221999975,-18.00338578544471],[-53.57189933199999,-18.00592769344465],[-53.571934629999994,-18.006021822444637],[-53.572389036999944,-18.007385042444575],[-53.57254050499995,-18.008899729444533],[-53.57254050499995,-18.01011148044452],[-53.57214889699998,-18.01118062744451],[-53.57304108999995,-18.01196129644449],[-53.57415633199997,-18.012072820444452],[-53.57527157399994,-18.01229586844446],[-53.576275290999945,-18.012072820444452],[-53.577948152999966,-18.011849771444464],[-53.57917491899997,-18.01218434444448],[-53.58062473199994,-18.01218434444448],[-53.58252064299995,-18.010957578444504],[-53.58385893299993,-18.00995386144453],[-53.585866367999984,-18.00950776544453],[-53.58809684999994,-18.008950144444558],[-53.58943513999998,-18.00861557244453],[-53.58976971299995,-18.007277281444598],[-53.58932361599995,-18.006385088444585],[-53.58887751899994,-18.005381371444617],[-53.58943513999998,-18.004377653444656],[-53.59110800299993,-18.00426612944468],[-53.593003912999954,-18.003485460444708],[-53.59322696199995,-18.00225869544472],[-53.59300391299996,-18.000808881444755],[-53.59411915499994,-18.000251260444784],[-53.59601506499997,-17.99947059044482],[-53.59757640299995,-17.99857839744482],[-53.59942770499998,-17.99824382544484],[-53.60143513899993,-17.997686204444875],[-53.60366562199994,-17.99690553544484],[-53.60533848399996,-17.996794011444866],[-53.60768049199999,-17.995901818444917],[-53.60946487799998,-17.995009625444926],[-53.61046859499998,-17.994005908444947],[-53.611360787999956,-17.99255609444497],[-53.611360787999956,-17.989879514445022],[-53.61124926399999,-17.987202935445126],[-53.61147231199993,-17.984972452445177],[-53.612922125999944,-17.983188065445244],[-53.61325669799999,-17.980846058445273],[-53.614371939999955,-17.978838624445377],[-53.615598705999965,-17.977388810445394],[-53.617383091999955,-17.976496617445395],[-53.61894442999994,-17.976496617445395],[-53.61950205099999,-17.977165762445402],[-53.619279002999974,-17.97805795544534],[-53.61950205099999,-17.97928472044532],[-53.62117491299995,-17.97917319644535],[-53.62284777599995,-17.9796192924453],[-53.62429758999997,-17.979061672445322],[-53.62585892799996,-17.977611858445403],[-53.62686264499997,-17.97727728644537],[-53.62786636199996,-17.97850405144535],[-53.62864703099996,-17.97995386544532],[-53.629316175999975,-17.980734534445297],[-53.63065446599996,-17.9802884374453],[-53.63176970799998,-17.980399961445325],[-53.63277342499998,-17.979953865445314],[-53.63243885299993,-17.978727099445354],[-53.632104279999965,-17.977834906445345],[-53.63243885299993,-17.977165762445402],[-53.633442569999936,-17.977723382445376],[-53.63400018999993,-17.978615575445378],[-53.63511543199996,-17.97839252744538],[-53.63611914899997,-17.977611858445403],[-53.63734591399998,-17.977388810445394],[-53.63768048699995,-17.97850405144535],[-53.63868420499995,-17.97928472044532],[-53.64002249499998,-17.979396244445347],[-53.64113773599996,-17.97917319644534],[-53.64113773599996,-17.978281003445343],[-53.641695356999946,-17.97772338244537],[-53.64281059799998,-17.97805795544535],[-53.643814314999986,-17.978727099445354],[-53.64526412899994,-17.97917319644535],[-53.64671394299995,-17.978727099445354],[-53.647940708999954,-17.977834906445345],[-53.64883290199998,-17.97671966544541],[-53.64972509499995,-17.97671966544541],[-53.64994814399995,-17.977611858445403],[-53.65017119199996,-17.978727099445354],[-53.65150948199994,-17.97917319644534],[-53.652580112999935,-17.978615575445378],[-53.65302620999995,-17.977611858445403],[-53.654029926999954,-17.97660814144542],[-53.65559126599994,-17.976496617445395],[-53.65603736199995,-17.977500334445374],[-53.65559126599993,-17.97850405144535],[-53.655033644999946,-17.97950776844532],[-53.65670650699997,-17.97973081744532],[-53.658490892999964,-17.978727099445354],[-53.65960613499993,-17.977500334445374],[-53.661167472999985,-17.976942713445403],[-53.662505762999956,-17.977388810445394],[-53.66350947999996,-17.978950148445353],[-53.663844052999934,-17.980734534445297],[-53.664513197999945,-17.98274196844525],[-53.665739962999965,-17.98385721044519],[-53.66596301099998,-17.984860928445208],[-53.66562843899994,-17.98631074244512],[-53.66629758399995,-17.987872079445083],[-53.66785892199994,-17.988764273445078],[-53.669754831999974,-17.988429700445113],[-53.671316170999944,-17.988652748445112],[-53.672542935999964,-17.98898732144508],[-53.67432732299994,-17.989433417445085],[-53.67633475699995,-17.989210369445086],[-53.67811914299995,-17.989433417445085],[-53.67923438599996,-17.990214086445057],[-53.67934590999994,-17.991440852445024],[-53.67990352999993,-17.993336763444937],[-53.68079572299997,-17.99478657744491],[-53.68280315799995,-17.995344198444887],[-53.683996466999986,-17.99634791544486],[-53.685557803999984,-17.997686204444875],[-53.686226948999945,-17.99919178144482],[-53.68667304599996,-18.000195498444807],[-53.68756523899997,-18.001087691444738],[-53.68845743199995,-18.00119921544477],[-53.689015052999935,-18.000641594444748],[-53.68968419699996,-17.99997245044479],[-53.690464866999946,-17.999414829444817],[-53.691468584999946,-17.998857208444797],[-53.69191468099996,-17.999637877444766],[-53.69124553599994,-18.000641594444748],[-53.690687915999945,-18.00119921544477],[-53.69001876999994,-18.001979884444744],[-53.689795721999985,-18.00298360144472],[-53.69024181899994,-18.004879513444685],[-53.69135705999998,-18.005660181444604],[-53.692026204999934,-18.00610627844461],[-53.69213772899997,-18.006998471444607],[-53.69158010899997,-18.007779140444576],[-53.690788286999975,-18.008671333444536],[-53.68989609399995,-18.009563526444527],[-53.68944999699994,-18.010455719444536],[-53.68967304599994,-18.011124864444483],[-53.690788286999975,-18.011124864444483],[-53.69123438299994,-18.012240106444466],[-53.691617271999974,-18.01349028744443],[-53.692894243999945,-18.013745682444434],[-53.69442660999994,-18.012979499444455],[-53.695703581999965,-18.010680950444467],[-53.69774673699994,-18.00838240144454],[-53.69927910299998,-18.006850034444604],[-53.70106686399998,-18.00582845744461],[-53.70336541299997,-18.00557306344465],[-53.704897778999964,-18.006083851444625],[-53.70668553899998,-18.007105429444604],[-53.70723006999998,-18.00863519944455],[-53.707344269999965,-18.010119809444497],[-53.70745846999995,-18.01217542244447],[-53.70808657499998,-18.012632225444428],[-53.70900018099997,-18.012860626444432],[-53.709799584999985,-18.012974827444413],[-53.71037058899998,-18.013774232444394],[-53.71031348899999,-18.0149733404444],[-53.70951408399998,-18.01588694644436],[-53.70842917699997,-18.017257354444343],[-53.708728693999944,-18.019364358444264],[-53.70949487699994,-18.021152118444235],[-53.71077184899997,-18.023195274444184],[-53.71077184899997,-18.024983034444098],[-53.70949487699995,-18.026515400444048],[-53.70796251199994,-18.027792371444054],[-53.70872869399994,-18.03009092144397],[-53.70872869399994,-18.032389470443892],[-53.70872869399994,-18.03545420244385],[-53.71051645499994,-18.03673117444379],[-53.71230421499995,-18.038263540443744],[-53.71511355299997,-18.039795906443693],[-53.717922890999944,-18.04056209044372],[-53.720732228999964,-18.041328272443707],[-53.72251998999996,-18.042860639443646],[-53.72405235499997,-18.045669976443538],[-53.72507393299997,-18.048223920443462],[-53.72532932799999,-18.051544047443432],[-53.72532932799999,-18.055119568443303],[-53.727372481999964,-18.057928906443248],[-53.729926424999974,-18.060993638443147],[-53.73196958099999,-18.063802976443093],[-53.734906615999925,-18.066229222442995],[-53.736949770999956,-18.06852777144298],[-53.739248318999955,-18.071337110442872],[-53.740780685999944,-18.074401842442818],[-53.74282383999997,-18.077977363442688],[-53.744356206999946,-18.081042095442648],[-53.74537778499996,-18.08461761644251],[-53.74691014999996,-18.087937743442417],[-53.748442516999944,-18.091257869442344],[-53.74997488199995,-18.094833390442254],[-53.74997488199995,-18.098153517442164],[-53.750485670999986,-18.10351679844205],[-53.75081768399997,-18.107603108441936],[-53.75081768399997,-18.11220020644179],[-53.751583867999955,-18.116286516441672],[-53.75235004999997,-18.119606643441582],[-53.754393204999985,-18.123820649441505],[-53.755670176999956,-18.127140776441415],[-53.75490399399996,-18.131482480441306],[-53.754393204999985,-18.13582418444115],[-53.75490399399996,-18.13965510044107],[-53.75490399399996,-18.14348601544096],[-53.75643635999995,-18.146550747440905],[-53.756901176999975,-18.150192671440784],[-53.75489071299996,-18.154115528440695],[-53.75288024899999,-18.156403861440598],[-53.75255334399998,-18.160653624440513],[-53.75364847499998,-18.16392267144042],[-53.75675407099993,-18.167518624440333],[-53.76116728499994,-18.171278029440213],[-53.76410942799998,-18.17389326744018],[-53.76623430899996,-18.176345053440098],[-53.76721502399994,-18.180594815439964],[-53.76754192799996,-18.186724279439836],[-53.76754192799996,-18.19113749443972],[-53.76671498199994,-18.190738403439692],[-53.76766036199996,-18.19632389543958],[-53.76788517899996,-18.204295412439354],[-53.76935624999999,-18.211814221439127],[-53.771317678999935,-18.21867922143895],[-53.769219530999976,-18.222646351438875],[-53.76648774999995,-18.228530188438725],[-53.76690802499996,-18.233783615438593],[-53.76606747599993,-18.23798635643846],[-53.76333569399998,-18.242609372438316],[-53.76231145199995,-18.24671130643821],[-53.761494189999944,-18.249653449438178],[-53.75953276099995,-18.251614878438083],[-53.75675407099993,-18.24932654543817],[-53.75333791599996,-18.24842755643819],[-53.74908815299995,-18.248100651438182],[-53.748525694999955,-18.249947548438147],[-53.74628999699996,-18.252996227438075],[-53.74364780899998,-18.255638416437986],[-53.742225091999956,-18.259500076437863],[-53.73653422399997,-18.262142265437816],[-53.73307905499996,-18.26478445443772],[-53.72962388499997,-18.26559743443774],[-53.727794676999956,-18.26783313343766],[-53.72515248899998,-18.271898038437556],[-53.72190056399995,-18.27535320743748],[-53.72047784799997,-18.279214868437347],[-53.71966486699994,-18.283279773437243],[-53.717225922999944,-18.285718717437184],[-53.711128564999974,-18.284905736437242],[-53.70523445199996,-18.284499245437217],[-53.70055980999995,-18.285312226437217],[-53.69527543399994,-18.28795441443713],[-53.68775535899994,-18.288360905437155],[-53.680845018999946,-18.29181607543705],[-53.67576388699996,-18.291612829437046],[-53.67007301999996,-18.294458263436972],[-53.66163282399998,-18.29161208043707],[-53.64930630799995,-18.287261545437172],[-53.641330325999945,-18.28436118843725],[-53.63697978999995,-18.279285564437362],[-53.63206615299998,-18.274946717437494],[-53.628296838999965,-18.270003272437584],[-53.624047075999954,-18.267061129437682],[-53.61587445799996,-18.26395553343775],[-53.612932314999966,-18.262647913437807],[-53.60917290899994,-18.25823469943792],[-53.604759694999984,-18.25365803243806],[-53.601817551999936,-18.250715889438148],[-53.59920231399997,-18.248264104438206],[-53.598711956999985,-18.243360532438295],[-53.59871195699998,-18.24025493743841],[-53.59887540899996,-18.2369858894385],[-53.59854850399995,-18.233880294438563],[-53.59740433699994,-18.231755412438634],[-53.59576981399994,-18.23061124643866],[-53.59397183699997,-18.229630531438655],[-53.591683503999946,-18.22881327043873],[-53.588577907999934,-18.228322912438703],[-53.58694338399994,-18.225380770438782],[-53.58596266999996,-18.223419341438838],[-53.58579921799998,-18.221294460438912],[-53.58579921799998,-18.21867922143895],[-53.584818503999934,-18.21655434043902],[-53.58236671699996,-18.215737079439045],[-53.580078383999926,-18.214919817439064],[-53.57795350299995,-18.214102554439094],[-53.57599207399994,-18.213448745439077],[-53.574847906999935,-18.211650769439153],[-53.574030645999976,-18.20919898343922],[-53.57239612199999,-18.207074102439286],[-53.57076159799993,-18.205276126439315],[-53.569453978999945,-18.203641602439355],[-53.56961743099998,-18.201680173439403],[-53.569453978999945,-18.200045649439446],[-53.569290526999964,-18.198574578439523],[-53.570107788999955,-18.197266959439556],[-53.57255957399997,-18.19661314943957],[-53.57468445599995,-18.195632435439606],[-53.57582862199996,-18.193997911439602],[-53.57672972199998,-18.19271062843968],[-53.57918555799994,-18.189975391439727]],[[-53.664988999999935,-18.09331699944231],[-53.66015299999998,-18.09928599944213],[-53.65638099999995,-18.102252999442065],[-53.651096999999936,-18.110880999441825],[-53.64603099999993,-18.114282999441738],[-53.64903899999996,-18.118105999441642],[-53.64772199999993,-18.120082999441593],[-53.65553599999999,-18.12599999944145],[-53.65384199999994,-18.129966999441336],[-53.65622499999996,-18.130943999441282],[-53.659877999999935,-18.130557999441308],[-53.663121999999994,-18.13308599944123],[-53.66478599999994,-18.137105999441143],[-53.662649999999985,-18.14007799944106],[-53.663955999999985,-18.145693999440887],[-53.667363999999964,-18.146321999440865],[-53.66820799999994,-18.15127199944076],[-53.66590799999994,-18.151835999440735],[-53.662024999999964,-18.1495609994408],[-53.65949699999993,-18.152107999440723],[-53.65569999999996,-18.15118099944076],[-53.65559699999994,-18.157185999440618],[-53.64961399999998,-18.155980999440622],[-53.64500799999996,-18.15671899944061],[-53.643466999999994,-18.1651329994404],[-53.64364699999993,-18.169257999440283],[-53.64499699999993,-18.17304399944017],[-53.63949699999995,-18.174727999440133],[-53.64126699999997,-18.17727499944006],[-53.64346899999998,-18.17830599944004],[-53.64607199999995,-18.181191999439964],[-53.64595299999996,-18.186032999439835],[-53.653491999999964,-18.188132999439766],[-53.658657999999946,-18.186163999439845],[-53.658968999999956,-18.182860999439917],[-53.657888999999955,-18.181299999439965],[-53.66011899999995,-18.176891999440084],[-53.663363999999945,-18.179357999440036],[-53.66288099999997,-18.181263999439956],[-53.66454999999996,-18.18136399943998],[-53.66614199999998,-18.18054699943997],[-53.66817499999996,-18.182316999439937],[-53.67113899999998,-18.18263299943992],[-53.67430299999995,-18.18392799943992],[-53.67409399999997,-18.18645799943983],[-53.66920299999998,-18.187793999439776],[-53.66948599999995,-18.189566999439748],[-53.67532199999994,-18.18942499943977],[-53.67897499999997,-18.185082999439867],[-53.68689699999993,-18.1845579994399],[-53.69880799999998,-18.18733099943982],[-53.700135999999986,-18.186085999439815],[-53.69170299999996,-18.18001899944],[-53.68663099999998,-18.18107799943997],[-53.686452999999965,-18.177918999440077],[-53.68344199999996,-18.176768999440103],[-53.68519399999997,-18.17509199944012],[-53.68921899999998,-18.175166999440105],[-53.69048299999997,-18.172996999440183],[-53.69293899999997,-18.17212199944019],[-53.69407199999995,-18.1732559994402],[-53.69923899999998,-18.170966999440243],[-53.703205999999966,-18.171938999440208],[-53.704060999999975,-18.174388999440154],[-53.70397199999997,-18.177238999440046],[-53.708421999999985,-18.175763999440115],[-53.714102999999966,-18.179999999439996],[-53.71941099999998,-18.181199999439936],[-53.722613999999965,-18.179505999440003],[-53.72477799999996,-18.182613999439916],[-53.72793599999994,-18.181768999439967],[-53.72844699999996,-18.1752779994401],[-53.74218099999997,-18.176891999440084],[-53.74304999999998,-18.172446999440226],[-53.739488999999935,-18.170502999440224],[-53.73386399999998,-18.17193299944022],[-53.734760999999935,-18.164049999440437],[-53.73225799999994,-18.154493999440664],[-53.72023599999994,-18.147577999440866],[-53.720613999999955,-18.141957999440987],[-53.71874999999994,-18.13601399944114],[-53.71639399999997,-18.135102999441198],[-53.718035999999984,-18.132493999441255],[-53.71648899999997,-18.129130999441365],[-53.71403899999996,-18.127471999441394],[-53.718538999999964,-18.123835999441464],[-53.71232499999997,-18.12018299944157],[-53.70651399999997,-18.118391999441652],[-53.703127999999936,-18.12262799944153],[-53.70118899999994,-18.12119399944155],[-53.70042199999995,-18.1167249994417],[-53.69710799999996,-18.1161889994417],[-53.69237499999997,-18.111246999441807],[-53.68214399999994,-18.111457999441832],[-53.683646999999944,-18.109910999441865],[-53.683182999999985,-18.106868999441943],[-53.686155999999976,-18.10609699944198],[-53.664988999999935,-18.09331699944231]]]},"properties":{"OBJECTID":8,"NOME_UC":"Monumento Natural Municipal Serra do Bom Jardim","Shape.STArea()":0.04260081245932804,"Shape.STLength()":1.4879396498764599,"Field":null,"__atlas_capturado_em":"2026-08-10T23:53:12.285Z","__atlas_fonte_servico":"https://www.pinms.ms.gov.br/arcgis/rest/services/IMASUL/SiriemaGeo_Sisla/MapServer","__atlas_layer_id":4}},{"type":"Feature","id":9,"geometry":{"type":"Polygon","coordinates":[[[-55.05239058799998,-23.93542841929961],[-55.052480187999954,-23.93539338729965],[-55.05258115799995,-23.935313098299616],[-55.05270846899998,-23.935384156299612],[-55.05277315999996,-23.935535679299598],[-55.05281232599998,-23.93566376729966],[-55.05286417699994,-23.935792036299613],[-55.052940724999985,-23.935956275299617],[-55.05297797099996,-23.936039203299607],[-55.05318074899998,-23.936181226299638],[-55.05321788599997,-23.936264009299606],[-55.053203645999986,-23.936358560299624],[-55.05315217199995,-23.936534153299615],[-55.05311380799998,-23.936627686299595],[-55.05312653699997,-23.9367680232996],[-55.053202441999986,-23.936897074299583],[-55.05323999799998,-23.93703774129961],[-55.05332883799998,-23.937119846299606],[-55.05344295899994,-23.9372370772996],[-55.05348031899996,-23.93740099829961],[-55.05347969199994,-23.937518015299585],[-55.053504901999986,-23.937623220299606],[-55.05360653599996,-23.937705116299583],[-55.05369545099995,-23.937821989299596],[-55.05375895399994,-23.93795047429961],[-55.05380974899999,-23.938043910299587],[-55.05391155199993,-23.9382073642996],[-55.05396264199993,-23.938312391299554],[-55.05417974499994,-23.938557446299555],[-55.054448733999955,-23.93861518829957],[-55.05451362399998,-23.938608276299565],[-55.05460284499998,-23.93862378929956],[-55.05471641699995,-23.93868392929957],[-55.05477319399995,-23.938721394299563],[-55.05489482599995,-23.93881116029954],[-55.05494354999996,-23.938878165299545],[-55.05504892099998,-23.938967746299536],[-55.05513015699995,-23.93910159329957],[-55.05515447699998,-23.93913881429958],[-55.055219094999984,-23.93926547229957],[-55.055259461999974,-23.939317674299517],[-55.055324017999965,-23.93937739929955],[-55.05520297499999,-23.939480845299563],[-55.05526949099993,-23.939628637299524],[-55.055237018999954,-23.939784769299543],[-55.05525517399997,-23.94041666929951],[-55.055028578999945,-23.940617426299504],[-55.05485149799995,-23.940632335299522],[-55.05485290699994,-23.940577696299545],[-55.05483255399998,-23.940527036299542],[-55.05476394899995,-23.940450978299506],[-55.05470203899995,-23.940393879299496],[-55.05465386599997,-23.940343090299503],[-55.054612565999946,-23.94029227429951],[-55.054529653999964,-23.940235058299546],[-55.054474142999936,-23.940216009299544],[-55.05438384499996,-23.94022872229954],[-55.05427261699998,-23.940304940299537],[-55.05421003899994,-23.940368430299536],[-55.054182200999946,-23.940419205299513],[-55.05415433599995,-23.940495345299546],[-55.05413352399995,-23.940603171299514],[-55.054126593999975,-23.940679281299527],[-55.05416130399994,-23.940774415299508],[-55.054196011999984,-23.940863207299493],[-55.05424459699998,-23.940926627299504],[-55.05429318299997,-23.94099004629951],[-55.05435534999998,-23.94105962629951],[-55.054455237999946,-23.941160390299526],[-55.05438727799997,-23.941191539299524],[-55.05460777199994,-23.941330964299524],[-55.05464153899994,-23.94142399229949],[-55.05455679999994,-23.941532947299528],[-55.05438713899997,-23.94145564229953],[-55.05413237399995,-23.941378416299496],[-55.054115371999956,-23.941378439299477],[-55.05389415899998,-23.941378462299532],[-55.05379204999997,-23.941440614299516],[-55.053740998999956,-23.9416581542995],[-55.05367292899996,-23.9418443362995],[-55.053662205999956,-23.941895261299475],[-55.05362190599993,-23.941778809299503],[-55.053332609999984,-23.943394527299443],[-55.05235931599998,-23.94527723129943],[-55.050777590999985,-23.94762596629937],[-55.049540589999935,-23.94990010029932],[-55.04857193899994,-23.95146699329926],[-55.04743978399995,-23.95247907729926],[-55.046314749999965,-23.953017482299234],[-55.045096661999935,-23.954028454299216],[-55.04430687599994,-23.955123833299194],[-55.043438321999986,-23.955744443299178],[-55.042491008999946,-23.95589028429918],[-55.04197201699997,-23.9561205442992],[-55.04161647899997,-23.956905607299138],[-55.04117503299995,-23.957689571299134],[-55.040819484999986,-23.95847463029912],[-55.04020621999995,-23.959256399299107],[-55.04002366499998,-23.959964706299118],[-55.03975639799996,-23.960592970299107],[-55.040003369999965,-23.96130676229909],[-55.045998908999934,-23.965947722298946],[-55.040783601999976,-23.972213166298825],[-55.03993522099996,-23.971491692298844],[-55.039580816999944,-23.9721978002988],[-55.034046418999935,-23.96818439429894],[-55.02929943399994,-23.964564932298998],[-55.03029888899994,-23.95533951029922],[-55.03234135599996,-23.956629060299154],[-55.03632535599996,-23.948863072299314],[-55.03904901199997,-23.9505560422993],[-55.03941542699994,-23.94982223729933],[-55.039681635999955,-23.94873225429937],[-55.04104397499998,-23.942865399299475],[-55.04256153299997,-23.943306630299432],[-55.04328056099995,-23.943424679299476],[-55.044571357999985,-23.943283202299465],[-55.04569274299996,-23.942981639299482],[-55.046645901999966,-23.942441047299496],[-55.048825312999945,-23.94033683029953],[-55.04919387799998,-23.939635546299552],[-55.04919501399996,-23.939632427299568],[-55.04928669599997,-23.939527524299546],[-55.049363083999935,-23.939471621299518],[-55.049454924999964,-23.939436989299523],[-55.049516310999934,-23.939409321299554],[-55.049593178999935,-23.939374672299564],[-55.04967787399994,-23.939353977299522],[-55.04980862999997,-23.939277068299546],[-55.04988531599997,-23.939192910299564],[-55.050099890999945,-23.93911574429958],[-55.05032579199997,-23.939031574299552],[-55.05040318699997,-23.939010458299574],[-55.050426750999975,-23.93899636829954],[-55.050764457999946,-23.93849954229958],[-55.05076122099996,-23.93819320429957],[-55.05082017999996,-23.938112721299596],[-55.05090870599997,-23.937978514299566],[-55.05104151399996,-23.937844005299606],[-55.05117414999995,-23.937736345299577],[-55.05133586399995,-23.93760203629961],[-55.05143888699996,-23.937494554299576],[-55.05157129999998,-23.937387009299588],[-55.051659781999945,-23.937266011299595],[-55.051748300999975,-23.937144963299605],[-55.051704789999974,-23.936997074299608],[-55.05161525599994,-23.9368794432996],[-55.051617103999945,-23.936876077299594],[-55.051778716999934,-23.936862474299584],[-55.05194025499998,-23.93680870729959],[-55.052072728999974,-23.936754721299575],[-55.052234829999975,-23.9366736962996],[-55.05226485899993,-23.936471842299596],[-55.05219192599998,-23.936350606299612],[-55.05214873899996,-23.936215521299605],[-55.052090563999975,-23.9360806292996],[-55.05203007899996,-23.93592135829963],[-55.05200149399997,-23.935705636299627],[-55.05195338899995,-23.935547504299606],[-55.051953510999965,-23.935523928299624],[-55.05212131999997,-23.93547548729962],[-55.052223941999955,-23.935463636299616],[-55.052170253999975,-23.935326130299636],[-55.05240066299996,-23.935443239299616],[-55.05239058799998,-23.93542841929961]],[[-55.04095793799996,-23.96826665929893],[-55.042992470999934,-23.965768697298984],[-55.038546132999954,-23.96278373229906],[-55.036543301999984,-23.965302937299],[-55.04095793799996,-23.96826665929893]]]},"properties":{"OBJECTID":9,"NOME_UC":"Parque Natural Municipal de Sete Quedas","Shape.STArea()":0.0003377099545492191,"Shape.STLength()":0.13155895322681466,"Field":null,"__atlas_capturado_em":"2026-08-10T23:53:12.285Z","__atlas_fonte_servico":"https://www.pinms.ms.gov.br/arcgis/rest/services/IMASUL/SiriemaGeo_Sisla/MapServer","__atlas_layer_id":4}},{"type":"Feature","id":10,"geometry":{"type":"Polygon","coordinates":[[[-53.32207537399995,-22.583846551330247],[-53.32261357899995,-22.582539823330293],[-53.32355679999995,-22.581448898330294],[-53.324814414999935,-22.580678576330325],[-53.32626561399997,-22.580302855330313],[-53.327770989999976,-22.58035782533033],[-53.34410148499995,-22.583350611330257],[-53.345812491999936,-22.583996168330216],[-53.34714068899996,-22.58518782533024],[-53.36446461199994,-22.608128168329674],[-53.36516129199998,-22.609487927329663],[-53.36533748199997,-22.610984783329656],[-53.36497355599994,-22.61245215332961],[-53.36411000099998,-22.613726729329535],[-53.36369102899994,-22.614037525329547],[-53.36610049799999,-22.618784683329416],[-53.36641668899995,-22.619778247329386],[-53.377501526999936,-22.617961029329454],[-53.37908381899996,-22.617944344329462],[-53.38058807699997,-22.618400277329464],[-53.38185495999994,-22.61928052932945],[-53.38275026499997,-22.620491857329423],[-53.390995996999955,-22.636837937329],[-53.39100465299998,-22.636855188329015],[-53.395280557999975,-22.645423592328843],[-53.401056782999945,-22.657021660328528],[-53.40280080499997,-22.660530077328485],[-53.40322511099998,-22.661982233328413],[-53.40311154999995,-22.663483141328406],[-53.40247272699997,-22.664866011328364],[-53.40137961499994,-22.66597716632833],[-53.399953686999936,-22.66669312132834],[-53.398353406999945,-22.666934307328333],[-53.37449029299995,-22.66678919932836],[-53.373093773999976,-22.666590125328344],[-53.37181784699993,-22.66602691732833],[-53.37077020799995,-22.665147108328384],[-53.37003927599995,-22.664024959328383],[-53.36968673399996,-22.662755181328418],[-53.36864953299994,-22.653742566328614],[-53.35515761299996,-22.65091774132867],[-53.337985868999965,-22.6473208053288],[-53.32467337099996,-22.644916458328815],[-53.32462063299993,-22.645010843328834],[-53.32421587399995,-22.645574517328786],[-53.32324440799994,-22.646567887328775],[-53.32200127799996,-22.64725233932879],[-53.321323751999955,-22.647508065328754],[-53.31993848399998,-22.647821468328754],[-53.318514826999944,-22.647748468328768],[-53.317175181999964,-22.647295339328796],[-53.31625777199997,-22.646656388328772],[-53.31556597799994,-22.647139406328765],[-53.31434986799997,-22.647758717328795],[-53.31299484899995,-22.64803413832875],[-53.31161117699998,-22.647943260328777],[-53.31031144399998,-22.647493476328773],[-53.30920140699993,-22.646721383328767],[-53.30908578099997,-22.646613886328783],[-53.308788713999945,-22.64641302332881],[-53.30861423399995,-22.646274283328804],[-53.30834398199994,-22.646197201328793],[-53.30782084899994,-22.645888759328784],[-53.30770907699997,-22.645892720328796],[-53.30692654899997,-22.64589279132878],[-53.30625861699997,-22.645892753328777],[-53.30533928699998,-22.645738387328773],[-53.30503240099994,-22.64573841432884],[-53.30369157399997,-22.64573855732881],[-53.302032287999964,-22.64546784432879],[-53.30057210199993,-22.644687854328847],[-53.299486281999975,-22.643492211328866],[-53.29946842999993,-22.643463685328875],[-53.29906657199996,-22.643539971328835],[-53.29826120399997,-22.643629122328896],[-53.29701568399997,-22.643962762328837],[-53.29637874699995,-22.644021732328838],[-53.29611529699998,-22.644096740328834],[-53.29436956999995,-22.644285413328852],[-53.293393121999934,-22.64405639332886],[-53.292120109999985,-22.644243975328806],[-53.29138839299998,-22.644244263328847],[-53.29136672899995,-22.644273154328843],[-53.29087519499995,-22.644787039328858],[-53.289726015999975,-22.645668878328827],[-53.28834299099998,-22.6461860693288],[-53.286684288999936,-22.646545043328775],[-53.28518172699995,-22.64664776832881],[-53.28398686399998,-22.646379238328787],[-53.282990677999976,-22.64648148332878],[-53.28168002499995,-22.646450954328824],[-53.28042579399994,-22.646096539328823],[-53.28041586199999,-22.646092302328782],[-53.280379910999955,-22.64609035732882],[-53.27988224799997,-22.64603946632884],[-53.27920095099995,-22.645936612328804],[-53.27773415599995,-22.64548416732881],[-53.27649442499995,-22.64462732932882],[-53.27560700499999,-22.643452665328887],[-53.27516153999994,-22.6420788493289],[-53.27520302299996,-22.64064467232892],[-53.27534864399996,-22.63992807732896],[-53.275364525999976,-22.639837762328934],[-53.27535452699993,-22.63949038132896],[-53.27539907799997,-22.638748484328975],[-53.27539980399996,-22.638743638329],[-53.27537047499993,-22.637400070329008],[-53.27540771499997,-22.637157225329],[-53.27612179999994,-22.630591177329194],[-53.276555851999944,-22.629130823329206],[-53.27748592399996,-22.62788602432923],[-53.278807246999975,-22.626996983329246],[-53.28037099599993,-22.626563832329285],[-53.28200104899997,-22.626635355329253],[-53.32643552899998,-22.635672249329065],[-53.32365490099994,-22.60038571232989],[-53.32199389899995,-22.58524355133021],[-53.32207537399995,-22.583846551330247]],[[-53.356923334999976,-22.611291847329607],[-53.360484319999955,-22.610719765329602],[-53.343160646999934,-22.587778968330145],[-53.32682962999996,-22.58478613233024],[-53.32849817299996,-22.599992216329884],[-53.331504321999944,-22.63812257532897],[-53.33176086199995,-22.6413749543289],[-53.28095971799996,-22.631044493329178],[-53.28023590599997,-22.63770214632902],[-53.28018469799997,-22.638036139328975],[-53.28031602899995,-22.638698719329003],[-53.28021559399997,-22.63936973232898],[-53.28023790299994,-22.64014371432895],[-53.28013832599999,-22.640710074328926],[-53.279981629999945,-22.64148129532889],[-53.28066290499999,-22.6415841463289],[-53.281613652999965,-22.64163558832893],[-53.282456242999956,-22.641994969328863],[-53.28345498699997,-22.64189246632888],[-53.28445908599997,-22.64163582532892],[-53.285236872999974,-22.641635891328907],[-53.285580111999934,-22.64214909332887],[-53.28723876499999,-22.64179013632888],[-53.28773030399998,-22.641276264328894],[-53.28805562899999,-22.6407101953289],[-53.28821370899993,-22.64004033932891],[-53.28909780299995,-22.639575432328947],[-53.290162737999935,-22.63962740132897],[-53.29105795199997,-22.639730558328928],[-53.29211804199997,-22.639730145328976],[-53.292389543999946,-22.63895495632897],[-53.29339714599996,-22.63895499032895],[-53.29396016299995,-22.639471603328936],[-53.29468929799998,-22.639781357328935],[-53.29541499799996,-22.639574739328946],[-53.296533040999975,-22.639471230328958],[-53.297091482999974,-22.63921280332896],[-53.29849072999997,-22.639057918329],[-53.299441998999946,-22.638799448329],[-53.30011346199996,-22.638437228329007],[-53.300897658999986,-22.638437258328974],[-53.30156973299995,-22.638851327328943],[-53.30252034899996,-22.639678489328933],[-53.303078528999954,-22.64024612932896],[-53.30369104299996,-22.641224759328903],[-53.305031877999966,-22.641224619328906],[-53.305814099999964,-22.64122454832893],[-53.30625892899997,-22.64137896332891],[-53.30692683899997,-22.641379001328904],[-53.30770859399996,-22.641378933328895],[-53.30843476699994,-22.641327451328888],[-53.30921471199997,-22.641327440328894],[-53.309884377999936,-22.6414302103289],[-53.31038007199999,-22.64209812332892],[-53.31104645999994,-22.642200631328905],[-53.311651950999924,-22.642764607328864],[-53.31225748299994,-22.64317403532886],[-53.31264275199993,-22.643532213328854],[-53.313375478999944,-22.64302062432888],[-53.31383446599995,-22.642097671328923],[-53.31395330799995,-22.641429897328916],[-53.314515085999965,-22.64137838532888],[-53.315413371999966,-22.641275353328922],[-53.31608985699996,-22.641017892328932],[-53.31665782799996,-22.640554141328906],[-53.31721858199995,-22.640039075328925],[-53.317771745999956,-22.64014248632893],[-53.31832605799997,-22.64034861332893],[-53.31859380399993,-22.640915039328952],[-53.31858141999999,-22.641532129328933],[-53.318907483999965,-22.64194297732892],[-53.31895366899994,-22.64250740332889],[-53.319164771999965,-22.643019718328855],[-53.319491995999954,-22.643326780328835],[-53.320169507999935,-22.643071063328886],[-53.320574276999935,-22.64250739932887],[-53.320809493999946,-22.641942825328883],[-53.320988788999955,-22.641377542328936],[-53.321055799999954,-22.64081161432893],[-53.32117522099997,-22.640451092328945],[-53.32141433899994,-22.639729197328936],[-53.33898575999996,-22.64290303632886],[-53.35622787199998,-22.64651476132882],[-53.37311524499995,-22.650050341328683],[-53.37452255599993,-22.662275706328415],[-53.39838488799995,-22.6624208763284],[-53.39664094399996,-22.65891240432852],[-53.390866545999984,-22.64731730432877],[-53.38659253199995,-22.63875217432899],[-53.378347162999944,-22.62240583632937],[-53.35422216299998,-22.626359865329277],[-53.35216399999995,-22.62226479832934],[-53.36170245899996,-22.620708672329403],[-53.356923334999976,-22.611291847329607]]]},"properties":{"OBJECTID":10,"NOME_UC":"Estação Ecológica Veredas de Taquarussu","Shape.STArea()":0.0018584035068297516,"Shape.STLength()":0.8011040495959593,"Field":null,"__atlas_capturado_em":"2026-08-10T23:53:12.285Z","__atlas_fonte_servico":"https://www.pinms.ms.gov.br/arcgis/rest/services/IMASUL/SiriemaGeo_Sisla/MapServer","__atlas_layer_id":4}},{"type":"Feature","id":11,"geometry":{"type":"Polygon","coordinates":[[[-53.77329032799997,-23.010839849320426],[-53.77392156899998,-23.01075973532042],[-53.77425323699998,-23.010830340320435],[-53.77448548999996,-23.01106008732041],[-53.77446309899995,-23.011146343320384],[-53.77443345499996,-23.011230703320397],[-53.77356921899997,-23.01339660332038],[-53.773701287999984,-23.014148747320355],[-53.77371298099996,-23.01423737132035],[-53.77371706799994,-23.014326573320318],[-53.773713519999944,-23.014415796320346],[-53.77370235999996,-23.014504478320358],[-53.77368365899997,-23.014592066320336],[-53.77330656699996,-23.0160518093203],[-53.77244515099994,-23.019350898320216],[-53.77238739399996,-23.020870771320183],[-53.772841417999985,-23.021777577320165],[-53.77287598099997,-23.02185381132017],[-53.77290441699995,-23.021932184320168],[-53.772926576999964,-23.022012274320147],[-53.772942339999986,-23.022093652320162],[-53.77295162099995,-23.02217587832017],[-53.77309494999997,-23.024139858320094],[-53.77309768699996,-23.02422437432011],[-53.77309357699994,-23.024308842320117],[-53.77308264199996,-23.024392787320085],[-53.77306494499993,-23.0244757393201],[-53.77304058499993,-23.0245572313201],[-53.772690324999985,-23.02557838132006],[-53.772796323999955,-23.026426742320044],[-53.77280333799996,-23.02650939832006],[-53.77280377299997,-23.026592309320055],[-53.77279762799998,-23.02667502532005],[-53.772630994999986,-23.028132727320006],[-53.77261735899998,-23.028219567319997],[-53.772596470999986,-23.02830516532],[-53.77256845799996,-23.028388999320004],[-53.772533488999954,-23.02847056632],[-53.77249177599998,-23.02854936932001],[-53.77244356999996,-23.02862493331999],[-53.77148432099994,-23.030003149320002],[-53.770857310999986,-23.030935353319943],[-53.77065755799998,-23.03177546931994],[-53.77073337099995,-23.0325263563199],[-53.77091353899994,-23.032833954319898],[-53.771638295999935,-23.03396014831987],[-53.77168435999994,-23.0340387663199],[-53.77172355099998,-23.03412051631988],[-53.771755620999954,-23.03420488131991],[-53.77205504199997,-23.035105050319856],[-53.77207921599995,-23.035189395319865],[-53.77209627399998,-23.035275216319828],[-53.77210611199996,-23.035362002319825],[-53.77210867399998,-23.03544923131986],[-53.77210394099996,-23.03553638331984],[-53.77209194499994,-23.03562293531986],[-53.77207275599994,-23.03570837031983],[-53.772046487999944,-23.035792177319838],[-53.77201329999997,-23.035873854319874],[-53.771973388999974,-23.035952912319843],[-53.77192699399995,-23.036028878319836],[-53.771874393999944,-23.036101298319824],[-53.77181590299995,-23.03616973931981],[-53.77175186999995,-23.03623378931986],[-53.77168267899998,-23.036293068319836],[-53.77160874499997,-23.036347219319858],[-53.771530508999945,-23.036395918319847],[-53.77144843999998,-23.036438875319845],[-53.77136302799994,-23.036475833319802],[-53.771274784999946,-23.036506568319844],[-53.77118423899998,-23.03653089931982],[-53.77109193299997,-23.036548681319807],[-53.77099841699999,-23.036559804319836],[-53.77090425099993,-23.036564205319856],[-53.76559516599997,-23.03662189831982],[-53.75796208599997,-23.037229659319834],[-53.77089148899996,-23.062450311319235],[-53.77774306799994,-23.057120073319357],[-53.777815748999956,-23.057067733319325],[-53.77789249199998,-23.057020619319346],[-53.77797285999998,-23.056979002319384],[-53.77805639399998,-23.056943117319342],[-53.778142615999975,-23.056913171319362],[-53.778231036999955,-23.056889334319337],[-53.778321149999954,-23.056871742319334],[-53.77841243999996,-23.05686049531936],[-53.77850438799994,-23.05685565831936],[-53.77956309799998,-23.056837033319358],[-53.77966038599993,-23.05683891631934],[-53.779757202999974,-23.056847973319343],[-53.77985292899996,-23.056864148319377],[-53.779946956999936,-23.056887336319377],[-53.780038686999944,-23.056917391319352],[-53.78012753299999,-23.056954121319382],[-53.78021292999995,-23.05699729031936],[-53.78029433499995,-23.057046626319377],[-53.780371227999986,-23.057101813319363],[-53.78044311899998,-23.057162499319347],[-53.78050954999998,-23.057228298319377],[-53.78057009799994,-23.05729879031933],[-53.78062437799997,-23.05737352831936],[-53.78067204099994,-23.057452033319333],[-53.78071278599998,-23.057533806319356],[-53.782220862999964,-23.06090839731929],[-53.782254060999946,-23.060991855319244],[-53.78228005099999,-23.061077474319248],[-53.78229867099998,-23.061164721319255],[-53.78347112099993,-23.068082612319092],[-53.78663121699998,-23.081094580318805],[-53.78664688899994,-23.0811723083188],[-53.78665663899995,-23.081250859318796],[-53.78666041599996,-23.08132984931883],[-53.786658202999945,-23.08140889031882],[-53.78665001099995,-23.08148759531877],[-53.78663587999995,-23.081565574318798],[-53.78661587999994,-23.08164244631882],[-53.783408909999935,-23.09230970231855],[-53.78561242799998,-23.10868351331818],[-53.79238985599994,-23.11869319231795],[-53.79240473899995,-23.11871575531796],[-53.79242486299995,-23.118748302317954],[-53.80004144599997,-23.131554443317665],[-53.802154897999976,-23.134846790317603],[-53.80220106999997,-23.13492569931756],[-53.80224031399996,-23.135007752317595],[-53.802272382999945,-23.135092431317585],[-53.80229707199993,-23.1351791993176],[-53.802314226999954,-23.13526750731759],[-53.802323737999984,-23.13535679631754],[-53.802325544999974,-23.135446503317574],[-53.80231963799997,-23.13553605831756],[-53.80230605299994,-23.135624896317562],[-53.80228487499994,-23.135712454317584],[-53.80225623999996,-23.135798179317547],[-53.802220327999976,-23.135881527317586],[-53.802177366999956,-23.13596197331755],[-53.80212762799994,-23.136039005317574],[-53.80207142599994,-23.136112139317564],[-53.802009115999965,-23.13618090931755],[-53.80194109299998,-23.136244882317555],[-53.80186778799998,-23.136303653317547],[-53.80178966399996,-23.136356850317547],[-53.801707214999965,-23.136404135317548],[-53.80162096299995,-23.136445212317543],[-53.80153145299994,-23.136479817317525],[-53.801439252999955,-23.136507734317544],[-53.80134494499998,-23.136528786317566],[-53.80124912499997,-23.136542839317542],[-53.80115240099997,-23.136549805317532],[-53.801055384999984,-23.136549639317522],[-53.80095868999996,-23.13654234231756],[-53.80086292899995,-23.136527961317526],[-53.80076870499994,-23.136506586317516],[-53.800676616999965,-23.136478353317546],[-53.80059219799994,-23.13651907031753],[-53.80050460499996,-23.13655358531751],[-53.800414374999946,-23.136581687317562],[-53.80032204999998,-23.13660320731754],[-53.800228194999924,-23.136618014317545],[-53.80013337899993,-23.136626017317536],[-53.80003817599999,-23.136627168317542],[-53.799943164999945,-23.13662146131752],[-53.799848922999956,-23.136608929317553],[-53.79975602199994,-23.136589648317564],[-53.799665026999946,-23.136563738317527],[-53.799576489999936,-23.13653135231754],[-53.79949094799997,-23.136492690317542],[-53.79940892099995,-23.136447986317524],[-53.799330905999966,-23.13639751131757],[-53.799257377999936,-23.136341571317526],[-53.79918878299998,-23.136280507317565],[-53.799125536999945,-23.13621468831753],[-53.79887908499995,-23.135936787317583],[-53.79869766699994,-23.13582533931755],[-53.79847511299994,-23.135931367317536],[-53.798387031999944,-23.13596930331756],[-53.798295965999955,-23.136000635317554],[-53.79820249099999,-23.136025164317573],[-53.79810720299997,-23.136042735317577],[-53.79801070399998,-23.136053235317547],[-53.79791360699994,-23.136056598317563],[-53.79781652999998,-23.136052802317533],[-53.797720086999966,-23.13604187331755],[-53.79762489099995,-23.136023878317534],[-53.79753154599996,-23.135998934317584],[-53.797440642999966,-23.135967196317555],[-53.797352760999956,-23.135928868317542],[-53.79726845599998,-23.13588419131753],[-53.79718826499993,-23.13583345131753],[-53.79711269499995,-23.135776969317533],[-53.79704222599998,-23.135715102317544],[-53.796404794999944,-23.13510904631757],[-53.796342910999954,-23.135045563317565],[-53.796286401999964,-23.134977928317568],[-53.79623559299995,-23.134906531317572],[-53.79619077399997,-23.134831781317565],[-53.79615220599993,-23.134754107317615],[-53.79612010599993,-23.1346739553176],[-53.79609466199997,-23.134591785317564],[-53.796076017999944,-23.134508070317615],[-53.796042322999945,-23.134321192317593],[-53.79603032399996,-23.13423375731758],[-53.79602574599994,-23.134145722317594],[-53.79602861799998,-23.134057626317595],[-53.79603892099993,-23.1339700073176],[-53.796056593999936,-23.133883398317607],[-53.796081526999956,-23.133798332317614],[-53.79611356899994,-23.133715327317596],[-53.79615252399998,-23.133634890317584],[-53.79619815399997,-23.133557513317623],[-53.79625017999996,-23.133483669317634],[-53.79630828299997,-23.133413808317602],[-53.79621750299998,-23.1333912593176],[-53.79612887699995,-23.13336229431759],[-53.79604293199997,-23.13332708931763],[-53.795960182999984,-23.133285853317613],[-53.795881121999976,-23.133238831317627],[-53.79580622399993,-23.133186304317643],[-53.795735932999946,-23.13312858731764],[-53.795670669999936,-23.133066024317618],[-53.79561082499998,-23.132998988317595],[-53.79555675399996,-23.13292787931762],[-53.79550877999998,-23.132853121317655],[-53.795467189999954,-23.13277516231764],[-53.79543223099995,-23.13269446531765],[-53.79540411399996,-23.132611513317638],[-53.79539354599996,-23.132572070317647],[-53.79532196599996,-23.13260669231763],[-53.795248062999974,-23.13263684931766],[-53.795172158999954,-23.132662407317614],[-53.79509458999996,-23.13268325531762],[-53.79501569699994,-23.132699300317626],[-53.79482634299996,-23.132731777317613],[-53.79473092499995,-23.132744594317643],[-53.79463470899998,-23.132750388317646],[-53.79453829899996,-23.132749124317655],[-53.79444229899997,-23.132740808317603],[-53.79434731199996,-23.13272549331762],[-53.794253932999936,-23.132703276317628],[-53.79416274799996,-23.13267429531762],[-53.794074328999955,-23.13263873131766],[-53.793989228999976,-23.132596809317615],[-53.79390798199994,-23.132548792317635],[-53.79383109799994,-23.132494979317606],[-53.79375905999996,-23.132435708317622],[-53.793729073999934,-23.132518883317655],[-53.79369215199994,-23.132599637317604],[-53.793648518999994,-23.132677475317642],[-53.79359844299995,-23.132751922317617],[-53.79354222899997,-23.132822521317642],[-53.79348022099999,-23.132888843317645],[-53.79341279999994,-23.13295047931765],[-53.793340375999946,-23.133007056317595],[-53.793221889999984,-23.13309263931764],[-53.793145451999976,-23.133143632317633],[-53.793064974999936,-23.133189001317604],[-53.792980942999975,-23.13322847231763],[-53.792893858999946,-23.13326180831764],[-53.79280424499996,-23.133288809317612],[-53.79271264099998,-23.133309313317636],[-53.79261959399997,-23.133323198317633],[-53.79252566599996,-23.133330380317613],[-53.79243141699994,-23.133330815317613],[-53.79233741499996,-23.133324501317603],[-53.792244223999944,-23.133311476317612],[-53.79217034199996,-23.133353981317615],[-53.79209325399995,-23.1333912963176],[-53.79201338299998,-23.133423219317606],[-53.79193116999994,-23.13344957131762],[-53.79184707099995,-23.133470207317604],[-53.79183840199994,-23.133591815317637],[-53.791829263999944,-23.13367400431758],[-53.791813644999934,-23.133755355317597],[-53.79179162999998,-23.133835428317578],[-53.79176333599997,-23.133913798317618],[-53.79172891699994,-23.13399004331761],[-53.79168855399997,-23.134063752317612],[-53.79164246599998,-23.1341345313176],[-53.791590898999964,-23.13420200031759],[-53.791534130999935,-23.134265798317575],[-53.79124766199994,-23.134564721317567],[-53.79119232199997,-23.134618765317597],[-53.79113324799993,-23.13466931631761],[-53.79107069799994,-23.13471615331757],[-53.79100494399996,-23.134759074317596],[-53.79093627299994,-23.134797890317575],[-53.790697801999954,-23.134922705317564],[-53.790613924999946,-23.134962806317596],[-53.79052693099993,-23.13499675431759],[-53.790437345999976,-23.135024344317596],[-53.79034571199997,-23.13504540831755],[-53.790252584999955,-23.135059818317565],[-53.79015852799994,-23.135067486317585],[-53.790064109999946,-23.13506836831758],[-53.789969904999964,-23.13506245731755],[-53.789876481999954,-23.13504979031759],[-53.78986313999997,-23.135066191317577],[-53.789813958999964,-23.135122763317575],[-53.789760944999955,-23.135176292317603],[-53.78970431799996,-23.135226557317566],[-53.78964431199995,-23.135273351317583],[-53.78961279199996,-23.13529636731757],[-53.789830380999945,-23.135657539317563],[-53.789870749999984,-23.13573068831756],[-53.78990525599993,-23.13580635831756],[-53.789933718999976,-23.13588415131756],[-53.78995598499995,-23.135963652317578],[-53.78997193899995,-23.136044440317562],[-53.78998149399995,-23.136126088317553],[-53.78998460099996,-23.136208162317534],[-53.78998124299994,-23.13629022831754],[-53.78996248899995,-23.13652344431756],[-53.78995204199998,-23.136609958317532],[-53.78993429099995,-23.136695450317564],[-53.78990934199993,-23.136779389317546],[-53.78987734999998,-23.136861260317563],[-53.78983851299995,-23.136940558317555],[-53.789793068999984,-23.137016795317532],[-53.78986583299997,-23.137074307317548],[-53.78993348499995,-23.137136931317546],[-53.789995605999934,-23.137204276317537],[-53.790051810999955,-23.137275930317557],[-53.79010175399998,-23.137351446317535],[-53.79014512599998,-23.137430358317516],[-53.790181656999955,-23.137512178317515],[-53.79021112399994,-23.13759640031751],[-53.790233339999986,-23.13768250431749],[-53.79024817299995,-23.13776995631749],[-53.79025552799993,-23.137858216317532],[-53.79025535799997,-23.137946737317534],[-53.79024766799995,-23.13803497131751],[-53.79023250399997,-23.138122374317515],[-53.79020995899998,-23.13820840531748],[-53.79004173599998,-23.138756754317512],[-53.79001321199996,-23.13883805731752],[-53.78997807799993,-23.13891711431751],[-53.789936539999985,-23.13899347031747],[-53.78988883699998,-23.13906668031751],[-53.789835247999974,-23.13913632131748],[-53.789776082999936,-23.13920198731749],[-53.789711684999986,-23.139263299317502],[-53.789709604999985,-23.139384725317477],[-53.789704502999946,-23.139471451317476],[-53.78969220099999,-23.139557556317456],[-53.78967277299995,-23.1396425313175],[-53.78964633199996,-23.139725872317495],[-53.789613035999935,-23.139807083317496],[-53.78957308199995,-23.139885686317456],[-53.78952670599995,-23.13996121331749],[-53.78947418499996,-23.140033215317462],[-53.78941582899995,-23.14010126831747],[-53.78935198399996,-23.14016496731747],[-53.78928302899993,-23.140223933317465],[-53.78920937099997,-23.140277819317436],[-53.78822788599995,-23.14094067531744],[-53.787972846999935,-23.141330053317454],[-53.78792369299999,-23.141399290317455],[-53.78786916499996,-23.14146499531744],[-53.78780955599996,-23.14152681231741],[-53.78774519099994,-23.14158440431742],[-53.787676415999954,-23.141637461317423],[-53.78760360699994,-23.141685693317395],[-53.78752715699994,-23.14172884131744],[-53.78744748199995,-23.141766670317445],[-53.78736501199995,-23.141798974317442],[-53.787303360999935,-23.141865107317408],[-53.78723635599994,-23.141926624317396],[-53.78716439899995,-23.141983158317416],[-53.787087921999955,-23.142034365317432],[-53.78700738599997,-23.142079940317437],[-53.78692327299995,-23.142119609317422],[-53.786836090999934,-23.14215313231743],[-53.786746361999974,-23.142180310317407],[-53.78665462699996,-23.142200977317408],[-53.78656143499995,-23.142215011317415],[-53.78646734799997,-23.142222326317416],[-53.78637293099996,-23.142222878317426],[-53.78627875199999,-23.14221666631742],[-53.786185375999935,-23.142203724317408],[-53.786093363999946,-23.142184133317404],[-53.785918280999965,-23.14214025331743],[-53.78588896399998,-23.142222471317414],[-53.78585288199998,-23.14230235431743],[-53.785810251999976,-23.1423794293174],[-53.785761324999946,-23.142453237317433],[-53.785706393999924,-23.142523338317435],[-53.78564578499999,-23.142589317317427],[-53.78557985899993,-23.142650780317382],[-53.78550900599999,-23.14270736331738],[-53.78543364999996,-23.142758728317435],[-53.78535423699998,-23.142804571317388],[-53.785271239999986,-23.142844618317415],[-53.785185152999986,-23.142878632317395],[-53.78500029199995,-23.143498495317374],[-53.784991163999955,-23.143525405317412],[-53.78505772799997,-23.143615700317365],[-53.78510732999997,-23.143688852317382],[-53.78515073599994,-23.143765300317398],[-53.785187691999965,-23.14384459431739],[-53.78521798199995,-23.14392627031736],[-53.78524142699997,-23.14400984931739],[-53.78525789099996,-23.14409484131738],[-53.785267275999956,-23.14418074931739],[-53.78526952799996,-23.14426707031736],[-53.78526463399999,-23.144353296317366],[-53.78525262199997,-23.14443892431738],[-53.78523356199998,-23.14452345131734],[-53.78520756699999,-23.14460638331733],[-53.78517478899994,-23.14468723231736],[-53.78513541899997,-23.14476552731734],[-53.78506859999994,-23.144886111317334],[-53.78502470199999,-23.144958763317366],[-53.784974794999975,-23.145028020317366],[-53.78491918399993,-23.145093456317365],[-53.78490207299995,-23.145181605317333],[-53.784877406999954,-23.14526821231734],[-53.78484534399996,-23.145352720317327],[-53.78480608699993,-23.145434592317333],[-53.784759888999986,-23.14551330531732],[-53.78470704299997,-23.145588356317333],[-53.78464788799993,-23.145659266317306],[-53.78458279899996,-23.145725584317365],[-53.784512192999955,-23.145786884317328],[-53.78416168699994,-23.146068341317356],[-53.784093628999976,-23.146119151317365],[-53.78402180899997,-23.14616532031733],[-53.783946595999964,-23.14620661031734],[-53.783868377999966,-23.146242812317322],[-53.78366600099998,-23.14632822531734],[-53.783585218999974,-23.146359135317315],[-53.78350224999997,-23.146384615317338],[-53.78341752199998,-23.14640453431729],[-53.78333146699999,-23.146418790317338],[-53.783244529999926,-23.146427309317346],[-53.78315715599996,-23.146430050317335],[-53.782994265999946,-23.146429757317318],[-53.78290927599994,-23.146426867317306],[-53.78282471099993,-23.146418492317313],[-53.78274098699995,-23.14640467231732],[-53.78265851099997,-23.14638547531734],[-53.782041668999966,-23.147571966317315],[-53.78201325099997,-23.147623410317266],[-53.78199686299996,-23.1476504003173],[-53.78189757399997,-23.147808805317283],[-53.78191854199997,-23.148033518317295],[-53.781922529999974,-23.148097298317296],[-53.781922605999966,-23.14816118431726],[-53.781918771999976,-23.1482249723173],[-53.78190446299993,-23.14838241031726],[-53.781893468999954,-23.148465909317288],[-53.78187577899996,-23.14854841831727],[-53.78185148799997,-23.148629479317268],[-53.78182073299996,-23.148708640317242],[-53.78178368499994,-23.148785463317274],[-53.78174054899995,-23.14885951931728],[-53.78169156499996,-23.14893039631727],[-53.78163700599998,-23.148997701317278],[-53.78157717499994,-23.149061060317255],[-53.781512403999955,-23.149120119317256],[-53.78138062199997,-23.149231633317235],[-53.78130851299994,-23.14928806531724],[-53.78123189799993,-23.14933916931726],[-53.78115123699996,-23.149384637317254],[-53.781067011999944,-23.149424197317256],[-53.780979729999956,-23.14945761131723],[-53.78088991299995,-23.14948467931724],[-53.78079809999997,-23.149505239317243],[-53.78070484199998,-23.14951916831726],[-53.78061069799998,-23.149526380317223],[-53.78051623299996,-23.149526835317243],[-53.78042201299996,-23.149520529317257],[-53.780328602999994,-23.14950750031725],[-53.78018929299998,-23.14948293231724],[-53.78014418499998,-23.149559365317245],[-53.78009281799996,-23.14963234131725],[-53.78003549899995,-23.14970142431722],[-53.77997257099997,-23.149766198317238],[-53.77990441199995,-23.149826276317224],[-53.77983143099994,-23.14988129731725],[-53.779754063999974,-23.149930931317254],[-53.77967277699997,-23.149974881317263],[-53.77958805499998,-23.15001288331726],[-53.77950040799993,-23.150044710317253],[-53.779410360999975,-23.15007017131725],[-53.779318453999956,-23.15008911231726],[-53.779225236999935,-23.15010142131725],[-53.77919970299996,-23.150163387317228],[-53.77917055399996,-23.15022397531722],[-53.77906227899996,-23.15043290931722],[-53.77902487599994,-23.15049941631721],[-53.778982697999936,-23.150563434317256],[-53.77893593899995,-23.15062467031722],[-53.77888481199995,-23.15068284531722],[-53.778914362999956,-23.150766957317224],[-53.778936631999954,-23.150852964317217],[-53.77895147999993,-23.150940331317212],[-53.778958813999964,-23.151028511317243],[-53.778958587999966,-23.151116949317213],[-53.77895080299999,-23.15120509531721],[-53.77893550799996,-23.15129239631722],[-53.778824663999956,-23.151800613317207],[-53.778804721999954,-23.151877894317167],[-53.77877894699998,-23.151953684317203],[-53.77874746599997,-23.152027609317173],[-53.77871043699997,-23.152099302317175],[-53.778668041999936,-23.15216840631721],[-53.77862049099997,-23.152234580317202],[-53.778568021999945,-23.152297495317192],[-53.77845117399995,-23.152427840317202],[-53.778390814999966,-23.15249036731721],[-53.778325583999965,-23.15254855931719],[-53.778255841999965,-23.152602094317185],[-53.77818197899996,-23.152650673317194],[-53.778104405999954,-23.152694025317167],[-53.77802355399996,-23.15273191031716],[-53.77793987299999,-23.152764116317165],[-53.77785382899998,-23.15279046531716],[-53.77776589999996,-23.152810811317156],[-53.77772927999996,-23.152886098317158],[-53.777686683999946,-23.15295864831718],[-53.777638346999936,-23.153028055317197],[-53.77758454099995,-23.153093930317155],[-53.77752556599995,-23.153155906317146],[-53.77725313199995,-23.153422510317174],[-53.77720222999994,-23.153469470317134],[-53.77719588999998,-23.153474560317143],[-53.777205063999986,-23.15356340131718],[-53.77720660799997,-23.15365263631714],[-53.777200514999954,-23.15374170431715],[-53.77718681999993,-23.15383004731718],[-53.777165610999994,-23.15391711231717],[-53.77713702099993,-23.154002352317143],[-53.77710122899998,-23.15408523431715],[-53.77705845699995,-23.15416523831714],[-53.777008975999934,-23.15424186331716],[-53.77695309499995,-23.154314628317128],[-53.77689116499994,-23.154383078317135],[-53.776823572999945,-23.154446784317127],[-53.77675074199993,-23.154505346317126],[-53.77667312999994,-23.154558397317135],[-53.77659122299997,-23.15460560431716],[-53.776505533999966,-23.154646672317128],[-53.77645071899997,-23.154788300317115],[-53.776512560999954,-23.154857643317115],[-53.77656822899997,-23.15493132531711],[-53.77661736899995,-23.15500887331715],[-53.776659667999986,-23.155089798317107],[-53.77669485699993,-23.155173582317133],[-53.77672271199998,-23.15525969331711],[-53.77674305599999,-23.155347584317123],[-53.77675575899997,-23.1554366933171],[-53.776760740999975,-23.155526457317105],[-53.77675796899996,-23.1556163013171],[-53.77674746199995,-23.15570565531711],[-53.77672928599998,-23.155793951317097],[-53.77670355699996,-23.15588062631708],[-53.776670438999986,-23.15596512931712],[-53.77663014199993,-23.15604692231711],[-53.77658292199993,-23.156125485317094],[-53.77652908099998,-23.15620031831708],[-53.77646895999993,-23.156270944317097],[-53.77640294399998,-23.156336916317105],[-53.77633144899994,-23.156397811317106],[-53.77625493399995,-23.156453243317117],[-53.776173883999945,-23.15650286031711],[-53.776088813999934,-23.15654634531711],[-53.77600026699997,-23.156583423317095],[-53.77590880499997,-23.156613856317108],[-53.77581501099996,-23.15663745031707],[-53.77571948199994,-23.156654058317077],[-53.77562282499997,-23.156663572317083],[-53.77558743599997,-23.156745834317118],[-53.77557378599994,-23.156773227317096],[-53.77552046299997,-23.156876585317082],[-53.77547519499996,-23.15695603031707],[-53.77542323599994,-23.15703189231708],[-53.77536491599995,-23.157103693317055],[-53.775300604999984,-23.15717097731707],[-53.77523070899997,-23.15723331831707],[-53.77515567199999,-23.157290319317067],[-53.77507596999993,-23.157341622317094],[-53.77499210599996,-23.157386900317054],[-53.77490461399998,-23.15742586731707],[-53.77481404599996,-23.157458275317065],[-53.77472097799995,-23.15748391931707],[-53.774625997999976,-23.15750263631704],[-53.774529709999975,-23.15751430931707],[-53.774432721999965,-23.15751886231706],[-53.774335649999955,-23.157516268317035],[-53.77376643499997,-23.157480047317087],[-53.77294003999998,-23.15772003831708],[-53.77284613099994,-23.15774355031706],[-53.77275049499997,-23.15776006831705],[-53.772653737999974,-23.157769485317054],[-53.772556477999956,-23.157771744317053],[-53.77245933299997,-23.157766829317065],[-53.77236291999998,-23.157754771317084],[-53.77226785299996,-23.15773564731708],[-53.772174735999954,-23.157709580317054],[-53.77208416199994,-23.15767673431704],[-53.77200012599997,-23.15764262331706],[-53.77192500999996,-23.15760937131708],[-53.77185255799998,-23.15757139731706],[-53.77178311799997,-23.157528884317077],[-53.77171702299995,-23.157482036317084],[-53.771654585999954,-23.15743107631706],[-53.77159610799998,-23.15737624731706],[-53.77154186699994,-23.15731781331706],[-53.77143554299994,-23.15733557431705],[-53.77138451299998,-23.15740408831707],[-53.77132814899994,-23.15746893131708],[-53.77126676199998,-23.157529748317046],[-53.77120068499995,-23.157586207317046],[-53.771130279999966,-23.157638001317057],[-53.77105593099998,-23.157684846317043],[-53.77097804299996,-23.157726485317056],[-53.770897042999934,-23.157762694317082],[-53.77081337299995,-23.157793273317072],[-53.77072748899997,-23.157818055317044],[-53.77063985999996,-23.15783690631704],[-53.770550964999984,-23.157849722317074],[-53.77036735499996,-23.15786983731706],[-53.77000496699998,-23.158283315317036],[-53.76994329499996,-23.15834847631704],[-53.76987639099997,-23.158409063317034],[-53.76980464999996,-23.158464718317028],[-53.76972849599997,-23.15851511131707],[-53.76964838099997,-23.15855994631705],[-53.76956477699997,-23.15859895631706],[-53.769478177999986,-23.15863191131707],[-53.76938909699999,-23.15865861631704],[-53.769298059999976,-23.15867891531701],[-53.76920560599995,-23.15869268431704],[-53.76911228099994,-23.158699846317063],[-53.76901863599994,-23.15870035631702],[-53.768925226999954,-23.158694211317034],[-53.768832603999954,-23.158681449317047],[-53.76874131399996,-23.158662144317027],[-53.768651898999956,-23.158636410317055],[-53.76856488599998,-23.158604401317074],[-53.76849210499996,-23.158653994317035],[-53.768415515999955,-23.158698415317023],[-53.76833554799998,-23.158737415317038],[-53.768047392999954,-23.158865550317046],[-53.76797141299995,-23.158896440317044],[-53.767893336999975,-23.158922481317063],[-53.767813526999994,-23.158943553317044],[-53.767732351999946,-23.158959558317058],[-53.767650187999955,-23.15897042231705],[-53.76720289099996,-23.15901527031701],[-53.76711947199993,-23.15902096831706],[-53.76703582699997,-23.15902136531702],[-53.76695234899995,-23.15901646231702],[-53.76686943099997,-23.159006282317016],[-53.76644352499994,-23.158940177317053],[-53.76635444099997,-23.158923360317036],[-53.76626702799996,-23.158900233317013],[-53.76618180699995,-23.15887093231703],[-53.76609928799996,-23.158835634317025],[-53.76597119499996,-23.158963945317048],[-53.76590260699999,-23.15902739031701],[-53.76582878399994,-23.15908559531703],[-53.765750192999974,-23.15913819131702],[-53.765667329999985,-23.15918484731701],[-53.765580719999946,-23.159225267317016],[-53.76549090999998,-23.15925919631706],[-53.765398467999944,-23.159286419317024],[-53.76530397899995,-23.15930676231704],[-53.76502366999995,-23.15935634131704],[-53.76493219799994,-23.15936921731701],[-53.76483993399995,-23.15937564531701],[-53.76474740799995,-23.159375589317037],[-53.76465515299998,-23.159369049317018],[-53.76456369899995,-23.159356063317027],[-53.764473571999986,-23.15933670531705],[-53.76438529199999,-23.159311087317047],[-53.76429936599993,-23.15927935631702],[-53.764216285999964,-23.15924169431701],[-53.76413653399993,-23.15919831931705],[-53.76406056599996,-23.159149480316998],[-53.76398881899996,-23.159095457317044],[-53.763835941999965,-23.15897114131701],[-53.76376685599996,-23.158910371317063],[-53.76370311299996,-23.15884479831703],[-53.76364510299993,-23.158774821317028],[-53.76359317999999,-23.15870086931705],[-53.76354766399999,-23.15862339331704],[-53.76350882999998,-23.15854286631703],[-53.763476916999934,-23.158459782317042],[-53.76346288399998,-23.158418156317058],[-53.76342521799995,-23.158470631317023],[-53.76338426899998,-23.15852095931706],[-53.763340178999954,-23.158568964317062],[-53.76314574099996,-23.158769281317063],[-53.763080420999984,-23.15883157831706],[-53.763010115999975,-23.15888905031705],[-53.76293524099998,-23.158941355317037],[-53.762591320999945,-23.159162920317033],[-53.76226951899997,-23.159578935317008],[-53.76221937899999,-23.15963933731704],[-53.76216494399995,-23.15969647431704],[-53.76210646599998,-23.159750087317015],[-53.76204420899995,-23.15979992831703],[-53.761978456999934,-23.159845773317024],[-53.76182070599998,-23.159948227317017],[-53.76174257399998,-23.159994961316976],[-53.76166081799994,-23.160036052316997],[-53.76157591199996,-23.16007126231701],[-53.76148834999998,-23.160100386316998],[-53.76139864299995,-23.16012325331698],[-53.76130731099993,-23.160139732316985],[-53.76121488699994,-23.160149726317027],[-53.76112190799995,-23.16015317731702],[-53.76044097399995,-23.160154419317013],[-53.76032726699999,-23.16049913631698],[-53.76029706299994,-23.160579666317027],[-53.76026036899999,-23.160657857317013],[-53.760217394999984,-23.160733263316978],[-53.760168385999975,-23.160805454316982],[-53.76011362099996,-23.160874016317],[-53.76005341399997,-23.160938560317007],[-53.75998810799995,-23.160998715316968],[-53.75991807599996,-23.161054140317002],[-53.75984371899995,-23.16110451731697],[-53.759765458999944,-23.161149559316982],[-53.75968374499996,-23.161189008316974],[-53.75959904299998,-23.161222640316964],[-53.759511835999945,-23.161250262316972],[-53.75942262199993,-23.161271717316996],[-53.75933191099995,-23.161286882316972],[-53.75924022099996,-23.161295671316967],[-53.75914807399994,-23.161298033317006],[-53.75905599699996,-23.161293955316975],[-53.75873774599996,-23.161268689316962],[-53.758642459999976,-23.161257693316998],[-53.758548410999936,-23.161239776316968],[-53.75845618499994,-23.161215048316997],[-53.75836635899998,-23.16118366531697],[-53.758279492999975,-23.161145823316993],[-53.75819612899995,-23.161101757316995],[-53.758116787999946,-23.161051743316992],[-53.75804196599995,-23.16099609231697],[-53.75797212899994,-23.160935154316974],[-53.75790771299995,-23.160869306316958],[-53.75784911999995,-23.16079896231697],[-53.75779671899995,-23.160724560316968],[-53.757708734999945,-23.160739182317013],[-53.75761980299995,-23.16074756531698],[-53.75753043899994,-23.16074966331701],[-53.75715933999999,-23.16074617831698],[-53.757069162999976,-23.160742288316964],[-53.75697954699996,-23.160732209316976],[-53.75689098999993,-23.160715996316988],[-53.75680398199995,-23.160693739316986],[-53.75671900499998,-23.160665560317014],[-53.756636528999934,-23.160631618317],[-53.75655701199998,-23.160592098316968],[-53.75656017299997,-23.160677700316977],[-53.75655629299996,-23.160763275316988],[-53.75654539699997,-23.16084833231697],[-53.75652754699996,-23.16093237931699],[-53.75650284599993,-23.161014928317016],[-53.75647143599997,-23.161095506317007],[-53.75643349999995,-23.161173644316996],[-53.75638925599998,-23.161248894317],[-53.75633895999994,-23.161320820316973],[-53.75628290199995,-23.161389007316977],[-53.75622140599996,-23.16145306131699],[-53.75615482599994,-23.16151261131699],[-53.756083547999935,-23.161567315316965],[-53.75600798299996,-23.161616856316982],[-53.755928567999945,-23.16166094831697],[-53.75584576099993,-23.161699337316968],[-53.755760039999984,-23.16173180131698],[-53.75567189999999,-23.16175815131696],[-53.75558185099993,-23.161778238316952],[-53.755154944999965,-23.161857852316977],[-53.75508245599997,-23.16186924131698],[-53.75500935599996,-23.161876571316988],[-53.75493591199995,-23.16187981631696],[-53.75486238999997,-23.161878963316997],[-53.75424456999997,-23.161853467316963],[-53.75416209499997,-23.161847466316985],[-53.75408024999995,-23.161836310316957],[-53.75399940999995,-23.161820053316987],[-53.75362449099998,-23.161732240316997],[-53.753541963999965,-23.161710023316964],[-53.75346133399995,-23.16168248831694],[-53.753382999999985,-23.161649770316945],[-53.75330735199998,-23.161612036316956],[-53.753234764999945,-23.161569469316987],[-53.75316559999994,-23.161522282316984],[-53.75291907899998,-23.161341356316996],[-53.75279482299993,-23.161280461317016],[-53.75276298099993,-23.161363684316992],[-53.75272417799994,-23.161444341317004],[-53.752678652999975,-23.16152193531695],[-53.75262668499994,-23.161595989316982],[-53.75256859599994,-23.161666045316952],[-53.752504743999964,-23.161731673316968],[-53.75243551899996,-23.161792469316982],[-53.75236135199998,-23.16184805531695],[-53.75228269699994,-23.161898091316953],[-53.75220004099998,-23.16194227031694],[-53.752113890999965,-23.161980317316978],[-53.75202477899995,-23.162011998316967],[-53.75193325399993,-23.162037120316974],[-53.75075830599996,-23.162314629316974],[-53.75068742099995,-23.162329307316977],[-53.75061571899994,-23.162340059316968],[-53.75054345099994,-23.16234684531694],[-53.75003153899996,-23.162380715316978],[-53.74971249699996,-23.16251620531697],[-53.74963361499994,-23.16254692231698],[-53.749552524999956,-23.162572247316948],[-53.74946965599997,-23.162592049316952],[-53.74938544799994,-23.162606221316963],[-53.74930034799996,-23.162614689316932],[-53.74935758799995,-23.162779282316954],[-53.74938307799994,-23.16286370231695],[-53.74940140399997,-23.162949697316975],[-53.749412451999945,-23.16303674931693],[-53.749416157999974,-23.16312433031693],[-53.74941249799997,-23.163211913316914],[-53.74940149499997,-23.163298969316955],[-53.74938321499997,-23.163384972316923],[-53.749357768999964,-23.16346940431691],[-53.74932530999997,-23.163551754316934],[-53.74928603399997,-23.163631525316934],[-53.74924017799998,-23.163708235316893],[-53.74918801899997,-23.163781423316944],[-53.74912987199996,-23.16385064431694],[-53.74906608799995,-23.163915483316945],[-53.74899705099995,-23.1639755483169],[-53.74892317999997,-23.164030474316913],[-53.74884491999995,-23.16407993231694],[-53.74876274199995,-23.16412362231692],[-53.74867714399994,-23.16416128231691],[-53.74858864199996,-23.164192682316912],[-53.74816239899997,-23.164326593316883],[-53.74806888099994,-23.16435216631691],[-53.74797345199994,-23.164370751316923],[-53.74787672299993,-23.164382230316896],[-53.74777931199998,-23.164386529316896],[-53.747681839999984,-23.164383620316904],[-53.74758493099995,-23.164373521316897],[-53.74699396799997,-23.164289705316936],[-53.74697883399995,-23.164334241316894],[-53.74694734399998,-23.164415819316893],[-53.74690917799996,-23.1644949223169],[-53.74686455899996,-23.164571085316926],[-53.74681375199998,-23.16464385731693],[-53.74675705499993,-23.164712811316903],[-53.746694803999965,-23.164777539316884],[-53.746627363999956,-23.164837659316884],[-53.74655513399995,-23.164892817316876],[-53.74647853899995,-23.164942689316916],[-53.746398032999934,-23.164986980316918],[-53.74631408799996,-23.1650254293169],[-53.746227198999975,-23.165057809316888],[-53.746137878999946,-23.165083929316918],[-53.74604665499999,-23.16510363631689],[-53.74595406499998,-23.165116812316885],[-53.745860653999955,-23.165123380316892],[-53.745766972999945,-23.1651233033169],[-53.74567357599994,-23.16511658031689],[-53.74545634799994,-23.1650931493169],[-53.74536429099999,-23.165079813316904],[-53.74527361599996,-23.165059969316903],[-53.74518485999994,-23.165033732316914],[-53.74509855099996,-23.165001260316867],[-53.745015199999955,-23.16496274531691],[-53.744935300999934,-23.164918415316926],[-53.74485932699997,-23.16486853131691],[-53.74478772899994,-23.16481339231692],[-53.74457559999996,-23.16483925731692],[-53.74451877599996,-23.164908606316917],[-53.744456325999984,-23.16497368731692],[-53.744388620999985,-23.16503411131689],[-53.74431606799993,-23.165089515316907],[-53.74423910199994,-23.16513957031688],[-53.74415818099994,-23.165183973316886],[-53.74407378999996,-23.165222461316905],[-53.74398643399996,-23.165254804316895],[-53.74389663599993,-23.16528080731692],[-53.743804932999986,-23.1653003143169],[-53.743711873999985,-23.1653132103169],[-53.74361801499998,-23.16531941631691],[-53.74352391799993,-23.165318897316887],[-53.74343014599998,-23.165311655316913],[-53.74338956299994,-23.165348762316878],[-53.743351709999956,-23.165380314316867],[-53.74309960399996,-23.16558179231688],[-53.74316641499996,-23.165645639316903],[-53.74322755099996,-23.165714176316854],[-53.743282627999974,-23.165786974316877],[-53.74333129699993,-23.165863574316866],[-53.74337325599999,-23.165943496316867],[-53.74340823999995,-23.166026239316867],[-53.74343602899995,-23.16611128431685],[-53.74345644899995,-23.166198094316886],[-53.743469371999936,-23.166286128316873],[-53.74347471699997,-23.166374831316883],[-53.743472449999956,-23.166463646316856],[-53.743462586999954,-23.16655201831685],[-53.743445185999974,-23.16663938931685],[-53.743466859999955,-23.16668833531683],[-53.74349978799995,-23.166771960316847],[-53.743525482999985,-23.16685772531683],[-53.743543785999975,-23.166945096316834],[-53.74355458399997,-23.16703352831688],[-53.74355780799994,-23.16712247231684],[-53.743553437999935,-23.167211376316832],[-53.74354150299996,-23.167299684316827],[-53.74352207499999,-23.167386846316823],[-53.743495275999976,-23.16747232231685],[-53.74346127399997,-23.167555579316826],[-53.743420277999974,-23.167636098316816],[-53.74337254499994,-23.16771337831684],[-53.74331837099999,-23.16778693931681],[-53.74325809499993,-23.167856322316844],[-53.74319208999998,-23.167921096316853],[-53.74312076799998,-23.167980858316827],[-53.74304457299996,-23.168035236316857],[-53.74296397799998,-23.168083890316844],[-53.742879485999936,-23.1681265193168],[-53.74279162199997,-23.16816285731683],[-53.74258521099995,-23.168239337316837],[-53.74249721899997,-23.168268377316807],[-53.74240708199994,-23.168291106316822],[-53.74231532799996,-23.168307391316848],[-53.74213793599995,-23.168332408316818],[-53.74209792299996,-23.168337425316803],[-53.74203314699997,-23.16834213631684],[-53.74206207999998,-23.168416157316813],[-53.742091297999934,-23.168501317316842],[-53.74211313599994,-23.16858834731682],[-53.742127455999935,-23.168676701316823],[-53.74213416799995,-23.16876582731681],[-53.74213323099997,-23.16885516531681],[-53.74212465099998,-23.16894415331682],[-53.742108479999956,-23.169032235316806],[-53.74208482199998,-23.16911885731678],[-53.742053822999935,-23.169203477316778],[-53.74201567799998,-23.169285562316798],[-53.741970626999944,-23.169364599316783],[-53.74191895299998,-23.169440093316823],[-53.74186097899996,-23.16951156831679],[-53.74179706799998,-23.169578578316806],[-53.74144717699995,-23.169917388316808],[-53.741378564999934,-23.169978846316805],[-53.741304958999926,-23.17003515031682],[-53.74122681199998,-23.17008595231677],[-53.74114460199996,-23.17013094231677],[-53.74105883399994,-23.17016984331675],[-53.740970036999954,-23.17020241631675],[-53.74087875399994,-23.170228462316775],[-53.740785544999945,-23.1702478203168],[-53.74069098399997,-23.170260371316786],[-53.74059564899994,-23.170266039316775],[-53.74050012799996,-23.1702647893168],[-53.740405004999964,-23.170256629316814],[-53.74031086599996,-23.170241607316786],[-53.74021828699995,-23.17021981831677],[-53.74012783699993,-23.170191395316774],[-53.74004007299994,-23.170156511316772],[-53.73998139399998,-23.17021962631677],[-53.73991780999995,-23.17027854131678],[-53.739849670999945,-23.170332929316803],[-53.739777353999955,-23.17038249131675],[-53.73970125699998,-23.170426952316767],[-53.73962180099994,-23.170466069316785],[-53.73953942299995,-23.170499625316797],[-53.739454578999975,-23.170527434316753],[-53.73936773599997,-23.17054934431674],[-53.739279372999924,-23.170565234316783],[-53.739189978999946,-23.170575016316793],[-53.73910004499999,-23.170578634316783],[-53.73907490199997,-23.17074281531679],[-53.739057780999985,-23.170829865316772],[-53.73903333399994,-23.17091540531676],[-53.73900170999996,-23.170998912316758],[-53.738963105999964,-23.171079870316767],[-53.73891775699997,-23.171157782316754],[-53.73886594399994,-23.171232168316752],[-53.73880798399995,-23.171302571316744],[-53.73874423499996,-23.17136855831678],[-53.73867508899997,-23.17142972131677],[-53.73860096999994,-23.171485687316757],[-53.73852233499998,-23.171536110316758],[-53.738439667999955,-23.17158068031675],[-53.738353477999965,-23.17161912231676],[-53.73826429299998,-23.171651201316752],[-53.73817266399993,-23.17167671831675],[-53.738079152999944,-23.171695518316767],[-53.73798433699994,-23.17170748431674],[-53.73788879699998,-23.17171254231674],[-53.73760870999996,-23.17171719831673],[-53.73753567499995,-23.17171634331673],[-53.73747709199995,-23.171784954316752],[-53.73741295199994,-23.17184917631674],[-53.73734363999995,-23.17190862731677],[-53.73726956799993,-23.171962951316733],[-53.73719117999997,-23.172011823316765],[-53.737108942999946,-23.172054953316756],[-53.73702334899997,-23.172092080316745],[-53.736773418999974,-23.172189684316752],[-53.73669542199997,-23.172217421316745],[-53.736615524999934,-23.17224007331672],[-53.73653411799995,-23.172257529316745],[-53.73645159299998,-23.172269705316726],[-53.736368352999925,-23.172276542316737],[-53.736284799999964,-23.172278005316716],[-53.73620133899994,-23.172274090316744],[-53.73615594999996,-23.172351368316733],[-53.73610414399996,-23.172425116316706],[-53.73604623899996,-23.172494879316705],[-53.73598259299996,-23.17256022731672],[-53.73591359799997,-23.172620757316704],[-53.73583967899998,-23.17267609531674],[-53.73576129299994,-23.172725900316745],[-53.73567892099993,-23.172769867316696],[-53.73527504999999,-23.17296677431672],[-53.73516324199994,-23.17324108631671],[-53.73512776799998,-23.1733191653167],[-53.73508603599998,-23.173394553316715],[-53.73503828199995,-23.17346682231671],[-53.73498477699996,-23.173535560316687],[-53.73492582499995,-23.173600378316685],[-53.73486176199999,-23.173660908316723],[-53.73491505899995,-23.173734533316686],[-53.73496193899996,-23.17381179931669],[-53.73500211099997,-23.173892231316703],[-53.73503532799998,-23.17397533131668],[-53.73506138499994,-23.174060586316667],[-53.735080119999964,-23.174147468316672],[-53.73509141799997,-23.174235443316704],[-53.73509520899995,-23.174323967316692],[-53.73509146899994,-23.174412493316698],[-53.735080221999965,-23.17450047431667],[-53.73506153699998,-23.17458736631668],[-53.73503553099994,-23.1746726343167],[-53.73500236099994,-23.174755750316685],[-53.734962234999955,-23.17483620131666],[-53.73491539899993,-23.174913491316687],[-53.73486214399998,-23.174987142316667],[-53.734802797999976,-23.175056699316688],[-53.734737725999935,-23.17512173231668],[-53.73466733199996,-23.175181840316704],[-53.73459205099994,-23.17523665331666],[-53.73438295699998,-23.17537702231666],[-53.734307367999975,-23.175423889316644],[-53.73422821099996,-23.175465415316648],[-53.73414592599994,-23.17550137031664],[-53.73406096999998,-23.175531556316646],[-53.73397381799998,-23.17555580231665],[-53.73388495299997,-23.175573975316656],[-53.73351107299993,-23.17563701031664],[-53.73363392699997,-23.176073086316656],[-53.733654100999956,-23.176157942316653],[-53.733667148999984,-23.176243982316635],[-53.73367299499995,-23.17633069631665],[-53.73367160399994,-23.17641756831665],[-53.73366298299993,-23.176504084316655],[-53.73364718399995,-23.1765897293166],[-53.73362430199995,-23.17667399731663],[-53.733594470999954,-23.176756384316644],[-53.73355786999997,-23.17683640631661],[-53.733514713999966,-23.17691358431663],[-53.733465259999946,-23.1769874623166],[-53.73340980199998,-23.177057602316655],[-53.73334866799996,-23.177123586316643],[-53.73328222099997,-23.17718502531663],[-53.73321085699996,-23.17724155131661],[-53.73313499799996,-23.177292832316628],[-53.73305509299996,-23.177338560316606],[-53.732971618999954,-23.17737846831663],[-53.73300236799997,-23.177456950316618],[-53.73302672699998,-23.17753732731662],[-53.73304456099998,-23.17761915331661],[-53.73305577399998,-23.177701979316588],[-53.733060300999966,-23.177785346316593],[-53.73305811899996,-23.177868794316588],[-53.73298363499998,-23.178998157316574],[-53.732974352999975,-23.179084305316554],[-53.732957951999936,-23.179169543316558],[-53.732934528999984,-23.17925336631657],[-53.732904221999945,-23.17933528231657],[-53.73286720899994,-23.179414807316554],[-53.732823706999966,-23.179491474316574],[-53.732773974999986,-23.1795648313166],[-53.732718302999956,-23.179634447316563],[-53.73265702099996,-23.17969990931657],[-53.73259048899995,-23.17976083431658],[-53.732519097999955,-23.179816863316574],[-53.73244327099996,-23.17986766431656],[-53.73236345199996,-23.17991294031654],[-53.732280112999945,-23.17995242331656],[-53.73219374399997,-23.179985880316533],[-53.73201591199996,-23.180047464316566],[-53.731925977999936,-23.180074906316545],[-53.73183401299997,-23.180095816316534],[-53.73174056899995,-23.180110069316548],[-53.731646212999976,-23.180117579316533],[-53.731551508999985,-23.18011830031653],[-53.73145703199998,-23.180112229316553],[-53.73136334799995,-23.18009940231653],[-53.73127102199993,-23.180079895316542],[-53.73118060999997,-23.18005382831657],[-53.731092657999966,-23.18002135631653],[-53.73100769599995,-23.179982675316555],[-53.73092623299993,-23.17993801831657],[-53.73084876299998,-23.17988765531655],[-53.73077575099995,-23.17983188931655],[-53.73070763699997,-23.179771057316575],[-53.73064483199993,-23.179705522316546],[-53.73058771399997,-23.17963568331655],[-53.73053662699993,-23.17956195731657],[-53.73049187899994,-23.179484791316597],[-53.73045373799994,-23.1794046493166],[-53.73042243699996,-23.179322013316593],[-53.730307496999956,-23.178976082316577],[-53.73026070699996,-23.179001776316568],[-53.73021221299996,-23.179024611316603],[-53.73016221999995,-23.179044492316553],[-53.73017743199995,-23.179132454316562],[-53.730185060999986,-23.179221255316566],[-53.73018505999994,-23.17931033631656],[-53.73017742899999,-23.179399137316565],[-53.73016221499995,-23.179487099316567],[-53.73013951399997,-23.179573672316543],[-53.73010946899996,-23.17965831131658],[-53.73007226899995,-23.179740485316565],[-53.73002814599994,-23.179819677316548],[-53.72997737899993,-23.17989539031655],[-53.72992028599999,-23.179967148316532],[-53.72985722499993,-23.180034501316555],[-53.72978859299997,-23.180097026316535],[-53.72971482099996,-23.180154330316586],[-53.729762241999936,-23.18021988531656],[-53.72980456199997,-23.180288359316556],[-53.72984157099996,-23.180359415316527],[-53.72987308599994,-23.180432700316565],[-53.729898951999985,-23.18050785031655],[-53.72991903999997,-23.18058449631651],[-53.72993325099998,-23.18066225931655],[-53.72994151499995,-23.180740751316552],[-53.73003135899995,-23.180749633316527],[-53.73012024199994,-23.180764659316548],[-53.730207671999956,-23.18078574531655],[-53.73029316699995,-23.18081277631655],[-53.73037625499995,-23.180845602316545],[-53.73045647699997,-23.180884041316524],[-53.73053338999995,-23.180927882316563],[-53.73060656799999,-23.180976882316536],[-53.73102433899999,-23.181278825316554],[-53.73109814299994,-23.181336667316536],[-53.73116675699998,-23.181399734316532],[-53.731229750999944,-23.181467629316494],[-53.73128672699994,-23.181539924316553],[-53.731337329999974,-23.181616166316523],[-53.73138123799998,-23.181695875316503],[-53.73141817699996,-23.18177854831651],[-53.73144791499993,-23.181863668316502],[-53.73147026399994,-23.181950699316516],[-53.731485084999974,-23.182039094316494],[-53.73158609699993,-23.18285385931649],[-53.73159321099996,-23.182940883316476],[-53.731593026999974,-23.18302815531651],[-53.73158554499997,-23.183115152316493],[-53.73157081099998,-23.18320135431647],[-53.73154891199994,-23.183286246316488],[-53.73151997999997,-23.18336931931647],[-53.73148418799996,-23.18345007431647],[-53.73144175099998,-23.1835280313165],[-53.73139292099995,-23.183602721316447],[-53.731337991999965,-23.183673698316458],[-53.73127729199996,-23.183740536316467],[-53.73121118399996,-23.18380283731647],[-53.73114006499998,-23.18386022631649],[-53.73106435899996,-23.18391236131646],[-53.730333164999934,-23.18437634831644],[-53.73090202099996,-23.18462121031647],[-53.73098133599996,-23.18465866531645],[-53.73105748499995,-23.184701369316468],[-53.73113006199997,-23.184749095316462],[-53.73119867899993,-23.184801587316457],[-53.73126297299996,-23.18485856631642],[-53.73132259999994,-23.18491972931642],[-53.73137724099996,-23.184984750316428],[-53.73142660799993,-23.185053282316435],[-53.73147043599994,-23.185124961316465],[-53.73150849099994,-23.185199404316418],[-53.73154057199997,-23.185276215316456],[-53.73201886199996,-23.18655884031641],[-53.73204688699997,-23.1866450033164],[-53.732067394999945,-23.186732958316426],[-53.732080254999964,-23.1868221433164],[-53.73208538699998,-23.1869119933164],[-53.732082754999965,-23.187001935316385],[-53.73207237899993,-23.187091397316397],[-53.732054321999954,-23.187179809316408],[-53.73202870099994,-23.187266610316364],[-53.731995678999965,-23.187351248316396],[-53.73195546599993,-23.187433183316365],[-53.73190831599993,-23.18751189531637],[-53.731854530999954,-23.187586882316374],[-53.73179797499995,-23.18765351831641],[-53.73086524599995,-23.18692648631638],[-53.73038696499998,-23.185643857316407],[-53.729116904999955,-23.185097160316417],[-53.72885463699998,-23.184553232316468],[-53.72913980499993,-23.183765365316454],[-53.73037382799998,-23.18298230931648],[-53.73027282299995,-23.182167543316528],[-53.729855049999976,-23.181865598316485],[-53.72955431999998,-23.181887766316528],[-53.729027590999976,-23.1826601323165],[-53.72843578199997,-23.182110372316494],[-53.728335448999985,-23.18168665731649],[-53.72872399599999,-23.180812164316546],[-53.72820139999993,-23.181188973316527],[-53.72772136399994,-23.181191652316503],[-53.726319967999984,-23.180338682316535],[-53.727691816999936,-23.179734804316556],[-53.72755718399998,-23.17921733531658],[-53.72809105099998,-23.179151819316584],[-53.72896618899994,-23.17926419631657],[-53.72838478799997,-23.17837976931657],[-53.72968184299998,-23.17800845531658],[-53.730400492999934,-23.17727560731661],[-53.731105869999965,-23.17753727731659],[-53.73158881599994,-23.17899076331655],[-53.73176572899996,-23.17892949631659],[-53.73184022399994,-23.177800134316573],[-53.73104613899995,-23.177078891316608],[-53.73106931299998,-23.176231485316627],[-53.73142356599993,-23.17615972531667],[-53.73245317999994,-23.176357420316666],[-53.732142616999965,-23.175255031316645],[-53.731875179999975,-23.17453936331667],[-53.73223870999993,-23.174470398316704],[-53.73278701999993,-23.174612415316663],[-53.73366606099995,-23.174464213316682],[-53.73387515399998,-23.17432384431667],[-53.733477396999945,-23.173876188316676],[-53.73365485599999,-23.17337519631668],[-53.733151979999946,-23.1725381973167],[-53.73335951499996,-23.17241688431674],[-53.73402151199997,-23.172843281316737],[-53.73429653799997,-23.172168547316716],[-53.735109801999954,-23.171772042316764],[-53.734565231999966,-23.171534345316722],[-53.73528976699998,-23.17087137831676],[-53.73550043499995,-23.1703226143168],[-53.73579712999998,-23.170396058316737],[-53.736298678999965,-23.17115051831678],[-53.736548606999975,-23.171052915316757],[-53.73614077399998,-23.17038444031677],[-53.73660687299998,-23.170076622316778],[-53.737312592999956,-23.17004958531678],[-53.73758678099994,-23.170589318316757],[-53.737866864999944,-23.170584664316795],[-53.73800591899993,-23.16967671431681],[-53.73823476699994,-23.16925260631682],[-53.73874719999997,-23.169077420316796],[-53.739088543999976,-23.169451454316786],[-53.73939736099993,-23.1690241203168],[-53.74020301899998,-23.168573925316824],[-53.74041616199998,-23.168809601316806],[-53.740564753999934,-23.169138370316823],[-53.74091464599997,-23.168799561316796],[-53.74056161599998,-23.167896355316845],[-53.74071479599997,-23.16759778131685],[-53.741133052999935,-23.16727994031685],[-53.74154222699997,-23.166610965316856],[-53.741852724999944,-23.166513137316883],[-53.74195397699998,-23.167217246316834],[-53.74213136799995,-23.16719223031684],[-53.74233777799997,-23.167115750316874],[-53.74213972399997,-23.16666847831685],[-53.742255152999974,-23.16639479431688],[-53.74093564899994,-23.165953060316898],[-53.741511954999964,-23.16555068231686],[-53.742063651999956,-23.16491866531689],[-53.74255390299999,-23.164526870316923],[-53.74241975599995,-23.164203653316918],[-53.742618214999936,-23.164056569316923],[-53.74357762799997,-23.16419188531692],[-53.74340390699996,-23.163844293316913],[-53.74484322499995,-23.163668803316916],[-53.74519150799995,-23.16348929531694],[-53.745458122999935,-23.16364026731691],[-53.745600235999966,-23.163972968316894],[-53.74581490799994,-23.16399611931694],[-53.74605052399994,-23.163302728316935],[-53.74630979699998,-23.163051416316954],[-53.74776990699996,-23.16325850831692],[-53.74819614699993,-23.163124599316937],[-53.74811436599998,-23.162889432316977],[-53.74720842699998,-23.162410111316966],[-53.747061050999946,-23.16216159331694],[-53.74717205099995,-23.162006094316993],[-53.74755694999993,-23.162068264316964],[-53.74784798699994,-23.162228481316937],[-53.748112133999946,-23.162099072316984],[-53.747618244999956,-23.16177628531698],[-53.74776514499996,-23.161478342316965],[-53.748566076999964,-23.16106224731698],[-53.748841830999936,-23.160797007317008],[-53.74912590099996,-23.16103369731702],[-53.749203300999966,-23.161491105316987],[-53.749723578999976,-23.161270154316988],[-53.750456370999984,-23.16122167031699],[-53.75163131099998,-23.16094416431697],[-53.75132316999998,-23.16063897431702],[-53.75156981899994,-23.15995724031703],[-53.75189845999995,-23.159837102317034],[-53.752525109999965,-23.159871585317013],[-53.75358960099993,-23.160393260317015],[-53.75392406299994,-23.160638728317018],[-53.75429897699996,-23.160726540317015],[-53.75491442799995,-23.160751942317013],[-53.75534064699997,-23.160672456317016],[-53.75523894799994,-23.16024121331699],[-53.755401683999935,-23.159943984316996],[-53.75600733599998,-23.159313017317043],[-53.756516869999984,-23.159167499317046],[-53.75717173299995,-23.159618189317015],[-53.75754282799994,-23.159621674317048],[-53.757814794999945,-23.159476684317035],[-53.75743345599995,-23.158967296317027],[-53.75758018199997,-23.15862684631703],[-53.75859836099995,-23.15854937831706],[-53.75907481899998,-23.159266182317012],[-53.75884211399995,-23.160144778317008],[-53.75916036299998,-23.160170045317013],[-53.759587643999964,-23.15887471331706],[-53.76020900499998,-23.159026794317008],[-53.76111949999995,-23.159025136317037],[-53.76127725199996,-23.158922682317044],[-53.76172138799995,-23.158348522317077],[-53.762237840999944,-23.15801580631707],[-53.76243227999999,-23.15781549131705],[-53.76242201499997,-23.15766979331707],[-53.76150390899994,-23.15773042431706],[-53.761387335999984,-23.157506361317044],[-53.76189775399996,-23.156971107317062],[-53.762719531999956,-23.157029082317063],[-53.76312220899995,-23.15687687531708],[-53.76299082099996,-23.156245815317114],[-53.76380111399993,-23.1565161223171],[-53.764224611999964,-23.157259399317052],[-53.76462355299998,-23.157210790317077],[-53.76443108199993,-23.156734611317116],[-53.76471496399995,-23.156496984317073],[-53.76555446499998,-23.156450805317085],[-53.76590242299995,-23.156577399317083],[-53.765862082999945,-23.1567907653171],[-53.76507527699994,-23.157678388317063],[-53.76456995199993,-23.157911572317083],[-53.764641592999965,-23.15812407231705],[-53.76479446899999,-23.15824838831703],[-53.76507477599995,-23.158198810317074],[-53.76585329999994,-23.1574189643171],[-53.76664547699995,-23.15782770131706],[-53.76707137899996,-23.157893805317055],[-53.76751867199993,-23.15784895831708],[-53.76780682699996,-23.157720823317067],[-53.767790755999954,-23.157089027317095],[-53.76848035199999,-23.157010127317086],[-53.76905718599994,-23.157573083317086],[-53.769731631999946,-23.1568035583171],[-53.77040711699994,-23.156729554317106],[-53.77056141199995,-23.156386562317092],[-53.77005116299995,-23.155872743317115],[-53.77030299599995,-23.155590228317077],[-53.77088780499997,-23.15539639031712],[-53.771173375999986,-23.15560439131709],[-53.77117792499996,-23.156232313317098],[-53.772460137999985,-23.156018111317113],[-53.77257518699997,-23.1563047633171],[-53.77249047099997,-23.156609722317107],[-53.77257450599996,-23.15664383231711],[-53.77362052799998,-23.156340059317074],[-53.77441940299997,-23.15639089731707],[-53.77447272799998,-23.156287538317088],[-53.77394984999995,-23.155762962317123],[-53.77411947999997,-23.155528020317103],[-53.77443663799994,-23.155411010317117],[-53.77554095099998,-23.155538901317094],[-53.77504941799998,-23.155061174317126],[-53.775503983999954,-23.153886729317154],[-53.77571166699994,-23.153670835317143],[-53.77598717099994,-23.153625654317135],[-53.77593426399994,-23.15352970531717],[-53.77521910399998,-23.153196928317154],[-53.775296795999964,-23.152962123317156],[-53.77576731199997,-23.1528684863172],[-53.776366465999956,-23.152647769317152],[-53.776638900999956,-23.15238116631716],[-53.776959971999986,-23.151497153317212],[-53.77751201499996,-23.1517079383172],[-53.77762886299996,-23.151577594317178],[-53.77773971099999,-23.151069378317242],[-53.77758659199998,-23.150929484317203],[-53.77677794699998,-23.151025212317226],[-53.77661890299998,-23.15070069331724],[-53.77777737999997,-23.150138723317223],[-53.777962205999984,-23.149945419317223],[-53.778070484999944,-23.149736485317224],[-53.77776945599993,-23.149108590317272],[-53.77909873499993,-23.148979472317247],[-53.77885211099994,-23.14808897231729],[-53.779193859999964,-23.148015544317285],[-53.77976334199997,-23.14825945431728],[-53.78055711899998,-23.148399440317295],[-53.78068890099997,-23.14828792731727],[-53.78070321299998,-23.148130490317293],[-53.78064915399994,-23.14755110331729],[-53.78094150099997,-23.147084709317298],[-53.78169115999999,-23.145637263317344],[-53.78183810899998,-23.14458491731737],[-53.78256643199995,-23.14454664631738],[-53.782838766999994,-23.14484180731736],[-53.78299664299993,-23.145301731317335],[-53.78315953199996,-23.145302024317363],[-53.78336190799996,-23.145216611317352],[-53.78371241399998,-23.14493515531738],[-53.78364770899998,-23.14482815531736],[-53.78297358899994,-23.14467480231734],[-53.78320298699998,-23.144139659317375],[-53.78349894399997,-23.144039478317378],[-53.78398302199997,-23.144371676317387],[-53.78404984299993,-23.144251092317393],[-53.78360969099999,-23.14365401031739],[-53.78300298999994,-23.14337983531739],[-53.78294086799997,-23.143014346317404],[-53.78320278999996,-23.142995373317397],[-53.78366663999998,-23.143261861317406],[-53.783824394999954,-23.143198584317386],[-53.784215966999966,-23.141885632317422],[-53.784747582999955,-23.141826100317406],[-53.784823738999926,-23.141308679317433],[-53.785652322999965,-23.14090488231745],[-53.78641242299995,-23.141095380317445],[-53.78624450499996,-23.14055645731743],[-53.78647249599993,-23.140422664317455],[-53.786929542999985,-23.140745630317447],[-53.78731118099995,-23.140162975317452],[-53.78848999799993,-23.13936685431747],[-53.78850032299994,-23.13876437831749],[-53.788868297999954,-23.13844887031752],[-53.78903652499998,-23.13790052131749],[-53.78862726499994,-23.137980015317527],[-53.78846938799995,-23.137221947317514],[-53.787861402999965,-23.136748945317535],[-53.788579081999956,-23.136576049317565],[-53.78874611499998,-23.13643977731755],[-53.788764872999934,-23.13620656131753],[-53.788114038999936,-23.135126234317603],[-53.78822631299994,-23.134871533317586],[-53.788888463999974,-23.13438802631758],[-53.78905122499998,-23.13418795031758],[-53.789214364999964,-23.13371418631761],[-53.789496275999966,-23.133675688317627],[-53.79009705699997,-23.133940991317615],[-53.790334868999935,-23.133816523317595],[-53.79062133899998,-23.133517601317582],[-53.79067718399995,-23.132734349317644],[-53.791058426999946,-23.132380052317643],[-53.791568231999975,-23.132372945317655],[-53.79192138099995,-23.13190303431763],[-53.79219596899998,-23.13184829231766],[-53.792471138999986,-23.13220362431762],[-53.79258962399995,-23.13211804231763],[-53.792722916999935,-23.13147043531768],[-53.79351392399997,-23.131304312317646],[-53.79387032999995,-23.13098045231766],[-53.794320254999946,-23.131167135317643],[-53.79460394599994,-23.13162266731767],[-53.794793297999945,-23.13159019131767],[-53.79481955499995,-23.131429505317662],[-53.79410376699997,-23.130942884317687],[-53.793840081999974,-23.1304882663177],[-53.79404162999998,-23.130102367317676],[-53.79427930299994,-23.129882568317697],[-53.794970273999986,-23.129608007317685],[-53.79607250999993,-23.130286867317654],[-53.79619972499995,-23.130671157317646],[-53.79591763499997,-23.130714364317683],[-53.79550128699998,-23.130487279317688],[-53.79540954599998,-23.130770868317665],[-53.79543962399999,-23.131112963317662],[-53.79612843199993,-23.13078889531768],[-53.79642453799994,-23.130889359317695],[-53.79655571599994,-23.13114857131769],[-53.79643743599996,-23.13182770331763],[-53.79658095499997,-23.132315146317616],[-53.79723317999998,-23.132368842317625],[-53.79850331599994,-23.1331095533176],[-53.798430309999965,-23.1335049633176],[-53.797939232999965,-23.133956394317586],[-53.79724541699995,-23.134135654317607],[-53.797279112999945,-23.134322531317586],[-53.79791654499996,-23.13492858431758],[-53.79853448799997,-23.134634187317584],[-53.79908795599993,-23.13471089831761],[-53.79970624599997,-23.1350907263176],[-53.80006862999994,-23.135499351317566],[-53.80046251899994,-23.135145843317595],[-53.801106094999966,-23.13542263831757],[-53.79898244299994,-23.132114363317648],[-53.79135627399995,-23.11929195131795],[-53.78443562999996,-23.109070628318182],[-53.782168759999934,-23.09222496231858],[-53.78544123099994,-23.081340176318797],[-53.78227290499996,-23.068293867319102],[-53.78109432999997,-23.061339475319247],[-53.77958627399994,-23.057964870319346],[-53.77852755499998,-23.05798349731933],[-53.77046709799998,-23.064254157319223],[-53.75610838399996,-23.03624497231984],[-53.76553568899994,-23.035494410319842],[-53.770889918999956,-23.035436231319828],[-53.77059074299996,-23.03453677831986],[-53.76985378399996,-23.0333916103199],[-53.76954304399993,-23.032861082319897],[-53.769426334999935,-23.03170504331996],[-53.76971199399998,-23.030503672319945],[-53.77045463099995,-23.029399575319978],[-53.77141899099996,-23.02801403232004],[-53.77158563799998,-23.02655633032004],[-53.77144962099993,-23.025467627320065],[-53.77187898899996,-23.0242158823201],[-53.771735675999935,-23.022251898320157],[-53.77115920499994,-23.021100510320156],[-53.771231556999965,-23.019196996320204],[-53.77212166999994,-23.015788127320285],[-53.77249842899994,-23.014329718320305],[-53.77231488999997,-23.01328438232032],[-53.77329032799997,-23.010839849320426]]]},"properties":{"OBJECTID":11,"NOME_UC":"Parque Natural Municipal de Naviraí","Shape.STArea()":0.0003735940047101666,"Shape.STLength()":0.642337360297989,"Field":null,"__atlas_capturado_em":"2026-08-10T23:53:12.285Z","__atlas_fonte_servico":"https://www.pinms.ms.gov.br/arcgis/rest/services/IMASUL/SiriemaGeo_Sisla/MapServer","__atlas_layer_id":4}},{"type":"Feature","id":12,"geometry":{"type":"Polygon","coordinates":[[[-51.717675499999984,-20.772315499373594],[-51.71813767599997,-20.77310734937361],[-51.72106166199995,-20.771487533373634],[-51.72326409999994,-20.774858199373583],[-51.720713588999956,-20.77616986237352],[-51.72132053699994,-20.777156759373508],[-51.719784070999935,-20.778054523373484],[-51.72276489199999,-20.782416950373374],[-51.72239516199994,-20.783803705373337],[-51.721001798999964,-20.784605301373286],[-51.72069751499999,-20.78482612637333],[-51.719253047999985,-20.786123311373288],[-51.718849390999935,-20.786685277373238],[-51.71836044899993,-20.78684754837326],[-51.71828400499999,-20.78691015137326],[-51.717346126999985,-20.787383787373237],[-51.71663373199994,-20.787514468373264],[-51.71540686599996,-20.787545209373246],[-51.71423485299994,-20.787124401373262],[-51.71407726999996,-20.78703140037327],[-51.71324376599995,-20.786444471373283],[-51.71166821699995,-20.785963022373277],[-51.709820599999944,-20.783004745373354],[-51.71089871299995,-20.781259920373397],[-51.712107299999964,-20.7804829993734],[-51.71605748999997,-20.778249843373473],[-51.71312808999994,-20.77362323237359],[-51.70816639999998,-20.77637099937349],[-51.70757819999994,-20.77544189937357],[-51.705656492999935,-20.7765037233735],[-51.70389670399993,-20.77369040937359],[-51.70329351299995,-20.77273337237359],[-51.70458713099998,-20.772000154373604],[-51.705122392999954,-20.771687833373655],[-51.70449805499993,-20.770729563373663],[-51.70470292699997,-20.769688805373704],[-51.70498563499996,-20.76892476637367],[-51.70512242299998,-20.7685464623737],[-51.70472605199996,-20.7677555993737],[-51.704591766999954,-20.767563664373736],[-51.70318141399997,-20.765353113373763],[-51.713392616999954,-20.75946143037395],[-51.716429699999935,-20.764202799373827],[-51.71901357299999,-20.76825113537371],[-51.71611950099998,-20.76985819937364],[-51.717675499999984,-20.772315499373594],[-51.71697531499996,-20.772710024373627],[-51.71624700799999,-20.77151234837365],[-51.714921871999934,-20.77221736437363],[-51.71227690799998,-20.768844243373724],[-51.712415447999945,-20.768634317373706],[-51.71263438999995,-20.768232215373708],[-51.71279828399997,-20.767807563373726],[-51.71290456999998,-20.76736699737372],[-51.712951585999974,-20.76691740437375],[-51.71293860099996,-20.766465805373734],[-51.712865815999976,-20.766019258373777],[-51.712734369999964,-20.76558474037376],[-51.71254631599999,-20.765169040373813],[-51.71230459399993,-20.76477865337379],[-51.71201297999994,-20.7644196793738],[-51.71167603199996,-20.76409772737382],[-51.71129901499995,-20.763817827373835],[-51.71088781799995,-20.763584351373826],[-51.71044886599998,-20.763400949373825],[-51.709989016999934,-20.763270485373827],[-51.70951545799994,-20.763194998373834],[-51.70903558499998,-20.763175667373858],[-51.708556896999944,-20.763212793373842],[-51.70808687299996,-20.763305799373835],[-51.707632855999975,-20.76345322937385],[-51.707201939999955,-20.763652781373832],[-51.70680085799995,-20.763901337373852],[-51.706435875999944,-20.76419501337379],[-51.70611269699998,-20.764529221373817],[-51.70583637299995,-20.764898740373816],[-51.70561121599996,-20.76529779437382],[-51.70544075099997,-20.765720151373795],[-51.70532763799997,-20.766159210373754],[-51.70527364599997,-20.76660811137377],[-51.70527961899995,-20.76705984137376],[-51.70534546499994,-20.76750734037371],[-51.705470152999965,-20.767943618373703],[-51.70565173899996,-20.7683618563737],[-51.705887383999936,-20.768755519373702],[-51.70617340499996,-20.76911845837371],[-51.70641578499993,-20.76943452037366],[-51.70650533599996,-20.769444999373686],[-51.70531443999994,-20.770336504373642],[-51.70574795999995,-20.771047232373636],[-51.70544053799995,-20.77123031637364],[-51.70559156599995,-20.771452562373657],[-51.70536588599998,-20.771599679373637],[-51.70556253699994,-20.77187765637362],[-51.705278643999975,-20.772068876373652],[-51.70570309699997,-20.772708950373616],[-51.70514617499998,-20.773080310373583],[-51.705345585999964,-20.77345037137358],[-51.70483633499998,-20.773792043373568],[-51.70613470599995,-20.77574181437351],[-51.70613466999998,-20.775746549373522],[-51.707107286999985,-20.77517267137353],[-51.70737754199996,-20.775549735373545],[-51.70810397399998,-20.775148369373543],[-51.708310119999965,-20.77542248537356],[-51.70873035499995,-20.77525539137355],[-51.70903175699994,-20.77551455237352],[-51.71214973499997,-20.77373194537357],[-51.71202221599998,-20.773553893373606],[-51.71249331699994,-20.773310131373577],[-51.71232371399998,-20.772996723373584],[-51.71372569899995,-20.772387948373602],[-51.715263052999944,-20.774722875373538],[-51.715966107999975,-20.77584950937352],[-51.71629307499995,-20.77565092037354],[-51.71689144399994,-20.7765768933735],[-51.717488644999946,-20.776239705373513],[-51.71785739799997,-20.77674832237348],[-51.71825114499995,-20.776548905373517],[-51.719342145999974,-20.77821708637349],[-51.72011054199998,-20.777808559373504],[-51.71985460999996,-20.777355767373482],[-51.71950204899997,-20.775684083373548],[-51.717675499999984,-20.772315499373594]]]},"properties":{"OBJECTID":12,"NOME_UC":"Monumento Natural Municipal das Lagoas","Shape.STArea()":0.00018548562374154904,"Shape.STLength()":0.16104332239569225,"Field":null,"__atlas_capturado_em":"2026-08-10T23:53:12.285Z","__atlas_fonte_servico":"https://www.pinms.ms.gov.br/arcgis/rest/services/IMASUL/SiriemaGeo_Sisla/MapServer","__atlas_layer_id":4}},{"type":"Feature","id":13,"geometry":{"type":"Polygon","coordinates":[[[-52.54475960599996,-20.316323203384933],[-52.552092177999945,-20.303575217385237],[-52.55532973399994,-20.2977368083854],[-52.55644322299998,-20.296335864385423],[-52.55850570699994,-20.29443550938549],[-52.56271560099998,-20.290470326385606],[-52.56787256299997,-20.285841966385696],[-52.57362711999996,-20.28030801638586],[-52.57618897999998,-20.277020057385915],[-52.57899307799994,-20.272513186386035],[-52.581175954999935,-20.26920698338609],[-52.583651072999935,-20.263507921386275],[-52.58992786199997,-20.25807316838638],[-52.59842314899998,-20.252916775386513],[-52.60281811999994,-20.249291384386588],[-52.60942865499993,-20.24564557938673],[-52.61415203299998,-20.243212001386755],[-52.62235704999995,-20.240746140386804],[-52.62572698199995,-20.23944335738687],[-52.63393620199997,-20.236269400386945],[-52.63499330999997,-20.235635223386957],[-52.63609208999998,-20.235067654386974],[-52.63671382099994,-20.234784194387],[-52.63713117399993,-20.234455342387008],[-52.637497616999944,-20.234173775387024],[-52.63876962099994,-20.233220778387025],[-52.638867990999984,-20.23314757138701],[-52.639034428999935,-20.233025927387022],[-52.640730874999974,-20.231800061387016],[-52.64157527899993,-20.231223598387086],[-52.64263231999996,-20.230589379387087],[-52.64373103499997,-20.230021766387118],[-52.64486672099997,-20.229523188387123],[-52.646034516999975,-20.229095779387126],[-52.647229419999974,-20.228741369387144],[-52.64844631899996,-20.22846147538712],[-52.64967999999993,-20.22825729638716],[-52.650925185999945,-20.228129704387147],[-52.652176544999975,-20.228079245387125],[-52.653428720999955,-20.228106138387172],[-52.65467635199997,-20.228210264387158],[-52.65591409899997,-20.228391178387145],[-52.660403225999964,-20.229105182387105],[-52.66346577899998,-20.230075695387104],[-52.667567783999964,-20.23187287638704],[-52.67156197199995,-20.23402138438699],[-52.67622645599994,-20.23694428638694],[-52.684053319999975,-20.241554685386827],[-52.69245978099996,-20.24622956938671],[-52.69357047799997,-20.246776161386666],[-52.694640927999956,-20.247390135386684],[-52.695666544999945,-20.24806886138666],[-52.69664293999994,-20.24880943638664],[-52.69756593299996,-20.249608686386622],[-52.69843156899998,-20.250463193386594],[-52.69923614399994,-20.25136929538656],[-52.69997621099998,-20.25232311638653],[-52.700648601999944,-20.253320571386503],[-52.70125043599995,-20.25435739038646],[-52.70177913499998,-20.255429133386446],[-52.70223243399993,-20.256531214386413],[-52.702608390999956,-20.257658911386397],[-52.70290539399997,-20.258807397386345],[-52.703122168999975,-20.259971755386367],[-52.70325778799997,-20.2611469993863],[-52.70331166699998,-20.262328098386277],[-52.70328357399995,-20.26350999238625],[-52.703262576999975,-20.263734900386265],[-52.703732145999936,-20.26468668238624],[-52.704185489999986,-20.265788753386214],[-52.70456148899995,-20.26691644238618],[-52.70483955799995,-20.267991576386166],[-52.70623138299993,-20.26863142338615],[-52.70849809699996,-20.270112398386104],[-52.70983320599998,-20.271086046386092],[-52.710763142999944,-20.271897733386027],[-52.71098224499996,-20.272123537386054],[-52.71119648499997,-20.27235346038605],[-52.71140577299997,-20.272587406386023],[-52.71161002799994,-20.272825283386027],[-52.71180916399993,-20.27306699238599],[-52.71200310199998,-20.273312437385997],[-52.712191761999975,-20.273561518385996],[-52.712375068999954,-20.273814133386004],[-52.71255294599997,-20.274070180385994],[-52.71272532399997,-20.27432955638596],[-52.71289213099993,-20.27459215538601],[-52.713053299999956,-20.274857869385958],[-52.713357917999986,-20.27539719938593],[-52.713506706999965,-20.275681187385956],[-52.713649191999934,-20.275968039385948],[-52.71378531199997,-20.27625763038595],[-52.71391500699997,-20.276549835385943],[-52.71403821999996,-20.27684452738594],[-52.71415489899994,-20.27714157838589],[-52.71426499199998,-20.27744085838592],[-52.71436845299997,-20.277742238385905],[-52.714465234999984,-20.278045587385886],[-52.71455529699995,-20.278350773385867],[-52.714638598999954,-20.278657664385896],[-52.71471510599997,-20.278966126385846],[-52.71478478299997,-20.27927602638588],[-52.714847601999956,-20.279587228385857],[-52.71490353299998,-20.27989959838587],[-52.71495298699995,-20.280215981385844],[-52.71499537599993,-20.28053327638584],[-52.71503068099997,-20.280851342385805],[-52.71505888799993,-20.2811700393858],[-52.71507998099998,-20.28148922438583],[-52.715093954999986,-20.28180875938578],[-52.71510079999996,-20.282128499385777],[-52.71510051599995,-20.282448305385756],[-52.71494201099995,-20.28427909038575],[-52.71468133199994,-20.28572484238571],[-52.714586924999935,-20.286091534385704],[-52.71448522899994,-20.286456487385664],[-52.714376278999964,-20.286819571385678],[-52.714260113999956,-20.287180658385648],[-52.714136775999975,-20.28753962138564],[-52.71400630699998,-20.28789633438566],[-52.713868753999975,-20.288250669385647],[-52.713724164999974,-20.288602502385615],[-52.71357259199994,-20.28895170838561],[-52.713414085999936,-20.289298164385585],[-52.713248706999934,-20.2896417473856],[-52.71307650999995,-20.2899823363856],[-52.71289755799995,-20.290319811385576],[-52.712711911999975,-20.29065405338558],[-52.712519638999936,-20.290984943385556],[-52.71232080799996,-20.291312363385572],[-52.71211548699994,-20.291636199385568],[-52.711903749999976,-20.291956337385564],[-52.711685670999934,-20.29227266238553],[-52.711461327999984,-20.29258506338555],[-52.711230797999974,-20.292893431385536],[-52.70437462199993,-20.301513067385322],[-52.70095361099993,-20.307222786385147],[-52.70054618399996,-20.309249499385118],[-52.70082791199996,-20.30971468838511],[-52.701844473999984,-20.311452542385076],[-52.70216483399997,-20.31202414938505],[-52.70269376699997,-20.31309586838501],[-52.703147272999956,-20.31419792638498],[-52.703325605999964,-20.314700702385004],[-52.70362510699994,-20.31523652838495],[-52.704154061999986,-20.316308241384917],[-52.70460758899997,-20.317410294384896],[-52.704935886999976,-20.31837900038491],[-52.70507113499997,-20.318820554384857],[-52.70518750399998,-20.31903112638487],[-52.70546382399993,-20.31953924638486],[-52.70587291499999,-20.320132048384817],[-52.706033522999974,-20.320299133384864],[-52.70617724599998,-20.32045227738482],[-52.70704259199994,-20.3213849203848],[-52.70770388699998,-20.322137804384788],[-52.70844437299996,-20.323091554384767],[-52.70911715799997,-20.324088942384723],[-52.70971935699998,-20.325125701384742],[-52.710248390999936,-20.32619738838469],[-52.710701994999965,-20.32729942038467],[-52.71107822399995,-20.328427073384603],[-52.711375464999946,-20.329575523384598],[-52.71143248599997,-20.32984194138461],[-52.711589597999925,-20.330248431384593],[-52.71196584199998,-20.331376081384565],[-52.71226309699995,-20.332524527384535],[-52.71247560699993,-20.333659309384515],[-52.712782851999975,-20.33567290938446],[-52.71278733199995,-20.335702451384456],[-52.71292313499999,-20.33687766838439],[-52.71297716099997,-20.3380587473844],[-52.71294917399996,-20.33924062938436],[-52.712839293999934,-20.340418255384336],[-52.712647989999944,-20.341586579384302],[-52.71237607699993,-20.342740602384307],[-52.71217900999994,-20.343410503384252],[-52.71212719699997,-20.34408106938425],[-52.712007969999945,-20.345772604384223],[-52.711911241999985,-20.34674606238417],[-52.71171992699993,-20.34791438638413],[-52.71144799999996,-20.349068408384145],[-52.71112916799996,-20.35010870838412],[-52.71016253299996,-20.352941430384043],[-52.71012998899994,-20.353035906383994],[-52.709700656999985,-20.354146577383954],[-52.709448013999975,-20.35471126838397],[-52.70878414999999,-20.35612751138392],[-52.707702393999966,-20.358488662383877],[-52.707385115999955,-20.359144875383862],[-52.70680570099995,-20.360193184383842],[-52.70665737099994,-20.360436930383855],[-52.70664790899997,-20.36046421438386],[-52.70621853399996,-20.361574879383824],[-52.70571304599997,-20.362656679383754],[-52.70513360699994,-20.363704984383762],[-52.70509907799993,-20.36376014738378],[-52.705188790999955,-20.36378354338374],[-52.70704776699994,-20.364303135383715],[-52.70731062899995,-20.364380498383703],[-52.70789949699997,-20.364582959383718],[-52.708473065999954,-20.364821304383735],[-52.70902887699998,-20.3650945153837],[-52.70956455299995,-20.365401420383694],[-52.709909866999965,-20.365624450383724],[-52.711077569999986,-20.366414525383696],[-52.71280809799998,-20.367047698383665],[-52.71291671399995,-20.367088158383634],[-52.71349029799996,-20.367326487383654],[-52.71404612699996,-20.367599679383645],[-52.71458182099997,-20.367906568383646],[-52.71509508499997,-20.36824583738363],[-52.71558372399994,-20.368616036383656],[-52.716045643999955,-20.369015578383603],[-52.71647886699998,-20.36944275238358],[-52.71688153699995,-20.369895732383608],[-52.71725193299994,-20.370372575383602],[-52.71758846599994,-20.370871241383576],[-52.71788969299996,-20.371389594383583],[-52.71815432899996,-20.371925416383526],[-52.71838123699996,-20.372476411383545],[-52.71856944599995,-20.373040222383533],[-52.718718149999965,-20.373614432383494],[-52.71882671099996,-20.374196584383462],[-52.71889466199996,-20.374784185383458],[-52.718921715999954,-20.375374718383476],[-52.71890775299994,-20.375965656383418],[-52.71885283399996,-20.376554468383397],[-52.718757193999984,-20.37713863138342],[-52.71862123999995,-20.377715645383397],[-52.71844555599995,-20.37828304038341],[-52.718230892999934,-20.378838383383357],[-52.717978169999974,-20.379379300383373],[-52.71768846799994,-20.379903471383347],[-52.717363028999955,-20.380408653383324],[-52.717003243999955,-20.38089268238333],[-52.71661065599994,-20.381353486383322],[-52.71618694399996,-20.381789091383297],[-52.71573392299996,-20.382197631383264],[-52.71525353299995,-20.382577356383273],[-52.714747831999944,-20.38292664238327],[-52.714218984999945,-20.38324399038327],[-52.71366925499996,-20.38352804338324],[-52.71310099799996,-20.383777584383246],[-52.712516647999955,-20.383991545383235],[-52.71191870599995,-20.384169007383232],[-52.711309734999986,-20.38430921338322],[-52.710692341999966,-20.384411561383246],[-52.71006916999994,-20.384475612383223],[-52.709442888999945,-20.384501092383264],[-52.708816181999964,-20.384487893383234],[-52.70819173299998,-20.384436071383245],[-52.70757221599997,-20.384345848383212],[-52.70696028399993,-20.38421760838324],[-52.70635855699993,-20.384051903383217],[-52.70587824099994,-20.383889908383235],[-52.70301519299994,-20.382842363383247],[-52.702906565999974,-20.382801896383295],[-52.70233293699994,-20.382563537383263],[-52.701777069999935,-20.38229031038329],[-52.70124134699995,-20.381983384383293],[-52.70089600599994,-20.38176033838332],[-52.70011580099998,-20.381232441383304],[-52.69929930099994,-20.381104763383288],[-52.69685913299997,-20.381128519383303],[-52.69623243799998,-20.38111527338333],[-52.69560800099999,-20.38106340538331],[-52.69498850199994,-20.380973135383325],[-52.69437658999993,-20.380844850383312],[-52.69382498099997,-20.380694451383324],[-52.69378348299995,-20.380681853383297],[-52.69344173899998,-20.381082862383312],[-52.693357849999984,-20.381174337383296],[-52.692230568999946,-20.382395247383286],[-52.691466882999975,-20.383174873383275],[-52.69056069099997,-20.38399183338326],[-52.68959976499997,-20.384751154383213],[-52.68959353199995,-20.38475545838323],[-52.69146895999995,-20.386079165383183],[-52.69148162099998,-20.386088117383217],[-52.691970267999984,-20.386458380383193],[-52.692208069999936,-20.386657540383204],[-52.69451115399994,-20.388651791383136],[-52.694735278999985,-20.38885223338312],[-52.69516850599996,-20.3892794603831],[-52.69557117499994,-20.389732487383082],[-52.695941560999984,-20.39020937638309],[-52.69627807599994,-20.39070808538308],[-52.69657928099997,-20.39122647538304],[-52.69684388399997,-20.39176233238307],[-52.697070752999934,-20.392313356383063],[-52.69708806199998,-20.392360266383037],[-52.697333174999976,-20.393030451383012],[-52.697470872999986,-20.39324186038304],[-52.69792476499998,-20.393661071382965],[-52.69835801499994,-20.394088288383003],[-52.69876070599997,-20.39454130738295],[-52.699131113999954,-20.39501818838295],[-52.699467650999964,-20.395516887382975],[-52.69976887599995,-20.396035272382925],[-52.70003349999996,-20.396571121382927],[-52.70026038799995,-20.397122140382926],[-52.700448568999946,-20.39768597138293],[-52.70059723799994,-20.39826019938291],[-52.700705755999934,-20.398842363382876],[-52.700773658999935,-20.39942997538287],[-52.700800654999966,-20.40002051438282],[-52.700786627999946,-20.40061145438281],[-52.700731639999965,-20.401200263382815],[-52.70063592099996,-20.40178442238283],[-52.70049988499994,-20.402361426382782],[-52.700324112999965,-20.40292880838276],[-52.700109355999984,-20.40348413538278],[-52.699856533999935,-20.404025030382734],[-52.69956672899997,-20.404549178382723],[-52.69924118199998,-20.405054332382715],[-52.69888128699994,-20.405538331382683],[-52.69848858499995,-20.405999102382683],[-52.69806475799998,-20.40643466938268],[-52.69761161799994,-20.406843169382658],[-52.69713110799995,-20.40722285238266],[-52.69662528499998,-20.407572093382633],[-52.69609631599996,-20.407889395382654],[-52.69554646499995,-20.408173398382647],[-52.69497808699998,-20.408422888382624],[-52.694393616999946,-20.408636794382616],[-52.69379555599994,-20.40881420438261],[-52.693186467999965,-20.408954353382615],[-52.69256896099995,-20.409056645382616],[-52.69194567799997,-20.409120638382635],[-52.69131928999997,-20.40914606138259],[-52.69069247999994,-20.409132803382633],[-52.69006793099993,-20.40908092338263],[-52.68944831899995,-20.40899064238264],[-52.688836297999956,-20.408862344382598],[-52.68823448799998,-20.4086965833826],[-52.68764546799997,-20.40849406738265],[-52.687071758999934,-20.408255663382644],[-52.68651581999996,-20.407982392382635],[-52.68598002999994,-20.40767542438267],[-52.68546668399995,-20.40733607538268],[-52.684977981999964,-20.4069657983827],[-52.68451601399994,-20.406566178382707],[-52.683219606999955,-20.405368734382716],[-52.68278636199994,-20.404941478382714],[-52.682383684999934,-20.404488421382702],[-52.682013300999984,-20.404011505382744],[-52.681759961999944,-20.40364291238274],[-52.68045485099998,-20.40163888038279],[-52.68037168899996,-20.401508735382833],[-52.680070513999965,-20.400990314382806],[-52.67980594799997,-20.400454431382823],[-52.67980017199994,-20.400441627382822],[-52.67960178799996,-20.400269833382847],[-52.67754398799997,-20.39881734238288],[-52.67753132599995,-20.39880838938286],[-52.67717220299995,-20.398541141382868],[-52.67530270799994,-20.3970802593829],[-52.675173177999966,-20.396977202382914],[-52.674711264999985,-20.396577552382904],[-52.67427806699993,-20.39615027238292],[-52.67417001599995,-20.39602868138294],[-52.67361479199997,-20.396467302382923],[-52.67343864899993,-20.3965888883829],[-52.67330516499993,-20.396765239382944],[-52.67251963699994,-20.3976866713829],[-52.67219691599996,-20.39803184538292],[-52.670504827999935,-20.39979581738287],[-52.66997976599998,-20.400321655382836],[-52.669073357999935,-20.401138516382794],[-52.66811221699999,-20.401897733382775],[-52.667100457999936,-20.402596050382748],[-52.66611614999994,-20.40318918738275],[-52.66502605699998,-20.40380275538274],[-52.661077184999954,-20.406418201382667],[-52.66086864499994,-20.40655438438265],[-52.65981054699995,-20.40718877838267],[-52.65871069599996,-20.407756564382638],[-52.65847511299995,-20.407866986382665],[-52.655495145999964,-20.4092397533826],[-52.65504131199998,-20.409441914382597],[-52.65302157699995,-20.410311266382564],[-52.65289403399999,-20.41039996438258],[-52.652077437999935,-20.410967844382576],[-52.65150812099994,-20.411348856382563],[-52.65130669299998,-20.411476766382563],[-52.64870628599994,-20.41310553638254],[-52.64850278899996,-20.413241223382492],[-52.647678018999954,-20.413979754382495],[-52.64671668899996,-20.414738864382464],[-52.645704744999925,-20.415437067382463],[-52.64568818599997,-20.415447715382463],[-52.64451988999997,-20.41619802138244],[-52.644481626999955,-20.416229573382427],[-52.64376654199998,-20.4170233363824],[-52.64235689299994,-20.418692770382357],[-52.64131081199997,-20.420035404382347],[-52.64118511899994,-20.420194884382326],[-52.64039927999994,-20.421116189382325],[-52.639551195999964,-20.42198706938229],[-52.63864449799996,-20.422803789382257],[-52.637683068999934,-20.423562856382276],[-52.63667102499994,-20.424261014382246],[-52.63561269999997,-20.42489527538224],[-52.63451262799998,-20.425462922382202],[-52.63337551999996,-20.42596152238219],[-52.63220624499996,-20.42638894138219],[-52.63100981499997,-20.42674334738217],[-52.62979134899995,-20.427023222382154],[-52.62855607299997,-20.427227367382145],[-52.62730927399997,-20.427354908382192],[-52.62605629199992,-20.42740529738215],[-52.62480249699997,-20.427378320382143],[-52.62355325999993,-20.427274091382156],[-52.62231393099995,-20.42709305738218],[-52.62108981799997,-20.426835993382152],[-52.61988616599995,-20.42650400038218],[-52.618708129999966,-20.426098501382175],[-52.617560757999975,-20.42562123138222],[-52.616448961999936,-20.425074236382194],[-52.61537750499997,-20.42445985938223],[-52.61435097699996,-20.423780730382262],[-52.61337377299998,-20.42303975938226],[-52.612450079999974,-20.422240120382288],[-52.61158385299995,-20.421385237382324],[-52.610778798999945,-20.420478773382328],[-52.61003836799995,-20.41952460938235],[-52.60936572999997,-20.41852683338241],[-52.608763762999956,-20.417489718382406],[-52.60823504499996,-20.41641770538244],[-52.607781838999976,-20.41531538638247],[-52.60740608399993,-20.414187484382495],[-52.60734390599998,-20.413946765382512],[-52.58898471899994,-20.408388872382663],[-52.57001049899998,-20.40307860938278],[-52.568700511999964,-20.402272156382807],[-52.567032660999985,-20.400405185382823],[-52.557371038999975,-20.388954408383114],[-52.55403266699994,-20.38489291638322],[-52.55157279699995,-20.381887269383274],[-52.54980634799995,-20.37879359838337],[-52.54520480099996,-20.369833571383584],[-52.53856055399996,-20.356063652383956],[-52.53607881299997,-20.350766791384057],[-52.535364578999975,-20.348727412384118],[-52.53365816199993,-20.342850898384242],[-52.533467712999936,-20.341134214384308],[-52.53412373699996,-20.337282608384392],[-52.534619978999956,-20.334823456384484],[-52.53495402799996,-20.333511298384497],[-52.53742184299995,-20.32866184338462],[-52.54475960599996,-20.316323203384933]],[[-52.60020672099995,-20.383299918383276],[-52.60048253699995,-20.383306214383257],[-52.600722807999944,-20.383547148383276],[-52.60120818699995,-20.384568803383246],[-52.601557224999965,-20.385070135383234],[-52.60179604099994,-20.38556591038321],[-52.602598658999966,-20.38627551738317],[-52.60303742999997,-20.386654789383186],[-52.60316800199996,-20.38731907638318],[-52.60345600499994,-20.387374767383175],[-52.603476160999946,-20.387752602383163],[-52.60327857899995,-20.388154517383146],[-52.603590290999925,-20.388702611383156],[-52.60377149899995,-20.38894609838312],[-52.60394074899994,-20.3897098773831],[-52.60441972799998,-20.3902032853831],[-52.60446745099995,-20.390709694383062],[-52.604709465999974,-20.39126274438305],[-52.604544970999946,-20.391993703383044],[-52.60463113199995,-20.392495305383026],[-52.604632367999955,-20.39307376838302],[-52.604709766999974,-20.393572948383024],[-52.60543901699998,-20.393576343382986],[-52.60571580099997,-20.39335903838302],[-52.606247021999934,-20.393356836383003],[-52.60667560299999,-20.393843655382977],[-52.60751474299997,-20.393737661383017],[-52.607593563999956,-20.393598007383016],[-52.60821132299998,-20.393941449382982],[-52.60852227099997,-20.394292904382954],[-52.60850543699996,-20.394603164383],[-52.608904345999974,-20.39483426638298],[-52.60926847999997,-20.39496229938299],[-52.60969840699994,-20.395070065382967],[-52.60980274299993,-20.395324590382963],[-52.610116077999976,-20.39556401338294],[-52.61029680099995,-20.39582820138296],[-52.610729395999954,-20.395953584382962],[-52.610595322999984,-20.396284078382916],[-52.610841068999946,-20.396641731382953],[-52.61126575199995,-20.39669056338295],[-52.611391932999936,-20.39702390138291],[-52.611859255999946,-20.397401854382895],[-52.61228890899998,-20.397352685382927],[-52.61263236299994,-20.397647110382916],[-52.61286074099996,-20.397763291382926],[-52.613417830999936,-20.397987091382873],[-52.61399805599996,-20.39788659638291],[-52.614584769999965,-20.398042989382898],[-52.614830291999965,-20.398256653382898],[-52.61498109799993,-20.398681216382858],[-52.61512699599996,-20.399714766382868],[-52.61518549699998,-20.40028163038281],[-52.61535730299994,-20.400591533382816],[-52.615446009999964,-20.400937392382794],[-52.615712145999964,-20.40112616538279],[-52.61610184399996,-20.401438843382778],[-52.61638483399997,-20.4017293303828],[-52.61655076499994,-20.401749032382774],[-52.616693200999975,-20.40210751638277],[-52.61880534699998,-20.403369517382778],[-52.619693190999946,-20.403987971382776],[-52.62070380899996,-20.404276009382713],[-52.620981395999934,-20.404947126382726],[-52.622790033999934,-20.405891989382674],[-52.62321166899994,-20.40662494538268],[-52.62394120799997,-20.40667422938269],[-52.62483270399997,-20.407369127382676],[-52.62521512799997,-20.406701321382666],[-52.62587466999997,-20.406624885382687],[-52.626317556999936,-20.406043331382705],[-52.627017025999976,-20.405469130382713],[-52.627885429999935,-20.405143792382734],[-52.62798421999997,-20.404604441382713],[-52.62858027699997,-20.404084912382753],[-52.62889973099994,-20.40343818038276],[-52.62941327799995,-20.40314606538279],[-52.62985827299997,-20.40263107338276],[-52.63024528799997,-20.402729861382763],[-52.63079087899997,-20.402255409382782],[-52.63143606699998,-20.4015995283828],[-52.63209438599995,-20.401093994382798],[-52.632810628999955,-20.40080512038283],[-52.63358785999998,-20.400493011382846],[-52.63428623999994,-20.399516698382843],[-52.63464249599997,-20.398981050382883],[-52.63541862699998,-20.398763030382845],[-52.63588254499996,-20.39789024638291],[-52.63664834599996,-20.397444238382935],[-52.637516914999935,-20.39700365238292],[-52.63806153799993,-20.396483671382907],[-52.638547795999955,-20.395656398382954],[-52.63940125499994,-20.395505536382963],[-52.639922198999955,-20.395103276382994],[-52.64048145199996,-20.394956351382973],[-52.64152580799998,-20.394608153383],[-52.642042335999975,-20.394259820382967],[-52.643000295999975,-20.39395310838298],[-52.643264701999954,-20.393829855383018],[-52.64368665399997,-20.393633162382994],[-52.64445329299997,-20.393074803383044],[-52.64509679399998,-20.39266369438302],[-52.64534997299996,-20.39213032938302],[-52.64608948999996,-20.39225150238303],[-52.64673826599994,-20.391830424383063],[-52.64740402399997,-20.391560478383063],[-52.64776710899997,-20.39115180638308],[-52.648529431999975,-20.390938827383057],[-52.64942650299997,-20.390828997383085],[-52.65013668699998,-20.390386658383076],[-52.65085181699993,-20.389802835383083],[-52.65160401499998,-20.389351832383127],[-52.65272512599995,-20.388942883383134],[-52.653430802999935,-20.38878813338315],[-52.65382066899997,-20.38830519338312],[-52.65483785599997,-20.38784421338312],[-52.65566739299992,-20.387185304383152],[-52.65648427599996,-20.38659343338319],[-52.657004043999954,-20.385252567383198],[-52.65825387399997,-20.38374438338324],[-52.65896135799994,-20.381890356383312],[-52.65999786599997,-20.381761312383322],[-52.66121298499996,-20.381161807383304],[-52.662391169999985,-20.379829954383325],[-52.662946191999936,-20.37899864238335],[-52.663947673999985,-20.3782624163834],[-52.664904354999976,-20.377845507383398],[-52.66624701799998,-20.377528211383407],[-52.666933272999984,-20.376908413383426],[-52.66771378899995,-20.37656901738341],[-52.66843564599998,-20.37594785538347],[-52.66967727099995,-20.375854765383465],[-52.670368466999946,-20.375055512383454],[-52.67101448999995,-20.374505737383505],[-52.67185516499996,-20.373509008383525],[-52.67286177599993,-20.372861175383527],[-52.673988874999964,-20.372067105383557],[-52.67430817699994,-20.371075723383598],[-52.674909722999985,-20.371212414383553],[-52.675988705999934,-20.370564332383573],[-52.676776408999956,-20.3698158483836],[-52.67681359699998,-20.369443855383626],[-52.67711314199994,-20.368997533383624],[-52.67778625799997,-20.36831075238362],[-52.67771530699997,-20.367573037383632],[-52.67757968099995,-20.3661757493837],[-52.678157246999945,-20.365727478383672],[-52.67889241299997,-20.365604841383725],[-52.67906836399993,-20.364838687383735],[-52.67915018499997,-20.36411775338373],[-52.67984172799998,-20.363562978383737],[-52.68019278699995,-20.363279009383724],[-52.68047916899996,-20.362810900383757],[-52.68092252799994,-20.36251983238379],[-52.68131561399997,-20.361898157383816],[-52.68212969699994,-20.361711424383795],[-52.68281821599999,-20.361067877383828],[-52.68295105599998,-20.36085054938382],[-52.68315102699996,-20.359684985383822],[-52.68343373899995,-20.35926277138387],[-52.684171945999935,-20.35882683738389],[-52.68459527199997,-20.35803220138387],[-52.685502018999955,-20.357154616383895],[-52.685718372999986,-20.356296286383945],[-52.68569280899993,-20.355022424383982],[-52.686372533999986,-20.353842818384013],[-52.686249669999945,-20.35296663338399],[-52.68688221999997,-20.35227826038406],[-52.687049343999945,-20.351687934384064],[-52.687854107999954,-20.350777369384065],[-52.68819716999997,-20.350378574384106],[-52.68858396099995,-20.350142628384074],[-52.68868188299996,-20.34945507938407],[-52.68910105099996,-20.34893914638412],[-52.689461140999974,-20.34855751338411],[-52.68968460599996,-20.348190044384154],[-52.689957386999936,-20.347589300384165],[-52.690195846999984,-20.34698501638416],[-52.69023609499993,-20.346546126384176],[-52.69060662499999,-20.34618804438419],[-52.69082544299994,-20.345840371384178],[-52.69106439799998,-20.345426892384218],[-52.69155757999993,-20.344689643384235],[-52.69151756399998,-20.34372057338426],[-52.69148173399998,-20.34260580038425],[-52.69159899899995,-20.34132609538429],[-52.69117993399993,-20.340277727384315],[-52.69117247799995,-20.339126547384378],[-52.691463744999965,-20.33744976138441],[-52.691633037999964,-20.335714871384475],[-52.691430957999955,-20.335234486384486],[-52.69102986599995,-20.335024902384482],[-52.69104373099998,-20.334696735384473],[-52.691023893999954,-20.33345385138448],[-52.69118697799996,-20.332350789384545],[-52.691471100999934,-20.331822904384563],[-52.69152821099994,-20.330977914384565],[-52.69138421599996,-20.3306315853846],[-52.69088782399996,-20.330495362384585],[-52.690328449999974,-20.330321497384567],[-52.690204607999924,-20.32990721838459],[-52.68960685899998,-20.329359719384595],[-52.689274473999944,-20.328799730384606],[-52.688188845999946,-20.327903883384653],[-52.68771727199999,-20.327718391384643],[-52.68725291499993,-20.327017041384686],[-52.68719950799994,-20.32668812138467],[-52.686751105999974,-20.32617178738468],[-52.68681391299997,-20.32507284338473],[-52.686397221999975,-20.324626714384742],[-52.685358503999964,-20.32347400138476],[-52.68432162399995,-20.322322983384815],[-52.68396747099996,-20.321121084384817],[-52.68269536099996,-20.320486872384816],[-52.68254728299996,-20.319817404384874],[-52.68235674799997,-20.319034296384885],[-52.68208628299993,-20.318385129384897],[-52.681989861999966,-20.31716160038491],[-52.68090498399994,-20.316390263384925],[-52.67931191099995,-20.31623911738492],[-52.67818630099998,-20.315975562384924],[-52.67704829399997,-20.315408292384966],[-52.67591849799994,-20.314653740384994],[-52.67493602199994,-20.31460653538495],[-52.67439482299994,-20.313801315385003],[-52.67405999299996,-20.313542139385028],[-52.67347235699997,-20.313103788385032],[-52.67307539099994,-20.31261024438504],[-52.67199211199994,-20.312312121385055],[-52.670901114999936,-20.311575748385028],[-52.67001246099994,-20.310839862385077],[-52.66867652199994,-20.309997667385076],[-52.668166491999955,-20.309888041385097],[-52.667767524999924,-20.30964556638511],[-52.66730321599994,-20.309422891385076],[-52.667376942999965,-20.308904824385117],[-52.66707308599996,-20.30826817838516],[-52.667100131999966,-20.30801379138513],[-52.66676893799996,-20.30779563638517],[-52.66654744699998,-20.307394772385145],[-52.66597016999998,-20.30720277238518],[-52.665683668999975,-20.306884540385138],[-52.66491938699994,-20.306807913385153],[-52.66438455799994,-20.307518624385143],[-52.66375097799993,-20.307861500385123],[-52.66341264799996,-20.307747608385128],[-52.66321474799998,-20.30785921938515],[-52.66255066399999,-20.307614581385128],[-52.66212925199994,-20.307204879385175],[-52.66155494599997,-20.30704138138518],[-52.66098695499994,-20.30688545538519],[-52.660307053999986,-20.306389764385173],[-52.66022488099998,-20.306416055385153],[-52.66001190099997,-20.30661231438516],[-52.65979326299998,-20.307019721385156],[-52.65968495399994,-20.307333090385185],[-52.65914961399995,-20.30811156138515],[-52.65878531399994,-20.3086039903851],[-52.658258205999964,-20.30924631838511],[-52.657871223999955,-20.30951371038512],[-52.65757250699995,-20.309863779385086],[-52.65709197999996,-20.310269898385062],[-52.65671678599995,-20.310415512385074],[-52.656130659999974,-20.310916704385065],[-52.65567743299994,-20.31114247838506],[-52.65534829099994,-20.311354366385082],[-52.65524927799998,-20.311457842385074],[-52.65412640899996,-20.311965722385043],[-52.65312923299996,-20.312307727385026],[-52.65125901299996,-20.313175293385026],[-52.646059323999964,-20.314196784385008],[-52.63677065899998,-20.31599586338493],[-52.62726512599994,-20.317835378384913],[-52.618030215999966,-20.319618161384813],[-52.60867315699994,-20.321434493384807],[-52.608388213999945,-20.321487793384794],[-52.60810587399993,-20.32171045938481],[-52.607423937999954,-20.322215297384783],[-52.606803446999955,-20.32216343738479],[-52.60612412499995,-20.322276475384786],[-52.60547057699995,-20.32250320638478],[-52.60491444499996,-20.32270728738477],[-52.60444837799998,-20.32265946738475],[-52.603653745999964,-20.322811151384748],[-52.60352927399998,-20.323058741384745],[-52.60347790499998,-20.323212938384774],[-52.60336345399997,-20.323808502384747],[-52.602844663999974,-20.324446628384745],[-52.602526574999956,-20.325057465384734],[-52.601866930999954,-20.32541747638473],[-52.601265781999984,-20.325924695384693],[-52.60061669799995,-20.326298039384657],[-52.599848657999985,-20.32670500838468],[-52.59955030799995,-20.327162982384646],[-52.59913305199996,-20.327566033384667],[-52.59885567099997,-20.327881408384616],[-52.598354411999935,-20.328345950384634],[-52.59837708599998,-20.329052909384636],[-52.598391257999936,-20.329445021384608],[-52.598485583999945,-20.329926936384616],[-52.59849237299994,-20.330193341384597],[-52.597785733999956,-20.330816378384558],[-52.59724707099997,-20.33116235838456],[-52.59682779399997,-20.331756441384563],[-52.59624667099997,-20.332383348384507],[-52.59584444099995,-20.33298462738453],[-52.595301388999985,-20.333360354384507],[-52.59452982199997,-20.333474047384527],[-52.59402528199997,-20.333702911384517],[-52.59368160899999,-20.333755947384514],[-52.59306321399998,-20.334120693384513],[-52.59212310799995,-20.33452968838449],[-52.59166097899998,-20.33485774638447],[-52.591017577999935,-20.334936029384455],[-52.59031212899998,-20.335274140384453],[-52.589828857999976,-20.335354213384452],[-52.58991499599995,-20.33567722438442],[-52.58989462799997,-20.336284392384457],[-52.589928946999976,-20.33674535138445],[-52.589871812999945,-20.3373340363844],[-52.58949448499993,-20.33788555238442],[-52.58905457299994,-20.33849028538439],[-52.58851353399996,-20.338439621384378],[-52.58826701699996,-20.338658129384356],[-52.587551961999964,-20.338913199384386],[-52.58692473499997,-20.339395678384353],[-52.58611272799993,-20.34016687838436],[-52.58591800999994,-20.340427470384316],[-52.58568486599995,-20.340755776384338],[-52.58530301499996,-20.341158079384314],[-52.58516675399994,-20.34141093238431],[-52.584924205999975,-20.341764986384312],[-52.58473815899998,-20.342036656384266],[-52.58447068199996,-20.34224742638429],[-52.584412277999945,-20.3426298653843],[-52.58431609199994,-20.34295257238425],[-52.58416737199997,-20.343245466384268],[-52.58417358199995,-20.343595312384284],[-52.58410681399993,-20.344007702384218],[-52.584274223999955,-20.345216529384217],[-52.58453955899995,-20.345589789384213],[-52.584585339999926,-20.345987977384226],[-52.58500030099998,-20.346914739384157],[-52.58506274299998,-20.347235988384163],[-52.58520352899995,-20.347693812384176],[-52.58551929899994,-20.348043623384136],[-52.585711284999945,-20.348479110384133],[-52.58565449799994,-20.349414009384123],[-52.58543450999997,-20.349832271384106],[-52.58554155099995,-20.35037876838411],[-52.585765607999974,-20.350902396384082],[-52.58584711599997,-20.35133648438404],[-52.586126608999955,-20.35171970238405],[-52.586229088999964,-20.352193366384018],[-52.58618696599995,-20.352561339384042],[-52.58601417899996,-20.35374325938397],[-52.585943529999945,-20.354418917383992],[-52.585647937999966,-20.354879890383952],[-52.585455288999974,-20.35510000238397],[-52.585444661999986,-20.355533011383965],[-52.58536265099997,-20.35601656238395],[-52.58542543999993,-20.356450043383898],[-52.58526383299994,-20.35696566338393],[-52.58505508899997,-20.35759119038393],[-52.58457191399998,-20.357895287383887],[-52.58424340299996,-20.359133066383873],[-52.58433178399997,-20.35962461938387],[-52.58404352799994,-20.360119679383853],[-52.584072370999934,-20.36043994238383],[-52.584282160999976,-20.36077046038383],[-52.58462596499999,-20.361073104383802],[-52.584715926999934,-20.36149132438382],[-52.58472178899996,-20.3619163963838],[-52.584655140999985,-20.362235800383775],[-52.58507296099998,-20.362558448383776],[-52.58571570099997,-20.363055706383747],[-52.58622090999995,-20.36407063038374],[-52.58633943799998,-20.364706573383724],[-52.58613840199996,-20.365038879383686],[-52.58583187399995,-20.365515906383724],[-52.585688534999974,-20.365964638383705],[-52.58595017899995,-20.366132888383707],[-52.58595454699998,-20.366714094383685],[-52.58624832499998,-20.36717141038367],[-52.58653207399993,-20.36771195438364],[-52.58660394099996,-20.36793361738363],[-52.58665923599994,-20.36810417038366],[-52.58706211699996,-20.368134834383657],[-52.58734254999996,-20.368458535383606],[-52.587541392999974,-20.36910021338361],[-52.58797734399997,-20.36961300938361],[-52.58779819999995,-20.3699690853836],[-52.587911030999976,-20.370987959383594],[-52.587734534999974,-20.37155329438356],[-52.587880326999944,-20.372269367383517],[-52.58797188399995,-20.372545967383516],[-52.58818499199999,-20.373053906383497],[-52.58872047499994,-20.37353432938348],[-52.58913097299995,-20.374110020383515],[-52.589554920999944,-20.374737809383458],[-52.58999644499994,-20.37491536338347],[-52.590720612999974,-20.375245094383477],[-52.59132755599995,-20.375298467383494],[-52.59201994499994,-20.375544380383445],[-52.592480646999945,-20.376503388383412],[-52.59277849799997,-20.37687112238342],[-52.59333307599996,-20.37736307138344],[-52.59369634799998,-20.37810804638339],[-52.59376024499994,-20.378545078383357],[-52.59416122299996,-20.378865280383362],[-52.59445795499994,-20.379481238383374],[-52.59482807399996,-20.379763570383346],[-52.59470667299996,-20.37993399738335],[-52.59529224199997,-20.380317984383353],[-52.595527705999984,-20.380580886383324],[-52.59612333499996,-20.38106222338331],[-52.59657749899998,-20.38150197138331],[-52.59679459499995,-20.382176458383267],[-52.59681817999995,-20.382521390383285],[-52.59726120599999,-20.382733951383287],[-52.59733486399995,-20.38313621338324],[-52.59762985599997,-20.38337843038328],[-52.59833270699995,-20.383616323383244],[-52.599189897999956,-20.383816853383276],[-52.599637249999944,-20.383545392383265],[-52.60020672099995,-20.383299918383276]]]},"properties":{"OBJECTID":13,"NOME_UC":"Parque Natural Municipal do Pombo","Shape.STArea()":0.018622842161377846,"Shape.STLength()":1.00076960568966,"Field":null,"__atlas_capturado_em":"2026-08-10T23:53:12.285Z","__atlas_fonte_servico":"https://www.pinms.ms.gov.br/arcgis/rest/services/IMASUL/SiriemaGeo_Sisla/MapServer","__atlas_layer_id":4}},{"type":"Feature","id":14,"geometry":{"type":"Polygon","coordinates":[[[-54.581934961999934,-20.377528872383408],[-54.60817410799996,-20.388841915383107],[-54.608304215999965,-20.38832413538311],[-54.60809079399996,-20.386651472383193],[-54.608303562999936,-20.38615629938321],[-54.60828605499995,-20.385951622383214],[-54.60862727299997,-20.386065795383203],[-54.608579765999934,-20.387807274383132],[-54.609246978999984,-20.388243838383115],[-54.61046604699993,-20.38730899538315],[-54.610764477999965,-20.386780885383157],[-54.611311988999944,-20.386964072383165],[-54.61091460999995,-20.38766730738314],[-54.610860162999984,-20.387734540383118],[-54.60987228499994,-20.38853086238314],[-54.60987044899997,-20.388651769383145],[-54.609757092999985,-20.388777886383117],[-54.609756209999944,-20.388786073383116],[-54.60973014299998,-20.388925685383107],[-54.60965428399999,-20.388988994383137],[-54.609648511999985,-20.38904712538314],[-54.60965221799995,-20.389064523383094],[-54.60960116699994,-20.3892026453831],[-54.60953764599998,-20.389273150383097],[-54.609509143999965,-20.38930301038314],[-54.60942890499996,-20.389508613383104],[-54.60930936999995,-20.38971307238309],[-54.60922349799995,-20.389981999383107],[-54.60915162199996,-20.390091200383104],[-54.60909559399994,-20.390154601383063],[-54.609035683999934,-20.39032373038309],[-54.60897140999998,-20.39041076638305],[-54.60892349499994,-20.39047033238307],[-54.60892246999999,-20.39047219638308],[-54.608835045999975,-20.390763496383084],[-54.608689322999965,-20.390983543383047],[-54.60862574699996,-20.391201493383075],[-54.60852560899996,-20.391344079383053],[-54.60846776599993,-20.391543694383035],[-54.608350686999984,-20.39171411538305],[-54.608349170999986,-20.39171991038303],[-54.608332693999955,-20.391818808383057],[-54.60828339699998,-20.39193069538306],[-54.60819175299997,-20.39201742838305],[-54.608167383999955,-20.392035669383016],[-54.608154935999956,-20.39211746638302],[-54.60812242299994,-20.39223025938304],[-54.60800420899994,-20.392366782383014],[-54.60799684799997,-20.39238574438303],[-54.60768759499996,-20.393590437382976],[-54.60707476799996,-20.39597694038295],[-54.60566418999997,-20.397633067382895],[-54.60531394499998,-20.398327502382894],[-54.60407445799996,-20.40005865738287],[-54.603572148999945,-20.401356853382822],[-54.602835883999944,-20.40242702138276],[-54.602829569999976,-20.402526213382792],[-54.60286200199994,-20.402685113382773],[-54.60288965799999,-20.402781350382746],[-54.60291373499995,-20.402829134382756],[-54.60303329699997,-20.40299000238277],[-54.60310372499999,-20.403115533382746],[-54.60313015299994,-20.40319894838274],[-54.60325352099994,-20.40375197738274],[-54.603266264999945,-20.40413469238274],[-54.60339564099996,-20.404460531382746],[-54.60339403399997,-20.404773533382723],[-54.603329954999936,-20.404915275382713],[-54.60346403799998,-20.405004514382743],[-54.603579657999944,-20.405098954382737],[-54.60364975299996,-20.405194780382736],[-54.603742287999985,-20.405388451382702],[-54.60372404199995,-20.40555429338271],[-54.60372122799998,-20.405559746382682],[-54.603743246999954,-20.405592612382698],[-54.603873184999934,-20.40574604438269],[-54.60395163099997,-20.405862430382687],[-54.60400727499996,-20.406003227382712],[-54.60402110299998,-20.40610554138272],[-54.60398769899996,-20.406557099382656],[-54.60399946399996,-20.40666212038268],[-54.60402800499997,-20.406847352382645],[-54.60403482999993,-20.406965218382684],[-54.604028324999945,-20.40705134138264],[-54.60399650199998,-20.407180921382658],[-54.60392787999996,-20.407367381382674],[-54.60391610399995,-20.40741787838268],[-54.60391599099995,-20.407452418382668],[-54.603919360999946,-20.407472927382653],[-54.60394708399997,-20.407566780382655],[-54.60403401999997,-20.40781225338265],[-54.604065022999976,-20.40798191538267],[-54.60408462899994,-20.408159674382652],[-54.604100880999965,-20.40838013638261],[-54.60426168799996,-20.408912685382617],[-54.60425707699994,-20.409169135382605],[-54.604526662999945,-20.409389325382588],[-54.604592880999974,-20.40945536138261],[-54.604669274999935,-20.409588696382603],[-54.60470634999995,-20.409722619382617],[-54.604732570999936,-20.409927794382572],[-54.60474239499996,-20.41013606738257],[-54.604740135999975,-20.41038477438259],[-54.60474868399996,-20.410474345382575],[-54.60479076099995,-20.410625431382584],[-54.604881052999986,-20.410870182382546],[-54.60491896099995,-20.411022719382558],[-54.60493038799996,-20.41112177538257],[-54.60493057399998,-20.41128188338256],[-54.60491588899998,-20.41155060238258],[-54.60492367899997,-20.411645175382585],[-54.60496735299995,-20.41179833238258],[-54.60506146799997,-20.412044996382537],[-54.605105584999926,-20.412197401382528],[-54.605121111999956,-20.412305083382545],[-54.60511933499998,-20.412477500382533],[-54.60510820199994,-20.412665276382544],[-54.60511175999995,-20.412720138382493],[-54.60512283899994,-20.412762371382545],[-54.605128417999936,-20.4127739263825],[-54.605387804999964,-20.413245151382505],[-54.60549998599998,-20.413640385382493],[-54.605827138999985,-20.414367772382505],[-54.60592033599994,-20.415027448382496],[-54.60602428399994,-20.415451041382475],[-54.60609045899997,-20.41581541038247],[-54.606340744999954,-20.41599864238246],[-54.60872713599997,-20.416953356382415],[-54.60872765499994,-20.416959757382433],[-54.60876057699994,-20.417288333382434],[-54.607957339999984,-20.41763524138241],[-54.60710100599994,-20.417054153382434],[-54.60600138999996,-20.416411472382464],[-54.60562239599994,-20.416448432382442],[-54.60537141499998,-20.416493437382453],[-54.605201514999976,-20.416500943382424],[-54.60502827299997,-20.416481737382444],[-54.60474859399994,-20.4164406043824],[-54.60458139099995,-20.41639641338245],[-54.60448421099995,-20.416348299382467],[-54.60431188899997,-20.416237439382467],[-54.604282472999955,-20.416245451382423],[-54.60418538699997,-20.416268064382432],[-54.604065928999944,-20.416336178382405],[-54.60387125299997,-20.41637924738242],[-54.60363911799993,-20.416424544382412],[-54.60352395099994,-20.416423330382447],[-54.603453129999934,-20.41638898838241],[-54.60344435299999,-20.416392968382443],[-54.60324837699994,-20.416414751382458],[-54.60309408699993,-20.416392752382453],[-54.602883815999974,-20.41642474138242],[-54.602812694999955,-20.416368333382454],[-54.60273253599996,-20.416401383382464],[-54.60254733199997,-20.41636965638244],[-54.60246708299996,-20.416373256382453],[-54.602306114999976,-20.416384756382428],[-54.60219902099993,-20.41632991338244],[-54.60210061199996,-20.416365564382467],[-54.601963920999935,-20.416338415382445],[-54.601878056999965,-20.41645583538243],[-54.60161608599998,-20.416264903382427],[-54.601612067999945,-20.416265797382405],[-54.60147848199995,-20.416263957382426],[-54.601422298999985,-20.416291998382437],[-54.60129922999994,-20.41630619638246],[-54.60110260699997,-20.41626974238241],[-54.60088432699996,-20.416242416382467],[-54.60083207099996,-20.416188887382457],[-54.60075204799995,-20.41619153238245],[-54.60058468099999,-20.416198066382467],[-54.600467383999955,-20.416174262382448],[-54.60040545299995,-20.416173409382427],[-54.60023549799996,-20.416172665382444],[-54.600159042999955,-20.416161986382445],[-54.600107322999975,-20.41618446338246],[-54.59995307599997,-20.416206113382465],[-54.59982064599996,-20.41615198438243],[-54.59978612099997,-20.41615150938244],[-54.59965046699995,-20.416149639382443],[-54.59955621499995,-20.41613837038242],[-54.59940595299997,-20.41609385738245],[-54.59931865999993,-20.416052026382467],[-54.59928413399996,-20.416031891382467],[-54.59916848599994,-20.416030296382456],[-54.598929639999945,-20.415993167382435],[-54.59880828699994,-20.41594436538245],[-54.598717954999984,-20.41589153938245],[-54.59871720399997,-20.415891213382437],[-54.59869368799997,-20.415886310382447],[-54.598667788999926,-20.415886756382445],[-54.59856657599994,-20.41589190838247],[-54.59845118899995,-20.41592230138245],[-54.598317442999985,-20.41595736338243],[-54.598161081999926,-20.415935529382452],[-54.59802559999998,-20.415913974382455],[-54.59790342699995,-20.41589148338242],[-54.597839722999936,-20.415890605382444],[-54.59765537499994,-20.415805743382453],[-54.59750152899994,-20.415771301382424],[-54.597378737999975,-20.41572575638245],[-54.597158958999955,-20.415604528382456],[-54.59706764599997,-20.41549652138246],[-54.597047503999924,-20.415458741382444],[-54.597016208999946,-20.415448304382423],[-54.596937354999966,-20.41543673138243],[-54.59691915399997,-20.41543617338248],[-54.59668617499994,-20.415467994382478],[-54.59651556699998,-20.415460050382475],[-54.59639140999997,-20.41542724538249],[-54.59617647899995,-20.415303536382453],[-54.59595332199996,-20.415217368382454],[-54.59579477599993,-20.41517104938249],[-54.59555553599995,-20.415073208382463],[-54.59537070599998,-20.414981321382474],[-54.594885921999946,-20.41480425338245],[-54.59463581399996,-20.414722822382494],[-54.59428418499994,-20.4146141813825],[-54.59409930099997,-20.41454436238248],[-54.59357986399994,-20.414313145382458],[-54.59317273199997,-20.414135900382487],[-54.593135779999955,-20.414123387382485],[-54.59302001699996,-20.41410593138246],[-54.59280851099999,-20.414094890382476],[-54.59267161899998,-20.41407844938252],[-54.59252836599995,-20.414040564382475],[-54.59244578099998,-20.414004820382466],[-54.59219560699995,-20.413864400382497],[-54.592035119999935,-20.413759598382487],[-54.59174644999996,-20.413544779382484],[-54.59104450999996,-20.412976924382527],[-54.590442064999934,-20.41247015238254],[-54.590145993999954,-20.412196342382533],[-54.58986457699996,-20.411900511382534],[-54.58932549699995,-20.411354645382545],[-54.58926221899998,-20.41127669738255],[-54.589189776999945,-20.41113591638258],[-54.58910908099995,-20.410934068382566],[-54.58908298599994,-20.410899211382556],[-54.58907190999997,-20.41089083138257],[-54.58906465299998,-20.410886947382544],[-54.58900090399994,-20.410863254382594],[-54.58868134699998,-20.41078229138258],[-54.588544439999964,-20.41072407438258],[-54.58846466299997,-20.410674207382563],[-54.588313030999984,-20.4105454863826],[-54.588150644999985,-20.41039451138261],[-54.58808709999994,-20.410347956382576],[-54.587910171999965,-20.41025240538256],[-54.58763073499995,-20.410116496382575],[-54.587476702999936,-20.41002633638261],[-54.587271449999946,-20.409873177382583],[-54.58703205299997,-20.409677636382604],[-54.586928212999965,-20.409603956382593],[-54.58683271799998,-20.409553508382622],[-54.586659008999966,-20.409471014382607],[-54.58652801699998,-20.40938437838262],[-54.586414256999944,-20.40929269138261],[-54.58606126899997,-20.409037798382638],[-54.58596310199994,-20.408922216382607],[-54.58590501199996,-20.40881283238263],[-54.58589937099998,-20.40880596338263],[-54.585775406999964,-20.408701130382603],[-54.58571464199997,-20.408656907382635],[-54.58561834699998,-20.408599522382644],[-54.58552201699996,-20.40855971838266],[-54.585478395999985,-20.408548196382633],[-54.585066747999974,-20.408463061382633],[-54.584624615999985,-20.408386422382648],[-54.58438742899995,-20.408316554382623],[-54.58406708999996,-20.40818616738261],[-54.583573541999954,-20.407927380382677],[-54.583368666999945,-20.407806351382664],[-54.58311909899999,-20.407652907382616],[-54.58300861799996,-20.407598702382657],[-54.58289445499997,-20.40755834238265],[-54.582823118999954,-20.407540393382668],[-54.58264872299998,-20.407512590382638],[-54.582463435999955,-20.407498379382634],[-54.58219411799996,-20.407488499382648],[-54.582046839999975,-20.407482058382662],[-54.58186053199994,-20.407462648382666],[-54.58033758799996,-20.408939063382647],[-54.57811502299996,-20.411543267382548],[-54.57748336099996,-20.411076023382567],[-54.57565102699994,-20.40722205538268],[-54.57601510899997,-20.406024177382672],[-54.57601839299997,-20.40581445338269],[-54.57595685999996,-20.405603602382726],[-54.57609198999995,-20.404996475382713],[-54.57716708099998,-20.402678592382788],[-54.57931789099996,-20.402340693382804],[-54.583674978999966,-20.40387877938275],[-54.58348579899996,-20.40453652938274],[-54.58200943799994,-20.406933120382664],[-54.582497923999945,-20.406957482382644],[-54.58306983899996,-20.40704175938269],[-54.58434638399996,-20.407712717382665],[-54.584586301999934,-20.407807556382654],[-54.58476276499994,-20.407859542382667],[-54.585180297999955,-20.40793191038262],[-54.58561760699996,-20.408022350382634],[-54.58571581899997,-20.40804830038264],[-54.58588873199995,-20.40811974238262],[-54.58604444399998,-20.40821254438265],[-54.58614331899997,-20.408284494382652],[-54.58632176499998,-20.408435405382654],[-54.586393672999975,-20.408522901382636],[-54.586449699999946,-20.40862838238263],[-54.58646614999998,-20.408647762382643],[-54.58676367299995,-20.408862603382637],[-54.58691350399993,-20.40897941638262],[-54.586987359999966,-20.409027460382596],[-54.58714908999997,-20.409104262382623],[-54.587266994999936,-20.40916654238263],[-54.58739418699997,-20.40925679138261],[-54.587636232999955,-20.409454499382633],[-54.58782362799997,-20.40959433538259],[-54.587954053999965,-20.409670676382593],[-54.58822896599997,-20.409804381382592],[-54.58842890799997,-20.40991236038258],[-54.58852178199999,-20.409980407382612],[-54.58869158999994,-20.410138284382597],[-54.58882259399996,-20.41024948938259],[-54.58886526099997,-20.410276159382594],[-54.588959777999946,-20.410316351382573],[-54.58927262699996,-20.410395614382594],[-54.58937035499997,-20.410431940382583],[-54.58941522899994,-20.41045595838256],[-54.589475834999966,-20.4105018043826],[-54.58954644499994,-20.410596117382568],[-54.58963546599995,-20.4108187873826],[-54.589689490999945,-20.410923796382573],[-54.589726688999974,-20.410969607382587],[-54.590258149999954,-20.411507754382544],[-54.59053522199997,-20.41179901838253],[-54.590819876999944,-20.412062275382553],[-54.59152163999993,-20.412784589382515],[-54.59176676699997,-20.4129537273825],[-54.59238755299998,-20.413331718382473],[-54.592532536999954,-20.413426390382533],[-54.59276105999999,-20.41355465338249],[-54.592809183999975,-20.41357548338253],[-54.59291033999995,-20.4136022373825],[-54.59301608999994,-20.41361494138253],[-54.59323217999998,-20.4136262103825],[-54.59338913199996,-20.413649879382525],[-54.59346321399995,-20.413674977382506],[-54.59388288599996,-20.41385767738248],[-54.59439562499995,-20.4140859113825],[-54.59456390199995,-20.4141494603825],[-54.594908903999965,-20.41425605938249],[-54.59516620699998,-20.41433982738252],[-54.59565596199997,-20.414518705382495],[-54.59573668499996,-20.41455358438249],[-54.59579521999995,-20.4145807063825],[-54.59599476999995,-20.414662304382503],[-54.59614764999998,-20.41470697438246],[-54.596436753999974,-20.414818595382496],[-54.59661702299997,-20.414922357382473],[-54.596658889999965,-20.414924307382485],[-54.59688704899997,-20.414893141382507],[-54.596991119999984,-20.41489633838245],[-54.59715739099994,-20.414920757382454],[-54.597315082999955,-20.41497330338245],[-54.59742192899995,-20.41503281538246],[-54.59750884999994,-20.41511770638249],[-54.59754823099996,-20.41519157438245],[-54.597630534999944,-20.41523697638246],[-54.59767398299994,-20.415253089382478],[-54.59785022199998,-20.415292544382446],[-54.597976496999934,-20.41535067938246],[-54.598114994999946,-20.415352590382444],[-54.59825036399996,-20.41543575638246],[-54.59826694299994,-20.415456185382478],[-54.598293926999986,-20.415457994382443],[-54.59830791899998,-20.415456308382485],[-54.59831521799998,-20.415448940382472],[-54.59851917699996,-20.415457632382473],[-54.59863391499994,-20.415469058382484],[-54.59879023599996,-20.41549336538247],[-54.59890804799994,-20.415475303382433],[-54.598996985999975,-20.415466687382484],[-54.59907400999998,-20.41546224038246],[-54.59909143099998,-20.415469243382454],[-54.599219714999954,-20.415489190382452],[-54.59940099299996,-20.415491690382446],[-54.59951317499998,-20.415528409382482],[-54.599600546999966,-20.41557938838246],[-54.59962376599998,-20.415590508382465],[-54.599679478999974,-20.41560700738243],[-54.59969095099996,-20.415608384382427],[-54.59979452199997,-20.415609812382442],[-54.599943871999976,-20.415611870382442],[-54.59999971599996,-20.41563469238245],[-54.60000311999994,-20.41563321238247],[-54.600135774999956,-20.415611075382444],[-54.60031970899996,-20.415636763382444],[-54.600404619999956,-20.41563158538246],[-54.60053268899998,-20.41563335038244],[-54.60063405899996,-20.41565391738247],[-54.600730075999934,-20.415650174382428],[-54.600884458999985,-20.415645060382463],[-54.60106083399995,-20.415647490382455],[-54.601210941999966,-20.415737693382464],[-54.60128324599998,-20.41575110538245],[-54.60137076999995,-20.41572066038247],[-54.601549613999964,-20.41572312438244],[-54.60164383899996,-20.415702251382463],[-54.60181830899995,-20.415745932382478],[-54.60200224899995,-20.415777507382455],[-54.60206060999996,-20.41579564838246],[-54.60206615299995,-20.415797675382453],[-54.60207506399996,-20.415794447382428],[-54.602312697999935,-20.41575829438243],[-54.602476157999945,-20.415825815382437],[-54.60248004399995,-20.415830302382446],[-54.60258553199998,-20.415825569382477],[-54.602662856999984,-20.41583881538245],[-54.60270265299994,-20.415822413382436],[-54.602978372999985,-20.41579175938243],[-54.603052236999986,-20.415850344382456],[-54.603091218999964,-20.415844414382473],[-54.60325787599999,-20.415868191382444],[-54.60328163499997,-20.415865548382424],[-54.60343227599998,-20.415797176382434],[-54.60362619799998,-20.415839198382443],[-54.60366290999996,-20.41586665938244],[-54.60374735299996,-20.415850185382435],[-54.603846218999934,-20.41582831038242],[-54.603962757999966,-20.41576187238245],[-54.60414465399998,-20.415719512382445],[-54.604344099999935,-20.415662205382485],[-54.60453126999994,-20.415697425382454],[-54.60464275999993,-20.41579441738246],[-54.60478076599997,-20.415883204382432],[-54.604794900999934,-20.415890207382443],[-54.60487086599994,-20.415910279382423],[-54.60513039799998,-20.41594844438246],[-54.60530899599997,-20.415983003382426],[-54.60543626599996,-20.415999318382468],[-54.605541674999984,-20.416004000382458],[-54.605460662999974,-20.415557895382438],[-54.60535430199996,-20.415124479382484],[-54.605267753999954,-20.414511860382454],[-54.60495523499998,-20.413817002382498],[-54.604848878999974,-20.413442247382516],[-54.60461156399998,-20.41301112238249],[-54.60457778999995,-20.412941214382503],[-54.60454135599997,-20.412802370382508],[-54.60453257499995,-20.412666660382516],[-54.604544837999974,-20.412459748382513],[-54.604546081999956,-20.412339112382547],[-54.604541264999966,-20.41230566938255],[-54.60451305899994,-20.412208261382563],[-54.604418567999964,-20.41196061638257],[-54.60435487899996,-20.411737244382532],[-54.60434009199997,-20.41155766438258],[-54.60435591299995,-20.41126822838259],[-54.60435577599998,-20.411151438382593],[-54.60435147699997,-20.41111413838256],[-54.604328419999945,-20.411021378382596],[-54.60424064799997,-20.41078344338256],[-54.60418064899994,-20.410568050382548],[-54.60416527199994,-20.410406757382596],[-54.60416764399997,-20.410145789382575],[-54.60415945799997,-20.40997230538257],[-54.604140489999956,-20.409823894382573],[-54.60413074799993,-20.409788695382613],[-54.60412434099993,-20.409777509382618],[-54.60367796999998,-20.4094129313826],[-54.60368569499996,-20.408983794382593],[-54.60354819599996,-20.408528476382628],[-54.60339741299998,-20.40772533838266],[-54.603356684999945,-20.40758744738265],[-54.603341217999976,-20.40749329238265],[-54.60334166199994,-20.407358187382634],[-54.60337391699994,-20.40721990038267],[-54.60344357799994,-20.407030601382676],[-54.603458339999975,-20.40697050938266],[-54.60345907499993,-20.406960748382655],[-54.60345562899993,-20.40690116438269],[-54.603429177999935,-20.406729524382662],[-54.60341096099995,-20.406566756382677],[-54.603443409999954,-20.406128107382695],[-54.60343425699995,-20.40610494538271],[-54.603404809999965,-20.406061257382706],[-54.603274382999984,-20.405907258382683],[-54.60316828499998,-20.405748899382687],[-54.60311632099996,-20.405600530382703],[-54.60310686199994,-20.405534687382687],[-54.60266778899995,-20.405588633382724],[-54.60241152399993,-20.40348175638275],[-54.60190437199998,-20.40358487338274],[-54.595327015999935,-20.40516915938272],[-54.59445886699996,-20.4060078083827],[-54.59158565699993,-20.40421814838276],[-54.59138374699995,-20.40442967038273],[-54.58865135099996,-20.402583408382753],[-54.588255300999954,-20.4022676683828],[-54.58800496799995,-20.40201096038281],[-54.58793959899998,-20.401768688382784],[-54.58790339099994,-20.40168344838281],[-54.587883327999975,-20.401639608382816],[-54.58785084799996,-20.401575234382783],[-54.58782587099994,-20.40153140838282],[-54.58777537799995,-20.401449547382814],[-54.587699047999934,-20.40132993238279],[-54.58766109299995,-20.401272607382793],[-54.58763967599998,-20.40124256538281],[-54.58761649499996,-20.401213195382823],[-54.587602549999986,-20.401197199382807],[-54.58757530099996,-20.401169550382814],[-54.587558359999946,-20.40115465038282],[-54.58753460299994,-20.401136487382825],[-54.58733362999993,-20.400981708382815],[-54.58037533899994,-20.395847224382944],[-54.57941151499995,-20.397871813382864],[-54.57423728799994,-20.39217779138301],[-54.576479931999984,-20.390383624383105],[-54.581934961999934,-20.377528872383408]],[[-54.585860682999964,-20.384417012383235],[-54.58087620899994,-20.394901373382975],[-54.58677610799999,-20.39926357638285],[-54.58620576499993,-20.399681086382877],[-54.58848938099993,-20.401255367382827],[-54.590657919999956,-20.39927765238286],[-54.59150671899993,-20.399877189382824],[-54.59458981999995,-20.39738668138289],[-54.59466743499996,-20.397265266382927],[-54.59401970999994,-20.39642309038294],[-54.596047786999975,-20.393650043383015],[-54.59770947199996,-20.39434601438296],[-54.59818872599994,-20.393377256382998],[-54.599885508999925,-20.393633827383013],[-54.600328538999975,-20.39362213938298],[-54.60030765499994,-20.39352719638302],[-54.59943227799994,-20.392816057382994],[-54.585860682999964,-20.384417012383235]]]},"properties":{"OBJECTID":14,"NOME_UC":"Parque Estadual Matas do Segredo","Shape.STArea()":0.0004785508367154911,"Shape.STLength()":0.2792273769780294,"Field":null,"__atlas_capturado_em":"2026-08-10T23:53:12.285Z","__atlas_fonte_servico":"https://www.pinms.ms.gov.br/arcgis/rest/services/IMASUL/SiriemaGeo_Sisla/MapServer","__atlas_layer_id":4}},{"type":"Feature","id":15,"geometry":{"type":"Polygon","coordinates":[[[-56.23942423999995,-19.527015623404886],[-56.21615778599994,-19.433781454407303],[-56.212786679999965,-19.40297279940804],[-56.22291961399998,-19.37812442140867],[-56.26220843599998,-19.367766513409002],[-56.29145377899994,-19.36352012440911],[-56.31146815699998,-19.36616314340899],[-56.328665134999945,-19.360726029409168],[-56.35329449499994,-19.35978866840918],[-56.38013699099997,-19.346024197409537],[-56.40524861799997,-19.328747532409984],[-56.416098312999964,-19.321083751410157],[-56.45648363499999,-19.298881728410755],[-56.49685822999999,-19.27667045641133],[-56.513383848999986,-19.26773304741157],[-56.53883253699996,-19.25881681741178],[-56.57722460499997,-19.263529024411675],[-56.58208765899997,-19.265593282411583],[-56.614926468999954,-19.282680882411167],[-56.72002627899997,-19.354473765409324],[-56.77803408599993,-19.39340367440831],[-56.85299145299996,-19.416320311407752],[-56.92682736799998,-19.424676895407494],[-56.96283375399997,-19.428537374407426],[-57.050554303999945,-19.433410222407293],[-57.05272142899997,-19.437002503407204],[-57.04406187499995,-19.453686108406743],[-57.03171250499997,-19.63959369340199],[-56.99832777199998,-19.699103803400497],[-56.95708793699998,-19.77018439539867],[-56.93485122399994,-19.807738933397722],[-56.90053845999994,-19.82449196239732],[-56.84568809099994,-19.881977055395897],[-56.72845841599997,-19.911226763395103],[-56.681183577999946,-19.90289003639534],[-56.60436912799997,-19.864196452396328],[-56.54140554899994,-19.80160820839788],[-56.46522234099996,-19.78680479539828],[-56.42854431899997,-19.77919891339846],[-56.385542691999945,-19.76906651339874],[-56.35971359399997,-19.75748766239902],[-56.330723557999924,-19.745144143399315],[-56.289934947999946,-19.689352780400757],[-56.27351086099998,-19.642300002401942],[-56.26638161299996,-19.62100820040248],[-56.25857907999995,-19.59177576340327],[-56.25548889899994,-19.579599320403524],[-56.251882113999955,-19.566717169403862],[-56.25071263399997,-19.565495839403937],[-56.24970971699997,-19.563095655403984],[-56.24916220199998,-19.557399218404097],[-56.249272460999975,-19.557192613404144],[-56.24933249899994,-19.55602814440417],[-56.24889887599994,-19.555249868404193],[-56.24840593899995,-19.554633423404194],[-56.24761997099995,-19.553232496404224],[-56.24385948599996,-19.544611526404466],[-56.24310865199993,-19.541554240404537],[-56.24058758799998,-19.53391850540472],[-56.24094059199996,-19.53268644640474],[-56.241508211999985,-19.531969259404793],[-56.241315386999986,-19.53143391940475],[-56.24151202799993,-19.530725022404788],[-56.23942423999995,-19.527015623404886]],[[-56.54962015399997,-19.365657645409005],[-56.550179136999986,-19.366822103408982],[-56.54968276599993,-19.36733752740899],[-56.54977167899995,-19.36973872540895],[-56.55044636699995,-19.387635196408464],[-56.55182863599998,-19.423669403407537],[-56.55234857399995,-19.43693444740717],[-56.55255504499997,-19.442309193407066],[-56.55267558199995,-19.44525474940698],[-56.55184082099998,-19.44596390340696],[-56.55145467599993,-19.44687641140693],[-56.55165361799993,-19.448358885406886],[-56.55096971099994,-19.45001359040687],[-56.55195169399997,-19.45242556040677],[-56.552996417999964,-19.455036675406735],[-56.55245668399993,-19.455877775406723],[-56.551436430999956,-19.457465860406668],[-56.55326356799998,-19.46025277840662],[-56.553308339999944,-19.46095136040659],[-56.553629984999986,-19.465721978406474],[-56.55402421299993,-19.471516395406326],[-56.55428694399995,-19.475438920406244],[-56.55444690799994,-19.477850296406167],[-56.55356331499996,-19.47896861840611],[-56.55281472899998,-19.478872515406145],[-56.55075586099997,-19.47947163640611],[-56.55026081799997,-19.480070554406083],[-56.55090026899995,-19.481216676406085],[-56.551666103999935,-19.483808846406014],[-56.554948330999935,-19.485233309405956],[-56.55501948299996,-19.486290269405906],[-56.55527779499994,-19.48703058240594],[-56.55514219399999,-19.48807808840588],[-56.55572746099995,-19.488885263405887],[-56.55637940599996,-19.490194153405817],[-56.55566499199995,-19.491209966405833],[-56.55540552699995,-19.491587527405816],[-56.55548928999997,-19.492879027405763],[-56.55552531099994,-19.493437512405745],[-56.55597306899995,-19.494461687405717],[-56.55566856499996,-19.495557759405678],[-56.55578416399993,-19.49744135040565],[-56.556910011999946,-19.499886354405575],[-56.55618003799999,-19.500652528405592],[-56.55476693199995,-19.50351667140548],[-56.556520803999945,-19.50531111240545],[-56.55658690599995,-19.510115600405307],[-56.555931502999954,-19.51301205840525],[-56.55593249999998,-19.514317779405207],[-56.55596110999994,-19.51479943940518],[-56.55611582999996,-19.51532306040518],[-56.55764777999997,-19.515805000405166],[-56.558984169999974,-19.522973609405],[-56.56366528099994,-19.54838305940433],[-56.56454555999994,-19.55311832940424],[-56.57833517199998,-19.63449789940213],[-56.58038777999997,-19.634438609402157],[-56.58097249999997,-19.634188609402173],[-56.58222555999998,-19.63413110940213],[-56.58319110999997,-19.63444499940217],[-56.58399277999996,-19.63426916940219],[-56.58466138999995,-19.63447166940218],[-56.58484943999997,-19.635658889402116],[-56.58532471999996,-19.636595279402073],[-56.58586555999995,-19.636938610402076],[-56.58651388999993,-19.63670860940211],[-56.586796110999956,-19.635903610402114],[-56.587328609999986,-19.63532166940212],[-56.58829555999995,-19.635072499402156],[-56.58995110999996,-19.635468329402148],[-56.59068193999997,-19.63625443940211],[-56.589884439999935,-19.637342779402044],[-56.590424439999936,-19.637957500402063],[-56.59057249999995,-19.638269719402075],[-56.589772219999986,-19.639761110401977],[-56.59054471999997,-19.640879169401984],[-56.591774169999944,-19.641746940401962],[-56.59430555899996,-19.642701389401942],[-56.59638555999999,-19.64329944040191],[-56.59712693999995,-19.644168059401913],[-56.59738778099996,-19.64605360940186],[-56.59836277999994,-19.646870279401853],[-56.58777193999998,-19.687678059400778],[-56.59233361099996,-19.71325944040012],[-56.59300555999994,-19.71336111040012],[-56.59433693899996,-19.713268890400112],[-56.595839170999966,-19.713538609400114],[-56.596544440999935,-19.713445830400136],[-56.597483918999956,-19.713037292400152],[-56.59894167099997,-19.713563889400117],[-56.59933388999997,-19.713459719400127],[-56.59934443999998,-19.7119216694002],[-56.59941777999996,-19.711458609400207],[-56.59975693899998,-19.711032779400224],[-56.60041277999994,-19.710880000400216],[-56.600895829999956,-19.71105138940021],[-56.602444169999956,-19.712806939400153],[-56.603435279999985,-19.714440279400122],[-56.603982499999965,-19.714708890400086],[-56.60524388899995,-19.714553329400097],[-56.60628638999998,-19.714640829400096],[-56.608027779999986,-19.71545805940007],[-56.60970999999995,-19.7160777794001],[-56.61102527999998,-19.717564719400002],[-56.61161027999998,-19.71790555940004],[-56.61300749999999,-19.717486389400058],[-56.613864718999935,-19.716514170400075],[-56.61416971999995,-19.71632417040005],[-56.61481756099994,-19.716257676400044],[-56.61826443999997,-19.72100778039996],[-56.61855750099994,-19.72114860939994],[-56.61924444099998,-19.72082999939997],[-56.619907499999954,-19.72080750039996],[-56.62028443999998,-19.72098305939998],[-56.62040479299998,-19.722058767399925],[-56.620097286999965,-19.722832802399907],[-56.61889721999996,-19.723957500399884],[-56.618774719999976,-19.72419221939988],[-56.618739999999946,-19.724385830399854],[-56.61874028099999,-19.724529999399856],[-56.618887219999976,-19.72466471939986],[-56.619612219999965,-19.724909719399864],[-56.62048139099994,-19.725402500399852],[-56.620844999999974,-19.72581000039983],[-56.621446109999965,-19.726915830399783],[-56.62185860999995,-19.72732527939978],[-56.62229360999999,-19.72746832939979],[-56.62599277999993,-19.72726305939977],[-56.62652556099994,-19.7270366693998],[-56.62662693999994,-19.726876390399802],[-56.626916939999944,-19.725942220399837],[-56.627216939999975,-19.725426110399813],[-56.627706939999946,-19.725022500399845],[-56.628218609999976,-19.72479693939987],[-56.62894527999998,-19.72464750039984],[-56.630256670999984,-19.724623890399858],[-56.63090749999998,-19.72473111039988],[-56.63173206099998,-19.72509344439986],[-56.63266055999998,-19.726306669399793],[-56.633066938999946,-19.72643860939981],[-56.63318388999994,-19.72624193939982],[-56.633275279999964,-19.72549028039984],[-56.633704719999976,-19.724956940399856],[-56.634184439999956,-19.72486832939983],[-56.63552138999996,-19.72583277939983],[-56.636037499999986,-19.726482219399838],[-56.63623971999993,-19.727024719399818],[-56.63628832999996,-19.727566109399767],[-56.63594916999995,-19.72854527939973],[-56.63599166999995,-19.72860388939972],[-56.63612527999999,-19.72862638939973],[-56.636379169999934,-19.728412219399736],[-56.636599719999936,-19.72805888939975],[-56.63697138899994,-19.727258609399804],[-56.637246940999944,-19.726144719399834],[-56.63757440699993,-19.725866830399823],[-56.63841971999995,-19.726194439399833],[-56.63930860999995,-19.726997779399824],[-56.63957166999996,-19.727519720399798],[-56.639775558999986,-19.72847777939974],[-56.639741028999936,-19.729918360399687],[-56.639246786999934,-19.730583956399713],[-56.63844582999997,-19.730726389399724],[-56.636291669999935,-19.730852500399706],[-56.63597083099995,-19.731025559399708],[-56.63579249999999,-19.7313130603997],[-56.63581138999996,-19.731612780399686],[-56.63597667099997,-19.73200111039964],[-56.63630443999995,-19.732309719399638],[-56.63663749999995,-19.73242667039963],[-56.636940279999976,-19.73243278039964],[-56.63786955299997,-19.732169991399676],[-56.638601939999944,-19.73233972039966],[-56.63920917099995,-19.732891109399656],[-56.64013943999998,-19.73408611039962],[-56.64041305999996,-19.734237779399603],[-56.64137693999999,-19.73292611039961],[-56.64177028099993,-19.73232777939964],[-56.64259138999995,-19.732746670399667],[-56.64241000099997,-19.73398667039963],[-56.64122749999996,-19.7352022193996],[-56.641202779999965,-19.735630829399557],[-56.64181277999995,-19.736179999399535],[-56.64229999999998,-19.73615277939955],[-56.64270638899995,-19.73589166939956],[-56.64298416999998,-19.73550221939956],[-56.643378060999964,-19.7343074993996],[-56.64355777999998,-19.733984170399633],[-56.64397845999997,-19.733658707399613],[-56.64469254699998,-19.733621650399645],[-56.64654943999995,-19.734726109399578],[-56.647251669999946,-19.734945830399585],[-56.64801527999998,-19.734987500399605],[-56.64880943999998,-19.734721110399587],[-56.64958777999993,-19.734642499399598],[-56.65045249899998,-19.734881390399572],[-56.652043609999964,-19.735872500399584],[-56.652534714999945,-19.73625162939957],[-56.65285472099998,-19.736772779399566],[-56.65308041099996,-19.737500093399497],[-56.652926940999976,-19.73870500039952],[-56.65299610999995,-19.739002780399492],[-56.65325832999997,-19.73953556039949],[-56.653764999999964,-19.739933609399483],[-56.654255829999954,-19.740121669399457],[-56.65464860999998,-19.740137779399447],[-56.65525360999993,-19.740038059399467],[-56.656495280999934,-19.739563609399465],[-56.65737138999998,-19.738978609399485],[-56.65847943999995,-19.738299719399482],[-56.65909110999996,-19.7380427793995],[-56.66097443999996,-19.73754888939955],[-56.661877294999954,-19.737511248399553],[-56.662430505999964,-19.737998705399477],[-56.66251415499994,-19.73927083739951],[-56.662580409999975,-19.74015488939943],[-56.66350347099996,-19.74070051239947],[-56.66465835099995,-19.741099382399437],[-56.66520809399997,-19.742119496399432],[-56.66532074199995,-19.743502169399363],[-56.664949760999946,-19.744361849399372],[-56.665217118999976,-19.744709033399378],[-56.66648710399994,-19.74491459439934],[-56.667918261999944,-19.74516235839933],[-56.66853994699994,-19.744649714399387],[-56.66854523599994,-19.743130939399393],[-56.668870091999956,-19.742223590399416],[-56.67063123899993,-19.7420403413994],[-56.67197469899997,-19.741237884399446],[-56.67313111999994,-19.740994389399457],[-56.67435397699995,-19.740739592399436],[-56.675539742999945,-19.740076364399446],[-56.67660475099996,-19.739156405399477],[-56.67700393299999,-19.73842081839949],[-56.67739982799998,-19.737240119399544],[-56.67825224999996,-19.736890736399538],[-56.679175247999986,-19.737178501399526],[-56.68003312799994,-19.73816021139952],[-56.68090522499995,-19.73882382139951],[-56.682089306999956,-19.73881723539947],[-56.68339744299993,-19.738319370399477],[-56.684652804999985,-19.738432448399504],[-56.686188716999936,-19.73928739939949],[-56.686921032999976,-19.74020350639943],[-56.687427086999946,-19.740369378399453],[-56.688905648999935,-19.739965618399488],[-56.689729528999976,-19.740742346399482],[-56.69044603999998,-19.74160331439943],[-56.69191292399995,-19.741972041399382],[-56.69317287499996,-19.742251162399388],[-56.694186988999945,-19.74129765739943],[-56.69508388099996,-19.74018989339947],[-56.69616295599997,-19.74002636739948],[-56.69727855399997,-19.740684011399463],[-56.69788352299997,-19.74067309339943],[-56.698389855999956,-19.739896994399494],[-56.698904708999976,-19.738456354399535],[-56.69968850399994,-19.73835746639951],[-56.70042269399994,-19.738762817399486],[-56.701523441999946,-19.7389923513995],[-56.70228499999996,-19.738943060399464],[-56.70299193999995,-19.739148330399505],[-56.70388055899997,-19.74058028039945],[-56.702917499999955,-19.74368666939935],[-56.70286471999999,-19.745450560399306],[-56.70020389099994,-19.750535560399182],[-56.70039221999997,-19.751447500399184],[-56.70104693999997,-19.753259719399125],[-56.70210193999998,-19.753288889399133],[-56.70267888999996,-19.75302471939911],[-56.705268609999955,-19.750479439399186],[-56.70841416999997,-19.74941861039921],[-56.70949749999994,-19.748442780399238],[-56.71014332999994,-19.74866667039926],[-56.71010611099995,-19.74927306039922],[-56.708960279999985,-19.750098059399225],[-56.70917194099997,-19.750295829399228],[-56.710192499999955,-19.750662499399223],[-56.71073888999996,-19.751524440399173],[-56.71099749999997,-19.751704439399177],[-56.711902219999956,-19.75162861039916],[-56.712338890999945,-19.752055829399175],[-56.712386389999956,-19.75260500039914],[-56.71201832899993,-19.75370055939913],[-56.712089169999956,-19.75403582939911],[-56.71425027899994,-19.754617779399073],[-56.71445055999993,-19.754894170399055],[-56.71435582999993,-19.755441389399042],[-56.71391693999993,-19.75631638939903],[-56.71376750099995,-19.757368059399045],[-56.71327832999998,-19.75809417039903],[-56.711567499999944,-19.759362500398957],[-56.71154250099994,-19.759658329398984],[-56.712040828999925,-19.760202219398938],[-56.71133832999993,-19.762592779398915],[-56.71014832999998,-19.763376110398884],[-56.71007055999996,-19.76376611039884],[-56.71018388899995,-19.764510559398854],[-56.709298329999974,-19.766186670398795],[-56.709323059999974,-19.766404169398772],[-56.71025082999996,-19.76783750039877],[-56.70882666999996,-19.768463890398735],[-56.70842444099997,-19.768912220398718],[-56.70819193999995,-19.76962666939874],[-56.707499169999956,-19.770441110398703],[-56.70642833099998,-19.770982780398644],[-56.70636860999997,-19.771118610398684],[-56.707836389999954,-19.772540829398654],[-56.710279999999955,-19.77342611039859],[-56.71062999999998,-19.77383305939861],[-56.71085305999998,-19.77498749939857],[-56.71117555999996,-19.775160279398577],[-56.71179555999999,-19.774475829398604],[-56.71239166999993,-19.77430916939862],[-56.71527443999997,-19.77815471939851],[-56.71549999999996,-19.779075279398484],[-56.71534860999998,-19.77992361039846],[-56.71548832999997,-19.78015943939847],[-56.71648301399995,-19.77984827539844],[-56.71706193999995,-19.78074277939844],[-56.71773860899998,-19.780801940398405],[-56.718552499999994,-19.78007943939844],[-56.719348889999935,-19.780057780398483],[-56.71998943999996,-19.78046693939843],[-56.72044860999995,-19.779997499398466],[-56.721248059999944,-19.780157499398452],[-56.72151874899998,-19.78043166139844],[-56.72167693999995,-19.780222499398462],[-56.72215428299995,-19.78030520239844],[-56.72272984799997,-19.780609799398462],[-56.723079387999974,-19.780547813398414],[-56.72408999999993,-19.780495780398443],[-56.72464747899995,-19.780335856398434],[-56.72491168399995,-19.78047024939844],[-56.72523226199996,-19.780774445398432],[-56.725325493999954,-19.78148025339843],[-56.72538113399998,-19.78207881339837],[-56.72553130899996,-19.782623923398372],[-56.72590797299995,-19.783639054398385],[-56.72641698899997,-19.78421151039835],[-56.72671844599995,-19.784658594398323],[-56.726878131999975,-19.785167988398303],[-56.72671722699993,-19.78537318939833],[-56.726574722999935,-19.785864255398327],[-56.726782225999955,-19.786025357398305],[-56.72737735399994,-19.786440855398283],[-56.72790413599996,-19.787683268398254],[-56.728081958999944,-19.788639311398207],[-56.72796662099995,-19.789818219398214],[-56.727908208999956,-19.79084536339817],[-56.72805110999997,-19.791086939398166],[-56.72810221999998,-19.79115332939814],[-56.72964749999994,-19.791276669398147],[-56.73068332899999,-19.79167249939814],[-56.73118082999997,-19.792200830398134],[-56.731371939999974,-19.792793610398146],[-56.731907498999924,-19.79336082939808],[-56.73239027999994,-19.793503059398127],[-56.73399166999996,-19.79242082939815],[-56.73491193999996,-19.79090638939819],[-56.735891109999955,-19.790424169398165],[-56.736789999999985,-19.78934527939822],[-56.73785805999995,-19.78705694039826],[-56.73909555999995,-19.785181389398293],[-56.73936499999997,-19.784487499398338],[-56.739097499999964,-19.78355638939835],[-56.737933889999965,-19.782240829398418],[-56.737782219999986,-19.7815624993984],[-56.73806749999995,-19.779435559398483],[-56.737611389999984,-19.77822221939851],[-56.73774971999996,-19.776081939398512],[-56.738078890999994,-19.77529388939856],[-56.73851777999994,-19.77504416939856],[-56.74005582999996,-19.77585638939854],[-56.74078221999997,-19.77589916939853],[-56.742086109999946,-19.775073610398607],[-56.74259305999993,-19.77489278039858],[-56.744149439999944,-19.774748889398595],[-56.74519582999994,-19.774537779398575],[-56.74563055999994,-19.774948890398573],[-56.746121389999985,-19.775867220398545],[-56.74744832999994,-19.774781390398598],[-56.74899225499996,-19.774029768398634],[-56.74899914799994,-19.773929763398595],[-56.749008817999936,-19.774021609398616],[-56.74941815899996,-19.773860544398588],[-56.75019323999999,-19.7736840103986],[-56.751917971999944,-19.773987895398587],[-56.752553758999966,-19.773947292398578],[-56.75326814899995,-19.773659464398623],[-56.75418890599997,-19.772923832398607],[-56.75465626099998,-19.772866086398633],[-56.75492449099993,-19.772928590398656],[-56.75510134899997,-19.773062836398612],[-56.75558910399997,-19.773751042398594],[-56.75743066299998,-19.77493872839855],[-56.75772022799998,-19.77535073939857],[-56.75793960599999,-19.77695236639855],[-56.757983097999954,-19.779086458398446],[-56.758111352999954,-19.779519528398474],[-56.758741473999976,-19.77936151639844],[-56.75933104799998,-19.779684946398465],[-56.75993061099996,-19.779958029398436],[-56.760366476999934,-19.779936889398424],[-56.76078162699997,-19.779346413398493],[-56.76118786599994,-19.779110565398444],[-56.761703100999966,-19.77944432139846],[-56.761972947999936,-19.78007033039843],[-56.76219769099998,-19.78038076439844],[-56.76258437499996,-19.78068405239844],[-56.763620162999985,-19.781069676398413],[-56.76399144099997,-19.78154619539842],[-56.76426037899995,-19.781727774398433],[-56.764671705999945,-19.781838108398432],[-56.76490437099994,-19.78174707539838],[-56.76588044299996,-19.77952844839844],[-56.766219572999944,-19.77952835539846],[-56.76644492799994,-19.779640999398474],[-56.766756243999964,-19.780500607398444],[-56.76764696799995,-19.781445615398386],[-56.76770402599993,-19.782004983398405],[-56.76756324899998,-19.78219021439839],[-56.76695628099998,-19.782610134398404],[-56.76678396199998,-19.78292123739839],[-56.76749687199998,-19.784719979398346],[-56.76749673299997,-19.78551412239828],[-56.76761631099998,-19.78576390239832],[-56.76780176999995,-19.78585450539831],[-56.76861452099996,-19.7858378383983],[-56.772452700999956,-19.787129312398292],[-56.77281548699995,-19.787441253398224],[-56.77296562099997,-19.78775859239828],[-56.77284962999994,-19.788239841398223],[-56.77288866399994,-19.788603241398235],[-56.77322435999997,-19.78865806239823],[-56.77434296699994,-19.78804770939823],[-56.77485917099995,-19.78804125239824],[-56.77599066599999,-19.78836176039826],[-56.77647761899994,-19.788152030398265],[-56.77745357199995,-19.787059719398254],[-56.777968397999985,-19.78702839139827],[-56.77834787499995,-19.787311785398277],[-56.778455195999975,-19.787519446398264],[-56.77904810899997,-19.790299851398203],[-56.77904065599995,-19.790818644398165],[-56.778905073999965,-19.79195146039813],[-56.77924330499996,-19.79227474339813],[-56.77952914299993,-19.79277282139813],[-56.77956361599997,-19.79323828939814],[-56.77949478199997,-19.793409393398132],[-56.77913859499996,-19.793847465398077],[-56.778767707999975,-19.793928787398105],[-56.777765617999925,-19.793653120398123],[-56.77741753399994,-19.79363703739807],[-56.77738343999994,-19.793794795398068],[-56.77793109899994,-19.79491893839807],[-56.77831337599998,-19.79547141639803],[-56.77878376399997,-19.79575598839802],[-56.77987642599999,-19.79598691539804],[-56.780380814999944,-19.79626319039807],[-56.78072082799998,-19.796624343398015],[-56.78119801099996,-19.797381972398018],[-56.78144142899998,-19.797671222398005],[-56.78172183799995,-19.79785854039802],[-56.782093259999954,-19.79787654639796],[-56.783249072999986,-19.797248251398024],[-56.783880626999974,-19.79658831539801],[-56.784211226999965,-19.79591177539806],[-56.78479443499998,-19.79577139939808],[-56.785214234999955,-19.796304600398052],[-56.78531122399994,-19.796719397398],[-56.785755006999985,-19.797556712397995],[-56.78629814799996,-19.797829280397995],[-56.78653468799995,-19.797777670398],[-56.78673218099993,-19.797389515398002],[-56.78662157599996,-19.79651194539803],[-56.786657230999936,-19.79456421939804],[-56.78705162499995,-19.79325650739812],[-56.78732205699999,-19.792814052398136],[-56.787717166999975,-19.79227668139815],[-56.78853453499994,-19.79157102339814],[-56.78905333299996,-19.79126601339819],[-56.78934030199997,-19.79116988639817],[-56.79031571899998,-19.79095982139814],[-56.79096455199994,-19.79093857039819],[-56.79137737199994,-19.791007220398196],[-56.79264524399998,-19.791452500398186],[-56.79329771699997,-19.79142774239813],[-56.793675502999974,-19.79131352639815],[-56.79414851599995,-19.790821897398153],[-56.79446158899997,-19.79004194039822],[-56.79462433499998,-19.789201108398238],[-56.79556581299994,-19.787698230398277],[-56.795697084999965,-19.78731529339825],[-56.79566170499998,-19.787029699398264],[-56.79555724399995,-19.786921416398297],[-56.79539129899996,-19.787003613398277],[-56.793872413999964,-19.78826792039823],[-56.79345748099996,-19.788177569398236],[-56.79331556599994,-19.787977761398256],[-56.79327531399998,-19.78720631139828],[-56.793744221999994,-19.786524416398276],[-56.79422203299999,-19.786201232398255],[-56.79624518099996,-19.785430350398297],[-56.79708655099996,-19.78534779439831],[-56.797676154999984,-19.78540739339831],[-56.79830761499994,-19.785742655398312],[-56.798511344999945,-19.78598256939827],[-56.79977684399995,-19.78827598239823],[-56.799583051999946,-19.789665324398175],[-56.799675192999985,-19.78985327839819],[-56.80094115999998,-19.790708469398187],[-56.80214220499994,-19.791786828398127],[-56.80261068999994,-19.79192662139814],[-56.803094477999934,-19.791578569398148],[-56.804732317999935,-19.790543117398187],[-56.80495733999999,-19.790501257398173],[-56.80544384399996,-19.790583495398185],[-56.805646336999985,-19.790746489398174],[-56.80584197099995,-19.791661511398154],[-56.805931940999976,-19.791818196398122],[-56.80642080299998,-19.792064860398156],[-56.80870376299998,-19.790492719398205],[-56.80950999399994,-19.790025869398203],[-56.809681560999934,-19.789575638398215],[-56.80944858699996,-19.788475154398245],[-56.809719378999944,-19.78740114639827],[-56.80990203599998,-19.787004220398273],[-56.81000016399997,-19.786974003398267],[-56.81006113299998,-19.786788217398296],[-56.81004799899995,-19.78677410739829],[-56.81007278499993,-19.78650904639831],[-56.80965488099997,-19.785696145398312],[-56.80851847699995,-19.78412906939834],[-56.80852745899995,-19.783587569398353],[-56.80861666199997,-19.783093764398345],[-56.80891687799994,-19.78258422939836],[-56.809442359999935,-19.78199922139841],[-56.81025231999996,-19.781344985398427],[-56.81140149199996,-19.780758505398392],[-56.81196587199997,-19.78058815939846],[-56.812589971999955,-19.780420434398412],[-56.813025815999936,-19.780322915398422],[-56.81358550699998,-19.780275879398452],[-56.81459533299994,-19.78046006739845],[-56.81537367799996,-19.78073138139842],[-56.81604673199996,-19.781131324398398],[-56.816507523999974,-19.781223019398432],[-56.81703400099997,-19.781233707398414],[-56.81755038899996,-19.78101356939844],[-56.81778083399996,-19.780745348398444],[-56.81788820099996,-19.78013112639844],[-56.819529114999966,-19.778619037398464],[-56.82026462999994,-19.77812115739851],[-56.82084763799998,-19.777823787398518],[-56.82465665899997,-19.77652819539854],[-56.82622370699994,-19.775441388398587],[-56.82667381799996,-19.77480047039856],[-56.82681568899994,-19.77430645839858],[-56.82720744899995,-19.771441409398683],[-56.82763764599997,-19.769881874398706],[-56.82717830299998,-19.765955083398772],[-56.827054792999945,-19.764028357398864],[-56.827566574999935,-19.758492550399],[-56.828015766999954,-19.75754874239903],[-56.82851124899997,-19.75702030739902],[-56.82966755999996,-19.756236834399076],[-56.83118083799997,-19.75542612339905],[-56.83316293099995,-19.754607208399108],[-56.83437794699994,-19.754327665399074],[-56.83587755999997,-19.754126250399096],[-56.83709861099993,-19.7538120033991],[-56.83804582199997,-19.753225534399125],[-56.83869620099994,-19.75222309539917],[-56.83981717299998,-19.749363442399215],[-56.840382781999956,-19.748538222399265],[-56.84164936199994,-19.74791963139924],[-56.84275136799994,-19.748153039399277],[-56.84329322999998,-19.74858821139926],[-56.843609029999975,-19.749166832399226],[-56.84368993299995,-19.749813626399245],[-56.84318570099998,-19.75114852939919],[-56.842419262999954,-19.752006440399132],[-56.841255983999986,-19.752971439399126],[-56.84096615399994,-19.753416901399138],[-56.84108973999997,-19.753848547399116],[-56.84217085599994,-19.754327373399097],[-56.84274916099997,-19.75447216739909],[-56.84441524699997,-19.753976059399122],[-56.845295444999984,-19.753378763399105],[-56.84580320799994,-19.75232462439917],[-56.84590324299995,-19.751136498399152],[-56.84564159399997,-19.750322890399183],[-56.84359962899998,-19.747726147399288],[-56.84346144899996,-19.74738258339929],[-56.843410440999946,-19.746495222399293],[-56.843627390999984,-19.74546085439934],[-56.843994536999965,-19.744447584399317],[-56.845858075999956,-19.74157779839944],[-56.846679939999945,-19.73984766339948],[-56.847021162999965,-19.73887411239949],[-56.84791307599994,-19.734262540399616],[-56.848836947999985,-19.733013386399655],[-56.850079249999965,-19.732050815399685],[-56.852148924999945,-19.73169201439968],[-56.854311311999936,-19.732380068399628],[-56.85533568599993,-19.733188945399604],[-56.85626927699997,-19.73442704739959],[-56.85693313199994,-19.73578623339955],[-56.857104607999986,-19.73641727939955],[-56.85732975899998,-19.73685888339955],[-56.85759275999994,-19.73704769839954],[-56.858000334999986,-19.73714442739954],[-56.858212556999945,-19.73675745539956],[-56.85787715399994,-19.73518414939958],[-56.85576069699994,-19.732752712399655],[-56.85443281199997,-19.731659517399677],[-56.85224111499997,-19.73070858639974],[-56.84872687099994,-19.730393926399728],[-56.84811788899998,-19.730221662399714],[-56.847596596999956,-19.729899176399698],[-56.84680877899996,-19.72884790939975],[-56.84667816699993,-19.727569995399765],[-56.84671067599999,-19.727048333399797],[-56.846860895999946,-19.726645207399827],[-56.84731554399997,-19.725884176399827],[-56.84854330099995,-19.724433934399883],[-56.84901629199993,-19.72402293939986],[-56.84938411999997,-19.723808947399863],[-56.849548133999974,-19.723666724399845],[-56.849589035999934,-19.723605029399856],[-56.84894845699995,-19.723617276399892],[-56.848358675999975,-19.72356253739988],[-56.845931788999955,-19.722634271399887],[-56.84538984199998,-19.72276567139993],[-56.844533128999956,-19.723449780399882],[-56.84316738399997,-19.724921970399855],[-56.84289903299998,-19.726282948399795],[-56.84294989399995,-19.726548145399825],[-56.843083252999975,-19.726729589399778],[-56.843369274999986,-19.727041885399775],[-56.84424069999994,-19.727652240399763],[-56.84448176799998,-19.727908970399803],[-56.84457868399994,-19.728258045399755],[-56.84429394099993,-19.729051721399735],[-56.843838268999946,-19.72956299839971],[-56.84270258399994,-19.73029118639974],[-56.84226259099995,-19.730451460399728],[-56.84168300599999,-19.730493299399722],[-56.84116739199994,-19.73035490939971],[-56.840746137999986,-19.729638550399706],[-56.840693655999985,-19.72894226739976],[-56.84040454099994,-19.72863288339978],[-56.84001887499994,-19.728465957399756],[-56.839346584999994,-19.728537663399734],[-56.83838827299996,-19.728697663399778],[-56.83697613399994,-19.728329341399746],[-56.83661841699995,-19.728158077399787],[-56.83644452499993,-19.72795764339977],[-56.83637191899999,-19.72773848839976],[-56.836377854999974,-19.727340154399805],[-56.83651152999994,-19.72716619839979],[-56.837690107999954,-19.726293420399834],[-56.837773648999985,-19.72607746939982],[-56.83772132699994,-19.725887728399826],[-56.83754225499996,-19.725614194399814],[-56.837236595999975,-19.72549772139982],[-56.83685045899995,-19.725863776399844],[-56.83620464599994,-19.726464132399833],[-56.83563220699995,-19.726582786399774],[-56.834964499999955,-19.726567304399797],[-56.83447527799996,-19.72663744539978],[-56.83429446599996,-19.727028468399787],[-56.83437553199996,-19.727601347399776],[-56.834249059999934,-19.727746057399806],[-56.83402853499996,-19.727882386399784],[-56.83386981599995,-19.72792089339978],[-56.833375160999935,-19.728015070399763],[-56.83314547899994,-19.72796304239975],[-56.83266881499998,-19.727628212399768],[-56.83254469599996,-19.727073806399797],[-56.83211614099997,-19.72680754539983],[-56.83149272399999,-19.726670008399818],[-56.82982519199998,-19.72573459339983],[-56.82958433999994,-19.725790844399828],[-56.82880047699996,-19.72634625539981],[-56.82848192399996,-19.727100358399802],[-56.82793048199994,-19.72728719239977],[-56.82752780699997,-19.726735196399826],[-56.82703296999995,-19.726219827399824],[-56.82673786399994,-19.725796515399818],[-56.826801434999936,-19.725476070399825],[-56.82664936899994,-19.72519828339981],[-56.826313923999976,-19.72507249539983],[-56.825593055999946,-19.7239637183999],[-56.825558202999964,-19.72382569039987],[-56.82559341599995,-19.723600336399866],[-56.82618855399994,-19.72350945539986],[-56.82705970499995,-19.723770987399885],[-56.82717553699996,-19.723733707399862],[-56.82731856299995,-19.723488269399883],[-56.82571232599997,-19.721900574399914],[-56.82541301199996,-19.721873478399917],[-56.82520705099995,-19.721974943399914],[-56.82459065299997,-19.722901521399912],[-56.82400226599998,-19.722335806399936],[-56.83305534099998,-19.696809895400534],[-56.83778254699996,-19.683538753400935],[-56.85042298199994,-19.648290695401794],[-56.87334416199996,-19.621123947402477],[-56.87374473399995,-19.620920916402515],[-56.874174065999966,-19.620698644402495],[-56.874229878999984,-19.620216910402505],[-56.873761298999966,-19.618074103402574],[-56.87340543099998,-19.61800314640259],[-56.873315264999974,-19.618000652402586],[-56.872964836999984,-19.618226429402547],[-56.87268859699998,-19.61834847440255],[-56.87254642999994,-19.61846744140254],[-56.87218098299996,-19.619063404402553],[-56.87194955899997,-19.619223745402515],[-56.87168174499993,-19.619126470402545],[-56.87141931699995,-19.618690001402538],[-56.871265335999965,-19.61864750840257],[-56.87115650499993,-19.61870166740256],[-56.87112743199997,-19.61896282340253],[-56.87099839999996,-19.619238020402527],[-56.870885990999966,-19.619324096402533],[-56.87060526099998,-19.619397926402534],[-56.87040926699996,-19.619325333402525],[-56.869032785999934,-19.618432343402525],[-56.86837412099993,-19.618139230402534],[-56.868009015999974,-19.618062612402568],[-56.867828422999935,-19.61820201840258],[-56.86766086399996,-19.618417267402577],[-56.86758521699994,-19.618721524402556],[-56.86758469199998,-19.61906063040257],[-56.86758297599994,-19.62033247540248],[-56.86741195899998,-19.62051504240251],[-56.86721275699995,-19.620582246402506],[-56.86671960199994,-19.620572040402493],[-56.866299614999946,-19.620418114402508],[-56.86579462499998,-19.6201846284025],[-56.86500422799997,-19.619568966402543],[-56.86488352899993,-19.619389633402537],[-56.86482008599995,-19.619177988402562],[-56.864756616999955,-19.618222540402577],[-56.86471399499994,-19.618133363402563],[-56.86443174899995,-19.618033155402586],[-56.863633188999984,-19.617956163402578],[-56.86313727999993,-19.617742113402567],[-56.86173788299994,-19.617280293402594],[-56.861293778999936,-19.617419225402617],[-56.86116558899994,-19.617556158402568],[-56.86096612299997,-19.617917360402586],[-56.86069375499994,-19.61827396740259],[-56.86045976999998,-19.618614550402555],[-56.860279816999935,-19.618703563402523],[-56.86003224399996,-19.61868154240258],[-56.85981218999996,-19.618555746402553],[-56.85971266799998,-19.61839111640255],[-56.85967034699996,-19.6177331344026],[-56.859610832999984,-19.6175026684026],[-56.85946192599994,-19.617242261402573],[-56.85931335299995,-19.617194796402607],[-56.85785599399998,-19.617365251402596],[-56.857658464999986,-19.617349128402576],[-56.85743846099996,-19.617275909402565],[-56.85725806999994,-19.6171522694026],[-56.857226268999966,-19.617088149402615],[-56.857276274999954,-19.61689577140261],[-56.85750204399994,-19.616744504402575],[-56.857623511999975,-19.616512794402603],[-56.85754819999994,-19.615976826402598],[-56.857515013999944,-19.615108877402626],[-56.85757280699994,-19.614913509402655],[-56.85776098699995,-19.614545827402672],[-56.85838899299994,-19.613735418402687],[-56.85842804299995,-19.61352998140266],[-56.85838637899997,-19.613462395402664],[-56.858228088999965,-19.61341426840271],[-56.85743197099998,-19.613266779402682],[-56.85728500499994,-19.61307927140267],[-56.85738909299993,-19.612444927402695],[-56.857344445999956,-19.6122516514027],[-56.857248708999975,-19.612127347402716],[-56.857023574999964,-19.612046545402702],[-56.85630649799998,-19.611761253402708],[-56.856233635999956,-19.611573377402728],[-56.85627199299995,-19.61135383040276],[-56.85638755799994,-19.61128072540276],[-56.85657145499994,-19.611251228402747],[-56.85674811999996,-19.611301751402763],[-56.857428767999984,-19.61130261740275],[-56.85750608499995,-19.611207736402758],[-56.85809377699996,-19.60999839940276],[-56.858137204999935,-19.609578587402805],[-56.85804121399997,-19.609407756402764],[-56.85790913799997,-19.609336800402772],[-56.85770939599996,-19.609337530402776],[-56.85749885599994,-19.60942690840281],[-56.85727556799998,-19.609462084402793],[-56.85700593099995,-19.609374593402805],[-56.856708734999984,-19.609217206402814],[-56.85629865499993,-19.608763224402814],[-56.85608100999997,-19.60873310540278],[-56.856012309999976,-19.6087870154028],[-56.856011079999966,-19.609105907402792],[-56.855897668999944,-19.609232398402803],[-56.85567630099996,-19.6092601004028],[-56.85557946899996,-19.60922957240278],[-56.855460051999955,-19.60898722840281],[-56.85548334899994,-19.608570161402845],[-56.85525225799995,-19.60855433740283],[-56.85431096599996,-19.608797712402797],[-56.85311023899993,-19.60872700440278],[-56.85284251099995,-19.608657427402818],[-56.85273400299997,-19.608549785402825],[-56.85271295499996,-19.608373538402812],[-56.85269940799998,-19.6080709134028],[-56.85300483899994,-19.607526970402848],[-56.85285271799995,-19.60693329240284],[-56.85291587299997,-19.606490671402852],[-56.85317244799996,-19.606233932402848],[-56.85324977899995,-19.606211136402862],[-56.85347895199993,-19.60624809940288],[-56.85391518999995,-19.606233434402895],[-56.85397785699996,-19.60620809040284],[-56.85403784499994,-19.60603044640289],[-56.853958501999955,-19.605940835402865],[-56.853831111999966,-19.60588146540289],[-56.852930725999954,-19.605630699402887],[-56.85255784699996,-19.605410367402914],[-56.85232142099994,-19.605331311402917],[-56.851271148999956,-19.605165429402888],[-56.850945501999945,-19.60522496540292],[-56.850702238999986,-19.60536092540289],[-56.85054214999997,-19.605567932402906],[-56.850358510999975,-19.606118567402866],[-56.85028023399997,-19.607377903402856],[-56.85023610699995,-19.607807547402867],[-56.84994953099993,-19.60815426940281],[-56.84967282399998,-19.60833678440281],[-56.84909269199994,-19.608583856402774],[-56.84842771499996,-19.60897007640283],[-56.84803474399996,-19.609274452402783],[-56.847638099999976,-19.609727875402797],[-56.84739842399995,-19.61059970240274],[-56.84717673199998,-19.610783140402756],[-56.84674199099994,-19.61070346040276],[-56.84573599699996,-19.609788045402773],[-56.84551100599998,-19.60981825240278],[-56.84519575799994,-19.610270303402796],[-56.844874834999985,-19.610564256402764],[-56.84477443299994,-19.610738905402744],[-56.84475195199997,-19.61124814240274],[-56.84505139099997,-19.61154995840273],[-56.84518055699994,-19.611800753402715],[-56.84517396699994,-19.612021827402742],[-56.84498996099996,-19.61232206840272],[-56.84461698199993,-19.612493820402698],[-56.843885686999954,-19.61293852840271],[-56.843749352999964,-19.61300149540273],[-56.84341862099995,-19.61301821740273],[-56.84220059399996,-19.61256273340269],[-56.84200792099995,-19.612307431402733],[-56.841970396999955,-19.61204391540272],[-56.842050391999976,-19.611846067402748],[-56.84254903599998,-19.611514576402765],[-56.84237410999998,-19.61120671640275],[-56.84170685899994,-19.610970844402726],[-56.841374247999966,-19.610684505402723],[-56.84101219799999,-19.610145750402765],[-56.84077766199993,-19.60994796840277],[-56.840670132999946,-19.60991553740276],[-56.840567196999984,-19.609947320402753],[-56.84043441899997,-19.610093958402796],[-56.84061735299997,-19.610617120402765],[-56.84122645699995,-19.61097655940273],[-56.841382728999974,-19.61120412940276],[-56.841516695999985,-19.611607058402715],[-56.84140794599995,-19.61191337140272],[-56.84113821799997,-19.61206965440273],[-56.84070712799996,-19.612108510402734],[-56.84003473299998,-19.611978530402745],[-56.839729670999986,-19.611817535402707],[-56.839175668999985,-19.611326861402727],[-56.83882661699994,-19.611128667402724],[-56.83838252399993,-19.611135738402755],[-56.83755755599998,-19.611371634402733],[-56.83696227899998,-19.61133904840277],[-56.83668317099995,-19.611158254402753],[-56.836152392999956,-19.611062039402768],[-56.835782446999985,-19.61137453140274],[-56.83548754099997,-19.611800169402745],[-56.83540147999997,-19.612102637402714],[-56.83539881499996,-19.6133601954027],[-56.83519015199994,-19.61392845440268],[-56.83483349299997,-19.614317004402675],[-56.834446813999925,-19.61440346840267],[-56.83427447399998,-19.614340267402692],[-56.834041193999944,-19.6140431014027],[-56.83385199999998,-19.613907929402703],[-56.83360627299998,-19.61384744240267],[-56.833434942999986,-19.613890127402705],[-56.83295243699996,-19.614432534402635],[-56.83292859299996,-19.614633777402634],[-56.832992614999974,-19.614989102402657],[-56.832926440999984,-19.615328829402635],[-56.832673593999964,-19.615670985402616],[-56.832473225999934,-19.61582614540263],[-56.83219424799995,-19.61585067440261],[-56.83198529999998,-19.61570577740262],[-56.83193106399995,-19.615540014402633],[-56.83243840499995,-19.61388542040268],[-56.83257127899998,-19.613759584402686],[-56.83301496699993,-19.613419117402703],[-56.83292696999996,-19.61328154040267],[-56.83266763299997,-19.613274593402693],[-56.83213864299995,-19.613513934402686],[-56.831674635999946,-19.61363446240271],[-56.831312422999986,-19.61361362240267],[-56.83027288499994,-19.613074010402716],[-56.828837799999974,-19.613033792402693],[-56.827822570999956,-19.613169264402696],[-56.82710001299995,-19.61305531940269],[-56.826715486999944,-19.612849622402678],[-56.82655576099995,-19.612686555402714],[-56.82657317799993,-19.612493834402713],[-56.826599623999975,-19.612297700402696],[-56.82591024699997,-19.611100184402737],[-56.82588877799998,-19.610974561402763],[-56.826146810999944,-19.61055691040275],[-56.82618631899999,-19.61040828940275],[-56.82587506999994,-19.609641213402792],[-56.82606259199997,-19.609034982402804],[-56.82618687199993,-19.60890897840282],[-56.82631084799993,-19.608902376402778],[-56.826568100999964,-19.609291778402774],[-56.82666032999998,-19.60938019740277],[-56.82676236299995,-19.609384187402817],[-56.826914934999934,-19.60874543640283],[-56.82675319799995,-19.608536561402786],[-56.826705566999976,-19.608330380402844],[-56.826767881999956,-19.607957288402833],[-56.82683918399994,-19.60783927940282],[-56.82757622299994,-19.60744829140285],[-56.82776199799998,-19.607135525402867],[-56.82775333799998,-19.606618595402878],[-56.82764349399997,-19.60646982940289],[-56.82757052399995,-19.606423813402884],[-56.82732543499998,-19.606265187402865],[-56.827155742999935,-19.606117749402877],[-56.82714018199994,-19.605989891402892],[-56.827185490999966,-19.60565387540289],[-56.827539437999974,-19.605281028402906],[-56.828388374999975,-19.60513927440288],[-56.82845070799994,-19.605042752402905],[-56.828431783999974,-19.60493447940289],[-56.82874733899996,-19.604405752402954],[-56.82876325999996,-19.604322297402906],[-56.82866778599998,-19.604188996402907],[-56.82847734199999,-19.604281632402934],[-56.82835761299997,-19.604290261402927],[-56.82824239599995,-19.604211208402944],[-56.82823457999996,-19.604008694402925],[-56.828463512999974,-19.603875415402914],[-56.82849426599995,-19.60377953840294],[-56.828463306999936,-19.603625530402958],[-56.82833251599993,-19.60355224240296],[-56.82772755999997,-19.603321482402933],[-56.82743039899998,-19.60319638340293],[-56.827262960999974,-19.602973234402977],[-56.82720008499996,-19.60279800840297],[-56.827290739999974,-19.602309254402982],[-56.82726827899995,-19.602107587402994],[-56.826923173999944,-19.601015034402987],[-56.826563008999976,-19.600564321403038],[-56.82643702299998,-19.600563473403017],[-56.82578168699995,-19.60134698140298],[-56.825363496999955,-19.601980673402966],[-56.825334546999954,-19.601971768402954],[-56.825046690999955,-19.601755176402996],[-56.82494024999994,-19.601591565403],[-56.82477189699995,-19.600785050402997],[-56.82405043199998,-19.599677612403067],[-56.823892919999935,-19.599513996403065],[-56.82372762199998,-19.599438626403007],[-56.82351047099996,-19.599467191403054],[-56.82335236399996,-19.599627202403045],[-56.823132354999984,-19.60010265240304],[-56.82299348099997,-19.600207568403032],[-56.82265940199995,-19.600174932403025],[-56.822400751999965,-19.599974923403057],[-56.82238241899995,-19.599961828403007],[-56.82208496999994,-19.599319134403075],[-56.82194884499995,-19.599122766403084],[-56.82190508399998,-19.59905261740308],[-56.82153812499996,-19.59884613740304],[-56.82138497999995,-19.598715481403037],[-56.82083290899993,-19.59809905240306],[-56.82048427299998,-19.59751037740312],[-56.82030523299994,-19.596843238403107],[-56.820362952999965,-19.596180097403103],[-56.820969779999984,-19.594532318403154],[-56.82097953799996,-19.59436629340315],[-56.820252477999986,-19.593935606403164],[-56.82000845299996,-19.593839951403172],[-56.81935154899998,-19.59377487140316],[-56.818977563999965,-19.593862670403187],[-56.81893779699993,-19.59471736740318],[-56.81879553299996,-19.595213046403156],[-56.81833100899996,-19.595826020403106],[-56.81796506599994,-19.596532153403096],[-56.81805845599996,-19.597921395403077],[-56.81805116199996,-19.597936250403095],[-56.81784811099994,-19.59821733140305],[-56.817628584999966,-19.598417295403102],[-56.817532465999925,-19.598691350403058],[-56.81719015799996,-19.599966378403035],[-56.81664812699995,-19.600482939403012],[-56.81659259899993,-19.600566956403014],[-56.81659197199997,-19.600657173402993],[-56.81662669399998,-19.600722156403002],[-56.81725923799996,-19.600781129403032],[-56.81773729099996,-19.601010595403025],[-56.817924610999974,-19.601334394403022],[-56.81778421499996,-19.60159521240297],[-56.817486072999934,-19.601694631403006],[-56.817422750999974,-19.601687517402972],[-56.81711223099995,-19.60153729840301],[-56.816851121999946,-19.60147848240297],[-56.816658290999946,-19.601460807403],[-56.816288921999956,-19.601530367402983],[-56.81585910399997,-19.601701569402966],[-56.81561288499995,-19.601861860403005],[-56.81551141099993,-19.60205875440299],[-56.81554787899995,-19.602549354402964],[-56.815748466999935,-19.602674278402937],[-56.81633776899997,-19.60284937240297],[-56.81675519799995,-19.60316233240294],[-56.81758895099994,-19.603040786402946],[-56.81778433799997,-19.603112468402934],[-56.81793088099994,-19.60335769640297],[-56.81787122399999,-19.603592178402963],[-56.81753132199998,-19.603773627402923],[-56.816899372999956,-19.603894702402958],[-56.816554441999976,-19.603906968402956],[-56.816108965999945,-19.603860565402954],[-56.81593024899996,-19.603868855402933],[-56.815867578999985,-19.603886653402924],[-56.815692362999975,-19.60397643440291],[-56.81561653399996,-19.604048813402926],[-56.81506418299995,-19.60496766240292],[-56.81491846599994,-19.60513281340288],[-56.81327353399996,-19.606245727402893],[-56.812645646999954,-19.606541011402886],[-56.81225686399995,-19.606738094402868],[-56.81202292699999,-19.60693663940286],[-56.81197596199996,-19.607135060402843],[-56.81197693699994,-19.607459686402834],[-56.811992259999954,-19.607822970402836],[-56.81202984599997,-19.608433287402818],[-56.81200331399998,-19.608493731402795],[-56.81193778599999,-19.60857727740279],[-56.81176881499994,-19.608586931402833],[-56.811530927999975,-19.608503484402828],[-56.810983142999994,-19.608177221402798],[-56.81079918499996,-19.607957507402855],[-56.81060591799996,-19.607524325402856],[-56.81054891399998,-19.607007172402845],[-56.810430518999965,-19.60671392340287],[-56.81032602099999,-19.606610260402867],[-56.809911332999945,-19.606488279402857],[-56.80956558199995,-19.606459168402857],[-56.80954278399997,-19.60646943840287],[-56.809436321999954,-19.606569694402875],[-56.80937015099994,-19.606737791402846],[-56.809278279999944,-19.607220709402874],[-56.80930903299998,-19.607666450402817],[-56.809429583999986,-19.607945976402803],[-56.80952691699997,-19.608020284402823],[-56.809725586999946,-19.608070425402783],[-56.81063187899997,-19.608483309402793],[-56.810817406999945,-19.608722871402776],[-56.810825673999936,-19.609133956402758],[-56.81066585599996,-19.609274441402796],[-56.81048675999995,-19.609347239402815],[-56.81006420099993,-19.609339467402805],[-56.809010840999974,-19.609125370402793],[-56.808734898999944,-19.608934569402837],[-56.807568593999974,-19.608294802402842],[-56.80748837099998,-19.608178838402818],[-56.80747155599994,-19.60793763640283],[-56.80754175199996,-19.607831304402808],[-56.80772218399995,-19.60776995440285],[-56.80803268999995,-19.607497805402854],[-56.80820195299998,-19.60713206440287],[-56.80807581399995,-19.60609883440288],[-56.80807741899997,-19.605256466402892],[-56.80803629699995,-19.60512244140292],[-56.807946649999955,-19.605007119402927],[-56.807635636999976,-19.604813582402908],[-56.80744946699997,-19.60477206240288],[-56.807287352999936,-19.604791681402883],[-56.80716151799999,-19.604916977402894],[-56.80591998499994,-19.607075512402822],[-56.805645709999965,-19.60758038440283],[-56.80545171199998,-19.607708433402838],[-56.80448015899998,-19.60783527240285],[-56.80386947399996,-19.607817459402845],[-56.803510750999976,-19.607570596402834],[-56.80286912999997,-19.60651795040285],[-56.802782107999974,-19.606464404402853],[-56.802668266999945,-19.60651680840288],[-56.80219590899998,-19.606886932402844],[-56.80211452599997,-19.60714331040285],[-56.802149363999945,-19.607334526402873],[-56.803087440999946,-19.608035738402823],[-56.80430778199997,-19.60908132840278],[-56.804526893999935,-19.609395189402758],[-56.804409300999964,-19.609661972402783],[-56.80400548099993,-19.609763090402772],[-56.80322024699996,-19.609649225402748],[-56.801390900999934,-19.60993120740279],[-56.80125644599997,-19.609985500402797],[-56.800886076999966,-19.6101778044028],[-56.80075312699995,-19.61031814940277],[-56.800684503999946,-19.61077830340274],[-56.800520079999956,-19.61117227240275],[-56.800145174999955,-19.61130309140274],[-56.79997344599997,-19.611282619402733],[-56.79980949099996,-19.611231665402762],[-56.79938171599997,-19.61067717240274],[-56.79914483299996,-19.61062154340277],[-56.798880312999984,-19.610704577402778],[-56.79853093599996,-19.61094260940273],[-56.79769007999994,-19.61190718840274],[-56.79727060599998,-19.612182137402737],[-56.79633072299998,-19.612587935402708],[-56.79590491399995,-19.61348014240268],[-56.795904502999974,-19.61368590440268],[-56.79565438599997,-19.6139954624027],[-56.79526218899996,-19.614046665402693],[-56.79502782199995,-19.613980666402675],[-56.794885154999974,-19.613874957402654],[-56.79469659899996,-19.613442428402717],[-56.794601141999976,-19.613376443402718],[-56.794215443999974,-19.613298390402687],[-56.793348772999934,-19.613921782402684],[-56.792394953999974,-19.614313658402654],[-56.791311323999935,-19.614582844402676],[-56.79016959099994,-19.614322358402678],[-56.78983695499994,-19.61442943340264],[-56.789654251999934,-19.614546119402647],[-56.78941416099996,-19.614866300402642],[-56.789430238999955,-19.615380795402633],[-56.78946203899994,-19.615666980402615],[-56.78953956299995,-19.615822411402615],[-56.78981073899996,-19.616199240402604],[-56.78979415999999,-19.616721328402626],[-56.789410388999954,-19.616955276402578],[-56.78926378999994,-19.61693766340262],[-56.789125328999944,-19.616867291402595],[-56.78901501499997,-19.61672006640261],[-56.788982989999965,-19.6164678704026],[-56.788916781999944,-19.616346430402615],[-56.78876952899998,-19.616188619402607],[-56.788586918999954,-19.616074818402613],[-56.78808867499998,-19.61597138140261],[-56.787867375999944,-19.615805055402614],[-56.787517682999976,-19.61531045040266],[-56.787359694999964,-19.61525404740262],[-56.787052175999975,-19.615289338402633],[-56.786402316999954,-19.615774981402616],[-56.78643848299998,-19.61585413840264],[-56.78650258599998,-19.615884165402623],[-56.78659129499994,-19.615869872402616],[-56.78702439999995,-19.61577454040262],[-56.78717126199996,-19.615823702402608],[-56.78736257799994,-19.616187629402617],[-56.787866624999936,-19.61664682840259],[-56.78807884999998,-19.61692814440261],[-56.78812917999994,-19.617238114402593],[-56.78847388999998,-19.61819144240256],[-56.78845000699994,-19.618325764402563],[-56.788352042999975,-19.618422276402583],[-56.788099412999934,-19.61852344740257],[-56.78766029399998,-19.618601993402564],[-56.78649714299996,-19.618084594402582],[-56.78636976399997,-19.618112701402577],[-56.78620864299995,-19.618344990402566],[-56.78597567599997,-19.619282306402514],[-56.785892128999926,-19.61955709240255],[-56.785680423999956,-19.619754921402546],[-56.78534514399996,-19.61981829440253],[-56.785163154999964,-19.619697169402507],[-56.78506412699994,-19.619486719402516],[-56.78547332399995,-19.618715113402533],[-56.78543709899998,-19.61855150940257],[-56.785259430999986,-19.618372811402566],[-56.78501904299998,-19.61834758940254],[-56.78488890299996,-19.618390721402562],[-56.784851412999956,-19.618454405402566],[-56.78329481499998,-19.618507845402544],[-56.78241127299998,-19.617477184402553],[-56.78099523699996,-19.61759518740256],[-56.77897351399997,-19.61689833940262],[-56.777407858999936,-19.61550765340262],[-56.77736899699993,-19.6135640234027],[-56.77736899499996,-19.61356389540268],[-56.77736888999993,-19.6135638894027],[-56.746103059999946,-19.61171610940276],[-56.748618058999966,-19.606618059402862],[-56.75611971999996,-19.58401777940344],[-56.75805611099998,-19.578183059403596],[-56.725577499999986,-19.575958330403672],[-56.727546389999986,-19.549495829404314],[-56.733837499999936,-19.4648044394065],[-56.702744719999934,-19.476942499406167],[-56.666920829999974,-19.490916669405795],[-56.63974841599997,-19.502083771405516],[-56.639746172999935,-19.502084688405525],[-56.63655358899996,-19.492238980405794],[-56.63436744499995,-19.48757298540592],[-56.63422128899999,-19.486506095405947],[-56.63422127599995,-19.486506048405932],[-56.63502544099998,-19.483584386405997],[-56.63542772399996,-19.482122731406026],[-56.635049479999964,-19.48001675440609],[-56.63296322599996,-19.480311655406098],[-56.62840147999998,-19.48095641340606],[-56.62288889599995,-19.481735401406063],[-56.622888899999964,-19.481735369406067],[-56.62252610099994,-19.475995810406204],[-56.619093728999985,-19.421673284407586],[-56.61885797299994,-19.4210214184076],[-56.61853321399997,-19.420123486407633],[-56.61907523299994,-19.418072554407704],[-56.61899108099993,-19.41658733840769],[-56.61884214099995,-19.413959134407804],[-56.61770024499998,-19.41178375940783],[-56.61807559099998,-19.41065147440787],[-56.61860925899999,-19.409919951407872],[-56.61848771099994,-19.40773726840794],[-56.618352889999976,-19.405316434408036],[-56.61912553199994,-19.404949806408048],[-56.620198284999965,-19.40444073140804],[-56.620127845999946,-19.402455394408076],[-56.61905639799994,-19.39978935840816],[-56.57910696699997,-19.399421384408186],[-56.578366118999945,-19.385576758408504],[-56.57836611899995,-19.385576713408533],[-56.57764271499997,-19.372106671408883],[-56.57685101399994,-19.35790871740925],[-56.56099668199994,-19.357846872409247],[-56.549324962999954,-19.35772603740923],[-56.54962015399997,-19.365657645409005]]]},"properties":{"OBJECTID":15,"NOME_UC":"Parque Estadual do Pantanal do Rio Negro","Shape.STArea()":0.29486564935578585,"Shape.STLength()":4.253822625535395,"Field":null,"__atlas_capturado_em":"2026-08-10T23:53:12.285Z","__atlas_fonte_servico":"https://www.pinms.ms.gov.br/arcgis/rest/services/IMASUL/SiriemaGeo_Sisla/MapServer","__atlas_layer_id":4}}],"atlas_metadata":{"capturado_em":"2026-08-10T23:53:12.285Z","corte_dados":"2026-08-10","fonte_institucional":"IMASUL/PIN MS","servico":"https://www.pinms.ms.gov.br/arcgis/rest/services/IMASUL/SiriemaGeo_Sisla/MapServer","camada_id":4,"camada_nome":"Zonas de Amortecimento das UCs - MS","uso_no_isa":"isa_za_ms"}}