{"type":"FeatureCollection","name":"acessibilidade_rodoviaria_estimada_rotas_base_externa","features":[{"type":"Feature","geometry":{"type":"LineString","coordinates":[[-56.526297,-22.107285],[-56.526583,-22.107235],[-56.526346,-22.106023],[-56.526183,-22.105242],[-56.526097,-22.104749],[-56.525813,-22.103195],[-56.525805,-22.103155],[-56.525786,-22.10286],[-56.525744,-22.102345],[-56.525661,-22.101889],[-56.525554,-22.101326],[-56.525522,-22.101155],[-56.525381,-22.100428],[-56.525081,-22.098824],[-56.524967,-22.09827],[-56.524843,-22.097642],[-56.524825,-22.09754],[-56.524718,-22.096999],[-56.524465,-22.095724],[-56.524231,-22.094488],[-56.524184,-22.094188],[-56.524027,-22.093456],[-56.523909,-22.092809],[-56.523843,-22.092451],[-56.523746,-22.091935],[-56.523263,-22.089416],[-56.523135,-22.088729],[-56.522998,-22.088155],[-56.522943,-22.087929],[-56.522848,-22.087617],[-56.522842,-22.087584],[-56.522761,-22.087427],[-56.522719,-22.087304],[-56.522681,-22.087213],[-56.522611,-22.087078],[-56.522573,-22.087012],[-56.522557,-22.086938],[-56.522564,-22.086863],[-56.522663,-22.086531],[-56.522677,-22.086369],[-56.522665,-22.08622],[-56.522621,-22.086072],[-56.522429,-22.085714],[-56.522333,-22.08551],[-56.52215,-22.085174],[-56.521824,-22.084591],[-56.52176,-22.084467],[-56.521665,-22.084304],[-56.521447,-22.083903],[-56.521235,-22.083522],[-56.521122,-22.083306],[-56.520781,-22.082702],[-56.52062,-22.082425],[-56.519998,-22.081305],[-56.519404,-22.080247],[-56.51816,-22.07803],[-56.517938,-22.07761],[-56.517077,-22.07598],[-56.517016,-22.075836],[-56.516906,-22.075558],[-56.51682,-22.075327],[-56.51671,-22.074942],[-56.51666,-22.074453],[-56.516704,-22.073771],[-56.516779,-22.07316],[-56.51704,-22.070803],[-56.517052,-22.070704],[-56.517083,-22.070392],[-56.517097,-22.070257],[-56.517131,-22.069913],[-56.51737,-22.067801],[-56.517812,-22.063394],[-56.518263,-22.059026],[-56.518594,-22.05594],[-56.518773,-22.054412],[-56.518923,-22.05289],[-56.51898,-22.052417],[-56.519346,-22.049008],[-56.51955,-22.047163],[-56.519763,-22.045187],[-56.520107,-22.041966],[-56.52025,-22.040734],[-56.520395,-22.039252],[-56.520466,-22.037874],[-56.520418,-22.037257],[-56.520292,-22.036519],[-56.520124,-22.035967],[-56.519947,-22.035467],[-56.519511,-22.034574],[-56.519474,-22.034497],[-56.518954,-22.033748],[-56.518365,-22.033048],[-56.517083,-22.031724],[-56.516252,-22.030846],[-56.51613,-22.030717],[-56.51599,-22.030568],[-56.515654,-22.030213],[-56.515344,-22.029904],[-56.514792,-22.029383],[-56.510802,-22.025295],[-56.509591,-22.024052],[-56.508776,-22.023246],[-56.50677,-22.02118],[-56.506657,-22.021074],[-56.494514,-22.008563],[-56.491435,-22.005472],[-56.491314,-22.005348],[-56.490799,-22.004763],[-56.487548,-22.001434],[-56.485932,-21.99978],[-56.484311,-21.998124],[-56.4811,-21.994837],[-56.479491,-21.99319],[-56.477867,-21.991523],[-56.475266,-21.988904],[-56.475003,-21.988639],[-56.474927,-21.988562],[-56.473759,-21.987355],[-56.471726,-21.985278],[-56.469667,-21.983092],[-56.469198,-21.982632],[-56.468761,-21.982204],[-56.467868,-21.981328],[-56.466735,-21.980104],[-56.466253,-21.979613],[-56.465806,-21.979235],[-56.46531,-21.978887],[-56.464316,-21.978212],[-56.463315,-21.97754],[-56.462357,-21.97693],[-56.454617,-21.971734],[-56.453023,-21.970652],[-56.451445,-21.969582],[-56.441959,-21.963256],[-56.43813,-21.960728],[-56.437715,-21.960444],[-56.435258,-21.958833],[-56.430364,-21.955518],[-56.426691,-21.953066],[-56.421387,-21.949492],[-56.419499,-21.948266],[-56.418898,-21.947862],[-56.410514,-21.942217],[-56.408068,-21.940573],[-56.405802,-21.939113],[-56.404074,-21.93796],[-56.402201,-21.9367],[-56.401006,-21.935904],[-56.399905,-21.935154],[-56.398749,-21.934395],[-56.397218,-21.933368],[-56.396156,-21.932661],[-56.394534,-21.931565],[-56.391421,-21.929475],[-56.389901,-21.928462],[-56.388782,-21.92773],[-56.387129,-21.926597],[-56.385997,-21.925844],[-56.384923,-21.92513],[-56.383705,-21.924312],[-56.38233,-21.923387],[-56.381023,-21.922499],[-56.379331,-21.921378],[-56.378326,-21.9207],[-56.376854,-21.919725],[-56.375514,-21.918821],[-56.37455,-21.918169],[-56.37138,-21.916027],[-56.362781,-21.910292],[-56.360611,-21.908846],[-56.347671,-21.90013],[-56.340963,-21.895733],[-56.337617,-21.892918],[-56.333294,-21.888894],[-56.330453,-21.886013],[-56.323989,-21.877902],[-56.317343,-21.869757],[-56.311112,-21.862021],[-56.303958,-21.853232],[-56.299042,-21.847136],[-56.297726,-21.845504],[-56.295475,-21.842712],[-56.294777,-21.841846],[-56.287813,-21.833214],[-56.285327,-21.830136],[-56.284004,-21.828497],[-56.28275,-21.827121],[-56.276392,-21.820351],[-56.264272,-21.807438],[-56.253762,-21.796135],[-56.252796,-21.794894],[-56.252139,-21.793838],[-56.251385,-21.792394],[-56.250863,-21.79097],[-56.250576,-21.789832],[-56.250294,-21.788204],[-56.250205,-21.786944],[-56.250304,-21.785497],[-56.251056,-21.781492],[-56.251059,-21.781473],[-56.252349,-21.775453],[-56.254074,-21.767614],[-56.256214,-21.757848],[-56.257439,-21.752181],[-56.257453,-21.752115],[-56.257804,-21.750766],[-56.258043,-21.750092],[-56.26005,-21.744646],[-56.263553,-21.735203],[-56.267737,-21.72376],[-56.271033,-21.714827],[-56.272882,-21.709843],[-56.275116,-21.703804],[-56.277307,-21.697726],[-56.277932,-21.696028],[-56.278029,-21.695699],[-56.278062,-21.695585],[-56.278339,-21.694643],[-56.278527,-21.693706],[-56.278573,-21.693479],[-56.278709,-21.692259],[-56.27875,-21.691617],[-56.278761,-21.691267],[-56.278754,-21.690997],[-56.27874,-21.690598],[-56.278708,-21.690112],[-56.278664,-21.689683],[-56.278644,-21.689539],[-56.278632,-21.689445],[-56.278619,-21.689355],[-56.278488,-21.688557],[-56.278432,-21.688318],[-56.278113,-21.687003],[-56.277701,-21.685877],[-56.277604,-21.685626],[-56.277503,-21.685399],[-56.277301,-21.684949],[-56.277089,-21.684503],[-56.27691,-21.684144],[-56.276381,-21.683219],[-56.275637,-21.682135],[-56.274039,-21.680405],[-56.271764,-21.678154],[-56.265841,-21.672294],[-56.262877,-21.669352],[-56.256784,-21.663303],[-56.25662,-21.66314],[-56.25314,-21.659685],[-56.244817,-21.651424],[-56.236217,-21.642873],[-56.236174,-21.64283],[-56.233333,-21.640005],[-56.226248,-21.632999],[-56.221065,-21.627875],[-56.21901,-21.625827],[-56.21257,-21.619531],[-56.205269,-21.612277],[-56.198741,-21.605825],[-56.192178,-21.599376],[-56.183207,-21.590561],[-56.174548,-21.582043],[-56.173309,-21.580828],[-56.172553,-21.580074],[-56.172101,-21.579545],[-56.171789,-21.579097],[-56.171233,-21.578083],[-56.170953,-21.577374],[-56.170758,-21.576531],[-56.170633,-21.575587],[-56.170276,-21.571636],[-56.169978,-21.567939],[-56.169305,-21.559857],[-56.168485,-21.550568],[-56.168288,-21.548337],[-56.168106,-21.546132],[-56.167781,-21.542204],[-56.167165,-21.535441],[-56.166844,-21.531515],[-56.166795,-21.531044],[-56.166491,-21.528142],[-56.165773,-21.519355],[-56.16556,-21.516758],[-56.165303,-21.513607],[-56.164597,-21.505391],[-56.164334,-21.502465],[-56.164276,-21.5021],[-56.164232,-21.501824],[-56.164075,-21.501112],[-56.163585,-21.49968],[-56.163238,-21.498794],[-56.162897,-21.497899],[-56.162638,-21.497221],[-56.162548,-21.496985],[-56.162354,-21.496478],[-56.161983,-21.495515],[-56.161811,-21.495067],[-56.16146,-21.494179],[-56.161223,-21.493536],[-56.160948,-21.492799],[-56.160703,-21.492141],[-56.160474,-21.491567],[-56.160262,-21.491083],[-56.160101,-21.490763],[-56.160013,-21.490586],[-56.159642,-21.490017],[-56.15939,-21.489675],[-56.159028,-21.489263],[-56.158816,-21.489076],[-56.158701,-21.488974],[-56.15835,-21.48869],[-56.15772,-21.488306],[-56.157246,-21.48804],[-56.156933,-21.487912],[-56.156003,-21.487779],[-56.155361,-21.487603],[-56.155204,-21.48755],[-56.154585,-21.487104],[-56.153398,-21.486629],[-56.151514,-21.485871],[-56.15128,-21.485777],[-56.150566,-21.485493],[-56.150212,-21.485353],[-56.148827,-21.484825],[-56.148052,-21.48453],[-56.146674,-21.483988],[-56.14604,-21.483762],[-56.145554,-21.483571],[-56.145462,-21.483549],[-56.145383,-21.483499],[-56.145009,-21.483355],[-56.143445,-21.482787],[-56.142757,-21.482507],[-56.142212,-21.482267],[-56.141703,-21.481997],[-56.141214,-21.481683],[-56.140781,-21.481322],[-56.140384,-21.480871],[-56.14003,-21.480411],[-56.13945,-21.479613],[-56.139324,-21.479439],[-56.13909,-21.479142],[-56.139048,-21.479089],[-56.138875,-21.478744],[-56.138854,-21.478701],[-56.138842,-21.478679],[-56.136818,-21.475911],[-56.136467,-21.475435],[-56.136156,-21.475014],[-56.135877,-21.474614],[-56.135424,-21.474028],[-56.135132,-21.473643],[-56.134155,-21.472355],[-56.133325,-21.471261],[-56.132686,-21.470384],[-56.132134,-21.469659],[-56.130014,-21.466821],[-56.129391,-21.465981],[-56.128579,-21.464886],[-56.127249,-21.463121],[-56.127074,-21.462894],[-56.126828,-21.462624],[-56.126589,-21.462387],[-56.126286,-21.46212],[-56.125948,-21.461858],[-56.125564,-21.461586],[-56.125503,-21.461548],[-56.124001,-21.460625],[-56.123714,-21.460448],[-56.122731,-21.45984],[-56.122406,-21.459647],[-56.121953,-21.459364],[-56.121873,-21.459312],[-56.121034,-21.45894],[-56.120809,-21.458838],[-56.120331,-21.458562],[-56.119928,-21.458329],[-56.1197,-21.458184],[-56.119514,-21.45805],[-56.118618,-21.457546],[-56.118267,-21.457329],[-56.117144,-21.456626],[-56.115923,-21.455876],[-56.114802,-21.455186],[-56.113965,-21.456363],[-56.11317,-21.45745],[-56.112302,-21.458577],[-56.112257,-21.458646],[-56.111703,-21.458296]]},"properties":{"id_trecho":"ACESS-ROTA-EST-008-01","id_rota":"ROTA-EST-008","nome_rota":"Rota Histórica da Retirada da Laguna","ordem_trecho":1,"origem":"Bela Vista","destino":"Guia Lopes da Laguna","tipo_registro_rota":"Itinerário histórico reconhecido documentalmente","status_institucional_rota":"Reconhecido no Anexo I do Decreto Estadual nº 12.897/2009","classe_base_acessibilidade":"Base institucional ou documental direta","natureza":"Estimativa científica de acessibilidade pela rede viária contemporânea","distancia_rodoviaria_km":92.3,"duracao_estimada_sem_trafego_min":88,"resumo_vias":"BR-060, BR-060; BR-267; BR-419","perfil_roteamento":"driving","motor_roteamento":"OSRM route service","endpoint_consultado":"https://router.project-osrm.org","fonte_rede":"OpenStreetMap contributors","licenca_rede":"ODbL 1.0","data_materializacao":"2026-08-12T03:43:51.108Z","corte_base_joaju":"2026-08-10","data_versao_rede":"Não informada","origem_solicitada_lon":-56.5263,"origem_solicitada_lat":-22.1073,"destino_solicitado_lon":-56.1117,"destino_solicitado_lat":-21.4583,"origem_ajustada_lon":-56.526297,"origem_ajustada_lat":-22.107285,"destino_ajustado_lon":-56.111703,"destino_ajustado_lat":-21.458296,"distancia_ajuste_origem_m":1.7,"distancia_ajuste_destino_m":0.5,"status_revisao":"Não validado em campo","nota_especifica":"Representa acesso rodoviário contemporâneo entre referências municipais. Não reconstrói o trajeto histórico da Retirada da Laguna.","limitacoes":"Tempo sem trânsito em tempo real. O resultado pode incluir vias privadas, sazonais, não pavimentadas, interrompidas ou com restrições ausentes na base.","uso_operacional":"Não representa o traçado cultural, histórico, aquático ou oficialmente aprovado da rota. Não constitui recomendação de viagem, autorização de acesso ou validação das condições da via.","natureza_projeto":"Projeto de pesquisa científica","referencial_metodologico":"Aplicação e adaptação experimental do marco PRICI"}},{"type":"Feature","geometry":{"type":"LineString","coordinates":[[-56.111703,-21.458296],[-56.111215,-21.457989],[-56.111218,-21.457894],[-56.112302,-21.458577],[-56.112931,-21.458967],[-56.113496,-21.459323],[-56.114691,-21.460064],[-56.114795,-21.460127],[-56.115787,-21.460744],[-56.11583,-21.460771],[-56.116531,-21.461223],[-56.117091,-21.461569],[-56.118135,-21.462226],[-56.118245,-21.462312],[-56.118325,-21.462406],[-56.11943,-21.4631],[-56.120141,-21.462105],[-56.121168,-21.460722],[-56.121624,-21.459911],[-56.121953,-21.459364],[-56.122406,-21.459647],[-56.122731,-21.45984],[-56.123714,-21.460448],[-56.124001,-21.460625],[-56.125503,-21.461548],[-56.125564,-21.461586],[-56.125948,-21.461858],[-56.126286,-21.46212],[-56.126589,-21.462387],[-56.126828,-21.462624],[-56.127074,-21.462894],[-56.127249,-21.463121],[-56.128579,-21.464886],[-56.129391,-21.465981],[-56.130014,-21.466821],[-56.132134,-21.469659],[-56.132686,-21.470384],[-56.133325,-21.471261],[-56.134155,-21.472355],[-56.135132,-21.473643],[-56.135424,-21.474028],[-56.135877,-21.474614],[-56.136156,-21.475014],[-56.136467,-21.475435],[-56.136818,-21.475911],[-56.138842,-21.478679],[-56.138854,-21.478701],[-56.138875,-21.478744],[-56.139048,-21.479089],[-56.13909,-21.479142],[-56.139324,-21.479439],[-56.13945,-21.479613],[-56.14003,-21.480411],[-56.140384,-21.480871],[-56.140781,-21.481322],[-56.141214,-21.481683],[-56.141703,-21.481997],[-56.142212,-21.482267],[-56.142757,-21.482507],[-56.143445,-21.482787],[-56.145517,-21.483054],[-56.145585,-21.483048],[-56.145653,-21.483057],[-56.146211,-21.483113],[-56.146629,-21.483113],[-56.147552,-21.483047],[-56.148328,-21.482929],[-56.148706,-21.482837],[-56.149319,-21.482672],[-56.149268,-21.482487],[-56.150454,-21.482168],[-56.150224,-21.481355],[-56.149989,-21.480556],[-56.149756,-21.479719],[-56.148909,-21.47993]]},"properties":{"id_trecho":"ACESS-ROTA-EST-008-02","id_rota":"ROTA-EST-008","nome_rota":"Rota Histórica da Retirada da Laguna","ordem_trecho":2,"origem":"Guia Lopes da Laguna","destino":"Jardim","tipo_registro_rota":"Itinerário histórico reconhecido documentalmente","status_institucional_rota":"Reconhecido no Anexo I do Decreto Estadual nº 12.897/2009","classe_base_acessibilidade":"Base institucional ou documental direta","natureza":"Estimativa científica de acessibilidade pela rede viária contemporânea","distancia_rodoviaria_km":6.2,"duracao_estimada_sem_trafego_min":8,"resumo_vias":"BR-267, BR-060; BR-267; BR-419","perfil_roteamento":"driving","motor_roteamento":"OSRM route service","endpoint_consultado":"https://router.project-osrm.org","fonte_rede":"OpenStreetMap contributors","licenca_rede":"ODbL 1.0","data_materializacao":"2026-08-12T03:43:51.108Z","corte_base_joaju":"2026-08-10","data_versao_rede":"Não informada","origem_solicitada_lon":-56.1117,"origem_solicitada_lat":-21.4583,"destino_solicitado_lon":-56.1489,"destino_solicitado_lat":-21.4799,"origem_ajustada_lon":-56.111703,"origem_ajustada_lat":-21.458296,"destino_ajustado_lon":-56.148909,"destino_ajustado_lat":-21.47993,"distancia_ajuste_origem_m":0.5,"distancia_ajuste_destino_m":3.5,"status_revisao":"Não validado em campo","nota_especifica":"Representa acesso rodoviário contemporâneo entre referências municipais. Não reconstrói o trajeto histórico da Retirada da Laguna.","limitacoes":"Tempo sem trânsito em tempo real. O resultado pode incluir vias privadas, sazonais, não pavimentadas, interrompidas ou com restrições ausentes na base.","uso_operacional":"Não representa o traçado cultural, histórico, aquático ou oficialmente aprovado da rota. Não constitui recomendação de viagem, autorização de acesso ou validação das condições da via.","natureza_projeto":"Projeto de pesquisa científica","referencial_metodologico":"Aplicação e adaptação experimental do marco PRICI"}},{"type":"Feature","geometry":{"type":"LineString","coordinates":[[-56.148909,-21.47993],[-56.148156,-21.480118],[-56.148182,-21.481036],[-56.148184,-21.481089],[-56.148206,-21.48187],[-56.148227,-21.482569],[-56.148232,-21.482741],[-56.147783,-21.48283],[-56.147305,-21.48288],[-56.146711,-21.4829],[-56.146307,-21.482918],[-56.146303,-21.482945],[-56.146288,-21.48297],[-56.146264,-21.482987],[-56.146235,-21.482995],[-56.146205,-21.482991],[-56.146179,-21.482977],[-56.14533,-21.482921],[-56.14455,-21.482815],[-56.144035,-21.482708],[-56.143454,-21.482565],[-56.142873,-21.482365],[-56.142757,-21.482507],[-56.142212,-21.482267],[-56.141703,-21.481997],[-56.141214,-21.481683],[-56.140781,-21.481322],[-56.140384,-21.480871],[-56.14003,-21.480411],[-56.13945,-21.479613],[-56.139324,-21.479439],[-56.13909,-21.479142],[-56.139048,-21.479089],[-56.138875,-21.478744],[-56.138854,-21.478701],[-56.138842,-21.478679],[-56.136818,-21.475911],[-56.136467,-21.475435],[-56.136156,-21.475014],[-56.135877,-21.474614],[-56.135424,-21.474028],[-56.135132,-21.473643],[-56.134155,-21.472355],[-56.133325,-21.471261],[-56.132686,-21.470384],[-56.132134,-21.469659],[-56.130014,-21.466821],[-56.129391,-21.465981],[-56.128579,-21.464886],[-56.127249,-21.463121],[-56.127074,-21.462894],[-56.126828,-21.462624],[-56.126589,-21.462387],[-56.126286,-21.46212],[-56.125948,-21.461858],[-56.125564,-21.461586],[-56.125503,-21.461548],[-56.124001,-21.460625],[-56.123714,-21.460448],[-56.122731,-21.45984],[-56.122406,-21.459647],[-56.121953,-21.459364],[-56.121873,-21.459312],[-56.121034,-21.45894],[-56.120809,-21.458838],[-56.120331,-21.458562],[-56.119928,-21.458329],[-56.1197,-21.458184],[-56.119514,-21.45805],[-56.118618,-21.457546],[-56.118267,-21.457329],[-56.117144,-21.456626],[-56.115923,-21.455876],[-56.114802,-21.455186],[-56.111289,-21.453028],[-56.11108,-21.452891],[-56.110537,-21.452566],[-56.110363,-21.452456],[-56.110299,-21.452417],[-56.110001,-21.452235],[-56.109558,-21.451962],[-56.109297,-21.451814],[-56.10924,-21.451778],[-56.109134,-21.451721],[-56.108868,-21.451557],[-56.10872,-21.451461],[-56.108265,-21.451158],[-56.107573,-21.450731],[-56.106875,-21.450309],[-56.105593,-21.449512],[-56.104744,-21.448994],[-56.104152,-21.44862],[-56.103924,-21.44848],[-56.103726,-21.44837],[-56.103337,-21.448137],[-56.102975,-21.447914],[-56.102744,-21.447782],[-56.10252,-21.447654],[-56.102054,-21.447357],[-56.101698,-21.447132],[-56.101651,-21.4471],[-56.100415,-21.446344],[-56.099461,-21.445749],[-56.098491,-21.445151],[-56.09755,-21.444572],[-56.096619,-21.443998],[-56.096253,-21.443784],[-56.095715,-21.443451],[-56.094555,-21.442742],[-56.093387,-21.442038],[-56.093132,-21.441879],[-56.092922,-21.441762],[-56.092812,-21.441648],[-56.092178,-21.441274],[-56.091823,-21.441005],[-56.091604,-21.440825],[-56.091394,-21.440614],[-56.091177,-21.440439],[-56.090595,-21.440078],[-56.087551,-21.438193],[-56.079642,-21.433331],[-56.075662,-21.430869],[-56.067899,-21.426101],[-56.064787,-21.42419],[-56.063324,-21.423319],[-56.062547,-21.422836],[-56.059235,-21.420776],[-56.057885,-21.41998],[-56.057584,-21.419888],[-56.057218,-21.419789],[-56.057097,-21.419777],[-56.056989,-21.419726],[-56.056906,-21.419644],[-56.056858,-21.41954],[-56.05685,-21.419447],[-56.056871,-21.419357],[-56.056888,-21.419321],[-56.056909,-21.419288],[-56.056937,-21.419165],[-56.056971,-21.418973],[-56.056979,-21.418893],[-56.056973,-21.418809],[-56.056941,-21.418687],[-56.05579,-21.41742],[-56.055114,-21.416722],[-56.049333,-21.410744],[-56.033146,-21.394198],[-56.018525,-21.37911],[-56.013614,-21.374067],[-56.007866,-21.368166],[-56.007076,-21.367263],[-56.006565,-21.366598],[-56.00604,-21.365805],[-56.005517,-21.36481],[-56.005309,-21.364305],[-56.004972,-21.363347],[-56.004805,-21.362657],[-56.004621,-21.361412],[-56.004358,-21.35848],[-56.004157,-21.35608],[-56.003686,-21.350861],[-56.003418,-21.347817],[-56.003373,-21.347298],[-56.003301,-21.346594],[-56.003264,-21.346266],[-56.002639,-21.339006],[-56.002151,-21.333574],[-56.002065,-21.332617],[-56.002018,-21.33213],[-56.001417,-21.32528],[-56.00124,-21.32321],[-56.000512,-21.314702],[-56.000135,-21.3103],[-56.00006,-21.309463],[-55.999654,-21.305419],[-55.999487,-21.30315],[-55.999235,-21.301728],[-55.998704,-21.300539],[-55.998013,-21.299417],[-55.996061,-21.297483],[-55.989415,-21.291128],[-55.981586,-21.283616],[-55.978363,-21.280535],[-55.975658,-21.277948],[-55.969935,-21.272482],[-55.966649,-21.269343],[-55.962365,-21.265185],[-55.957858,-21.260877],[-55.955484,-21.258598],[-55.953128,-21.256329],[-55.947316,-21.250738],[-55.940438,-21.244139],[-55.938462,-21.242241],[-55.93683,-21.240629],[-55.933417,-21.23739],[-55.92634,-21.230598],[-55.919103,-21.223653],[-55.914792,-21.219518],[-55.910499,-21.215299],[-55.883235,-21.189104],[-55.874362,-21.18063],[-55.865974,-21.172572],[-55.86566,-21.172435],[-55.865158,-21.172126],[-55.865078,-21.172046],[-55.864969,-21.171939],[-55.864587,-21.171562],[-55.86424,-21.171237],[-55.863535,-21.170519],[-55.86341,-21.170385],[-55.863119,-21.170073],[-55.863058,-21.169948],[-55.862973,-21.169777],[-55.862868,-21.169541],[-55.861599,-21.168291],[-55.859537,-21.166295],[-55.857475,-21.16428],[-55.857096,-21.163911],[-55.855451,-21.162304],[-55.853431,-21.160347],[-55.853008,-21.159942],[-55.852419,-21.159374],[-55.851024,-21.158013],[-55.84957,-21.156603],[-55.849109,-21.156215],[-55.848871,-21.156047],[-55.848616,-21.155867],[-55.847955,-21.155191],[-55.847921,-21.15515],[-55.84725,-21.154335],[-55.84535,-21.152485],[-55.845206,-21.152338],[-55.844946,-21.152104],[-55.844737,-21.151913],[-55.844529,-21.151741],[-55.844128,-21.151429],[-55.843914,-21.151274],[-55.843711,-21.151126],[-55.843272,-21.150851],[-55.842819,-21.150604],[-55.842587,-21.150486],[-55.842353,-21.150377],[-55.842115,-21.150272],[-55.841873,-21.150176],[-55.841238,-21.149936],[-55.840572,-21.149702],[-55.839278,-21.149235],[-55.83874,-21.149046],[-55.833911,-21.147344],[-55.833121,-21.147059],[-55.831152,-21.146374],[-55.829222,-21.145694],[-55.828564,-21.145462],[-55.828231,-21.145336],[-55.828036,-21.145257]]},"properties":{"id_trecho":"ACESS-ROTA-EST-008-03","id_rota":"ROTA-EST-008","nome_rota":"Rota Histórica da Retirada da Laguna","ordem_trecho":3,"origem":"Jardim","destino":"Nioaque","tipo_registro_rota":"Itinerário histórico reconhecido documentalmente","status_institucional_rota":"Reconhecido no Anexo I do Decreto Estadual nº 12.897/2009","classe_base_acessibilidade":"Base institucional ou documental direta","natureza":"Estimativa científica de acessibilidade pela rede viária contemporânea","distancia_rodoviaria_km":52.5,"duracao_estimada_sem_trafego_min":52,"resumo_vias":"BR-060; BR-419, Rodovia BR-419","perfil_roteamento":"driving","motor_roteamento":"OSRM route service","endpoint_consultado":"https://router.project-osrm.org","fonte_rede":"OpenStreetMap contributors","licenca_rede":"ODbL 1.0","data_materializacao":"2026-08-12T03:43:51.108Z","corte_base_joaju":"2026-08-10","data_versao_rede":"Não informada","origem_solicitada_lon":-56.1489,"origem_solicitada_lat":-21.4799,"destino_solicitado_lon":-55.8296,"destino_solicitado_lat":-21.1419,"origem_ajustada_lon":-56.148909,"origem_ajustada_lat":-21.47993,"destino_ajustado_lon":-55.828036,"destino_ajustado_lat":-21.145257,"distancia_ajuste_origem_m":3.5,"distancia_ajuste_destino_m":405.6,"status_revisao":"Não validado em campo","nota_especifica":"Representa acesso rodoviário contemporâneo entre referências municipais. Não reconstrói o trajeto histórico da Retirada da Laguna.","limitacoes":"Tempo sem trânsito em tempo real. O resultado pode incluir vias privadas, sazonais, não pavimentadas, interrompidas ou com restrições ausentes na base.","uso_operacional":"Não representa o traçado cultural, histórico, aquático ou oficialmente aprovado da rota. Não constitui recomendação de viagem, autorização de acesso ou validação das condições da via.","natureza_projeto":"Projeto de pesquisa científica","referencial_metodologico":"Aplicação e adaptação experimental do marco PRICI"}},{"type":"Feature","geometry":{"type":"LineString","coordinates":[[-55.828036,-21.145257],[-55.827893,-21.145199],[-55.82742,-21.14499],[-55.826947,-21.144759],[-55.826555,-21.144541],[-55.826158,-21.144304],[-55.825762,-21.14404],[-55.825375,-21.143778],[-55.824842,-21.143355],[-55.824611,-21.143153],[-55.824353,-21.142927],[-55.823886,-21.142468],[-55.823691,-21.142264],[-55.823521,-21.142082],[-55.823434,-21.141974],[-55.823134,-21.141695],[-55.823053,-21.141622],[-55.822953,-21.141554],[-55.822812,-21.141467],[-55.82272,-21.141428],[-55.82263,-21.141384],[-55.822606,-21.141373],[-55.822579,-21.141361],[-55.822429,-21.141342],[-55.822286,-21.141291],[-55.822208,-21.141215],[-55.822158,-21.141121],[-55.822139,-21.141017],[-55.822154,-21.140912],[-55.822127,-21.140636],[-55.822101,-21.14048],[-55.82208,-21.140343],[-55.822029,-21.140126],[-55.822006,-21.140015],[-55.821967,-21.139798],[-55.821759,-21.13936],[-55.82157,-21.138925],[-55.820635,-21.136384],[-55.820537,-21.13611],[-55.820418,-21.135775],[-55.819249,-21.13249],[-55.817847,-21.128584],[-55.817345,-21.127159],[-55.817177,-21.126566],[-55.817101,-21.126253],[-55.817056,-21.125982],[-55.816193,-21.120658],[-55.815019,-21.113522],[-55.814485,-21.11028],[-55.812983,-21.10093],[-55.812418,-21.097413],[-55.811178,-21.090037],[-55.810698,-21.088518],[-55.809525,-21.086452],[-55.80737,-21.082391],[-55.806562,-21.081284],[-55.805669,-21.080077],[-55.803631,-21.077927],[-55.796557,-21.070229],[-55.790135,-21.063458],[-55.789339,-21.062532],[-55.789026,-21.061972],[-55.78575,-21.055565],[-55.783581,-21.051255],[-55.782017,-21.048147],[-55.778349,-21.040911],[-55.776666,-21.03767],[-55.776365,-21.036866],[-55.776183,-21.036135],[-55.776117,-21.035356],[-55.776222,-21.03393],[-55.776992,-21.027632],[-55.777605,-21.02299],[-55.777605,-21.022077],[-55.777462,-21.021163],[-55.776637,-21.017366],[-55.775257,-21.010332],[-55.775002,-21.009259],[-55.774772,-21.008639],[-55.774619,-21.008246],[-55.767313,-20.995333],[-55.767,-20.994682],[-55.766797,-20.994088],[-55.766659,-20.993494],[-55.766609,-20.993198],[-55.766563,-20.992627],[-55.766565,-20.99214],[-55.766602,-20.991687],[-55.766688,-20.991193],[-55.76676,-20.990904],[-55.766901,-20.99046],[-55.767027,-20.990131],[-55.767056,-20.990057],[-55.767075,-20.990004],[-55.767225,-20.989605],[-55.76736,-20.989238],[-55.76808,-20.987367],[-55.771125,-20.979761],[-55.771973,-20.977737],[-55.772485,-20.976946],[-55.774199,-20.974757],[-55.781331,-20.965651],[-55.789703,-20.954889],[-55.807685,-20.930806],[-55.811493,-20.925707],[-55.820516,-20.913543],[-55.821264,-20.912439],[-55.821639,-20.911408],[-55.821855,-20.910322],[-55.821855,-20.908813],[-55.821816,-20.905077],[-55.821796,-20.899261],[-55.821934,-20.898249],[-55.82223,-20.897347],[-55.822643,-20.896445],[-55.824238,-20.893504],[-55.824948,-20.892194],[-55.825619,-20.891244],[-55.826089,-20.890719],[-55.826743,-20.89018],[-55.827683,-20.889589],[-55.828672,-20.889156],[-55.831627,-20.888105],[-55.832459,-20.887859],[-55.833321,-20.887733],[-55.834445,-20.887633],[-55.83925,-20.887201],[-55.847927,-20.88639],[-55.864171,-20.88486],[-55.871653,-20.884235],[-55.877881,-20.883636],[-55.878863,-20.88355],[-55.879796,-20.883357],[-55.880721,-20.883018],[-55.881426,-20.882652],[-55.88213,-20.88218],[-55.882721,-20.881654],[-55.883262,-20.881049],[-55.88448,-20.87936],[-55.88758,-20.874947],[-55.889348,-20.87243],[-55.893491,-20.8665],[-55.894303,-20.865339],[-55.896623,-20.862056],[-55.90014,-20.857078],[-55.913288,-20.838304],[-55.92781,-20.817566],[-55.92888,-20.81595],[-55.929415,-20.815066],[-55.929765,-20.814104],[-55.931514,-20.807738],[-55.934456,-20.797294],[-55.934641,-20.79639],[-55.934538,-20.795601],[-55.934271,-20.794812],[-55.933654,-20.793851],[-55.931452,-20.7911],[-55.928098,-20.786887],[-55.927532,-20.786099],[-55.927316,-20.785579],[-55.927203,-20.785108],[-55.92672,-20.779972],[-55.926452,-20.777067],[-55.926349,-20.776442],[-55.926205,-20.775893],[-55.925958,-20.775201],[-55.923217,-20.768621],[-55.920779,-20.762676],[-55.917858,-20.755538],[-55.917251,-20.754047],[-55.91473,-20.747861],[-55.914275,-20.746793],[-55.912633,-20.742944],[-55.912039,-20.741547],[-55.91179,-20.740983],[-55.911675,-20.740697],[-55.911582,-20.740418],[-55.91152,-20.740176],[-55.911469,-20.739939],[-55.911437,-20.739687],[-55.91142,-20.739451],[-55.911418,-20.73927],[-55.911429,-20.739089],[-55.911442,-20.738908],[-55.911465,-20.738727],[-55.911643,-20.737869],[-55.912197,-20.735276],[-55.912245,-20.734469],[-55.912154,-20.733752],[-55.911393,-20.72934],[-55.910037,-20.721545],[-55.908992,-20.715493],[-55.907239,-20.705446],[-55.903842,-20.685622],[-55.900214,-20.663555],[-55.899422,-20.658516],[-55.899014,-20.656024],[-55.89881,-20.654742],[-55.898711,-20.654119],[-55.898663,-20.653828],[-55.898597,-20.653506],[-55.898493,-20.653133],[-55.898411,-20.652827],[-55.898313,-20.652539],[-55.898163,-20.65218],[-55.898073,-20.652004],[-55.897974,-20.651816],[-55.897741,-20.651387],[-55.897581,-20.651151],[-55.897432,-20.650934],[-55.897238,-20.650699],[-55.896786,-20.650168],[-55.893769,-20.646801],[-55.893183,-20.646249],[-55.892527,-20.645738],[-55.891439,-20.645077],[-55.885057,-20.641418],[-55.884492,-20.641038],[-55.883954,-20.640631],[-55.883537,-20.640287],[-55.883128,-20.639899],[-55.882443,-20.63919],[-55.881839,-20.63854],[-55.875963,-20.63222],[-55.870674,-20.626561],[-55.870346,-20.626159],[-55.87019,-20.625903],[-55.870059,-20.625634],[-55.869949,-20.625331],[-55.86988,-20.624983],[-55.869869,-20.62466],[-55.869866,-20.62391],[-55.869922,-20.622628],[-55.869949,-20.620608],[-55.869915,-20.620249],[-55.869856,-20.61995],[-55.869794,-20.619715],[-55.869657,-20.619368],[-55.869513,-20.619095],[-55.869372,-20.61887],[-55.868988,-20.618337],[-55.864763,-20.612684],[-55.862472,-20.609619],[-55.862188,-20.609181],[-55.861957,-20.608736],[-55.861655,-20.607987],[-55.861373,-20.607103],[-55.860383,-20.603592],[-55.860355,-20.603501],[-55.860091,-20.602555],[-55.859822,-20.601951],[-55.859555,-20.601434],[-55.859059,-20.600715],[-55.857789,-20.598872],[-55.851022,-20.589049],[-55.850806,-20.588647],[-55.850589,-20.588244],[-55.850428,-20.587934],[-55.850198,-20.587324],[-55.849878,-20.5863],[-55.846471,-20.575041],[-55.846453,-20.574977],[-55.846363,-20.574661],[-55.846004,-20.573541],[-55.845837,-20.573034],[-55.845657,-20.572524],[-55.845432,-20.571987],[-55.845166,-20.571487],[-55.844512,-20.570381],[-55.843837,-20.569282],[-55.84337,-20.568522],[-55.843143,-20.5681],[-55.842776,-20.567304],[-55.841015,-20.563179],[-55.838491,-20.557419],[-55.836039,-20.551725],[-55.833407,-20.545651],[-55.829803,-20.537282],[-55.829217,-20.535938],[-55.827245,-20.531413],[-55.824181,-20.524496],[-55.822381,-20.520489],[-55.813861,-20.501574],[-55.813449,-20.500661],[-55.813229,-20.500209],[-55.813071,-20.500039],[-55.812914,-20.499879],[-55.812786,-20.499759],[-55.81268,-20.499681],[-55.812541,-20.499602],[-55.812487,-20.499516],[-55.812455,-20.49944],[-55.812444,-20.499368],[-55.812444,-20.499289],[-55.812453,-20.499204],[-55.812508,-20.499114],[-55.812533,-20.499023],[-55.812538,-20.498956],[-55.81253,-20.498864],[-55.812504,-20.498754],[-55.812419,-20.49851],[-55.812367,-20.498406],[-55.812104,-20.49788],[-55.811905,-20.497546],[-55.811862,-20.497474],[-55.811723,-20.497289],[-55.811628,-20.497183],[-55.81176,-20.497171],[-55.81169,-20.496993],[-55.81077,-20.495077],[-55.810205,-20.49394],[-55.809896,-20.49326],[-55.80949,-20.492436],[-55.809108,-20.491664],[-55.808991,-20.491426],[-55.808266,-20.489962],[-55.808094,-20.489592],[-55.807906,-20.489217],[-55.807662,-20.488675],[-55.807222,-20.487788],[-55.807557,-20.487494],[-55.808282,-20.486827],[-55.808952,-20.486187],[-55.80966,-20.485535],[-55.81038,-20.484879],[-55.811149,-20.484185],[-55.811913,-20.48349],[-55.811216,-20.482805],[-55.810568,-20.482169],[-55.810404,-20.482305]]},"properties":{"id_trecho":"ACESS-ROTA-EST-008-04","id_rota":"ROTA-EST-008","nome_rota":"Rota Histórica da Retirada da Laguna","ordem_trecho":4,"origem":"Nioaque","destino":"Anastácio","tipo_registro_rota":"Itinerário histórico reconhecido documentalmente","status_institucional_rota":"Reconhecido no Anexo I do Decreto Estadual nº 12.897/2009","classe_base_acessibilidade":"Base institucional ou documental direta","natureza":"Estimativa científica de acessibilidade pela rede viária contemporânea","distancia_rodoviaria_km":87.3,"duracao_estimada_sem_trafego_min":83,"resumo_vias":"BR-419, BR-419; MS-345","perfil_roteamento":"driving","motor_roteamento":"OSRM route service","endpoint_consultado":"https://router.project-osrm.org","fonte_rede":"OpenStreetMap contributors","licenca_rede":"ODbL 1.0","data_materializacao":"2026-08-12T03:43:51.108Z","corte_base_joaju":"2026-08-10","data_versao_rede":"Não informada","origem_solicitada_lon":-55.8296,"origem_solicitada_lat":-21.1419,"destino_solicitado_lon":-55.8104,"destino_solicitado_lat":-20.4823,"origem_ajustada_lon":-55.828036,"origem_ajustada_lat":-21.145257,"destino_ajustado_lon":-55.810404,"destino_ajustado_lat":-20.482305,"distancia_ajuste_origem_m":405.6,"distancia_ajuste_destino_m":0.7,"status_revisao":"Não validado em campo","nota_especifica":"Representa acesso rodoviário contemporâneo entre referências municipais. Não reconstrói o trajeto histórico da Retirada da Laguna.","limitacoes":"Tempo sem trânsito em tempo real. O resultado pode incluir vias privadas, sazonais, não pavimentadas, interrompidas ou com restrições ausentes na base.","uso_operacional":"Não representa o traçado cultural, histórico, aquático ou oficialmente aprovado da rota. Não constitui recomendação de viagem, autorização de acesso ou validação das condições da via.","natureza_projeto":"Projeto de pesquisa científica","referencial_metodologico":"Aplicação e adaptação experimental do marco PRICI"}},{"type":"Feature","geometry":{"type":"LineString","coordinates":[[-55.810404,-20.482305],[-55.809761,-20.482838],[-55.809026,-20.482125],[-55.808357,-20.481475],[-55.807696,-20.482079],[-55.807619,-20.482164],[-55.806877,-20.482818],[-55.806798,-20.482884],[-55.806167,-20.483467],[-55.805794,-20.483827],[-55.805474,-20.484162],[-55.804799,-20.48353],[-55.804323,-20.483062],[-55.804006,-20.48275],[-55.803448,-20.482193],[-55.803327,-20.482072],[-55.802603,-20.481362],[-55.803,-20.481008],[-55.802781,-20.480642],[-55.802657,-20.480465],[-55.802632,-20.480411],[-55.802609,-20.480389],[-55.802599,-20.48036],[-55.802578,-20.480326],[-55.802459,-20.480069],[-55.801886,-20.479038],[-55.801696,-20.478704],[-55.801351,-20.478076],[-55.801287,-20.477953],[-55.801081,-20.47781],[-55.800857,-20.477729],[-55.800481,-20.477139],[-55.800159,-20.476592],[-55.799488,-20.4755],[-55.798278,-20.476135],[-55.797187,-20.476708],[-55.797063,-20.476773],[-55.796993,-20.476657],[-55.796386,-20.475651],[-55.795688,-20.474497],[-55.794618,-20.475086],[-55.794488,-20.475157],[-55.794265,-20.474776],[-55.794116,-20.474522],[-55.794098,-20.47449],[-55.793794,-20.473971],[-55.793144,-20.472859],[-55.792511,-20.471802],[-55.792452,-20.471703],[-55.791767,-20.470559],[-55.791085,-20.469421],[-55.790742,-20.468848],[-55.790389,-20.468258],[-55.789715,-20.467134],[-55.789383,-20.466579],[-55.789053,-20.466029],[-55.78844,-20.466353],[-55.788381,-20.466384],[-55.787808,-20.466687],[-55.787725,-20.46673],[-55.787099,-20.46706],[-55.786814,-20.466593]]},"properties":{"id_trecho":"ACESS-ROTA-EST-008-05","id_rota":"ROTA-EST-008","nome_rota":"Rota Histórica da Retirada da Laguna","ordem_trecho":5,"origem":"Anastácio","destino":"Aquidauana","tipo_registro_rota":"Itinerário histórico reconhecido documentalmente","status_institucional_rota":"Reconhecido no Anexo I do Decreto Estadual nº 12.897/2009","classe_base_acessibilidade":"Base institucional ou documental direta","natureza":"Estimativa científica de acessibilidade pela rede viária contemporânea","distancia_rodoviaria_km":4.1,"duracao_estimada_sem_trafego_min":6,"resumo_vias":"Rua Estevão Alves Correa, Rua Antônio Nogueira","perfil_roteamento":"driving","motor_roteamento":"OSRM route service","endpoint_consultado":"https://router.project-osrm.org","fonte_rede":"OpenStreetMap contributors","licenca_rede":"ODbL 1.0","data_materializacao":"2026-08-12T03:43:51.108Z","corte_base_joaju":"2026-08-10","data_versao_rede":"Não informada","origem_solicitada_lon":-55.8104,"origem_solicitada_lat":-20.4823,"destino_solicitado_lon":-55.7868,"destino_solicitado_lat":-20.4666,"origem_ajustada_lon":-55.810404,"origem_ajustada_lat":-20.482305,"destino_ajustado_lon":-55.786814,"destino_ajustado_lat":-20.466593,"distancia_ajuste_origem_m":0.7,"distancia_ajuste_destino_m":1.7,"status_revisao":"Não validado em campo","nota_especifica":"Representa acesso rodoviário contemporâneo entre referências municipais. Não reconstrói o trajeto histórico da Retirada da Laguna.","limitacoes":"Tempo sem trânsito em tempo real. O resultado pode incluir vias privadas, sazonais, não pavimentadas, interrompidas ou com restrições ausentes na base.","uso_operacional":"Não representa o traçado cultural, histórico, aquático ou oficialmente aprovado da rota. Não constitui recomendação de viagem, autorização de acesso ou validação das condições da via.","natureza_projeto":"Projeto de pesquisa científica","referencial_metodologico":"Aplicação e adaptação experimental do marco PRICI"}},{"type":"Feature","geometry":{"type":"LineString","coordinates":[[-53.351446,-22.489774],[-53.351496,-22.489029],[-53.351545,-22.488303],[-53.351601,-22.487632],[-53.351685,-22.486563],[-53.350869,-22.486503],[-53.350665,-22.486488],[-53.350202,-22.486455],[-53.349778,-22.486424],[-53.349637,-22.486414],[-53.348628,-22.486342],[-53.34762,-22.486266],[-53.346778,-22.486205],[-53.346565,-22.48619],[-53.345572,-22.486108],[-53.345175,-22.486079],[-53.345026,-22.486068],[-53.344573,-22.486035],[-53.343628,-22.485965],[-53.34268,-22.485894],[-53.342629,-22.48589],[-53.341544,-22.485785],[-53.341473,-22.485773],[-53.341422,-22.485751],[-53.341386,-22.485711],[-53.34138,-22.48566],[-53.341383,-22.485621],[-53.341384,-22.485583],[-53.341391,-22.485499],[-53.341427,-22.485325],[-53.341482,-22.485035],[-53.341541,-22.484448],[-53.341736,-22.482069],[-53.341823,-22.48127],[-53.341876,-22.480779],[-53.342148,-22.478166],[-53.342306,-22.476852],[-53.342446,-22.47552],[-53.342684,-22.473484],[-53.342926,-22.471417],[-53.343519,-22.466295],[-53.343919,-22.462918],[-53.344228,-22.460368],[-53.344443,-22.458732],[-53.344626,-22.457344],[-53.344691,-22.456817],[-53.345006,-22.45427],[-53.345589,-22.450021],[-53.346414,-22.444341],[-53.346547,-22.443471],[-53.346844,-22.441535],[-53.346877,-22.441311],[-53.347233,-22.438892],[-53.347648,-22.436173],[-53.34867,-22.429888],[-53.349286,-22.426001],[-53.350102,-22.421336],[-53.350236,-22.42051],[-53.350598,-22.418603],[-53.350956,-22.416457],[-53.351332,-22.414265],[-53.351669,-22.412278],[-53.351836,-22.411283],[-53.351913,-22.410773],[-53.351979,-22.41028],[-53.352054,-22.40985],[-53.352098,-22.409573],[-53.352325,-22.40808],[-53.352545,-22.406579],[-53.35275,-22.405147],[-53.352999,-22.403728],[-53.353124,-22.402977],[-53.353346,-22.401325],[-53.35361,-22.399708],[-53.353934,-22.397808],[-53.354231,-22.395949],[-53.354932,-22.391559],[-53.355532,-22.387773],[-53.356103,-22.384353],[-53.356171,-22.383984],[-53.356348,-22.382926],[-53.356523,-22.381803],[-53.356723,-22.380548],[-53.356826,-22.379953],[-53.356877,-22.379452],[-53.356894,-22.379032],[-53.356885,-22.378665],[-53.356848,-22.37829],[-53.356802,-22.378084],[-53.356741,-22.377899],[-53.356617,-22.377477],[-53.356489,-22.377131],[-53.356277,-22.376636],[-53.355868,-22.375847],[-53.355441,-22.375041],[-53.355044,-22.374263],[-53.354657,-22.373528],[-53.354359,-22.372915],[-53.35413,-22.372556],[-53.354039,-22.372432],[-53.353431,-22.371462],[-53.352884,-22.370649],[-53.352364,-22.369836],[-53.351672,-22.368794],[-53.351036,-22.367788],[-53.34933,-22.36509],[-53.34795,-22.362976],[-53.346965,-22.361459],[-53.346288,-22.360416],[-53.345676,-22.35944],[-53.344973,-22.35834],[-53.3442,-22.357145],[-53.343836,-22.356523],[-53.343647,-22.356165],[-53.343466,-22.355725],[-53.342821,-22.354086],[-53.342573,-22.353397],[-53.342048,-22.352047],[-53.341932,-22.35175],[-53.341674,-22.351069],[-53.341193,-22.349794],[-53.340974,-22.349242],[-53.340833,-22.348935],[-53.340483,-22.348329],[-53.340287,-22.348038],[-53.340069,-22.347738],[-53.339717,-22.347322],[-53.339329,-22.346928],[-53.338876,-22.346515],[-53.338409,-22.346175],[-53.337749,-22.345763],[-53.334373,-22.34373],[-53.332995,-22.342898],[-53.332933,-22.342861],[-53.331873,-22.342237],[-53.331667,-22.342162],[-53.33151,-22.342118],[-53.331283,-22.342065],[-53.33121,-22.342071],[-53.331142,-22.342058],[-53.331081,-22.342027],[-53.331032,-22.341982],[-53.331,-22.341925],[-53.330986,-22.341862],[-53.330992,-22.341798],[-53.331019,-22.341737],[-53.331064,-22.341686],[-53.331123,-22.34165],[-53.33129,-22.341573],[-53.331386,-22.341535],[-53.331482,-22.341507],[-53.331588,-22.341482],[-53.332014,-22.341017],[-53.333554,-22.339355],[-53.333854,-22.339035],[-53.335775,-22.336994],[-53.337954,-22.334657],[-53.34084,-22.331591],[-53.341397,-22.331003],[-53.341785,-22.330582],[-53.34218,-22.330162],[-53.344942,-22.327224],[-53.346957,-22.325108],[-53.346986,-22.325016],[-53.347004,-22.324951],[-53.347034,-22.324843],[-53.347073,-22.324726],[-53.34708,-22.324688],[-53.347044,-22.324501],[-53.347026,-22.324403],[-53.347009,-22.324324],[-53.346999,-22.324278],[-53.346979,-22.324176],[-53.346442,-22.323255],[-53.343128,-22.31762],[-53.34137,-22.314647],[-53.340434,-22.313067],[-53.339329,-22.311213],[-53.33758,-22.308229],[-53.335999,-22.305481],[-53.335137,-22.304075],[-53.334661,-22.303244],[-53.334166,-22.3024],[-53.334051,-22.302245],[-53.333946,-22.302143],[-53.333909,-22.302104],[-53.333878,-22.302065],[-53.333798,-22.302057],[-53.333742,-22.302036],[-53.333693,-22.302004],[-53.333651,-22.301958],[-53.333624,-22.301907],[-53.33361,-22.301846],[-53.333614,-22.301785],[-53.333635,-22.301727],[-53.333665,-22.301683],[-53.333705,-22.301646],[-53.333752,-22.301618],[-53.333924,-22.301534],[-53.334084,-22.301461],[-53.334379,-22.301224],[-53.334769,-22.300736],[-53.338873,-22.295845],[-53.34129,-22.292965],[-53.342053,-22.292054],[-53.344449,-22.289192],[-53.3484,-22.284459],[-53.34915,-22.283557],[-53.350315,-22.282146],[-53.350333,-22.282125],[-53.351318,-22.280963],[-53.351397,-22.280841],[-53.351457,-22.280694],[-53.351494,-22.280539],[-53.351474,-22.280461],[-53.35148,-22.28038],[-53.351513,-22.280304],[-53.351572,-22.280235],[-53.351636,-22.2802],[-53.351714,-22.280178],[-53.351909,-22.280116],[-53.352008,-22.280056],[-53.3521,-22.279979],[-53.352235,-22.279852],[-53.353803,-22.27804],[-53.355361,-22.276175],[-53.356927,-22.2743],[-53.357219,-22.27395],[-53.357448,-22.273677],[-53.359804,-22.270867],[-53.36006,-22.270563],[-53.360882,-22.269594],[-53.362097,-22.268165],[-53.362165,-22.268086],[-53.362421,-22.267787],[-53.362957,-22.267153],[-53.363036,-22.266955],[-53.363118,-22.266696],[-53.363127,-22.266608],[-53.363217,-22.266497],[-53.363346,-22.266444],[-53.363494,-22.266466],[-53.363531,-22.266512],[-53.363603,-22.266608],[-53.364055,-22.267122],[-53.364818,-22.268109],[-53.369356,-22.273592],[-53.370535,-22.274939],[-53.370757,-22.27524],[-53.377129,-22.282865],[-53.379801,-22.286069],[-53.380087,-22.286418],[-53.380336,-22.28672],[-53.380743,-22.287214],[-53.380907,-22.287464],[-53.382944,-22.289913],[-53.386461,-22.29414],[-53.388512,-22.296624],[-53.391344,-22.300676],[-53.391878,-22.30144],[-53.395782,-22.307024],[-53.395981,-22.307308],[-53.396411,-22.307924],[-53.396604,-22.30819],[-53.396795,-22.308416],[-53.397058,-22.308654],[-53.39729,-22.308839],[-53.397616,-22.309024],[-53.397916,-22.309165],[-53.398219,-22.309279],[-53.398543,-22.309373],[-53.399347,-22.309598],[-53.400113,-22.30983],[-53.400269,-22.30987],[-53.411463,-22.313174],[-53.411502,-22.313185],[-53.417673,-22.314978],[-53.41839,-22.315187],[-53.421452,-22.316076],[-53.428052,-22.318027],[-53.43647,-22.320485],[-53.442721,-22.322338],[-53.456123,-22.326312],[-53.46035,-22.327564],[-53.461215,-22.32782],[-53.467952,-22.329816],[-53.474485,-22.331752],[-53.475248,-22.331978],[-53.490934,-22.336622],[-53.49156,-22.336933],[-53.49199,-22.337159],[-53.492375,-22.337412],[-53.49279,-22.337735],[-53.493153,-22.338076],[-53.493612,-22.338568],[-53.493893,-22.338905],[-53.495264,-22.340505],[-53.510429,-22.358094],[-53.510586,-22.358279],[-53.523824,-22.373635],[-53.524647,-22.374554],[-53.525102,-22.374979],[-53.525574,-22.37532],[-53.525955,-22.375563],[-53.526684,-22.375949],[-53.529354,-22.37719],[-53.529826,-22.377441],[-53.530309,-22.37775],[-53.530739,-22.378078],[-53.531147,-22.378445],[-53.531484,-22.378807],[-53.531876,-22.379244],[-53.532299,-22.379719],[-53.533853,-22.381402],[-53.53511,-22.38269],[-53.535716,-22.38307],[-53.536376,-22.383356],[-53.537097,-22.383515],[-53.537836,-22.383549],[-53.538321,-22.383489],[-53.538789,-22.383397],[-53.542749,-22.382326],[-53.542996,-22.382258],[-53.545324,-22.381618],[-53.546207,-22.381434],[-53.546943,-22.381376],[-53.547148,-22.38136],[-53.547303,-22.381372],[-53.548243,-22.381446],[-53.55689,-22.382454],[-53.567032,-22.38369],[-53.567607,-22.38376],[-53.568266,-22.383841],[-53.569328,-22.383971],[-53.573783,-22.384514],[-53.580472,-22.38533],[-53.582661,-22.385694],[-53.587451,-22.386653],[-53.588347,-22.386832],[-53.588416,-22.38684],[-53.588814,-22.386896],[-53.588925,-22.386912],[-53.590317,-22.38709],[-53.59162,-22.387251],[-53.592962,-22.387418],[-53.593074,-22.387431],[-53.593677,-22.387505],[-53.594415,-22.387608],[-53.595734,-22.387786],[-53.597085,-22.387974],[-53.59782,-22.38806],[-53.599088,-22.388227],[-53.599815,-22.388321],[-53.606554,-22.389201],[-53.608007,-22.38939],[-53.612573,-22.389986],[-53.613429,-22.390101],[-53.618395,-22.390765],[-53.623336,-22.391424],[-53.638,-22.393398],[-53.639008,-22.393524],[-53.639963,-22.393527],[-53.640979,-22.393377],[-53.641454,-22.393257],[-53.642098,-22.393033],[-53.65051,-22.389943],[-53.651195,-22.389659],[-53.651844,-22.389321],[-53.653149,-22.388634],[-53.668171,-22.380776],[-53.672913,-22.378269],[-53.67673,-22.37627],[-53.677728,-22.375738],[-53.679188,-22.374962],[-53.68009,-22.374501],[-53.680824,-22.374116],[-53.682158,-22.373408],[-53.684965,-22.371926],[-53.687207,-22.370756],[-53.68812,-22.370277],[-53.690804,-22.368865],[-53.691507,-22.368505],[-53.692422,-22.368021],[-53.692938,-22.367752],[-53.693735,-22.367331],[-53.698875,-22.364623],[-53.703246,-22.362319],[-53.71932,-22.353843],[-53.729925,-22.348251],[-53.731441,-22.347451],[-53.734211,-22.345988],[-53.735557,-22.345291],[-53.736233,-22.344929],[-53.736915,-22.344658],[-53.741978,-22.343008],[-53.758261,-22.33742],[-53.764822,-22.335197],[-53.77948,-22.33023],[-53.782338,-22.329261],[-53.789217,-22.32693],[-53.791635,-22.326111],[-53.793561,-22.325458],[-53.799963,-22.323323],[-53.80116,-22.322883],[-53.801255,-22.322855],[-53.804041,-22.321906],[-53.807517,-22.320749],[-53.807583,-22.320724],[-53.808164,-22.320547],[-53.808435,-22.320458],[-53.808874,-22.320316],[-53.809087,-22.32024],[-53.809144,-22.320217],[-53.817653,-22.317293],[-53.817706,-22.317275],[-53.818555,-22.316994],[-53.818658,-22.31696],[-53.819076,-22.316806],[-53.820103,-22.316469],[-53.820577,-22.316309],[-53.822721,-22.31558],[-53.82431,-22.315041],[-53.826941,-22.314147],[-53.828968,-22.313459],[-53.829855,-22.313157],[-53.830031,-22.313076],[-53.83017,-22.313016],[-53.830324,-22.312946],[-53.830436,-22.312895],[-53.830559,-22.312825],[-53.830729,-22.312732],[-53.830878,-22.312642],[-53.830996,-22.31257],[-53.831543,-22.312361],[-53.831812,-22.312267],[-53.832091,-22.312183],[-53.832262,-22.31215],[-53.832777,-22.312086],[-53.833093,-22.312039],[-53.834035,-22.31172],[-53.838926,-22.310049],[-53.845694,-22.307775],[-53.84581,-22.307735],[-53.846009,-22.307667],[-53.850609,-22.306107],[-53.853156,-22.305238],[-53.87738,-22.296969],[-53.877692,-22.29688],[-53.885167,-22.294333],[-53.886115,-22.294019],[-53.887064,-22.293836],[-53.888451,-22.29377],[-53.893964,-22.293666],[-53.894014,-22.293665],[-53.900932,-22.293502],[-53.90659,-22.293395],[-53.911148,-22.293327],[-53.911391,-22.293323],[-53.912307,-22.293305],[-53.914189,-22.293283],[-53.916303,-22.293276],[-53.919584,-22.293267],[-53.921122,-22.293255],[-53.925378,-22.293251],[-53.928217,-22.293229],[-53.930423,-22.293225],[-53.931906,-22.29321],[-53.933695,-22.293214],[-53.934586,-22.293206],[-53.935268,-22.293215],[-53.935844,-22.293241],[-53.93632,-22.293287],[-53.937106,-22.2934],[-53.938352,-22.293588],[-53.939827,-22.293772],[-53.941314,-22.293991],[-53.94427,-22.294421],[-53.947965,-22.294921],[-53.949799,-22.29518],[-53.953908,-22.295749],[-53.955598,-22.295993],[-53.957334,-22.296231],[-53.961812,-22.296862],[-53.963499,-22.297104],[-53.969149,-22.297899],[-53.975008,-22.298719],[-53.980937,-22.299544],[-53.992863,-22.301204],[-53.998649,-22.302028],[-54.000473,-22.302288],[-54.005855,-22.303031],[-54.006053,-22.303058],[-54.009929,-22.303598],[-54.023858,-22.305544],[-54.023938,-22.305556],[-54.024826,-22.305688],[-54.025997,-22.305842],[-54.027143,-22.306009],[-54.028595,-22.306225],[-54.030268,-22.306446],[-54.031786,-22.306647],[-54.033581,-22.306902],[-54.035638,-22.307193],[-54.035858,-22.307223],[-54.038267,-22.307562],[-54.041241,-22.307987],[-54.043525,-22.308302],[-54.044499,-22.30843],[-54.045628,-22.308583],[-54.046862,-22.308741],[-54.048328,-22.308957],[-54.049447,-22.309108],[-54.050528,-22.309252],[-54.051542,-22.309389],[-54.052697,-22.309547],[-54.05388,-22.309705],[-54.054788,-22.309853],[-54.055506,-22.309948],[-54.056865,-22.310136],[-54.05769,-22.310246],[-54.058316,-22.31033],[-54.059023,-22.310418],[-54.059998,-22.310534],[-54.060921,-22.310655],[-54.062275,-22.310849],[-54.063976,-22.311076],[-54.065738,-22.311319],[-54.06768,-22.31159],[-54.069632,-22.311868],[-54.072536,-22.312249],[-54.073125,-22.312309],[-54.073689,-22.312329],[-54.074284,-22.312312],[-54.074466,-22.312312],[-54.074833,-22.312277],[-54.075311,-22.312215],[-54.075823,-22.312121],[-54.076815,-22.31187],[-54.077861,-22.311466],[-54.079304,-22.31092],[-54.083389,-22.309336],[-54.083735,-22.309191],[-54.113504,-22.297563],[-54.127961,-22.291942],[-54.144009,-22.285763],[-54.146427,-22.284805],[-54.159719,-22.279616],[-54.160378,-22.279337],[-54.160912,-22.279156],[-54.161504,-22.278942],[-54.161875,-22.278747],[-54.162596,-22.278426],[-54.162752,-22.278372],[-54.16368,-22.278013],[-54.164435,-22.277736],[-54.164558,-22.27769],[-54.165347,-22.277466],[-54.165342,-22.277396],[-54.165361,-22.277329],[-54.165402,-22.27727],[-54.165451,-22.277231],[-54.165509,-22.277205],[-54.165572,-22.277194],[-54.165635,-22.277199],[-54.165694,-22.277219],[-54.165746,-22.277253],[-54.165787,-22.277298],[-54.166444,-22.277],[-54.166817,-22.276878],[-54.166924,-22.276861],[-54.16702,-22.276856],[-54.167156,-22.27685],[-54.16743,-22.276845],[-54.16752,-22.276857],[-54.167662,-22.276881],[-54.167931,-22.276957],[-54.168108,-22.277031],[-54.168172,-22.277059],[-54.168256,-22.277097],[-54.168404,-22.27718],[-54.168549,-22.277281],[-54.16873,-22.277411],[-54.16889,-22.277513],[-54.169113,-22.278051],[-54.169303,-22.278499],[-54.169388,-22.278751],[-54.169466,-22.278872],[-54.169825,-22.279723],[-54.169994,-22.280127],[-54.170202,-22.280566],[-54.17056,-22.281375],[-54.170701,-22.281781],[-54.170767,-22.281928],[-54.170886,-22.28222],[-54.172157,-22.285123],[-54.172564,-22.286122],[-54.172692,-22.286411],[-54.172897,-22.286878],[-54.173827,-22.289012],[-54.174611,-22.290832],[-54.175387,-22.292638],[-54.176943,-22.296095],[-54.176994,-22.296214],[-54.177241,-22.296812],[-54.180978,-22.305421],[-54.181228,-22.306013],[-54.184983,-22.314714],[-54.185616,-22.316189],[-54.185887,-22.31682],[-54.186146,-22.31738],[-54.187267,-22.319933],[-54.194479,-22.336566],[-54.194778,-22.337264],[-54.195099,-22.337972],[-54.196231,-22.340563],[-54.199119,-22.347222],[-54.200001,-22.349319],[-54.201004,-22.351695],[-54.203196,-22.356687],[-54.208352,-22.368257],[-54.209454,-22.370706],[-54.210116,-22.372185],[-54.210786,-22.373646],[-54.211696,-22.375658],[-54.212231,-22.376828],[-54.213153,-22.378829],[-54.214183,-22.381064],[-54.216271,-22.385612],[-54.217173,-22.387549],[-54.217536,-22.388337],[-54.219064,-22.391653],[-54.219859,-22.39338],[-54.220403,-22.394569],[-54.221238,-22.396381],[-54.221762,-22.397522],[-54.222508,-22.399151],[-54.22366,-22.401656],[-54.224684,-22.403876],[-54.225449,-22.405545],[-54.226396,-22.407581],[-54.226485,-22.407778],[-54.226694,-22.408238],[-54.226774,-22.408403],[-54.226998,-22.408871],[-54.227107,-22.40914],[-54.227199,-22.409199],[-54.227586,-22.410066],[-54.228008,-22.411],[-54.228288,-22.411586],[-54.228456,-22.411927],[-54.228877,-22.412852],[-54.228949,-22.413012],[-54.229204,-22.413587],[-54.2293,-22.413782],[-54.229639,-22.414525],[-54.229722,-22.414702],[-54.230147,-22.415639],[-54.230578,-22.416577],[-54.230704,-22.416862],[-54.230859,-22.41719],[-54.230945,-22.417176],[-54.231032,-22.417179],[-54.231116,-22.417199],[-54.231195,-22.417235],[-54.231263,-22.417285],[-54.231318,-22.417347],[-54.231338,-22.417379],[-54.231355,-22.417412],[-54.231368,-22.417447],[-54.231385,-22.417531],[-54.23138,-22.417617],[-54.231355,-22.417699],[-54.231311,-22.417775],[-54.23125,-22.417839],[-54.231174,-22.417889],[-54.231218,-22.417992],[-54.231386,-22.41838],[-54.231451,-22.418522],[-54.231685,-22.419068],[-54.231862,-22.419448],[-54.231947,-22.419645],[-54.2321,-22.419998],[-54.232268,-22.420369],[-54.232582,-22.421091],[-54.23269,-22.42133],[-54.232791,-22.421552],[-54.232935,-22.421859],[-54.233223,-22.422467],[-54.233381,-22.422799],[-54.233649,-22.423375],[-54.233671,-22.423488],[-54.233749,-22.423656],[-54.234044,-22.424309],[-54.234477,-22.425252],[-54.23453,-22.425359],[-54.234939,-22.426171],[-54.235539,-22.427408],[-54.235604,-22.427545],[-54.235646,-22.427623],[-54.236283,-22.428884],[-54.236915,-22.430156],[-54.238122,-22.432701],[-54.240571,-22.437779],[-54.246654,-22.450679],[-54.249527,-22.456832],[-54.249649,-22.457032],[-54.249921,-22.457528],[-54.25,-22.457689],[-54.250055,-22.457786],[-54.250103,-22.45788],[-54.250189,-22.458087],[-54.250316,-22.458374],[-54.250607,-22.459158],[-54.25089,-22.459758],[-54.251113,-22.460236],[-54.251353,-22.460764],[-54.251842,-22.461809],[-54.25282,-22.463905],[-54.254779,-22.468094],[-54.255258,-22.469139],[-54.255747,-22.470191],[-54.256735,-22.472284],[-54.25871,-22.476463],[-54.259077,-22.477239],[-54.259179,-22.477454],[-54.259255,-22.477599],[-54.259351,-22.477759],[-54.259408,-22.477839],[-54.259507,-22.477974],[-54.259607,-22.478088],[-54.259725,-22.478208],[-54.259924,-22.478378],[-54.260292,-22.478629],[-54.260628,-22.478797],[-54.260852,-22.478886],[-54.261008,-22.478936],[-54.261272,-22.478976],[-54.261425,-22.478995],[-54.26152,-22.479005],[-54.261759,-22.479003],[-54.262105,-22.47898],[-54.262519,-22.478893],[-54.263272,-22.478631],[-54.264359,-22.478174],[-54.265588,-22.477686],[-54.267735,-22.476822],[-54.271419,-22.475389],[-54.273488,-22.474595],[-54.275532,-22.473784],[-54.276302,-22.473488],[-54.279581,-22.472136],[-54.292036,-22.467267],[-54.298287,-22.464848],[-54.304515,-22.462439],[-54.304544,-22.462425],[-54.304786,-22.462208],[-54.30479,-22.462197],[-54.304812,-22.462173],[-54.304839,-22.462155],[-54.304871,-22.462145],[-54.304905,-22.462144],[-54.304938,-22.462152],[-54.304967,-22.462168],[-54.304979,-22.462179],[-54.30499,-22.462191],[-54.304998,-22.462203],[-54.305005,-22.462219],[-54.305007,-22.462226],[-54.305011,-22.462249],[-54.305007,-22.46228],[-54.305068,-22.462429],[-54.305095,-22.46252],[-54.305121,-22.462631],[-54.305412,-22.463309],[-54.305757,-22.464047],[-54.306455,-22.465614],[-54.30737,-22.467563],[-54.308282,-22.469527],[-54.309042,-22.471129],[-54.309838,-22.472763],[-54.310129,-22.473327],[-54.310407,-22.47388],[-54.310687,-22.47443],[-54.310976,-22.475055],[-54.310999,-22.475105],[-54.311266,-22.47572],[-54.31146,-22.476128],[-54.311739,-22.476634],[-54.312007,-22.477214],[-54.3125,-22.478183],[-54.312557,-22.478313],[-54.311765,-22.47867],[-54.311632,-22.478718],[-54.310654,-22.479128],[-54.310506,-22.47919],[-54.309752,-22.479536],[-54.309498,-22.47965],[-54.30938,-22.479703],[-54.308346,-22.48015],[-54.308248,-22.480201],[-54.307797,-22.480397]]},"properties":{"id_trecho":"ACESS-ROTA-EST-009-01","id_rota":"ROTA-EST-009","nome_rota":"Rota dos Pioneiros e das Memórias do Rio Paraná","ordem_trecho":1,"origem":"Taquarussu","destino":"Jateí","tipo_registro_rota":"Rota institucional incorporada ao estudo","status_institucional_rota":"Reconhecida e promovida pela Fundtur MS e Rede Brasileira de Trilhas","classe_base_acessibilidade":"Base institucional ou documental direta","natureza":"Estimativa científica de acessibilidade pela rede viária contemporânea","distancia_rodoviaria_km":152.2,"duracao_estimada_sem_trafego_min":127,"resumo_vias":"MS-473, BR-376","perfil_roteamento":"driving","motor_roteamento":"OSRM route service","endpoint_consultado":"https://router.project-osrm.org","fonte_rede":"OpenStreetMap contributors","licenca_rede":"ODbL 1.0","data_materializacao":"2026-08-12T03:43:51.108Z","corte_base_joaju":"2026-08-10","data_versao_rede":"Não informada","origem_solicitada_lon":-53.3519,"origem_solicitada_lat":-22.4898,"destino_solicitado_lon":-54.3079,"destino_solicitado_lat":-22.4806,"origem_ajustada_lon":-53.351446,"origem_ajustada_lat":-22.489774,"destino_ajustado_lon":-54.307797,"destino_ajustado_lat":-22.480397,"distancia_ajuste_origem_m":46.8,"distancia_ajuste_destino_m":24.9,"status_revisao":"Não validado em campo","nota_especifica":"Estimativa viária contemporânea entre referências da proposta metodológica. Não substitui validação logística ou de campo.","limitacoes":"Tempo sem trânsito em tempo real. O resultado pode incluir vias privadas, sazonais, não pavimentadas, interrompidas ou com restrições ausentes na base.","uso_operacional":"Não representa o traçado cultural, histórico, aquático ou oficialmente aprovado da rota. Não constitui recomendação de viagem, autorização de acesso ou validação das condições da via.","natureza_projeto":"Projeto de pesquisa científica","referencial_metodologico":"Aplicação e adaptação experimental do marco PRICI"}},{"type":"Feature","geometry":{"type":"LineString","coordinates":[[-54.307797,-22.480397],[-54.307226,-22.480645],[-54.30708,-22.480711],[-54.30703,-22.480612],[-54.307168,-22.480551],[-54.308192,-22.480092],[-54.308309,-22.480046],[-54.309314,-22.479604],[-54.309453,-22.479545],[-54.310453,-22.479099],[-54.310612,-22.479034],[-54.311588,-22.478624],[-54.311725,-22.478553],[-54.312307,-22.478277],[-54.3125,-22.478183],[-54.312007,-22.477214],[-54.311739,-22.476634],[-54.31146,-22.476128],[-54.311266,-22.47572],[-54.310999,-22.475105],[-54.310976,-22.475055],[-54.310687,-22.47443],[-54.310407,-22.47388],[-54.310129,-22.473327],[-54.309838,-22.472763],[-54.309042,-22.471129],[-54.308282,-22.469527],[-54.30737,-22.467563],[-54.306455,-22.465614],[-54.305757,-22.464047],[-54.305412,-22.463309],[-54.305121,-22.462631],[-54.305008,-22.462536],[-54.304965,-22.462498],[-54.304929,-22.462456],[-54.304878,-22.462435],[-54.304819,-22.462412],[-54.304782,-22.462406],[-54.304744,-22.462402],[-54.304656,-22.462407],[-54.304515,-22.462439],[-54.298287,-22.464848],[-54.292036,-22.467267],[-54.279581,-22.472136],[-54.276302,-22.473488],[-54.275532,-22.473784],[-54.273488,-22.474595],[-54.271419,-22.475389],[-54.267735,-22.476822],[-54.265588,-22.477686],[-54.264359,-22.478174],[-54.263272,-22.478631],[-54.262519,-22.478893],[-54.262105,-22.47898],[-54.261759,-22.479003],[-54.26152,-22.479005],[-54.261425,-22.478995],[-54.261272,-22.478976],[-54.261008,-22.478936],[-54.260852,-22.478886],[-54.260628,-22.478797],[-54.260292,-22.478629],[-54.259924,-22.478378],[-54.259725,-22.478208],[-54.259607,-22.478088],[-54.259507,-22.477974],[-54.259408,-22.477839],[-54.259351,-22.477759],[-54.259255,-22.477599],[-54.259179,-22.477454],[-54.259077,-22.477239],[-54.25871,-22.476463],[-54.256735,-22.472284],[-54.255747,-22.470191],[-54.255258,-22.469139],[-54.254779,-22.468094],[-54.25282,-22.463905],[-54.251842,-22.461809],[-54.251353,-22.460764],[-54.251113,-22.460236],[-54.25089,-22.459758],[-54.250607,-22.459158],[-54.250437,-22.458866],[-54.250347,-22.458726],[-54.250309,-22.458675],[-54.25027,-22.458631],[-54.250197,-22.458565],[-54.250121,-22.458507],[-54.249906,-22.458363],[-54.249867,-22.458336],[-54.249819,-22.458307],[-54.249713,-22.458283],[-54.249561,-22.458253],[-54.249428,-22.458235],[-54.249253,-22.458229],[-54.249178,-22.458233],[-54.249096,-22.458246],[-54.248568,-22.458369],[-54.248385,-22.458422],[-54.248076,-22.458503],[-54.24774,-22.458619],[-54.247088,-22.45886],[-54.244854,-22.459737],[-54.24266,-22.460591],[-54.23827,-22.46229],[-54.229454,-22.465759],[-54.224395,-22.467749],[-54.222833,-22.468361],[-54.221254,-22.468989],[-54.219525,-22.469659],[-54.210701,-22.473107],[-54.205074,-22.475305],[-54.20284,-22.476167],[-54.200065,-22.477286],[-54.193601,-22.479832],[-54.191376,-22.480674],[-54.188553,-22.481779],[-54.185317,-22.483018],[-54.182826,-22.484007],[-54.175201,-22.486986],[-54.173609,-22.487618],[-54.169917,-22.489093],[-54.166749,-22.490279],[-54.1628,-22.491806],[-54.161997,-22.492111],[-54.161708,-22.492218],[-54.161103,-22.492457],[-54.160563,-22.492675],[-54.159674,-22.493016],[-54.159541,-22.493068],[-54.159455,-22.493104],[-54.158448,-22.493497],[-54.157162,-22.493995],[-54.155368,-22.494696],[-54.152761,-22.495714],[-54.146582,-22.498111],[-54.135324,-22.502498],[-54.125823,-22.506174],[-54.11478,-22.510447],[-54.103285,-22.514944],[-54.102177,-22.515348],[-54.101608,-22.515517],[-54.101143,-22.515599],[-54.100671,-22.51564],[-54.100406,-22.515663],[-54.099595,-22.515617],[-54.099026,-22.515544],[-54.098368,-22.515343],[-54.09676,-22.514781],[-54.096335,-22.514658],[-54.095642,-22.514562],[-54.094841,-22.514507],[-54.093258,-22.514493],[-54.073125,-22.514271],[-54.064947,-22.51418],[-54.063335,-22.51418],[-54.06193,-22.514372],[-54.059598,-22.514773],[-54.051073,-22.516241],[-54.05036,-22.516406],[-54.049534,-22.516716],[-54.048693,-22.517128],[-54.047749,-22.517644],[-54.045429,-22.51899],[-54.044574,-22.51937],[-54.043975,-22.519557],[-54.043075,-22.519772],[-54.041957,-22.519845],[-54.040968,-22.51979],[-54.03986,-22.519594],[-54.038366,-22.519246],[-54.037688,-22.519205],[-54.036206,-22.519172],[-54.035819,-22.519168],[-54.033681,-22.519141],[-54.028355,-22.519133],[-54.027235,-22.519185],[-54.025948,-22.519295],[-54.007026,-22.521514],[-54.006576,-22.521546],[-54.004657,-22.521866],[-54.003645,-22.522034],[-54.002663,-22.522163],[-54.002485,-22.522197],[-54.002385,-22.522224],[-54.002289,-22.522276],[-54.002202,-22.522344],[-54.002191,-22.5224],[-54.002171,-22.522453],[-54.002114,-22.522539],[-54.002032,-22.522606],[-54.002288,-22.522853],[-54.017429,-22.538721],[-54.0225,-22.544009],[-54.023766,-22.545232],[-54.024867,-22.546276],[-54.025318,-22.546687],[-54.026234,-22.547464],[-54.026598,-22.548001],[-54.026834,-22.548537],[-54.026965,-22.549072],[-54.026991,-22.549494],[-54.026942,-22.549996],[-54.026277,-22.554416],[-54.026234,-22.55521],[-54.026255,-22.555983],[-54.026341,-22.556755],[-54.030617,-22.580258],[-54.031481,-22.585008],[-54.03645,-22.612824],[-54.036468,-22.61293],[-54.036815,-22.614774],[-54.038894,-22.625827],[-54.041899,-22.643355],[-54.041923,-22.643602],[-54.041936,-22.643789],[-54.041985,-22.644071],[-54.042041,-22.644374],[-54.042107,-22.644805],[-54.043357,-22.651727],[-54.044065,-22.656254],[-54.04457,-22.664851],[-54.045674,-22.683634],[-54.046726,-22.700221],[-54.047906,-22.717216],[-54.049246,-22.735054],[-54.049428,-22.737207],[-54.049446,-22.73757],[-54.04945,-22.737673],[-54.049473,-22.738051],[-54.049761,-22.741302],[-54.049862,-22.74281],[-54.050137,-22.745883],[-54.050631,-22.751591],[-54.051167,-22.757813],[-54.052154,-22.775288],[-54.052168,-22.775541],[-54.052674,-22.784507],[-54.053056,-22.791266],[-54.05327,-22.793776],[-54.053533,-22.795155],[-54.053914,-22.796523],[-54.056019,-22.803667],[-54.057201,-22.807678],[-54.060394,-22.818517],[-54.065351,-22.835211],[-54.06845,-22.845466],[-54.070003,-22.850602],[-54.070037,-22.850714],[-54.070136,-22.851039],[-54.071786,-22.856466],[-54.072657,-22.859364],[-54.073544,-22.862326],[-54.073981,-22.863739],[-54.075365,-22.868448],[-54.076058,-22.870798],[-54.076408,-22.871986],[-54.076579,-22.872578],[-54.076665,-22.872869],[-54.076749,-22.873182],[-54.07697,-22.874197],[-54.077035,-22.87459],[-54.077095,-22.874999],[-54.077993,-22.881751],[-54.078455,-22.88516],[-54.078691,-22.886853],[-54.078922,-22.888548],[-54.07901,-22.8892],[-54.080061,-22.897502],[-54.080184,-22.89833],[-54.080401,-22.900091],[-54.080642,-22.901786],[-54.080653,-22.901863],[-54.081323,-22.90655],[-54.08153,-22.907974],[-54.081564,-22.908211],[-54.082434,-22.914389],[-54.083411,-22.921226],[-54.083869,-22.924432],[-54.084013,-22.925284],[-54.084056,-22.925481],[-54.084107,-22.925673],[-54.084255,-22.926084],[-54.084398,-22.926393],[-54.084489,-22.926567],[-54.084586,-22.926729],[-54.084693,-22.926892],[-54.084822,-22.92706],[-54.085078,-22.927348],[-54.085408,-22.927666],[-54.085694,-22.927923],[-54.086263,-22.928353],[-54.087476,-22.929216],[-54.091128,-22.931773],[-54.093131,-22.933139],[-54.09805,-22.93648],[-54.102838,-22.93971],[-54.106545,-22.942141],[-54.109577,-22.944129],[-54.110533,-22.944782],[-54.112001,-22.945807],[-54.112312,-22.946026],[-54.11615,-22.948677],[-54.120193,-22.951473],[-54.124708,-22.954534],[-54.125969,-22.955378],[-54.128984,-22.957402],[-54.134695,-22.961222],[-54.139626,-22.964479],[-54.143081,-22.966761],[-54.143409,-22.966978],[-54.14386,-22.967287],[-54.144616,-22.967783],[-54.145492,-22.968368],[-54.146864,-22.969277],[-54.147839,-22.969935],[-54.148748,-22.970511],[-54.150227,-22.971486],[-54.151072,-22.972048],[-54.151986,-22.972665],[-54.152668,-22.973115],[-54.153289,-22.973522],[-54.153914,-22.973926],[-54.154445,-22.974272],[-54.15509,-22.974711],[-54.155934,-22.97528],[-54.15676,-22.975834],[-54.15746,-22.976297],[-54.157972,-22.976632],[-54.159211,-22.977451],[-54.160103,-22.978039],[-54.161208,-22.978791],[-54.162139,-22.979401],[-54.162557,-22.979693],[-54.164549,-22.981018],[-54.165368,-22.981565],[-54.165921,-22.981937],[-54.16639,-22.982238],[-54.167321,-22.982845],[-54.168206,-22.983444],[-54.1689,-22.983905],[-54.169648,-22.9844],[-54.170097,-22.984701],[-54.170911,-22.985215],[-54.171752,-22.985792],[-54.172519,-22.986296],[-54.173096,-22.986686],[-54.173949,-22.987262],[-54.174631,-22.987713],[-54.17548,-22.988279],[-54.176243,-22.988794],[-54.176899,-22.989236],[-54.178314,-22.990197],[-54.179221,-22.990804],[-54.180518,-22.991688],[-54.181523,-22.992368],[-54.182214,-22.99283],[-54.182848,-22.993253],[-54.183221,-22.993509],[-54.184206,-22.99418],[-54.185339,-22.994962],[-54.185419,-22.995014],[-54.186122,-22.995505],[-54.187086,-22.996138],[-54.188022,-22.996747],[-54.188737,-22.99725],[-54.188869,-22.997359],[-54.189192,-22.997648],[-54.189512,-22.997972],[-54.189628,-22.998105],[-54.189987,-22.998566],[-54.190224,-22.99892],[-54.190381,-22.99918],[-54.190625,-22.999659],[-54.190711,-22.999865],[-54.190852,-23.000279],[-54.190933,-23.000555],[-54.191008,-23.001034],[-54.191017,-23.001168],[-54.191092,-23.001753],[-54.191088,-23.002282],[-54.191052,-23.002761],[-54.190998,-23.003453],[-54.190925,-23.004017],[-54.190817,-23.004719],[-54.19071,-23.005457],[-54.190608,-23.006034],[-54.190538,-23.006525],[-54.190463,-23.007104],[-54.190388,-23.007652],[-54.190301,-23.008295],[-54.190168,-23.009288],[-54.190057,-23.010084],[-54.189946,-23.010954],[-54.189748,-23.012331],[-54.18964,-23.0131],[-54.18944,-23.014649],[-54.189373,-23.015166],[-54.189274,-23.015887],[-54.18914,-23.016758],[-54.189064,-23.017439],[-54.189043,-23.017653],[-54.189024,-23.017787],[-54.189,-23.017913],[-54.188993,-23.01795],[-54.18901,-23.01801],[-54.18897,-23.01835],[-54.188529,-23.02167],[-54.18852,-23.021783],[-54.188546,-23.021941],[-54.188542,-23.022107],[-54.188513,-23.022271],[-54.188432,-23.022928],[-54.188384,-23.023301],[-54.188331,-23.023659],[-54.188313,-23.023782],[-54.188202,-23.024237],[-54.187857,-23.026693],[-54.187786,-23.027465],[-54.187778,-23.027896],[-54.187794,-23.028288],[-54.187832,-23.02868],[-54.187927,-23.02925],[-54.188076,-23.029791],[-54.188263,-23.030296],[-54.188556,-23.030829],[-54.188748,-23.031224],[-54.188931,-23.031548],[-54.189127,-23.031991],[-54.189388,-23.032546],[-54.189767,-23.033266],[-54.190219,-23.034154],[-54.190621,-23.034916],[-54.190707,-23.035062],[-54.191197,-23.036068],[-54.191978,-23.037618],[-54.192721,-23.039111],[-54.193231,-23.040144],[-54.193436,-23.040489],[-54.19351,-23.040613],[-54.193856,-23.041095],[-54.193957,-23.041313],[-54.193982,-23.041401],[-54.194026,-23.04151],[-54.194546,-23.042722],[-54.194716,-23.043067],[-54.194803,-23.043243],[-54.195609,-23.044827],[-54.195731,-23.04509],[-54.196154,-23.045936],[-54.196195,-23.046018],[-54.196466,-23.046527],[-54.1966,-23.046773],[-54.196791,-23.047139],[-54.196836,-23.047223],[-54.197141,-23.047824],[-54.197536,-23.04856],[-54.197659,-23.04879],[-54.197677,-23.048805],[-54.197702,-23.048846],[-54.197708,-23.048892],[-54.197696,-23.048937],[-54.19769,-23.048946],[-54.198179,-23.049945],[-54.19821,-23.050053],[-54.198559,-23.051082],[-54.198623,-23.051268],[-54.198646,-23.051275],[-54.198667,-23.051286],[-54.198695,-23.051309],[-54.198716,-23.051338],[-54.198728,-23.051371],[-54.19873,-23.051405],[-54.198722,-23.05144],[-54.198714,-23.051456],[-54.198704,-23.051472],[-54.198677,-23.051498],[-54.198658,-23.051511],[-54.198897,-23.05233],[-54.198975,-23.0526],[-54.199041,-23.052827],[-54.199346,-23.053834],[-54.199501,-23.054342],[-54.199655,-23.054849],[-54.199984,-23.055862],[-54.200287,-23.056864],[-54.200506,-23.057563],[-54.200604,-23.057877],[-54.200843,-23.058684],[-54.200906,-23.058896],[-54.201229,-23.059925],[-54.201533,-23.060933],[-54.201461,-23.060949],[-54.201389,-23.060966],[-54.201028,-23.061226],[-54.200676,-23.061506],[-54.200632,-23.061579],[-54.200584,-23.061656],[-54.200523,-23.062047],[-54.199475,-23.061931],[-54.19949,-23.061799]]},"properties":{"id_trecho":"ACESS-ROTA-EST-009-02","id_rota":"ROTA-EST-009","nome_rota":"Rota dos Pioneiros e das Memórias do Rio Paraná","ordem_trecho":2,"origem":"Jateí","destino":"Naviraí","tipo_registro_rota":"Rota institucional incorporada ao estudo","status_institucional_rota":"Reconhecida e promovida pela Fundtur MS e Rede Brasileira de Trilhas","classe_base_acessibilidade":"Base institucional ou documental direta","natureza":"Estimativa científica de acessibilidade pela rede viária contemporânea","distancia_rodoviaria_km":104.3,"duracao_estimada_sem_trafego_min":96,"resumo_vias":"MS-475, Rodovia Paulo Rodrigues dos Santos","perfil_roteamento":"driving","motor_roteamento":"OSRM route service","endpoint_consultado":"https://router.project-osrm.org","fonte_rede":"OpenStreetMap contributors","licenca_rede":"ODbL 1.0","data_materializacao":"2026-08-12T03:43:51.108Z","corte_base_joaju":"2026-08-10","data_versao_rede":"Não informada","origem_solicitada_lon":-54.3079,"origem_solicitada_lat":-22.4806,"destino_solicitado_lon":-54.1995,"destino_solicitado_lat":-23.0618,"origem_ajustada_lon":-54.307797,"origem_ajustada_lat":-22.480397,"destino_ajustado_lon":-54.19949,"destino_ajustado_lat":-23.061799,"distancia_ajuste_origem_m":24.9,"distancia_ajuste_destino_m":1,"status_revisao":"Não validado em campo","nota_especifica":"Estimativa viária contemporânea entre referências da proposta metodológica. Não substitui validação logística ou de campo.","limitacoes":"Tempo sem trânsito em tempo real. O resultado pode incluir vias privadas, sazonais, não pavimentadas, interrompidas ou com restrições ausentes na base.","uso_operacional":"Não representa o traçado cultural, histórico, aquático ou oficialmente aprovado da rota. Não constitui recomendação de viagem, autorização de acesso ou validação das condições da via.","natureza_projeto":"Projeto de pesquisa científica","referencial_metodologico":"Aplicação e adaptação experimental do marco PRICI"}},{"type":"Feature","geometry":{"type":"LineString","coordinates":[[-54.19949,-23.061799],[-54.199567,-23.061127],[-54.199656,-23.060979],[-54.200302,-23.061312],[-54.200676,-23.061506],[-54.200632,-23.061579],[-54.200584,-23.061656],[-54.200523,-23.062047],[-54.20046,-23.062491],[-54.200489,-23.062579],[-54.200502,-23.06262],[-54.200791,-23.062964],[-54.201114,-23.063293],[-54.201179,-23.063327],[-54.201234,-23.063357],[-54.200926,-23.063863],[-54.200665,-23.064291],[-54.200107,-23.065216],[-54.199576,-23.066101],[-54.19955,-23.066144],[-54.199329,-23.066503],[-54.198985,-23.067061],[-54.198427,-23.067989],[-54.197874,-23.068887],[-54.197713,-23.069145],[-54.197642,-23.069248],[-54.197234,-23.069983],[-54.197162,-23.070112],[-54.197094,-23.070225],[-54.196553,-23.071077],[-54.195828,-23.072312],[-54.195294,-23.073199],[-54.19502,-23.073651],[-54.194989,-23.073702],[-54.194808,-23.073973],[-54.194655,-23.07421],[-54.194559,-23.074374],[-54.194417,-23.074616],[-54.194269,-23.074824],[-54.194139,-23.075021],[-54.194038,-23.075179],[-54.193862,-23.075437],[-54.193697,-23.075748],[-54.193614,-23.075936],[-54.193574,-23.07603],[-54.193512,-23.076203],[-54.19348,-23.076304],[-54.19343,-23.076462],[-54.193373,-23.076675],[-54.19334,-23.076859],[-54.19332,-23.076972],[-54.193309,-23.077041],[-54.193289,-23.077243],[-54.19328,-23.077405],[-54.19327,-23.077588],[-54.193252,-23.077907],[-54.193231,-23.078271],[-54.19322,-23.078747],[-54.193216,-23.0789],[-54.193212,-23.079002],[-54.193205,-23.079188],[-54.193197,-23.079449],[-54.193172,-23.080103],[-54.193166,-23.080514],[-54.193149,-23.080781],[-54.193111,-23.081263],[-54.193094,-23.081425],[-54.193066,-23.082044],[-54.19303,-23.083],[-54.192976,-23.083835],[-54.19295,-23.084684],[-54.192945,-23.084841],[-54.192911,-23.085668],[-54.192894,-23.086044],[-54.192876,-23.086473],[-54.192857,-23.086905],[-54.192826,-23.087012],[-54.192776,-23.088261],[-54.192752,-23.088639],[-54.192685,-23.089835],[-54.192652,-23.090184],[-54.192609,-23.090831],[-54.192557,-23.09187],[-54.192543,-23.092121],[-54.192504,-23.09287],[-54.192456,-23.09368],[-54.192438,-23.094042],[-54.192413,-23.094608],[-54.192368,-23.095343],[-54.192327,-23.095918],[-54.192298,-23.096593],[-54.19227,-23.09709],[-54.192196,-23.098299],[-54.192148,-23.099218],[-54.192123,-23.099782],[-54.192115,-23.100006],[-54.192048,-23.101137],[-54.192015,-23.101744],[-54.191987,-23.1023],[-54.191978,-23.102707],[-54.191984,-23.102943],[-54.19199,-23.103186],[-54.192007,-23.103458],[-54.192022,-23.103738],[-54.192045,-23.104006],[-54.192122,-23.104539],[-54.192283,-23.105315],[-54.19246,-23.106171],[-54.192819,-23.107906],[-54.193003,-23.108753],[-54.193095,-23.109164],[-54.19324,-23.109803],[-54.193297,-23.110088],[-54.193443,-23.110911],[-54.193723,-23.112281],[-54.194175,-23.114449],[-54.194471,-23.115829],[-54.194775,-23.117289],[-54.195187,-23.119213],[-54.1954,-23.120216],[-54.195592,-23.121122],[-54.195874,-23.122418],[-54.19616,-23.12369],[-54.196212,-23.123972],[-54.196282,-23.124272],[-54.196355,-23.124566],[-54.196481,-23.124905],[-54.196551,-23.125119],[-54.196675,-23.125377],[-54.196845,-23.12566],[-54.197008,-23.12592],[-54.197177,-23.126169],[-54.197352,-23.126388],[-54.197587,-23.126634],[-54.197865,-23.126903],[-54.198578,-23.127553],[-54.199148,-23.128072],[-54.199885,-23.128741],[-54.200086,-23.128924],[-54.200291,-23.129077],[-54.20045,-23.129221],[-54.200493,-23.129296],[-54.200542,-23.129341],[-54.200576,-23.129372],[-54.200607,-23.129399],[-54.200638,-23.129432],[-54.200663,-23.12948],[-54.200675,-23.129529],[-54.200674,-23.129563],[-54.20067,-23.129616],[-54.200071,-23.130295],[-54.199541,-23.130937],[-54.199496,-23.130992],[-54.199367,-23.131169],[-54.19935,-23.131192],[-54.199292,-23.131262],[-54.198474,-23.132394],[-54.19802,-23.133023],[-54.197422,-23.133818],[-54.196692,-23.134837],[-54.196177,-23.135571],[-54.195995,-23.135882],[-54.195832,-23.136206],[-54.19569,-23.136588],[-54.195594,-23.136912],[-54.19552,-23.137285],[-54.195482,-23.137712],[-54.195494,-23.138071],[-54.195519,-23.1384],[-54.195565,-23.138767],[-54.195712,-23.139398],[-54.195816,-23.13979],[-54.196941,-23.144564],[-54.197217,-23.145711],[-54.197331,-23.146422],[-54.197498,-23.147536],[-54.197603,-23.148607],[-54.197658,-23.14979],[-54.197924,-23.15326],[-54.198283,-23.158104],[-54.198443,-23.160202],[-54.198608,-23.1624],[-54.198654,-23.163034],[-54.198795,-23.16373],[-54.198853,-23.164033],[-54.198909,-23.164381],[-54.198942,-23.164677],[-54.198997,-23.165209],[-54.19903,-23.16555],[-54.199137,-23.166138],[-54.199268,-23.167474],[-54.199273,-23.167541],[-54.199279,-23.167625],[-54.199318,-23.16802],[-54.19935,-23.16931],[-54.199339,-23.169652],[-54.19936,-23.169892],[-54.20013,-23.180549],[-54.20105,-23.192214],[-54.201157,-23.193072],[-54.20127,-23.19387],[-54.201313,-23.194438],[-54.20134,-23.195034],[-54.201337,-23.195488],[-54.20134,-23.196183],[-54.201423,-23.197561],[-54.201484,-23.198293],[-54.201538,-23.198816],[-54.201608,-23.199324],[-54.201796,-23.200078],[-54.201908,-23.200443],[-54.202144,-23.201069],[-54.202402,-23.201587],[-54.202611,-23.201981],[-54.202874,-23.202391],[-54.203324,-23.203017],[-54.216424,-23.219733],[-54.216945,-23.220455],[-54.217374,-23.22115],[-54.21783,-23.221983],[-54.218221,-23.222885],[-54.218549,-23.223807],[-54.222103,-23.236199],[-54.223323,-23.240375],[-54.223735,-23.241763],[-54.224188,-23.243142],[-54.224602,-23.244475],[-54.224807,-23.245149],[-54.225034,-23.245881],[-54.225249,-23.246413],[-54.225317,-23.246557],[-54.225356,-23.246609],[-54.225407,-23.246662],[-54.225549,-23.24679],[-54.22563,-23.246832],[-54.2257,-23.246888],[-54.225758,-23.246955],[-54.225801,-23.247031],[-54.225827,-23.247115],[-54.225836,-23.247201],[-54.225826,-23.247287],[-54.225798,-23.24737],[-54.225753,-23.247446],[-54.225747,-23.247568],[-54.22572,-23.247692],[-54.225705,-23.247806],[-54.2257,-23.247941],[-54.225711,-23.24808],[-54.225733,-23.248213],[-54.225787,-23.248411],[-54.225835,-23.248641],[-54.226463,-23.250512],[-54.227871,-23.254744],[-54.228015,-23.255242],[-54.22807,-23.255424],[-54.228209,-23.256017],[-54.228285,-23.25633],[-54.228393,-23.256921],[-54.228446,-23.257237],[-54.228499,-23.257609],[-54.228551,-23.257993],[-54.22861,-23.258642],[-54.228651,-23.25923],[-54.228681,-23.260047],[-54.228677,-23.260927],[-54.228649,-23.261415],[-54.228626,-23.261696],[-54.228516,-23.262703],[-54.228416,-23.263366],[-54.225213,-23.285056],[-54.225201,-23.285135],[-54.224064,-23.292543],[-54.223418,-23.297142],[-54.222151,-23.305664],[-54.219282,-23.32518],[-54.219081,-23.326387],[-54.215697,-23.352892],[-54.215657,-23.35321],[-54.215519,-23.354289],[-54.213778,-23.367811],[-54.213773,-23.36785],[-54.213746,-23.368064],[-54.21373,-23.368189],[-54.213711,-23.368339],[-54.213665,-23.368596],[-54.213656,-23.368629],[-54.21195,-23.382238],[-54.211055,-23.391132],[-54.211004,-23.39172],[-54.209728,-23.403637],[-54.209025,-23.408776],[-54.208727,-23.410954],[-54.206588,-23.426587],[-54.206332,-23.428453],[-54.205832,-23.433068],[-54.205631,-23.434414],[-54.205473,-23.435142],[-54.205285,-23.435925],[-54.205051,-23.436688],[-54.204845,-23.437298],[-54.204612,-23.437903],[-54.204413,-23.438325],[-54.204125,-23.43901],[-54.199401,-23.449618],[-54.198944,-23.450645],[-54.198554,-23.45152],[-54.19723,-23.45448],[-54.196147,-23.456888],[-54.194594,-23.46045],[-54.194195,-23.461237],[-54.193778,-23.461952],[-54.193329,-23.462617],[-54.192895,-23.463176],[-54.192436,-23.46372],[-54.191722,-23.464585],[-54.191079,-23.465484],[-54.190651,-23.466205],[-54.190244,-23.467003],[-54.190045,-23.467424],[-54.18992,-23.467736],[-54.189841,-23.467937],[-54.189692,-23.468441],[-54.189435,-23.469443],[-54.18913,-23.470629],[-54.189016,-23.47114],[-54.188953,-23.471578],[-54.188912,-23.471765],[-54.188894,-23.471844],[-54.188866,-23.471957],[-54.188751,-23.47245],[-54.18849,-23.473389],[-54.188192,-23.474583],[-54.188078,-23.475081],[-54.188038,-23.475257],[-54.188021,-23.47536],[-54.187995,-23.475459],[-54.187852,-23.476025],[-54.187678,-23.476721],[-54.187515,-23.477419],[-54.187389,-23.477983],[-54.187351,-23.478156],[-54.187203,-23.478132],[-54.187247,-23.47795]]},"properties":{"id_trecho":"ACESS-ROTA-EST-009-03","id_rota":"ROTA-EST-009","nome_rota":"Rota dos Pioneiros e das Memórias do Rio Paraná","ordem_trecho":3,"origem":"Naviraí","destino":"Itaquiraí","tipo_registro_rota":"Rota institucional incorporada ao estudo","status_institucional_rota":"Reconhecida e promovida pela Fundtur MS e Rede Brasileira de Trilhas","classe_base_acessibilidade":"Base institucional ou documental direta","natureza":"Estimativa científica de acessibilidade pela rede viária contemporânea","distancia_rodoviaria_km":48.3,"duracao_estimada_sem_trafego_min":43,"resumo_vias":"BR-163; BR-487, BR-163","perfil_roteamento":"driving","motor_roteamento":"OSRM route service","endpoint_consultado":"https://router.project-osrm.org","fonte_rede":"OpenStreetMap contributors","licenca_rede":"ODbL 1.0","data_materializacao":"2026-08-12T03:43:51.108Z","corte_base_joaju":"2026-08-10","data_versao_rede":"Não informada","origem_solicitada_lon":-54.1995,"origem_solicitada_lat":-23.0618,"destino_solicitado_lon":-54.187,"destino_solicitado_lat":-23.4779,"origem_ajustada_lon":-54.19949,"origem_ajustada_lat":-23.061799,"destino_ajustado_lon":-54.187247,"destino_ajustado_lat":-23.47795,"distancia_ajuste_origem_m":1,"distancia_ajuste_destino_m":25.8,"status_revisao":"Não validado em campo","nota_especifica":"Estimativa viária contemporânea entre referências da proposta metodológica. Não substitui validação logística ou de campo.","limitacoes":"Tempo sem trânsito em tempo real. O resultado pode incluir vias privadas, sazonais, não pavimentadas, interrompidas ou com restrições ausentes na base.","uso_operacional":"Não representa o traçado cultural, histórico, aquático ou oficialmente aprovado da rota. Não constitui recomendação de viagem, autorização de acesso ou validação das condições da via.","natureza_projeto":"Projeto de pesquisa científica","referencial_metodologico":"Aplicação e adaptação experimental do marco PRICI"}},{"type":"Feature","geometry":{"type":"LineString","coordinates":[[-54.187247,-23.47795],[-54.187282,-23.477806],[-54.18738,-23.47741],[-54.187515,-23.477419],[-54.187389,-23.477983],[-54.187351,-23.478156],[-54.187214,-23.478657],[-54.187097,-23.479116],[-54.186888,-23.479955],[-54.186671,-23.480821],[-54.186539,-23.48128],[-54.186188,-23.482648],[-54.185858,-23.483886],[-54.185833,-23.483978],[-54.185741,-23.484425],[-54.185426,-23.485166],[-54.185329,-23.485538],[-54.185241,-23.485882],[-54.185219,-23.485963],[-54.185182,-23.486124],[-54.185136,-23.486323],[-54.185075,-23.48657],[-54.185049,-23.486709],[-54.18502,-23.486869],[-54.184979,-23.487087],[-54.184949,-23.487328],[-54.184919,-23.487546],[-54.184894,-23.48778],[-54.184875,-23.487996],[-54.184863,-23.488195],[-54.184852,-23.488418],[-54.184844,-23.488813],[-54.184845,-23.489034],[-54.184853,-23.489284],[-54.184873,-23.489645],[-54.184904,-23.489987],[-54.184936,-23.490265],[-54.184982,-23.49057],[-54.185049,-23.490948],[-54.185179,-23.49161],[-54.18522,-23.491794],[-54.185327,-23.492271],[-54.185465,-23.492921],[-54.185592,-23.493498],[-54.18571,-23.494054],[-54.185877,-23.494809],[-54.185966,-23.495218],[-54.186028,-23.495515],[-54.186086,-23.495792],[-54.186251,-23.496553],[-54.186329,-23.496929],[-54.186389,-23.4972],[-54.186436,-23.497421],[-54.186506,-23.49772],[-54.186608,-23.498189],[-54.18673,-23.498755],[-54.186854,-23.499342],[-54.18697,-23.49988],[-54.187084,-23.500411],[-54.187185,-23.500892],[-54.187251,-23.501192],[-54.187322,-23.50152],[-54.187443,-23.502079],[-54.187567,-23.502654],[-54.187671,-23.50315],[-54.187754,-23.503522],[-54.18801,-23.504705],[-54.188057,-23.504933],[-54.188124,-23.505236],[-54.188243,-23.50579],[-54.188305,-23.506083],[-54.188368,-23.506371],[-54.188419,-23.506619],[-54.188497,-23.506959],[-54.188622,-23.507543],[-54.188741,-23.508084],[-54.188804,-23.508373],[-54.188889,-23.508775],[-54.188984,-23.509218],[-54.189069,-23.509604],[-54.189098,-23.509741],[-54.189342,-23.510871],[-54.189467,-23.511445],[-54.189528,-23.51173],[-54.189604,-23.512066],[-54.189709,-23.512557],[-54.189882,-23.513368],[-54.189971,-23.513775],[-54.190073,-23.514256],[-54.190233,-23.515007],[-54.190393,-23.515756],[-54.190589,-23.516691],[-54.190679,-23.517185],[-54.190742,-23.517543],[-54.190812,-23.518004],[-54.1909,-23.518618],[-54.190946,-23.518982],[-54.190988,-23.519318],[-54.191047,-23.519796],[-54.191102,-23.520282],[-54.191134,-23.520567],[-54.191174,-23.520951],[-54.191334,-23.522422],[-54.191407,-23.52313],[-54.191445,-23.52351],[-54.191466,-23.523719],[-54.191494,-23.523976],[-54.191553,-23.524542],[-54.191619,-23.525129],[-54.191678,-23.525729],[-54.191732,-23.526196],[-54.191758,-23.526467],[-54.192288,-23.531447],[-54.192461,-23.533073],[-54.192635,-23.53472],[-54.19272,-23.53554],[-54.192803,-23.536386],[-54.192848,-23.536944],[-54.192899,-23.537542],[-54.192947,-23.538191],[-54.192988,-23.538643],[-54.193023,-23.539036],[-54.193035,-23.539152],[-54.193048,-23.539307],[-54.19323,-23.541459],[-54.193407,-23.543575],[-54.193561,-23.545431],[-54.193823,-23.548488],[-54.193951,-23.550018],[-54.194014,-23.55079],[-54.194053,-23.551193],[-54.194086,-23.551632],[-54.194206,-23.553108],[-54.194273,-23.553902],[-54.194331,-23.554612],[-54.194532,-23.556934],[-54.194684,-23.558749],[-54.194924,-23.561457],[-54.195044,-23.562812],[-54.195102,-23.563488],[-54.195161,-23.564133],[-54.195212,-23.564758],[-54.195254,-23.56523],[-54.195276,-23.565498],[-54.195307,-23.565873],[-54.195357,-23.56646],[-54.195487,-23.567907],[-54.195549,-23.568636],[-54.195601,-23.569219],[-54.195621,-23.569475],[-54.195669,-23.570046],[-54.195702,-23.570398],[-54.195766,-23.571188],[-54.195884,-23.572564],[-54.196002,-23.573927],[-54.196039,-23.574329],[-54.196078,-23.574781],[-54.196146,-23.575587],[-54.196197,-23.576085],[-54.19623,-23.576347],[-54.196258,-23.57656],[-54.196284,-23.576714],[-54.196313,-23.576855],[-54.196355,-23.577074],[-54.196403,-23.577271],[-54.196459,-23.577481],[-54.196522,-23.577705],[-54.196579,-23.577878],[-54.196638,-23.578054],[-54.196746,-23.578345],[-54.19689,-23.578692],[-54.197041,-23.579017],[-54.197103,-23.579132],[-54.197173,-23.579267],[-54.19729,-23.579477],[-54.197381,-23.579628],[-54.19748,-23.579789],[-54.197592,-23.579964],[-54.197724,-23.580154],[-54.19777,-23.580216],[-54.197881,-23.580371],[-54.197959,-23.580472],[-54.198062,-23.580602],[-54.198212,-23.580789],[-54.198298,-23.58089],[-54.198467,-23.581073],[-54.198621,-23.581241],[-54.19892,-23.581541],[-54.199084,-23.581692],[-54.199257,-23.581847],[-54.199364,-23.581938],[-54.199493,-23.582043],[-54.199661,-23.582173],[-54.199791,-23.582273],[-54.19991,-23.582357],[-54.200072,-23.582471],[-54.200194,-23.582554],[-54.200316,-23.582636],[-54.200469,-23.582736],[-54.200722,-23.582892],[-54.2012,-23.583178],[-54.201701,-23.583476],[-54.201973,-23.583633],[-54.202381,-23.583873],[-54.20294,-23.584202],[-54.203791,-23.584705],[-54.204605,-23.585184],[-54.206284,-23.586175],[-54.207109,-23.586652],[-54.207955,-23.587151],[-54.209614,-23.588135],[-54.210364,-23.588578],[-54.210707,-23.588782],[-54.211023,-23.588981],[-54.211278,-23.589147],[-54.21151,-23.58931],[-54.211844,-23.589551],[-54.212142,-23.589786],[-54.212434,-23.590021],[-54.212692,-23.590241],[-54.212985,-23.59051],[-54.213281,-23.590791],[-54.213611,-23.591123],[-54.213883,-23.591409],[-54.214091,-23.591649],[-54.214336,-23.59195],[-54.214588,-23.59227],[-54.2148,-23.592551],[-54.214919,-23.592724],[-54.215026,-23.59288],[-54.215315,-23.593322],[-54.215696,-23.593915],[-54.216045,-23.594461],[-54.216768,-23.595586],[-54.218184,-23.597792],[-54.219572,-23.599952],[-54.220842,-23.601934],[-54.221801,-23.60343],[-54.22216,-23.60399],[-54.225347,-23.608954],[-54.22738,-23.61212],[-54.227417,-23.612179],[-54.230228,-23.616456],[-54.230924,-23.617553],[-54.231581,-23.618637],[-54.231909,-23.619177],[-54.232268,-23.619736],[-54.232887,-23.620708],[-54.233442,-23.621561],[-54.234712,-23.623537],[-54.235981,-23.625545],[-54.236109,-23.625746],[-54.240837,-23.633065],[-54.24142,-23.633988],[-54.241917,-23.634739],[-54.242222,-23.635218],[-54.242442,-23.635588],[-54.242969,-23.636439],[-54.243505,-23.637288],[-54.244049,-23.638149],[-54.244594,-23.639012],[-54.245144,-23.639882],[-54.245518,-23.640484],[-54.2461,-23.64136],[-54.24668,-23.642217],[-54.247828,-23.643997],[-54.251259,-23.649401],[-54.251329,-23.649512],[-54.252779,-23.651766],[-54.260815,-23.664395],[-54.262607,-23.667198],[-54.263038,-23.66788],[-54.263494,-23.668591],[-54.263938,-23.669286],[-54.264165,-23.669645],[-54.26454,-23.670287],[-54.264687,-23.670551],[-54.264923,-23.670999],[-54.265135,-23.67147],[-54.265347,-23.671982],[-54.265529,-23.672482],[-54.265643,-23.67285],[-54.265755,-23.673223],[-54.265793,-23.673358],[-54.265824,-23.673469],[-54.265923,-23.673889],[-54.265993,-23.67425],[-54.266044,-23.674537],[-54.266094,-23.674899],[-54.266128,-23.67522],[-54.266163,-23.675582],[-54.266189,-23.67594],[-54.266195,-23.676192],[-54.2662,-23.676905],[-54.266245,-23.683],[-54.266263,-23.6846],[-54.266492,-23.686778],[-54.269929,-23.710412],[-54.270042,-23.711098],[-54.270181,-23.711845],[-54.270283,-23.712262],[-54.27039,-23.712722],[-54.270538,-23.713262],[-54.270677,-23.713772],[-54.271009,-23.714931],[-54.2713,-23.715951],[-54.271493,-23.716636],[-54.271592,-23.716995],[-54.272515,-23.720275],[-54.272753,-23.721123],[-54.272853,-23.721476],[-54.273496,-23.723762],[-54.274121,-23.725972],[-54.274707,-23.728057],[-54.275004,-23.729106],[-54.27515,-23.729623],[-54.275297,-23.730143],[-54.275441,-23.730659],[-54.275508,-23.730936],[-54.275543,-23.73111],[-54.275579,-23.731309],[-54.275626,-23.73165],[-54.275645,-23.731861],[-54.275655,-23.732097],[-54.275654,-23.732386],[-54.275645,-23.732611],[-54.275635,-23.732773],[-54.275606,-23.732997],[-54.275584,-23.733159],[-54.275554,-23.733331],[-54.275515,-23.733513],[-54.27547,-23.733698],[-54.275433,-23.733825],[-54.275383,-23.733983],[-54.275312,-23.734194],[-54.275256,-23.734345],[-54.275145,-23.734609],[-54.275033,-23.734851],[-54.274691,-23.735569],[-54.274516,-23.735941],[-54.274343,-23.73629],[-54.272552,-23.739953],[-54.270156,-23.744992],[-54.268567,-23.748284],[-54.26774,-23.749965],[-54.266228,-23.75313],[-54.266196,-23.75326],[-54.26604,-23.753743],[-54.265992,-23.754283],[-54.266018,-23.754882],[-54.266112,-23.755383],[-54.266219,-23.755712],[-54.266407,-23.756149],[-54.266604,-23.756478],[-54.266721,-23.756633],[-54.267021,-23.756979],[-54.267421,-23.757391],[-54.268051,-23.757926],[-54.270814,-23.760298],[-54.272681,-23.761935],[-54.27336,-23.762505],[-54.273971,-23.763091],[-54.274285,-23.76344],[-54.274537,-23.763801],[-54.27488,-23.764405],[-54.275109,-23.764965],[-54.275139,-23.765064],[-54.275269,-23.765539],[-54.275344,-23.766035],[-54.275578,-23.767976],[-54.275948,-23.770588],[-54.276061,-23.771442],[-54.27617,-23.772685],[-54.276354,-23.774107],[-54.276431,-23.774903],[-54.276532,-23.775785],[-54.27664,-23.776678],[-54.276766,-23.777625],[-54.276999,-23.77784],[-54.277688,-23.778427],[-54.278436,-23.779064],[-54.278517,-23.77913],[-54.279199,-23.77971],[-54.279932,-23.78034],[-54.280626,-23.780931],[-54.281008,-23.781256],[-54.281097,-23.781205],[-54.281197,-23.781174],[-54.281302,-23.781165],[-54.281407,-23.781179],[-54.281495,-23.78121],[-54.281575,-23.781257],[-54.281642,-23.781318],[-54.281693,-23.781391],[-54.281731,-23.781487],[-54.281742,-23.781589],[-54.281716,-23.78174],[-54.281723,-23.781777],[-54.281765,-23.781888],[-54.281985,-23.782087],[-54.2827,-23.782693],[-54.2834,-23.783292],[-54.28347,-23.783351],[-54.284109,-23.783897],[-54.284209,-23.783982],[-54.284811,-23.784494],[-54.285525,-23.785102],[-54.285422,-23.78518],[-54.28452,-23.786123],[-54.283818,-23.786815]]},"properties":{"id_trecho":"ACESS-ROTA-EST-009-04","id_rota":"ROTA-EST-009","nome_rota":"Rota dos Pioneiros e das Memórias do Rio Paraná","ordem_trecho":4,"origem":"Itaquiraí","destino":"Eldorado","tipo_registro_rota":"Rota institucional incorporada ao estudo","status_institucional_rota":"Reconhecida e promovida pela Fundtur MS e Rede Brasileira de Trilhas","classe_base_acessibilidade":"Base institucional ou documental direta","natureza":"Estimativa científica de acessibilidade pela rede viária contemporânea","distancia_rodoviaria_km":37.9,"duracao_estimada_sem_trafego_min":34,"resumo_vias":"Avenida Industrial, BR-163","perfil_roteamento":"driving","motor_roteamento":"OSRM route service","endpoint_consultado":"https://router.project-osrm.org","fonte_rede":"OpenStreetMap contributors","licenca_rede":"ODbL 1.0","data_materializacao":"2026-08-12T03:43:51.108Z","corte_base_joaju":"2026-08-10","data_versao_rede":"Não informada","origem_solicitada_lon":-54.187,"origem_solicitada_lat":-23.4779,"destino_solicitado_lon":-54.2838,"destino_solicitado_lat":-23.7868,"origem_ajustada_lon":-54.187247,"origem_ajustada_lat":-23.47795,"destino_ajustado_lon":-54.283818,"destino_ajustado_lat":-23.786815,"distancia_ajuste_origem_m":25.8,"distancia_ajuste_destino_m":2.5,"status_revisao":"Não validado em campo","nota_especifica":"Estimativa viária contemporânea entre referências da proposta metodológica. Não substitui validação logística ou de campo.","limitacoes":"Tempo sem trânsito em tempo real. O resultado pode incluir vias privadas, sazonais, não pavimentadas, interrompidas ou com restrições ausentes na base.","uso_operacional":"Não representa o traçado cultural, histórico, aquático ou oficialmente aprovado da rota. Não constitui recomendação de viagem, autorização de acesso ou validação das condições da via.","natureza_projeto":"Projeto de pesquisa científica","referencial_metodologico":"Aplicação e adaptação experimental do marco PRICI"}},{"type":"Feature","geometry":{"type":"LineString","coordinates":[[-54.283818,-23.786815],[-54.283609,-23.787022],[-54.284312,-23.787666],[-54.285014,-23.788241],[-54.285106,-23.788325],[-54.284717,-23.788699],[-54.284194,-23.789238],[-54.2836,-23.78982],[-54.283253,-23.790165],[-54.282316,-23.791094],[-54.283006,-23.791664],[-54.283743,-23.792296],[-54.284099,-23.792597],[-54.284439,-23.792884],[-54.285113,-23.793478],[-54.285835,-23.794082],[-54.285945,-23.794174],[-54.286406,-23.794559],[-54.286582,-23.794707],[-54.2871,-23.795142],[-54.287465,-23.795447],[-54.287996,-23.795891],[-54.288455,-23.796263],[-54.289771,-23.797375],[-54.291412,-23.798748],[-54.291943,-23.799192],[-54.292773,-23.799703],[-54.294068,-23.800173],[-54.301653,-23.80253],[-54.309459,-23.804956],[-54.315308,-23.806774],[-54.323647,-23.809365],[-54.32501,-23.809898],[-54.32572,-23.81038],[-54.325823,-23.810483],[-54.326398,-23.811055],[-54.326897,-23.811817],[-54.326997,-23.812066],[-54.327223,-23.812632],[-54.328518,-23.816715],[-54.331617,-23.827905],[-54.333934,-23.836267],[-54.333989,-23.836449],[-54.334106,-23.836836],[-54.334316,-23.837596],[-54.33448,-23.838199],[-54.336094,-23.844053],[-54.336743,-23.846407],[-54.336968,-23.84771],[-54.33705,-23.849528],[-54.336975,-23.850367],[-54.33693,-23.850872],[-54.336871,-23.851201],[-54.336708,-23.852109],[-54.336576,-23.852839],[-54.33645,-23.853542],[-54.335958,-23.855213],[-54.335253,-23.856782],[-54.334578,-23.857883],[-54.33437,-23.858232],[-54.332482,-23.861164],[-54.332095,-23.861963],[-54.331007,-23.863668],[-54.330066,-23.865151],[-54.330015,-23.865229],[-54.329972,-23.865294],[-54.327784,-23.868497],[-54.327184,-23.869153],[-54.318208,-23.882615],[-54.31777,-23.883273],[-54.31748,-23.883702],[-54.313483,-23.889625],[-54.31206,-23.8915],[-54.311733,-23.891918],[-54.311475,-23.892226],[-54.305715,-23.899071],[-54.302736,-23.902646],[-54.302475,-23.902923],[-54.301358,-23.90425],[-54.301275,-23.904347],[-54.301148,-23.904495],[-54.300657,-23.905068],[-54.300635,-23.905093],[-54.291453,-23.915871],[-54.291406,-23.915957],[-54.290582,-23.916929],[-54.289046,-23.918726],[-54.288312,-23.91959],[-54.287611,-23.920429],[-54.286895,-23.9213],[-54.286767,-23.921449],[-54.286497,-23.921763],[-54.286406,-23.921875],[-54.285507,-23.922939],[-54.285103,-23.923407],[-54.285042,-23.923478],[-54.285013,-23.923512],[-54.284971,-23.923566],[-54.284921,-23.923627],[-54.284869,-23.9237],[-54.284839,-23.923762],[-54.284835,-23.923803],[-54.28483,-23.92385],[-54.284823,-23.923906],[-54.284837,-23.923982],[-54.284824,-23.924058],[-54.284785,-23.924125],[-54.284571,-23.925694],[-54.284483,-23.926519],[-54.284407,-23.927118],[-54.284225,-23.928635],[-54.28411,-23.929653],[-54.28393,-23.931158],[-54.283753,-23.932647],[-54.283644,-23.933747],[-54.283506,-23.934741],[-54.283415,-23.935588],[-54.283405,-23.935685],[-54.283412,-23.935692],[-54.283418,-23.935703],[-54.283425,-23.935716],[-54.28343,-23.935741],[-54.283427,-23.935767],[-54.283416,-23.935792],[-54.283406,-23.935804],[-54.283399,-23.935812],[-54.283388,-23.935819],[-54.283375,-23.935828],[-54.283347,-23.935836],[-54.283318,-23.935837],[-54.28329,-23.93583],[-54.283265,-23.935816],[-54.283254,-23.935805],[-54.283245,-23.935796],[-54.28324,-23.935788],[-54.281317,-23.935599],[-54.280272,-23.9355],[-54.280284,-23.935404],[-54.281003,-23.935473]]},"properties":{"id_trecho":"ACESS-ROTA-EST-009-05","id_rota":"ROTA-EST-009","nome_rota":"Rota dos Pioneiros e das Memórias do Rio Paraná","ordem_trecho":5,"origem":"Eldorado","destino":"Mundo Novo","tipo_registro_rota":"Rota institucional incorporada ao estudo","status_institucional_rota":"Reconhecida e promovida pela Fundtur MS e Rede Brasileira de Trilhas","classe_base_acessibilidade":"Base institucional ou documental direta","natureza":"Estimativa científica de acessibilidade pela rede viária contemporânea","distancia_rodoviaria_km":21.8,"duracao_estimada_sem_trafego_min":26,"resumo_vias":"Rua Rui Barbosa, BR-163","perfil_roteamento":"driving","motor_roteamento":"OSRM route service","endpoint_consultado":"https://router.project-osrm.org","fonte_rede":"OpenStreetMap contributors","licenca_rede":"ODbL 1.0","data_materializacao":"2026-08-12T03:43:51.108Z","corte_base_joaju":"2026-08-10","data_versao_rede":"Não informada","origem_solicitada_lon":-54.2838,"origem_solicitada_lat":-23.7868,"destino_solicitado_lon":-54.281,"destino_solicitado_lat":-23.9355,"origem_ajustada_lon":-54.283818,"origem_ajustada_lat":-23.786815,"destino_ajustado_lon":-54.281003,"destino_ajustado_lat":-23.935473,"distancia_ajuste_origem_m":2.5,"distancia_ajuste_destino_m":3,"status_revisao":"Não validado em campo","nota_especifica":"Estimativa viária contemporânea entre referências da proposta metodológica. Não substitui validação logística ou de campo.","limitacoes":"Tempo sem trânsito em tempo real. O resultado pode incluir vias privadas, sazonais, não pavimentadas, interrompidas ou com restrições ausentes na base.","uso_operacional":"Não representa o traçado cultural, histórico, aquático ou oficialmente aprovado da rota. Não constitui recomendação de viagem, autorização de acesso ou validação das condições da via.","natureza_projeto":"Projeto de pesquisa científica","referencial_metodologico":"Aplicação e adaptação experimental do marco PRICI"}},{"type":"Feature","geometry":{"type":"LineString","coordinates":[[-53.128639,-18.54326],[-53.129182,-18.543755],[-53.130184,-18.542897],[-53.131117,-18.542024],[-53.132079,-18.541148],[-53.133012,-18.540284],[-53.133973,-18.539397],[-53.1349,-18.538521],[-53.135712,-18.537772],[-53.135734,-18.537757],[-53.135827,-18.537676],[-53.136954,-18.536645],[-53.137458,-18.536187],[-53.137964,-18.535731],[-53.138125,-18.535564],[-53.138593,-18.535105],[-53.139125,-18.534602],[-53.139527,-18.534229],[-53.140445,-18.533373],[-53.140588,-18.533253],[-53.141273,-18.532612],[-53.141624,-18.532291],[-53.141902,-18.531972],[-53.142692,-18.531241],[-53.143264,-18.530712],[-53.143469,-18.530521],[-53.143548,-18.530458],[-53.143778,-18.530261],[-53.14381,-18.530214],[-53.143856,-18.530179],[-53.144296,-18.529758],[-53.144358,-18.529684],[-53.144437,-18.529595],[-53.144529,-18.52943],[-53.144752,-18.528964],[-53.144798,-18.528827],[-53.144788,-18.528745],[-53.145348,-18.527534],[-53.145427,-18.527363],[-53.145684,-18.526801],[-53.145781,-18.526611],[-53.146453,-18.525208],[-53.146739,-18.524512],[-53.147176,-18.523597],[-53.147517,-18.522843],[-53.148218,-18.521292],[-53.148239,-18.521133],[-53.148224,-18.521073],[-53.148228,-18.521041],[-53.148232,-18.521012],[-53.14826,-18.520957],[-53.148307,-18.520914],[-53.148365,-18.520888],[-53.14843,-18.520883],[-53.148488,-18.520896],[-53.148814,-18.520237],[-53.148984,-18.519852],[-53.149171,-18.519429],[-53.14977,-18.518084],[-53.149942,-18.517697],[-53.150641,-18.516045],[-53.151808,-18.51338],[-53.151862,-18.513239],[-53.151885,-18.513166],[-53.151856,-18.513118],[-53.151844,-18.513063],[-53.151852,-18.513008],[-53.151873,-18.512964],[-53.151907,-18.512928],[-53.151963,-18.512896],[-53.152013,-18.512887],[-53.152112,-18.512729],[-53.152716,-18.511378],[-53.1529,-18.510936],[-53.154117,-18.508025],[-53.154685,-18.506668],[-53.155022,-18.505875],[-53.156489,-18.502341],[-53.15833,-18.497883],[-53.158857,-18.496605],[-53.160423,-18.492725],[-53.160697,-18.492045],[-53.160787,-18.491706],[-53.160808,-18.491523],[-53.160757,-18.491474],[-53.160718,-18.491417],[-53.160693,-18.491353],[-53.160684,-18.491249],[-53.160712,-18.491148],[-53.160772,-18.49106],[-53.160832,-18.491012],[-53.160902,-18.490978],[-53.160978,-18.490961],[-53.161145,-18.490749],[-53.161333,-18.490503],[-53.161605,-18.48983],[-53.16202,-18.488769],[-53.162481,-18.487597],[-53.163003,-18.486279],[-53.163401,-18.485254],[-53.163728,-18.484577],[-53.164052,-18.484005],[-53.164269,-18.483664],[-53.1644,-18.483469],[-53.164698,-18.483064],[-53.164998,-18.482696],[-53.165309,-18.482341],[-53.165734,-18.481921],[-53.165984,-18.481694],[-53.166755,-18.481072],[-53.167344,-18.480671],[-53.167929,-18.480297],[-53.168597,-18.479856],[-53.169891,-18.479016],[-53.170914,-18.478352],[-53.171343,-18.478075],[-53.171685,-18.477854],[-53.172735,-18.477163],[-53.173607,-18.47661],[-53.173883,-18.476425],[-53.174185,-18.476227],[-53.174382,-18.476094],[-53.174814,-18.475494],[-53.175,-18.47524],[-53.17502,-18.475114],[-53.175092,-18.475007],[-53.175171,-18.474952],[-53.175263,-18.474921],[-53.17536,-18.474918],[-53.175454,-18.474943],[-53.175549,-18.475006],[-53.175659,-18.475027],[-53.175759,-18.475037],[-53.17583,-18.475037],[-53.175926,-18.475022],[-53.176132,-18.474965],[-53.177618,-18.473997],[-53.181889,-18.471196],[-53.182652,-18.470696],[-53.187607,-18.467449],[-53.190517,-18.46551],[-53.192177,-18.464459],[-53.193765,-18.463424],[-53.20407,-18.456678],[-53.204401,-18.456389],[-53.216209,-18.44599],[-53.222532,-18.440548],[-53.232588,-18.431839],[-53.235255,-18.429538],[-53.236482,-18.42846],[-53.236882,-18.428085],[-53.237036,-18.42791],[-53.23715,-18.42775],[-53.237268,-18.427507],[-53.23734,-18.427306],[-53.237384,-18.427133],[-53.237408,-18.426887],[-53.237454,-18.425661],[-53.237485,-18.42319],[-53.237558,-18.420341],[-53.237635,-18.417239],[-53.237681,-18.415231],[-53.237698,-18.41438],[-53.237709,-18.41419],[-53.237734,-18.413988],[-53.237773,-18.413798],[-53.23892,-18.409061],[-53.23907,-18.408347],[-53.239285,-18.407409],[-53.239542,-18.406293],[-53.239831,-18.405221],[-53.240186,-18.403785],[-53.240253,-18.403517],[-53.240327,-18.403221],[-53.241161,-18.399874],[-53.242051,-18.396282],[-53.244609,-18.385892],[-53.245552,-18.382015],[-53.246169,-18.379563],[-53.246803,-18.377018],[-53.247522,-18.374229],[-53.247873,-18.372857],[-53.249147,-18.367559],[-53.249493,-18.366103],[-53.249759,-18.365108],[-53.249823,-18.364879],[-53.249957,-18.364586],[-53.250217,-18.364197],[-53.253187,-18.360158],[-53.254817,-18.357942],[-53.256098,-18.356185],[-53.256602,-18.355494],[-53.257095,-18.354808],[-53.257847,-18.35379],[-53.258725,-18.352627],[-53.259291,-18.351868],[-53.259855,-18.351109],[-53.260831,-18.34982],[-53.261605,-18.348782],[-53.262456,-18.347648],[-53.262846,-18.347129],[-53.263167,-18.346694],[-53.263443,-18.346336],[-53.263873,-18.34575],[-53.263945,-18.345657],[-53.264114,-18.345436],[-53.264163,-18.345315],[-53.264267,-18.345174],[-53.264358,-18.345037],[-53.26442,-18.344879],[-53.264467,-18.34469],[-53.264493,-18.344497],[-53.264482,-18.344404],[-53.264494,-18.344312],[-53.264527,-18.344224],[-53.264581,-18.344145],[-53.264651,-18.34408],[-53.264735,-18.344031],[-53.264825,-18.344002],[-53.26492,-18.343993],[-53.265014,-18.344003],[-53.265104,-18.344032],[-53.265185,-18.344079],[-53.265254,-18.344141],[-53.265306,-18.344216],[-53.265331,-18.344271],[-53.265347,-18.344328],[-53.265454,-18.344542],[-53.265577,-18.344746],[-53.265724,-18.344939],[-53.265919,-18.345126],[-53.266109,-18.345302],[-53.266195,-18.345402],[-53.266454,-18.345597],[-53.267589,-18.346494],[-53.268882,-18.347511],[-53.269525,-18.347987],[-53.270231,-18.348395],[-53.270648,-18.348591],[-53.271103,-18.348756],[-53.271699,-18.34893],[-53.272284,-18.349051],[-53.273141,-18.349158],[-53.274972,-18.349384],[-53.276193,-18.349532],[-53.277261,-18.349675],[-53.278523,-18.34984],[-53.280469,-18.350098],[-53.28196,-18.350288],[-53.283032,-18.350427],[-53.283838,-18.350616],[-53.284432,-18.350808],[-53.285023,-18.35105],[-53.285548,-18.35131],[-53.287768,-18.352562],[-53.290783,-18.354253],[-53.293868,-18.355944],[-53.299925,-18.359336],[-53.30225,-18.360668],[-53.30317,-18.361226],[-53.30387,-18.361787],[-53.304847,-18.362657],[-53.31596,-18.372529],[-53.3346,-18.389088],[-53.335696,-18.390021],[-53.336758,-18.390594],[-53.337894,-18.390979],[-53.338844,-18.391136],[-53.339913,-18.391162],[-53.341082,-18.39108],[-53.348137,-18.390346],[-53.348368,-18.390322],[-53.34919,-18.390275],[-53.350141,-18.39032],[-53.351119,-18.390508],[-53.35244,-18.390956],[-53.359314,-18.393674],[-53.360128,-18.394109],[-53.360723,-18.394505],[-53.361613,-18.395291],[-53.362236,-18.396018],[-53.362934,-18.396927],[-53.365473,-18.400214],[-53.36674,-18.401637],[-53.36855,-18.403602],[-53.377503,-18.412781],[-53.378123,-18.41346],[-53.378524,-18.414048],[-53.378965,-18.414736],[-53.379308,-18.415457],[-53.38,-18.417045],[-53.381825,-18.421087],[-53.382076,-18.421634],[-53.382415,-18.422189],[-53.382831,-18.422823],[-53.383252,-18.423323],[-53.383861,-18.423961],[-53.391512,-18.431815],[-53.392275,-18.432679],[-53.39299,-18.43361],[-53.393891,-18.434749],[-53.394681,-18.435856],[-53.394889,-18.436143],[-53.39569,-18.437248],[-53.400268,-18.443372],[-53.401734,-18.445384],[-53.402187,-18.445965],[-53.402802,-18.44659],[-53.403441,-18.44711],[-53.403678,-18.447262],[-53.404086,-18.447524],[-53.404847,-18.447903],[-53.405194,-18.448035],[-53.40581,-18.448231],[-53.406733,-18.448438],[-53.407602,-18.448516],[-53.408536,-18.448484],[-53.409518,-18.448334],[-53.410339,-18.448225],[-53.411113,-18.448137],[-53.412008,-18.448007],[-53.415777,-18.447498],[-53.416446,-18.447441],[-53.417221,-18.447423],[-53.418293,-18.447474],[-53.419379,-18.447685],[-53.421283,-18.448094],[-53.422189,-18.448303],[-53.426168,-18.449123],[-53.427034,-18.449312],[-53.427739,-18.449456],[-53.429016,-18.449751],[-53.435529,-18.45114],[-53.436462,-18.451352],[-53.438045,-18.451683],[-53.439301,-18.451969],[-53.440604,-18.452227],[-53.441676,-18.45248],[-53.445474,-18.453277],[-53.446259,-18.453456],[-53.450654,-18.454386],[-53.451226,-18.454526],[-53.451839,-18.45465],[-53.452774,-18.454873],[-53.453274,-18.454965],[-53.456483,-18.455641],[-53.457358,-18.455836],[-53.460267,-18.456438],[-53.488138,-18.462418],[-53.488905,-18.462592],[-53.489675,-18.46289],[-53.490693,-18.463441],[-53.491472,-18.464038],[-53.492208,-18.464822],[-53.49258,-18.465387],[-53.496779,-18.472574],[-53.498234,-18.47512],[-53.49864,-18.47571],[-53.499036,-18.476148],[-53.499576,-18.476614],[-53.500229,-18.477061],[-53.501002,-18.477416],[-53.501787,-18.477672],[-53.507342,-18.478842],[-53.508257,-18.479117],[-53.508902,-18.479388],[-53.509672,-18.479815],[-53.510192,-18.480191],[-53.517937,-18.486514],[-53.518615,-18.486902],[-53.519418,-18.487136],[-53.532032,-18.489818],[-53.533541,-18.489938],[-53.534531,-18.48984],[-53.535177,-18.48958],[-53.536648,-18.488469],[-53.53808,-18.487387],[-53.538528,-18.487196],[-53.539105,-18.487047],[-53.53987,-18.486919],[-53.557181,-18.48471],[-53.558536,-18.484582],[-53.55993,-18.484591],[-53.56508,-18.485092],[-53.571006,-18.485697],[-53.572525,-18.485839],[-53.573852,-18.48571],[-53.574961,-18.485457],[-53.576117,-18.485009],[-53.577663,-18.484159],[-53.581187,-18.482081],[-53.581846,-18.481689],[-53.581899,-18.481656],[-53.582596,-18.481256],[-53.600523,-18.47098],[-53.601491,-18.470292],[-53.602222,-18.469599],[-53.602971,-18.46869],[-53.603678,-18.467538],[-53.604113,-18.466336],[-53.611446,-18.445738],[-53.611821,-18.444661],[-53.615162,-18.43534],[-53.619494,-18.424251],[-53.619649,-18.423731],[-53.619805,-18.423154],[-53.619914,-18.422529],[-53.620003,-18.421644],[-53.620008,-18.420322],[-53.620048,-18.414531],[-53.62011,-18.41369],[-53.620275,-18.4128],[-53.620519,-18.41195],[-53.620643,-18.41162],[-53.620758,-18.41136],[-53.620856,-18.411137],[-53.621029,-18.410794],[-53.62123,-18.410467],[-53.621504,-18.410048],[-53.621686,-18.409784],[-53.622055,-18.409292],[-53.622926,-18.408202],[-53.623747,-18.407112],[-53.624627,-18.405976],[-53.625192,-18.405232],[-53.625855,-18.404387],[-53.627175,-18.402674],[-53.628035,-18.40154],[-53.628505,-18.400941],[-53.632347,-18.395964],[-53.632451,-18.395829],[-53.646656,-18.377428],[-53.651441,-18.37124],[-53.657627,-18.363258],[-53.657925,-18.362928],[-53.661883,-18.358538],[-53.67294,-18.346556],[-53.674284,-18.345139],[-53.674918,-18.344607],[-53.675503,-18.344166],[-53.676403,-18.343633],[-53.685317,-18.338625],[-53.687657,-18.337324],[-53.6889,-18.336613],[-53.690105,-18.335927],[-53.691042,-18.335408],[-53.693447,-18.334057],[-53.695007,-18.333174],[-53.695875,-18.332692],[-53.696982,-18.332081],[-53.6979,-18.331594],[-53.699257,-18.330832],[-53.700163,-18.330346],[-53.700383,-18.330222],[-53.700472,-18.330143],[-53.700927,-18.329889],[-53.701147,-18.329789],[-53.701484,-18.329647],[-53.701785,-18.329529],[-53.701885,-18.329482],[-53.701954,-18.329445],[-53.702046,-18.329384],[-53.702119,-18.329334],[-53.702137,-18.329279],[-53.702169,-18.329231],[-53.702214,-18.329192],[-53.702268,-18.329166],[-53.702327,-18.329099],[-53.70238,-18.329021],[-53.702434,-18.328914],[-53.70256,-18.32833],[-53.702748,-18.327482],[-53.702845,-18.326981],[-53.702937,-18.326492],[-53.703091,-18.325565],[-53.703801,-18.325706],[-53.704131,-18.325779]]},"properties":{"id_trecho":"ACESS-ROTA-EST-010-01","id_rota":"ROTA-EST-010","nome_rota":"Rota do Cerrado","ordem_trecho":1,"origem":"Costa Rica","destino":"Alcinópolis","tipo_registro_rota":"Rota institucional incorporada ao estudo","status_institucional_rota":"Lançada pela Fundtur MS em 2025","classe_base_acessibilidade":"Base institucional ou documental direta","natureza":"Estimativa científica de acessibilidade pela rede viária contemporânea","distancia_rodoviaria_km":90.3,"duracao_estimada_sem_trafego_min":89,"resumo_vias":"MS-135, BR-359","perfil_roteamento":"driving","motor_roteamento":"OSRM route service","endpoint_consultado":"https://router.project-osrm.org","fonte_rede":"OpenStreetMap contributors","licenca_rede":"ODbL 1.0","data_materializacao":"2026-08-12T03:43:51.108Z","corte_base_joaju":"2026-08-10","data_versao_rede":"Não informada","origem_solicitada_lon":-53.1287,"origem_solicitada_lat":-18.5432,"destino_solicitado_lon":-53.7042,"destino_solicitado_lat":-18.3255,"origem_ajustada_lon":-53.128639,"origem_ajustada_lat":-18.54326,"destino_ajustado_lon":-53.704131,"destino_ajustado_lat":-18.325779,"distancia_ajuste_origem_m":9.3,"distancia_ajuste_destino_m":31.7,"status_revisao":"Não validado em campo","nota_especifica":"Estimativa viária contemporânea entre referências da proposta metodológica. Não substitui validação logística ou de campo.","limitacoes":"Tempo sem trânsito em tempo real. O resultado pode incluir vias privadas, sazonais, não pavimentadas, interrompidas ou com restrições ausentes na base.","uso_operacional":"Não representa o traçado cultural, histórico, aquático ou oficialmente aprovado da rota. Não constitui recomendação de viagem, autorização de acesso ou validação das condições da via.","natureza_projeto":"Projeto de pesquisa científica","referencial_metodologico":"Aplicação e adaptação experimental do marco PRICI"}},{"type":"Feature","geometry":{"type":"LineString","coordinates":[[-54.629706,-20.44855],[-54.629874,-20.449152],[-54.630579,-20.448994],[-54.631311,-20.448795],[-54.632197,-20.448548],[-54.632409,-20.449221],[-54.632597,-20.449815],[-54.632744,-20.450271],[-54.632998,-20.451058],[-54.633434,-20.452469],[-54.633457,-20.452589],[-54.633511,-20.45334],[-54.633519,-20.45344],[-54.633527,-20.453544],[-54.633595,-20.45462],[-54.633599,-20.454668],[-54.633648,-20.455297],[-54.633687,-20.455891],[-54.63374,-20.456562],[-54.633781,-20.457109],[-54.633852,-20.458029],[-54.633868,-20.45822],[-54.633918,-20.458616],[-54.633953,-20.459276],[-54.633976,-20.459761],[-54.634007,-20.460152],[-54.634073,-20.46048],[-54.634098,-20.4606],[-54.634128,-20.460694],[-54.634153,-20.460769],[-54.634178,-20.460825],[-54.634513,-20.461588],[-54.634587,-20.461756],[-54.634616,-20.461827],[-54.63471,-20.462043],[-54.635064,-20.462857],[-54.635161,-20.462924],[-54.635617,-20.463177],[-54.636001,-20.464128],[-54.636304,-20.464859],[-54.636547,-20.465456],[-54.636677,-20.465805],[-54.636816,-20.466135],[-54.63689,-20.466278],[-54.63697,-20.466418],[-54.637101,-20.466619],[-54.636921,-20.46688],[-54.636858,-20.46695],[-54.636723,-20.46705],[-54.636558,-20.467108],[-54.63633,-20.467179],[-54.636099,-20.467226],[-54.635879,-20.467285],[-54.635789,-20.467315],[-54.635717,-20.467345],[-54.635322,-20.467518],[-54.634851,-20.46771],[-54.634676,-20.467782],[-54.634524,-20.467854],[-54.634603,-20.468855],[-54.634652,-20.470001],[-54.634752,-20.471695],[-54.634832,-20.472881],[-54.634898,-20.472952],[-54.635608,-20.47372],[-54.635672,-20.473789],[-54.636088,-20.474209],[-54.636697,-20.47498],[-54.637073,-20.475456],[-54.637263,-20.475662],[-54.63757,-20.476035],[-54.638456,-20.47723],[-54.639656,-20.478727],[-54.640224,-20.479447],[-54.640248,-20.479483],[-54.640885,-20.480292],[-54.641612,-20.481209],[-54.642038,-20.481745],[-54.642393,-20.482219],[-54.643299,-20.483354],[-54.643749,-20.483916],[-54.644489,-20.484838],[-54.645143,-20.485711],[-54.645324,-20.485929],[-54.645402,-20.485995],[-54.645744,-20.486423],[-54.645906,-20.48665],[-54.6461,-20.486895],[-54.646444,-20.487343],[-54.646768,-20.487761],[-54.647092,-20.488181],[-54.647893,-20.489158],[-54.647976,-20.489274],[-54.648103,-20.489452],[-54.64826,-20.489763],[-54.64852,-20.490635],[-54.648805,-20.491497],[-54.649105,-20.492481],[-54.649216,-20.492843],[-54.649241,-20.492913],[-54.64927,-20.493057],[-54.649332,-20.493249],[-54.649349,-20.493301],[-54.649393,-20.493435],[-54.649431,-20.493552],[-54.649571,-20.494009],[-54.649809,-20.494766],[-54.649943,-20.495155],[-54.650026,-20.495399],[-54.650051,-20.495473],[-54.650104,-20.495654],[-54.650132,-20.495751],[-54.650257,-20.496142],[-54.650296,-20.496264],[-54.650343,-20.496408],[-54.65049,-20.496858],[-54.650517,-20.49694],[-54.650745,-20.497686],[-54.650883,-20.498139],[-54.651025,-20.498605],[-54.651138,-20.498975],[-54.65119,-20.499143],[-54.651324,-20.499585],[-54.6515,-20.50016],[-54.65161,-20.50052],[-54.651891,-20.501429],[-54.651995,-20.501762],[-54.652188,-20.502386],[-54.652558,-20.503576],[-54.652816,-20.504398],[-54.653001,-20.504997],[-54.653094,-20.505299],[-54.653192,-20.505617],[-54.653506,-20.506636],[-54.653622,-20.507009],[-54.65366,-20.507123],[-54.653926,-20.507961],[-54.654121,-20.508703],[-54.654173,-20.508817],[-54.654279,-20.50909],[-54.654381,-20.509416],[-54.654596,-20.510145],[-54.654811,-20.510853],[-54.654939,-20.51124],[-54.65502,-20.511554],[-54.655086,-20.511752],[-54.655247,-20.512229],[-54.655285,-20.512347],[-54.655504,-20.513079],[-54.655727,-20.513783],[-54.655818,-20.514067],[-54.655897,-20.514194],[-54.655982,-20.514288],[-54.656087,-20.514377],[-54.656307,-20.514515],[-54.656425,-20.514619],[-54.65659,-20.514812],[-54.65667,-20.514945],[-54.656749,-20.515087],[-54.656804,-20.515234],[-54.65684,-20.515366],[-54.656858,-20.515473],[-54.656868,-20.515566],[-54.65687,-20.515681],[-54.65684,-20.515924],[-54.65681,-20.516041],[-54.656664,-20.516516],[-54.656645,-20.516603],[-54.656656,-20.51669],[-54.656678,-20.516861],[-54.656834,-20.517336],[-54.657095,-20.518166],[-54.657135,-20.518291],[-54.657305,-20.51885],[-54.657326,-20.518916],[-54.657425,-20.519231],[-54.657521,-20.519537],[-54.657748,-20.520238],[-54.657959,-20.520974],[-54.658174,-20.521645],[-54.65841,-20.522393],[-54.658442,-20.522491],[-54.658605,-20.52302],[-54.658845,-20.523799],[-54.659011,-20.524361],[-54.659022,-20.5244],[-54.65916,-20.52486],[-54.659315,-20.525323],[-54.659379,-20.525531],[-54.659557,-20.526078],[-54.659629,-20.526309],[-54.659799,-20.526906],[-54.660065,-20.527767],[-54.660309,-20.528572],[-54.660575,-20.529408],[-54.660704,-20.529819],[-54.660841,-20.530256],[-54.6611,-20.53098],[-54.661418,-20.531752],[-54.661723,-20.532553],[-54.661807,-20.53281],[-54.661866,-20.532988],[-54.661917,-20.533146],[-54.662036,-20.533488],[-54.662149,-20.533845],[-54.662309,-20.534352],[-54.662323,-20.534394],[-54.662483,-20.534901],[-54.662687,-20.535531],[-54.662735,-20.535677],[-54.662981,-20.536441],[-54.663172,-20.537097],[-54.663382,-20.537744],[-54.663571,-20.538397],[-54.663622,-20.538561],[-54.663756,-20.538966],[-54.663804,-20.53914],[-54.663851,-20.539294],[-54.664067,-20.540019],[-54.664284,-20.540663],[-54.664418,-20.54108],[-54.664494,-20.541315],[-54.664711,-20.541965],[-54.664767,-20.542154],[-54.664817,-20.542324],[-54.665142,-20.543375],[-54.665436,-20.544308],[-54.665469,-20.544413],[-54.665528,-20.544614],[-54.66562,-20.544923],[-54.665773,-20.545496],[-54.665809,-20.545634],[-54.665853,-20.545802],[-54.665989,-20.546289],[-54.666132,-20.546804],[-54.666189,-20.547007],[-54.666328,-20.54748],[-54.66665,-20.548529],[-54.666977,-20.549539],[-54.667121,-20.549948],[-54.667239,-20.550238],[-54.667325,-20.550424],[-54.66742,-20.550595],[-54.667528,-20.550785],[-54.667851,-20.551303],[-54.66794,-20.551415],[-54.668008,-20.55148],[-54.668088,-20.551528],[-54.668207,-20.551555],[-54.668408,-20.551574],[-54.668515,-20.551584],[-54.668616,-20.551615],[-54.668723,-20.551675],[-54.668809,-20.551759],[-54.66887,-20.551861],[-54.668901,-20.551975],[-54.668898,-20.552129],[-54.66893,-20.552333],[-54.668963,-20.552444],[-54.669021,-20.552548],[-54.669264,-20.55282],[-54.672529,-20.555918],[-54.672791,-20.556166],[-54.673044,-20.556404],[-54.67604,-20.55924],[-54.67613,-20.559325],[-54.677112,-20.560255],[-54.677817,-20.560924],[-54.677899,-20.561012],[-54.67805,-20.561151],[-54.678926,-20.561954],[-54.681126,-20.564043],[-54.681664,-20.564535],[-54.681979,-20.564788],[-54.682092,-20.564876],[-54.682396,-20.565098],[-54.682697,-20.565287],[-54.683179,-20.565566],[-54.68349,-20.56573],[-54.684121,-20.566039],[-54.684791,-20.566349],[-54.685634,-20.566753],[-54.686546,-20.567149],[-54.688012,-20.567867],[-54.689025,-20.568328],[-54.691194,-20.569314],[-54.692884,-20.570083],[-54.693976,-20.57058],[-54.695285,-20.571198],[-54.696664,-20.571817],[-54.705944,-20.576158],[-54.709366,-20.577758],[-54.709907,-20.578004],[-54.710457,-20.578261],[-54.710929,-20.578517],[-54.711411,-20.578854],[-54.712032,-20.579385],[-54.712889,-20.580276],[-54.713715,-20.581153],[-54.714856,-20.582376],[-54.717095,-20.584753],[-54.72034,-20.588207],[-54.722003,-20.589967],[-54.727665,-20.595987],[-54.729562,-20.597996],[-54.730502,-20.598995],[-54.73133,-20.599869],[-54.732956,-20.601589],[-54.733734,-20.602387],[-54.734276,-20.602792],[-54.734796,-20.60312],[-54.735691,-20.603557],[-54.737222,-20.604205],[-54.737968,-20.604496],[-54.73834,-20.604655],[-54.738683,-20.604833],[-54.739049,-20.605068],[-54.739353,-20.605289],[-54.739723,-20.605593],[-54.740026,-20.605886],[-54.740243,-20.606114],[-54.740442,-20.606359],[-54.740605,-20.606583],[-54.740791,-20.606882],[-54.740977,-20.607191],[-54.741123,-20.607471],[-54.741318,-20.60794],[-54.741664,-20.608746],[-54.742073,-20.609723],[-54.742122,-20.609841],[-54.742232,-20.610098],[-54.742293,-20.610245],[-54.742404,-20.610511],[-54.743159,-20.612267],[-54.743453,-20.612993],[-54.743859,-20.613933],[-54.744003,-20.614286],[-54.744171,-20.614701],[-54.744221,-20.614824],[-54.745198,-20.617057],[-54.746753,-20.620711],[-54.747452,-20.622376],[-54.750246,-20.628981],[-54.750667,-20.629943],[-54.751214,-20.631258],[-54.753155,-20.63585],[-54.75347,-20.636679],[-54.753631,-20.637533],[-54.754052,-20.642906],[-54.755438,-20.660193],[-54.755576,-20.661927],[-54.755604,-20.662274],[-54.755871,-20.665632],[-54.755932,-20.666262],[-54.756258,-20.667501],[-54.757763,-20.670833],[-54.759332,-20.674349],[-54.761719,-20.679727],[-54.763488,-20.683643],[-54.765727,-20.688633],[-54.766563,-20.690492],[-54.768367,-20.694496],[-54.768788,-20.695489],[-54.769237,-20.696484],[-54.76969,-20.697486],[-54.770132,-20.698493],[-54.770262,-20.698797],[-54.770392,-20.699135],[-54.770481,-20.699438],[-54.77056,-20.699767],[-54.771047,-20.701629],[-54.771656,-20.703908],[-54.771978,-20.705044],[-54.772264,-20.706201],[-54.772751,-20.708044],[-54.773245,-20.709907],[-54.774304,-20.713958],[-54.774965,-20.716731],[-54.775308,-20.718028],[-54.776663,-20.722964],[-54.777596,-20.726412],[-54.779201,-20.732186],[-54.779489,-20.733222],[-54.780603,-20.737229],[-54.782613,-20.744318],[-54.782995,-20.745655],[-54.78364,-20.747992],[-54.784359,-20.750588],[-54.784788,-20.752074],[-54.785333,-20.754106],[-54.785707,-20.755427],[-54.786556,-20.758514],[-54.787904,-20.763417],[-54.788322,-20.764911],[-54.7887,-20.766327],[-54.789339,-20.768834],[-54.789663,-20.770201],[-54.789854,-20.770949],[-54.791349,-20.776873],[-54.792906,-20.783055],[-54.793636,-20.785994],[-54.793844,-20.786786],[-54.793866,-20.786871],[-54.794226,-20.78832],[-54.795045,-20.791595],[-54.796255,-20.796424],[-54.796554,-20.797633],[-54.797345,-20.8008],[-54.798452,-20.805159],[-54.798975,-20.807262],[-54.799519,-20.809445],[-54.799891,-20.810905],[-54.800273,-20.812314],[-54.800465,-20.812965],[-54.801551,-20.817009],[-54.802262,-20.819661],[-54.802549,-20.820689],[-54.802987,-20.822342],[-54.803355,-20.823678],[-54.804155,-20.82665],[-54.804905,-20.829392],[-54.805215,-20.830564],[-54.805655,-20.832159],[-54.806741,-20.83615],[-54.807028,-20.837182],[-54.807205,-20.837563],[-54.807377,-20.837902],[-54.807521,-20.83815],[-54.808066,-20.838932],[-54.808897,-20.840108],[-54.810225,-20.84193],[-54.810633,-20.842484],[-54.811131,-20.843176],[-54.815299,-20.848965],[-54.815554,-20.84931],[-54.815748,-20.849572],[-54.816201,-20.85024],[-54.816579,-20.850969],[-54.816756,-20.851419],[-54.817306,-20.852817],[-54.81855,-20.855982],[-54.819161,-20.857629],[-54.819251,-20.857869],[-54.820849,-20.862035],[-54.824823,-20.872389],[-54.825567,-20.874079],[-54.825677,-20.87435],[-54.828984,-20.882392],[-54.829199,-20.882778],[-54.829744,-20.883608],[-54.830146,-20.884044],[-54.830666,-20.884493],[-54.831181,-20.884841],[-54.832359,-20.885398],[-54.841006,-20.888024],[-54.849017,-20.890445],[-54.851975,-20.891375],[-54.868257,-20.89634],[-54.86927,-20.896646],[-54.869422,-20.89669],[-54.869954,-20.896848],[-54.870507,-20.897021],[-54.870671,-20.897067],[-54.87082,-20.897103],[-54.871162,-20.897177],[-54.871705,-20.897261],[-54.872247,-20.897315],[-54.885784,-20.898114],[-54.886271,-20.898131],[-54.88651,-20.898147],[-54.887112,-20.898189],[-54.887226,-20.898198],[-54.902523,-20.899107],[-54.917716,-20.900156],[-54.920321,-20.900309],[-54.922671,-20.90047],[-54.923871,-20.900546],[-54.925621,-20.900658],[-54.926164,-20.900689],[-54.927823,-20.900795],[-54.928949,-20.900863],[-54.93123,-20.900979],[-54.931835,-20.901013],[-54.931967,-20.901022],[-54.932086,-20.90103],[-54.933051,-20.901099],[-54.933689,-20.901212],[-54.934295,-20.901354],[-54.934943,-20.901601],[-54.935525,-20.901909],[-54.935923,-20.90214],[-54.936423,-20.902505],[-54.940458,-20.905787],[-54.94245,-20.907446],[-54.942996,-20.907926],[-54.94343,-20.908383],[-54.94351,-20.908467],[-54.943708,-20.908752],[-54.943822,-20.908928],[-54.944,-20.909182],[-54.944304,-20.909641],[-54.944615,-20.910112],[-54.944699,-20.910238],[-54.944732,-20.910287],[-54.946967,-20.913592],[-54.947292,-20.91408],[-54.947442,-20.914305],[-54.948099,-20.915294],[-54.948883,-20.916472],[-54.949559,-20.917444],[-54.950238,-20.918472],[-54.950514,-20.918917],[-54.950641,-20.919093],[-54.951002,-20.919613],[-54.95173,-20.920699],[-54.952418,-20.921719],[-54.953037,-20.922639],[-54.953935,-20.923998],[-54.954371,-20.924612],[-54.954669,-20.924984],[-54.954823,-20.925198],[-54.954931,-20.925354],[-54.955115,-20.925147],[-54.955557,-20.924574],[-54.955591,-20.924466],[-54.955951,-20.924039],[-54.956041,-20.923928],[-54.956193,-20.923762],[-54.956653,-20.923165],[-54.956767,-20.923021],[-54.957094,-20.922599],[-54.957387,-20.922211],[-54.957542,-20.922019],[-54.958012,-20.921446],[-54.958007,-20.921427],[-54.958007,-20.921392],[-54.95802,-20.921358],[-54.958042,-20.92133],[-54.958072,-20.92131],[-54.958108,-20.9213],[-54.958146,-20.9213],[-54.958158,-20.921303],[-54.958188,-20.921315],[-54.958214,-20.921335],[-54.958233,-20.92136],[-54.958244,-20.921389],[-54.958245,-20.921423],[-54.958914,-20.922453],[-54.959505,-20.923381],[-54.960112,-20.924307],[-54.960721,-20.925247],[-54.96133,-20.92617],[-54.961909,-20.927077],[-54.962507,-20.928017],[-54.963112,-20.928948],[-54.963715,-20.929865],[-54.964174,-20.930531],[-54.964317,-20.930761],[-54.965119,-20.930319],[-54.965937,-20.929852],[-54.966752,-20.929374],[-54.967572,-20.928899],[-54.968218,-20.928543],[-54.969283,-20.930152]]},"properties":{"id_trecho":"ACESS-ROTA-EST-014-01","id_rota":"ROTA-EST-014","nome_rota":"Rota Bioceânica das Culturas de Fronteira","ordem_trecho":1,"origem":"Campo Grande","destino":"Sidrolândia","tipo_registro_rota":"Corredor institucional reinterpretado no estudo","status_institucional_rota":"Corredor rodoviário e turístico em desenvolvimento","classe_base_acessibilidade":"Base institucional ou documental direta","natureza":"Estimativa científica de acessibilidade pela rede viária contemporânea","distancia_rodoviaria_km":72.1,"duracao_estimada_sem_trafego_min":72,"resumo_vias":"Avenida Gunter Hans, Rodovia BR-060","perfil_roteamento":"driving","motor_roteamento":"OSRM route service","endpoint_consultado":"https://router.project-osrm.org","fonte_rede":"OpenStreetMap contributors","licenca_rede":"ODbL 1.0","data_materializacao":"2026-08-12T03:43:51.108Z","corte_base_joaju":"2026-08-10","data_versao_rede":"Não informada","origem_solicitada_lon":-54.6295,"origem_solicitada_lat":-20.4486,"destino_solicitado_lon":-54.9692,"destino_solicitado_lat":-20.9302,"origem_ajustada_lon":-54.629706,"origem_ajustada_lat":-20.44855,"destino_ajustado_lon":-54.969283,"destino_ajustado_lat":-20.930152,"distancia_ajuste_origem_m":22.2,"distancia_ajuste_destino_m":10.1,"status_revisao":"Não validado em campo","nota_especifica":"Estimativa viária contemporânea entre referências da proposta metodológica. Não substitui validação logística ou de campo.","limitacoes":"Tempo sem trânsito em tempo real. O resultado pode incluir vias privadas, sazonais, não pavimentadas, interrompidas ou com restrições ausentes na base.","uso_operacional":"Não representa o traçado cultural, histórico, aquático ou oficialmente aprovado da rota. Não constitui recomendação de viagem, autorização de acesso ou validação das condições da via.","natureza_projeto":"Projeto de pesquisa científica","referencial_metodologico":"Aplicação e adaptação experimental do marco PRICI"}},{"type":"Feature","geometry":{"type":"LineString","coordinates":[[-54.969283,-20.930152],[-54.969428,-20.930372],[-54.968785,-20.930768],[-54.967969,-20.931202],[-54.967137,-20.931674],[-54.966312,-20.932141],[-54.965513,-20.932594],[-54.966119,-20.933528],[-54.966713,-20.934444],[-54.967298,-20.935345],[-54.967866,-20.936221],[-54.968429,-20.937089],[-54.968985,-20.937946],[-54.969469,-20.938692],[-54.969285,-20.938796],[-54.96846,-20.939264],[-54.967799,-20.939639],[-54.967637,-20.93973],[-54.967261,-20.939944],[-54.966817,-20.940195],[-54.966119,-20.940591],[-54.965983,-20.940668],[-54.965577,-20.940945],[-54.965485,-20.941015],[-54.965398,-20.941106],[-54.965314,-20.941188],[-54.965234,-20.941246],[-54.965442,-20.941627],[-54.965671,-20.942045],[-54.966757,-20.943879],[-54.966791,-20.943957],[-54.967325,-20.944947],[-54.9675,-20.945323],[-54.967532,-20.945381],[-54.967774,-20.94582],[-54.967968,-20.946173],[-54.968955,-20.948045],[-54.969348,-20.948773],[-54.970115,-20.950052],[-54.971276,-20.951782],[-54.971751,-20.952533],[-54.972666,-20.95398],[-54.97297,-20.954525],[-54.973287,-20.95525],[-54.973514,-20.956001],[-54.973631,-20.956721],[-54.973785,-20.957456],[-54.973826,-20.957761],[-54.973862,-20.95806],[-54.973885,-20.958341],[-54.973896,-20.958631],[-54.973895,-20.958925],[-54.973888,-20.95925],[-54.973865,-20.959531],[-54.973826,-20.959843],[-54.973775,-20.960179],[-54.973707,-20.960534],[-54.973623,-20.960879],[-54.973578,-20.961048],[-54.973522,-20.961239],[-54.973452,-20.961435],[-54.973375,-20.961643],[-54.973205,-20.962052],[-54.97312,-20.962246],[-54.973024,-20.962442],[-54.972924,-20.962628],[-54.972811,-20.962823],[-54.972585,-20.963202],[-54.972334,-20.963589],[-54.971838,-20.964376],[-54.970826,-20.965917],[-54.969827,-20.967461],[-54.969324,-20.968224],[-54.968822,-20.968998],[-54.968756,-20.969101],[-54.968687,-20.969212],[-54.968553,-20.969441],[-54.968439,-20.969677],[-54.96839,-20.9698],[-54.968353,-20.969927],[-54.968305,-20.970104],[-54.968261,-20.970285],[-54.968235,-20.970494],[-54.96822,-20.970716],[-54.96821,-20.97085],[-54.968209,-20.971001],[-54.968209,-20.971154],[-54.968228,-20.971295],[-54.968292,-20.971577],[-54.968378,-20.971845],[-54.968567,-20.972364],[-54.968993,-20.973415],[-54.969152,-20.973832],[-54.969402,-20.97449],[-54.969527,-20.974859],[-54.969586,-20.975033],[-54.969681,-20.975294],[-54.969787,-20.975576],[-54.969892,-20.975835],[-54.970014,-20.976064],[-54.970255,-20.976497],[-54.970419,-20.976745],[-54.970593,-20.976984],[-54.970966,-20.977441],[-54.971375,-20.977907],[-54.971749,-20.97837],[-54.971824,-20.978442],[-54.971903,-20.978526],[-54.97198,-20.978598],[-54.972018,-20.978636],[-54.972065,-20.978676],[-54.97215,-20.978749],[-54.972236,-20.978807],[-54.972382,-20.978901],[-54.972459,-20.978916],[-54.972575,-20.978979],[-54.972621,-20.979009],[-54.972674,-20.979052],[-54.972755,-20.979132],[-54.972812,-20.979221],[-54.972851,-20.979317],[-54.972871,-20.979414],[-54.972922,-20.979532],[-54.972955,-20.979606],[-54.972992,-20.979688],[-54.973069,-20.979832],[-54.973158,-20.979987],[-54.974368,-20.98141],[-54.974973,-20.982141],[-54.975596,-20.982886],[-54.97583,-20.983119],[-54.976069,-20.983344],[-54.976336,-20.983561],[-54.976609,-20.983764],[-54.976961,-20.983998],[-54.97716,-20.984117],[-54.977361,-20.984222],[-54.978933,-20.984871],[-54.980533,-20.985545],[-54.981763,-20.986061],[-54.98306,-20.986597],[-54.984339,-20.987129],[-54.985612,-20.987664],[-54.986861,-20.988186],[-54.988111,-20.988697],[-54.989378,-20.989223],[-54.990641,-20.989747],[-54.990922,-20.989854],[-54.991229,-20.989934],[-54.991517,-20.989988],[-54.991798,-20.990016],[-54.992102,-20.990012],[-54.992252,-20.990006],[-54.992392,-20.989989],[-54.992929,-20.989865],[-54.993382,-20.989693],[-54.993596,-20.989616],[-54.993824,-20.989529],[-54.994732,-20.989163],[-54.996585,-20.988454],[-54.99752,-20.98808],[-54.998441,-20.987724],[-55.000279,-20.986997],[-55.002305,-20.986204],[-55.004333,-20.985406],[-55.004911,-20.985176],[-55.005459,-20.984962],[-55.006553,-20.984538],[-55.006997,-20.984358],[-55.00741,-20.984181],[-55.008314,-20.983825],[-55.016032,-20.980792],[-55.019943,-20.97927],[-55.02102,-20.978911],[-55.022093,-20.978746],[-55.026719,-20.978582],[-55.027582,-20.978477],[-55.036718,-20.976879],[-55.042576,-20.975797],[-55.043695,-20.975643],[-55.044572,-20.975637],[-55.045238,-20.975698],[-55.045902,-20.975837],[-55.04767,-20.976378],[-55.054018,-20.978437],[-55.054537,-20.978605],[-55.056422,-20.979216],[-55.064554,-20.981869],[-55.065443,-20.98223],[-55.070123,-20.983697],[-55.079626,-20.986785],[-55.082617,-20.987757],[-55.08885,-20.989808],[-55.095808,-20.992064],[-55.099939,-20.993421],[-55.106572,-20.995564],[-55.111469,-20.997165],[-55.113234,-20.997866],[-55.114138,-20.998374],[-55.115184,-20.999046],[-55.120452,-21.002403],[-55.121318,-21.002934],[-55.122135,-21.003311],[-55.122469,-21.003475],[-55.122944,-21.003678],[-55.123413,-21.003828],[-55.124533,-21.004138],[-55.126158,-21.00463],[-55.126757,-21.00479],[-55.127209,-21.004876],[-55.127635,-21.004928],[-55.127917,-21.004954],[-55.128519,-21.004948],[-55.128901,-21.004924],[-55.129424,-21.004864],[-55.130241,-21.004733],[-55.131793,-21.004454],[-55.132336,-21.004358],[-55.135435,-21.003821],[-55.137372,-21.00348],[-55.140685,-21.002903],[-55.144461,-21.00226],[-55.146221,-21.001944],[-55.148928,-21.001481],[-55.150095,-21.001265],[-55.150486,-21.001218],[-55.150864,-21.001203],[-55.15111,-21.001212],[-55.151385,-21.001247],[-55.151625,-21.001293],[-55.151908,-21.001366],[-55.152164,-21.001456],[-55.152402,-21.001558],[-55.152602,-21.001669],[-55.152815,-21.001812],[-55.15306,-21.001997],[-55.153319,-21.002217],[-55.154238,-21.003055],[-55.154801,-21.003577],[-55.15536,-21.00407],[-55.155617,-21.004253],[-55.155893,-21.004404],[-55.156203,-21.004558],[-55.156549,-21.004675],[-55.156906,-21.00476],[-55.157141,-21.004791],[-55.157493,-21.004805],[-55.157897,-21.004781],[-55.158857,-21.004688],[-55.161852,-21.004364],[-55.167536,-21.003733],[-55.168252,-21.003654],[-55.174131,-21.003016],[-55.174898,-21.002932],[-55.175455,-21.002891],[-55.175812,-21.002883],[-55.176377,-21.002891],[-55.177599,-21.002948],[-55.180991,-21.003222],[-55.181502,-21.00325],[-55.183493,-21.003399],[-55.184833,-21.003455],[-55.185795,-21.00354],[-55.188816,-21.003722],[-55.189719,-21.003795],[-55.191435,-21.00389],[-55.193304,-21.004026],[-55.19454,-21.00409],[-55.197077,-21.004273],[-55.198278,-21.004335],[-55.199395,-21.004416],[-55.200014,-21.004413],[-55.200481,-21.004358],[-55.20109,-21.004148],[-55.201514,-21.003884],[-55.20179,-21.003668],[-55.202081,-21.003344],[-55.204243,-21.000341],[-55.20439,-21.000146],[-55.205442,-20.99877],[-55.206103,-20.998143],[-55.206647,-20.997769],[-55.207214,-20.997444],[-55.207861,-20.997173],[-55.208707,-20.996937],[-55.209342,-20.996838],[-55.210004,-20.996814],[-55.21278,-20.996737],[-55.213937,-20.996727],[-55.219222,-20.996598],[-55.224698,-20.996473],[-55.238084,-20.996207],[-55.241517,-20.996146],[-55.242962,-20.996121],[-55.244106,-20.996155],[-55.247762,-20.996456],[-55.248981,-20.996579],[-55.254194,-20.997067],[-55.257675,-20.997401],[-55.259867,-20.997603],[-55.264035,-20.998],[-55.271495,-20.998688],[-55.273474,-20.998907],[-55.273963,-20.998975],[-55.274513,-20.999114],[-55.275004,-20.999293],[-55.275598,-20.999576],[-55.276104,-20.999893],[-55.276753,-21.000461],[-55.277804,-21.00138],[-55.281208,-21.004358],[-55.283041,-21.005962],[-55.292671,-21.014385],[-55.29328,-21.014918],[-55.300317,-21.021073],[-55.301107,-21.022051],[-55.301615,-21.02298],[-55.30174,-21.023297],[-55.305168,-21.036065],[-55.305656,-21.037334],[-55.305815,-21.03759],[-55.306324,-21.038275],[-55.307558,-21.039581],[-55.312096,-21.044085],[-55.316536,-21.048487],[-55.316704,-21.048655],[-55.319732,-21.051641],[-55.323332,-21.055191],[-55.326676,-21.058661],[-55.328398,-21.060438],[-55.32981,-21.061941],[-55.33657,-21.069032],[-55.338523,-21.071081],[-55.339233,-21.07197],[-55.339886,-21.072999],[-55.34762,-21.088703],[-55.351209,-21.096146],[-55.351418,-21.096561],[-55.351772,-21.097266],[-55.356552,-21.106958],[-55.356979,-21.107786],[-55.360666,-21.115274],[-55.361306,-21.11657],[-55.362004,-21.117806],[-55.36262,-21.1188],[-55.363274,-21.119566],[-55.372931,-21.129638],[-55.383899,-21.14113],[-55.390233,-21.1477],[-55.403788,-21.159074],[-55.41295,-21.166259],[-55.4182,-21.170239],[-55.424321,-21.174892],[-55.432128,-21.180807],[-55.437048,-21.184532],[-55.439509,-21.186441],[-55.441505,-21.187881],[-55.442505,-21.188408],[-55.443483,-21.188801],[-55.444778,-21.18916],[-55.445383,-21.189324],[-55.447594,-21.189914],[-55.455835,-21.192756],[-55.45822,-21.193603],[-55.464106,-21.195638],[-55.468103,-21.19702],[-55.470991,-21.198022],[-55.472223,-21.198449],[-55.472726,-21.198603],[-55.473273,-21.198735],[-55.474818,-21.199068],[-55.475597,-21.199235],[-55.47705,-21.199538],[-55.479866,-21.200136],[-55.482935,-21.200778],[-55.483601,-21.200917],[-55.484343,-21.201012],[-55.48613,-21.201178],[-55.488317,-21.201396],[-55.495868,-21.202524],[-55.501856,-21.20347],[-55.503966,-21.203796],[-55.50763,-21.204346],[-55.509183,-21.204596],[-55.509791,-21.204751],[-55.510343,-21.204951],[-55.510536,-21.205041],[-55.510964,-21.205241],[-55.511541,-21.205571],[-55.513235,-21.206559],[-55.516223,-21.208308],[-55.519015,-21.209938],[-55.521085,-21.211149],[-55.52465,-21.213239],[-55.528748,-21.215629],[-55.534156,-21.218817],[-55.537359,-21.220655],[-55.537659,-21.220796],[-55.537899,-21.220881],[-55.538147,-21.220961],[-55.538277,-21.220972],[-55.538381,-21.220974],[-55.538482,-21.220965],[-55.538561,-21.220945],[-55.53869,-21.220904],[-55.538825,-21.22085],[-55.538936,-21.220787],[-55.53906,-21.220757],[-55.539189,-21.220761],[-55.539312,-21.220799],[-55.539418,-21.220868],[-55.539498,-21.220962],[-55.539609,-21.221026],[-55.539716,-21.221086],[-55.539838,-21.221133],[-55.539967,-21.221157],[-55.540094,-21.22117],[-55.540368,-21.221139],[-55.540652,-21.221093],[-55.54125,-21.220942],[-55.547696,-21.219057],[-55.550805,-21.218123],[-55.552013,-21.217768],[-55.553624,-21.217116],[-55.567763,-21.210937],[-55.569938,-21.209993],[-55.574775,-21.207878],[-55.575644,-21.207408],[-55.575986,-21.207135],[-55.576284,-21.20682],[-55.576662,-21.2062],[-55.576949,-21.205377],[-55.577098,-21.204223],[-55.578117,-21.197078],[-55.578319,-21.196262],[-55.578773,-21.195553],[-55.579437,-21.194928],[-55.58016,-21.194527],[-55.580975,-21.1943],[-55.581994,-21.194263],[-55.583342,-21.194249],[-55.587036,-21.19421],[-55.601981,-21.194293],[-55.60617,-21.1945],[-55.607202,-21.194515],[-55.607908,-21.194463],[-55.608543,-21.194308],[-55.60909,-21.194027],[-55.609654,-21.193605],[-55.610193,-21.193006],[-55.614549,-21.186066],[-55.617223,-21.181738],[-55.617692,-21.181006],[-55.618112,-21.180443],[-55.618652,-21.179859],[-55.621596,-21.177438],[-55.622247,-21.176909],[-55.622628,-21.176679],[-55.623111,-21.176485],[-55.623779,-21.176329],[-55.624384,-21.176318],[-55.624946,-21.176417],[-55.625456,-21.17658],[-55.626017,-21.176873],[-55.626545,-21.17715],[-55.626881,-21.177265],[-55.627392,-21.177312],[-55.628138,-21.177296],[-55.62912,-21.17716],[-55.630897,-21.176914],[-55.631468,-21.176885],[-55.631865,-21.176907],[-55.632428,-21.177003],[-55.633023,-21.176996],[-55.633682,-21.176855],[-55.634198,-21.17667],[-55.634729,-21.176419],[-55.634886,-21.176256],[-55.635055,-21.176134],[-55.635413,-21.1759],[-55.635781,-21.175661],[-55.635979,-21.175477],[-55.636121,-21.175291],[-55.636353,-21.174946],[-55.636621,-21.17452],[-55.63694,-21.174136],[-55.637271,-21.17391],[-55.637618,-21.173701],[-55.637872,-21.173617],[-55.638141,-21.173585],[-55.639181,-21.173407],[-55.639887,-21.173304],[-55.640363,-21.173163],[-55.640966,-21.17286],[-55.641886,-21.172231],[-55.64406,-21.170632],[-55.644695,-21.170255],[-55.645258,-21.170004],[-55.645479,-21.169947],[-55.645838,-21.169856],[-55.646441,-21.169774],[-55.646996,-21.169789],[-55.647877,-21.169907],[-55.65679,-21.171442],[-55.65858,-21.171749],[-55.659546,-21.171862],[-55.660479,-21.171677],[-55.661182,-21.171391],[-55.661775,-21.170879],[-55.66217,-21.170336],[-55.663063,-21.168738],[-55.666755,-21.161442],[-55.667562,-21.159053],[-55.669766,-21.151988],[-55.670147,-21.150779],[-55.670349,-21.150141],[-55.670551,-21.1497],[-55.670776,-21.149345],[-55.67111,-21.148976],[-55.676871,-21.144312],[-55.677616,-21.143805],[-55.678299,-21.143494],[-55.680106,-21.14294],[-55.682777,-21.142172],[-55.694377,-21.138971],[-55.697777,-21.138117],[-55.701628,-21.137046],[-55.703425,-21.136526],[-55.715414,-21.133168],[-55.719611,-21.131945],[-55.725451,-21.130346],[-55.73675,-21.1272],[-55.74155,-21.125863],[-55.747306,-21.124237],[-55.748532,-21.123941],[-55.749044,-21.123904],[-55.749435,-21.123929],[-55.749988,-21.12404],[-55.750465,-21.124209],[-55.750935,-21.124426],[-55.751621,-21.124846],[-55.754001,-21.126291],[-55.756409,-21.127712],[-55.762116,-21.131063],[-55.764662,-21.132576],[-55.765407,-21.133001],[-55.766113,-21.133377],[-55.766812,-21.133625],[-55.767628,-21.133879],[-55.780543,-21.137707],[-55.789171,-21.140273],[-55.807388,-21.145674],[-55.815135,-21.147979],[-55.816854,-21.1485],[-55.817833,-21.148726],[-55.818375,-21.148818],[-55.81891,-21.148884],[-55.8207,-21.149029],[-55.82097,-21.149052],[-55.822471,-21.149178],[-55.822771,-21.14921],[-55.823057,-21.149229],[-55.823627,-21.14925],[-55.824518,-21.149215],[-55.82469,-21.149185],[-55.824844,-21.149142],[-55.824925,-21.149114],[-55.824987,-21.149035],[-55.825032,-21.148963],[-55.825046,-21.148919],[-55.825047,-21.148884],[-55.825027,-21.148784],[-55.825009,-21.148655],[-55.823985,-21.145782],[-55.824099,-21.145717],[-55.824604,-21.145487],[-55.825029,-21.14528],[-55.825339,-21.145113],[-55.825417,-21.14507],[-55.825791,-21.144886],[-55.826315,-21.14464],[-55.826555,-21.144541],[-55.826947,-21.144759],[-55.82742,-21.14499],[-55.827893,-21.145199],[-55.828036,-21.145257]]},"properties":{"id_trecho":"ACESS-ROTA-EST-014-02","id_rota":"ROTA-EST-014","nome_rota":"Rota Bioceânica das Culturas de Fronteira","ordem_trecho":2,"origem":"Sidrolândia","destino":"Nioaque","tipo_registro_rota":"Corredor institucional reinterpretado no estudo","status_institucional_rota":"Corredor rodoviário e turístico em desenvolvimento","classe_base_acessibilidade":"Base institucional ou documental direta","natureza":"Estimativa científica de acessibilidade pela rede viária contemporânea","distancia_rodoviaria_km":114.5,"duracao_estimada_sem_trafego_min":108,"resumo_vias":"BR-060, BR-060","perfil_roteamento":"driving","motor_roteamento":"OSRM route service","endpoint_consultado":"https://router.project-osrm.org","fonte_rede":"OpenStreetMap contributors","licenca_rede":"ODbL 1.0","data_materializacao":"2026-08-12T03:43:51.108Z","corte_base_joaju":"2026-08-10","data_versao_rede":"Não informada","origem_solicitada_lon":-54.9692,"origem_solicitada_lat":-20.9302,"destino_solicitado_lon":-55.8296,"destino_solicitado_lat":-21.1419,"origem_ajustada_lon":-54.969283,"origem_ajustada_lat":-20.930152,"destino_ajustado_lon":-55.828036,"destino_ajustado_lat":-21.145257,"distancia_ajuste_origem_m":10.1,"distancia_ajuste_destino_m":405.6,"status_revisao":"Não validado em campo","nota_especifica":"Estimativa viária contemporânea entre referências da proposta metodológica. Não substitui validação logística ou de campo.","limitacoes":"Tempo sem trânsito em tempo real. O resultado pode incluir vias privadas, sazonais, não pavimentadas, interrompidas ou com restrições ausentes na base.","uso_operacional":"Não representa o traçado cultural, histórico, aquático ou oficialmente aprovado da rota. Não constitui recomendação de viagem, autorização de acesso ou validação das condições da via.","natureza_projeto":"Projeto de pesquisa científica","referencial_metodologico":"Aplicação e adaptação experimental do marco PRICI"}},{"type":"Feature","geometry":{"type":"LineString","coordinates":[[-55.828036,-21.145257],[-55.828231,-21.145336],[-55.828564,-21.145462],[-55.829222,-21.145694],[-55.831152,-21.146374],[-55.833121,-21.147059],[-55.833911,-21.147344],[-55.83874,-21.149046],[-55.839278,-21.149235],[-55.840572,-21.149702],[-55.841238,-21.149936],[-55.841873,-21.150176],[-55.842115,-21.150272],[-55.842353,-21.150377],[-55.842587,-21.150486],[-55.842819,-21.150604],[-55.843272,-21.150851],[-55.843711,-21.151126],[-55.843914,-21.151274],[-55.844128,-21.151429],[-55.844529,-21.151741],[-55.844737,-21.151913],[-55.844946,-21.152104],[-55.845206,-21.152338],[-55.84535,-21.152485],[-55.84725,-21.154335],[-55.847712,-21.154654],[-55.848119,-21.154966],[-55.848165,-21.155008],[-55.848832,-21.155662],[-55.848876,-21.155707],[-55.849219,-21.156145],[-55.84957,-21.156603],[-55.851024,-21.158013],[-55.852419,-21.159374],[-55.853008,-21.159942],[-55.853431,-21.160347],[-55.855451,-21.162304],[-55.857096,-21.163911],[-55.857475,-21.16428],[-55.859537,-21.166295],[-55.861599,-21.168291],[-55.862868,-21.169541],[-55.863548,-21.170198],[-55.863669,-21.170314],[-55.864335,-21.170933],[-55.864416,-21.171009],[-55.864731,-21.171351],[-55.865196,-21.171797],[-55.865292,-21.17189],[-55.865974,-21.172572],[-55.874362,-21.18063],[-55.883235,-21.189104],[-55.910499,-21.215299],[-55.914792,-21.219518],[-55.919103,-21.223653],[-55.92634,-21.230598],[-55.933417,-21.23739],[-55.93683,-21.240629],[-55.938462,-21.242241],[-55.940438,-21.244139],[-55.947316,-21.250738],[-55.953128,-21.256329],[-55.955484,-21.258598],[-55.957858,-21.260877],[-55.962365,-21.265185],[-55.966649,-21.269343],[-55.969935,-21.272482],[-55.975658,-21.277948],[-55.978363,-21.280535],[-55.981586,-21.283616],[-55.989415,-21.291128],[-55.996061,-21.297483],[-55.998013,-21.299417],[-55.998704,-21.300539],[-55.999235,-21.301728],[-55.999487,-21.30315],[-55.999654,-21.305419],[-56.00006,-21.309463],[-56.000135,-21.3103],[-56.000512,-21.314702],[-56.00124,-21.32321],[-56.001417,-21.32528],[-56.002018,-21.33213],[-56.002065,-21.332617],[-56.002151,-21.333574],[-56.002639,-21.339006],[-56.003264,-21.346266],[-56.003301,-21.346594],[-56.003373,-21.347298],[-56.003418,-21.347817],[-56.003686,-21.350861],[-56.004157,-21.35608],[-56.004358,-21.35848],[-56.004621,-21.361412],[-56.004805,-21.362657],[-56.004972,-21.363347],[-56.005309,-21.364305],[-56.005517,-21.36481],[-56.00604,-21.365805],[-56.006565,-21.366598],[-56.007076,-21.367263],[-56.007866,-21.368166],[-56.013614,-21.374067],[-56.018525,-21.37911],[-56.033146,-21.394198],[-56.049333,-21.410744],[-56.055114,-21.416722],[-56.05579,-21.41742],[-56.056941,-21.418687],[-56.057434,-21.419236],[-56.057892,-21.419648],[-56.058239,-21.419969],[-56.058644,-21.420332],[-56.058946,-21.420559],[-56.059235,-21.420776],[-56.062547,-21.422836],[-56.063324,-21.423319],[-56.064787,-21.42419],[-56.067899,-21.426101],[-56.075662,-21.430869],[-56.079642,-21.433331],[-56.087551,-21.438193],[-56.090595,-21.440078],[-56.091177,-21.440439],[-56.091459,-21.440571],[-56.091821,-21.440652],[-56.091958,-21.440719],[-56.0923,-21.440911],[-56.09262,-21.441107],[-56.09287,-21.44126],[-56.093214,-21.441481],[-56.093482,-21.441664],[-56.093631,-21.441778],[-56.093934,-21.441978],[-56.09431,-21.442201],[-56.095044,-21.442655],[-56.095302,-21.442784],[-56.095541,-21.442913],[-56.096478,-21.443481],[-56.097189,-21.443922],[-56.097719,-21.444252],[-56.098678,-21.444848],[-56.099637,-21.445443],[-56.100974,-21.44626],[-56.101864,-21.446817],[-56.102634,-21.44727],[-56.103183,-21.447617],[-56.103569,-21.447859],[-56.104119,-21.448201],[-56.10475,-21.448578],[-56.105658,-21.449147],[-56.106954,-21.449954],[-56.108069,-21.450631],[-56.108889,-21.451136],[-56.109109,-21.451265],[-56.109834,-21.451696],[-56.109962,-21.451782],[-56.110183,-21.45192],[-56.110722,-21.452266],[-56.111278,-21.452602],[-56.11495,-21.454871],[-56.116081,-21.455568],[-56.116671,-21.455928],[-56.11729,-21.456323],[-56.117992,-21.456745],[-56.118737,-21.457196],[-56.119315,-21.457539],[-56.119704,-21.457775],[-56.119891,-21.457892],[-56.120175,-21.45806],[-56.12067,-21.458344],[-56.120989,-21.458555],[-56.121213,-21.458691],[-56.121873,-21.459312],[-56.121953,-21.459364],[-56.122406,-21.459647],[-56.122731,-21.45984],[-56.123714,-21.460448],[-56.124001,-21.460625],[-56.125503,-21.461548],[-56.125564,-21.461586],[-56.125948,-21.461858],[-56.126286,-21.46212],[-56.126589,-21.462387],[-56.126828,-21.462624],[-56.127074,-21.462894],[-56.127249,-21.463121],[-56.128579,-21.464886],[-56.129391,-21.465981],[-56.130014,-21.466821],[-56.132134,-21.469659],[-56.132686,-21.470384],[-56.133325,-21.471261],[-56.134155,-21.472355],[-56.135132,-21.473643],[-56.135424,-21.474028],[-56.135877,-21.474614],[-56.136156,-21.475014],[-56.136467,-21.475435],[-56.136818,-21.475911],[-56.138842,-21.478679],[-56.138854,-21.478701],[-56.138875,-21.478744],[-56.139048,-21.479089],[-56.13909,-21.479142],[-56.139324,-21.479439],[-56.13945,-21.479613],[-56.14003,-21.480411],[-56.140384,-21.480871],[-56.140781,-21.481322],[-56.141214,-21.481683],[-56.141703,-21.481997],[-56.142212,-21.482267],[-56.142757,-21.482507],[-56.143445,-21.482787],[-56.145517,-21.483054],[-56.145585,-21.483048],[-56.145653,-21.483057],[-56.146211,-21.483113],[-56.146629,-21.483113],[-56.147552,-21.483047],[-56.148328,-21.482929],[-56.148706,-21.482837],[-56.149319,-21.482672],[-56.149268,-21.482487],[-56.148232,-21.482741],[-56.148227,-21.482569],[-56.148206,-21.48187],[-56.148184,-21.481089],[-56.148182,-21.481036],[-56.148156,-21.480118],[-56.148909,-21.47993]]},"properties":{"id_trecho":"ACESS-ROTA-EST-014-03","id_rota":"ROTA-EST-014","nome_rota":"Rota Bioceânica das Culturas de Fronteira","ordem_trecho":3,"origem":"Nioaque","destino":"Jardim","tipo_registro_rota":"Corredor institucional reinterpretado no estudo","status_institucional_rota":"Corredor rodoviário e turístico em desenvolvimento","classe_base_acessibilidade":"Base institucional ou documental direta","natureza":"Estimativa científica de acessibilidade pela rede viária contemporânea","distancia_rodoviaria_km":52.7,"duracao_estimada_sem_trafego_min":52,"resumo_vias":"BR-060; BR-419, Rodovia BR-419","perfil_roteamento":"driving","motor_roteamento":"OSRM route service","endpoint_consultado":"https://router.project-osrm.org","fonte_rede":"OpenStreetMap contributors","licenca_rede":"ODbL 1.0","data_materializacao":"2026-08-12T03:43:51.108Z","corte_base_joaju":"2026-08-10","data_versao_rede":"Não informada","origem_solicitada_lon":-55.8296,"origem_solicitada_lat":-21.1419,"destino_solicitado_lon":-56.1489,"destino_solicitado_lat":-21.4799,"origem_ajustada_lon":-55.828036,"origem_ajustada_lat":-21.145257,"destino_ajustado_lon":-56.148909,"destino_ajustado_lat":-21.47993,"distancia_ajuste_origem_m":405.6,"distancia_ajuste_destino_m":3.5,"status_revisao":"Não validado em campo","nota_especifica":"Estimativa viária contemporânea entre referências da proposta metodológica. Não substitui validação logística ou de campo.","limitacoes":"Tempo sem trânsito em tempo real. O resultado pode incluir vias privadas, sazonais, não pavimentadas, interrompidas ou com restrições ausentes na base.","uso_operacional":"Não representa o traçado cultural, histórico, aquático ou oficialmente aprovado da rota. Não constitui recomendação de viagem, autorização de acesso ou validação das condições da via.","natureza_projeto":"Projeto de pesquisa científica","referencial_metodologico":"Aplicação e adaptação experimental do marco PRICI"}},{"type":"Feature","geometry":{"type":"LineString","coordinates":[[-56.148909,-21.47993],[-56.149756,-21.479719],[-56.149989,-21.480556],[-56.150224,-21.481355],[-56.150454,-21.482168],[-56.152008,-21.481767],[-56.152067,-21.481959],[-56.152844,-21.481743],[-56.153027,-21.481705],[-56.153564,-21.481549],[-56.15449,-21.481295],[-56.155064,-21.481144],[-56.155937,-21.480896],[-56.157348,-21.480529],[-56.157731,-21.480424],[-56.158761,-21.480144],[-56.158951,-21.480094],[-56.160257,-21.479737],[-56.160915,-21.479536],[-56.163016,-21.478914],[-56.163134,-21.478869],[-56.164525,-21.478456],[-56.165031,-21.478302],[-56.165697,-21.478094],[-56.165803,-21.478062],[-56.166379,-21.477887],[-56.168668,-21.477216],[-56.169728,-21.476889],[-56.170538,-21.47664],[-56.171154,-21.476453],[-56.181182,-21.473406],[-56.181636,-21.473269],[-56.184143,-21.472516],[-56.184504,-21.472448],[-56.184712,-21.472409],[-56.185252,-21.472329],[-56.185868,-21.472292],[-56.186438,-21.472316],[-56.18698,-21.472395],[-56.187518,-21.472494],[-56.188063,-21.472647],[-56.1886,-21.472837],[-56.211951,-21.482544],[-56.221209,-21.486393],[-56.237604,-21.493208],[-56.243785,-21.495784],[-56.244282,-21.495984],[-56.24457,-21.496084],[-56.244866,-21.496174],[-56.245172,-21.496252],[-56.245478,-21.496313],[-56.245788,-21.49636],[-56.246099,-21.496392],[-56.246419,-21.496411],[-56.246723,-21.496419],[-56.272367,-21.496156],[-56.299694,-21.495875],[-56.300149,-21.495863],[-56.300602,-21.495832],[-56.301053,-21.495778],[-56.301499,-21.495694],[-56.301938,-21.495577],[-56.302357,-21.495436],[-56.302773,-21.495268],[-56.303163,-21.495081],[-56.311275,-21.490499],[-56.31963,-21.485781],[-56.319981,-21.485562],[-56.320318,-21.485331],[-56.320634,-21.485072],[-56.320918,-21.484803],[-56.321196,-21.484508],[-56.321444,-21.484198],[-56.321667,-21.483881],[-56.321864,-21.483558],[-56.330703,-21.467734],[-56.330852,-21.467484],[-56.331015,-21.467241],[-56.331185,-21.467001],[-56.331368,-21.466774],[-56.331573,-21.466553],[-56.331785,-21.466341],[-56.332001,-21.466146],[-56.332228,-21.465956],[-56.338584,-21.460873],[-56.339055,-21.46053],[-56.339542,-21.46023],[-56.340056,-21.45997],[-56.34059,-21.459746],[-56.341182,-21.459565],[-56.341775,-21.459433],[-56.342351,-21.459368],[-56.342928,-21.459342],[-56.343508,-21.459359],[-56.344076,-21.459427],[-56.344598,-21.459535],[-56.345109,-21.459677],[-56.345602,-21.459858],[-56.346313,-21.460188],[-56.347382,-21.460741],[-56.347703,-21.4609],[-56.348038,-21.461047],[-56.348377,-21.461182],[-56.34873,-21.461301],[-56.349096,-21.461399],[-56.349447,-21.461479],[-56.349813,-21.461548],[-56.350177,-21.461602],[-56.359032,-21.462797],[-56.360195,-21.462954],[-56.36134,-21.463108],[-56.361719,-21.463175],[-56.362078,-21.463252],[-56.362433,-21.463348],[-56.362777,-21.463456],[-56.388123,-21.472569],[-56.392084,-21.473994],[-56.392426,-21.474104],[-56.392564,-21.474164],[-56.392897,-21.474286],[-56.393409,-21.47447],[-56.400438,-21.477072],[-56.410803,-21.480783],[-56.423423,-21.485304],[-56.438025,-21.490535],[-56.438358,-21.490655],[-56.441187,-21.491673],[-56.450677,-21.49509],[-56.453286,-21.49603],[-56.453661,-21.496165],[-56.454286,-21.49639],[-56.454725,-21.496548],[-56.463395,-21.499676],[-56.464026,-21.499892],[-56.464668,-21.500119],[-56.465607,-21.500473],[-56.467345,-21.501084],[-56.468524,-21.501523],[-56.472642,-21.502994],[-56.474146,-21.503553],[-56.475866,-21.504163],[-56.47815,-21.504997],[-56.483135,-21.506785],[-56.492328,-21.510083],[-56.511682,-21.517038],[-56.512336,-21.517283],[-56.513486,-21.517686],[-56.540074,-21.52721],[-56.540358,-21.527315],[-56.545707,-21.529232],[-56.546939,-21.529679],[-56.559758,-21.534255],[-56.579226,-21.541183],[-56.591418,-21.545522],[-56.591852,-21.545675],[-56.592065,-21.545751],[-56.592457,-21.54589],[-56.60377,-21.549947],[-56.604447,-21.550191],[-56.605163,-21.550454],[-56.605659,-21.550626],[-56.607109,-21.551143],[-56.610109,-21.552214],[-56.628505,-21.558717],[-56.62912,-21.558939],[-56.629451,-21.559058],[-56.629861,-21.559207],[-56.630359,-21.55939],[-56.630426,-21.559419],[-56.630689,-21.559533],[-56.630834,-21.559582],[-56.631632,-21.559854],[-56.632298,-21.560172],[-56.632592,-21.560312],[-56.634423,-21.561278],[-56.635426,-21.561958],[-56.63649,-21.562786],[-56.63746,-21.563642],[-56.638363,-21.564582],[-56.651924,-21.579183],[-56.65874,-21.586525],[-56.662181,-21.590219],[-56.665483,-21.593771],[-56.696606,-21.627226],[-56.718913,-21.651188],[-56.721007,-21.653437],[-56.721397,-21.653853],[-56.722658,-21.655206],[-56.73182,-21.665059],[-56.731902,-21.665145],[-56.734007,-21.667375],[-56.735745,-21.66888],[-56.736963,-21.669755],[-56.738581,-21.670702],[-56.740286,-21.671515],[-56.742767,-21.672594],[-56.745938,-21.673975],[-56.759232,-21.679792],[-56.762605,-21.681268],[-56.763182,-21.681522],[-56.764931,-21.682277],[-56.765901,-21.682596],[-56.766644,-21.682749],[-56.795569,-21.687993],[-56.796515,-21.688203],[-56.797667,-21.688553],[-56.798779,-21.689086],[-56.802185,-21.690942],[-56.807763,-21.693983],[-56.810027,-21.69524],[-56.814919,-21.697952],[-56.816737,-21.699305],[-56.826104,-21.70668],[-56.831826,-21.711183],[-56.832315,-21.711549],[-56.832753,-21.711875],[-56.833536,-21.712286],[-56.834611,-21.712545],[-56.835765,-21.712473],[-56.836438,-21.712287],[-56.837014,-21.712018],[-56.837152,-21.711949],[-56.837549,-21.711775],[-56.839787,-21.7108],[-56.840575,-21.710477],[-56.841351,-21.710221],[-56.842073,-21.710053],[-56.84278,-21.709954],[-56.843843,-21.709849],[-56.844927,-21.709737],[-56.846186,-21.709641],[-56.847231,-21.709684],[-56.848327,-21.709896],[-56.849419,-21.710169],[-56.850501,-21.710442],[-56.851241,-21.71067],[-56.852389,-21.71124],[-56.853483,-21.712057],[-56.853901,-21.712475],[-56.854237,-21.712811],[-56.860698,-21.719182],[-56.861189,-21.719661],[-56.861343,-21.71981],[-56.862975,-21.721399],[-56.863726,-21.721971],[-56.868953,-21.725696],[-56.870566,-21.726818],[-56.87141,-21.727516],[-56.87168,-21.727785],[-56.872271,-21.728375],[-56.876347,-21.732969],[-56.877569,-21.734325],[-56.879098,-21.736023],[-56.879458,-21.736423],[-56.879741,-21.736767],[-56.880255,-21.737282],[-56.88111,-21.737973],[-56.881743,-21.738361],[-56.882457,-21.738703],[-56.883503,-21.739027],[-56.884275,-21.739152],[-56.885112,-21.739206],[-56.887253,-21.739076],[-56.889511,-21.738897],[-56.890613,-21.738732],[-56.891477,-21.738481],[-56.892797,-21.737853],[-56.893411,-21.73738],[-56.893945,-21.736909],[-56.895734,-21.735122],[-56.898054,-21.732847],[-56.898724,-21.73225],[-56.89943,-21.731871],[-56.900082,-21.731664],[-56.900927,-21.731617],[-56.901439,-21.731674],[-56.901938,-21.731821],[-56.902305,-21.731968],[-56.905985,-21.733926],[-56.913364,-21.737878],[-56.914512,-21.738583],[-56.914885,-21.738884],[-56.915494,-21.739492],[-56.916124,-21.740352],[-56.920284,-21.746506],[-56.921759,-21.748409],[-56.922151,-21.748753],[-56.923117,-21.749425],[-56.924144,-21.749869],[-56.924296,-21.74993],[-56.924983,-21.750141],[-56.926096,-21.750308],[-56.927083,-21.750308],[-56.928306,-21.750108],[-56.930323,-21.74981],[-56.931461,-21.749889],[-56.935664,-21.750878],[-56.936996,-21.751256],[-56.937565,-21.751489],[-56.938391,-21.752042],[-56.938992,-21.7525],[-56.939589,-21.753119],[-56.94018,-21.753887],[-56.940966,-21.755171],[-56.941549,-21.75596],[-56.942061,-21.756566],[-56.942916,-21.757208],[-56.943343,-21.757516],[-56.946292,-21.759167],[-56.950618,-21.761542],[-56.95163,-21.761868],[-56.952575,-21.762046],[-56.953214,-21.762117],[-56.954497,-21.762148],[-56.955847,-21.762123],[-56.95709,-21.762079],[-56.958161,-21.76191],[-56.959429,-21.761473],[-56.965714,-21.75898],[-56.967311,-21.758297],[-56.968514,-21.757539],[-56.969052,-21.757048],[-56.969547,-21.756458],[-56.970459,-21.755235],[-56.971095,-21.754329],[-56.973239,-21.751257],[-56.973723,-21.750114],[-56.973871,-21.74963],[-56.97395,-21.749134],[-56.974068,-21.747116],[-56.974186,-21.745404],[-56.974329,-21.744302],[-56.974664,-21.743382],[-56.975103,-21.742316],[-56.97548,-21.741415],[-56.975956,-21.740554],[-56.976769,-21.739576],[-56.977995,-21.73838],[-56.98206,-21.734685],[-56.986267,-21.73086],[-56.996198,-21.721825],[-56.996907,-21.721307],[-56.997958,-21.720788],[-56.999052,-21.720449],[-57.001501,-21.72004],[-57.00272,-21.719907],[-57.003609,-21.719855],[-57.004181,-21.719903],[-57.004674,-21.720031],[-57.005121,-21.72019],[-57.005522,-21.720396],[-57.005888,-21.720649],[-57.006219,-21.720948],[-57.00667,-21.721586],[-57.006823,-21.722081],[-57.007592,-21.724576],[-57.008,-21.725612],[-57.00888,-21.726768],[-57.012592,-21.730396],[-57.013033,-21.730697],[-57.013499,-21.730911],[-57.014193,-21.731104],[-57.014753,-21.731219],[-57.015411,-21.731353],[-57.01583,-21.731489],[-57.01624,-21.731672],[-57.016743,-21.73202],[-57.016964,-21.732216],[-57.017336,-21.732531],[-57.017708,-21.732845],[-57.018164,-21.733133],[-57.018627,-21.733332],[-57.019261,-21.733496],[-57.020125,-21.733539],[-57.021017,-21.733499],[-57.023106,-21.733267],[-57.023922,-21.733127],[-57.024608,-21.732948],[-57.026969,-21.732031],[-57.027677,-21.731891],[-57.028428,-21.731772],[-57.030187,-21.731792],[-57.03126,-21.731732],[-57.032222,-21.731519],[-57.03305,-21.731201],[-57.034796,-21.730265],[-57.037352,-21.729095],[-57.03818,-21.728543],[-57.038738,-21.727891],[-57.039278,-21.727055],[-57.041528,-21.723259],[-57.041996,-21.722557],[-57.042626,-21.721921],[-57.04358,-21.721286],[-57.044732,-21.720834],[-57.045266,-21.720717],[-57.049898,-21.719697],[-57.050743,-21.719647],[-57.051517,-21.71963],[-57.052651,-21.719814],[-57.066727,-21.72443],[-57.069175,-21.725048],[-57.103347,-21.731638],[-57.104275,-21.732004],[-57.105355,-21.732623],[-57.111025,-21.73697],[-57.112105,-21.737605],[-57.113221,-21.738107],[-57.139318,-21.748941],[-57.13993,-21.749211],[-57.143176,-21.750561],[-57.145805,-21.751679],[-57.146282,-21.751942],[-57.146829,-21.752255],[-57.147456,-21.752799],[-57.149185,-21.754661],[-57.155199,-21.761239],[-57.156741,-21.762671],[-57.157608,-21.763184],[-57.15847,-21.763467],[-57.167539,-21.765742],[-57.168467,-21.765979],[-57.174824,-21.767606],[-57.188967,-21.771263],[-57.195253,-21.772889],[-57.1973,-21.773186],[-57.198431,-21.77308],[-57.199339,-21.772803],[-57.20935,-21.768901],[-57.210275,-21.768651],[-57.211224,-21.768546],[-57.212363,-21.768667],[-57.213709,-21.768881],[-57.221882,-21.770929],[-57.22218,-21.770975],[-57.222331,-21.770999],[-57.222473,-21.771011],[-57.222714,-21.77101],[-57.222933,-21.771011],[-57.223102,-21.771022],[-57.223257,-21.771048],[-57.223441,-21.771094],[-57.224758,-21.771423],[-57.224957,-21.771467],[-57.225069,-21.771507],[-57.225189,-21.771555],[-57.225691,-21.771813],[-57.225812,-21.771867],[-57.225949,-21.771917],[-57.226243,-21.772014],[-57.231022,-21.773211],[-57.235663,-21.774373],[-57.243341,-21.776277],[-57.244164,-21.776419],[-57.244881,-21.776429],[-57.245419,-21.776309],[-57.245876,-21.77615],[-57.24643,-21.77582],[-57.246918,-21.775368],[-57.249714,-21.772073],[-57.254345,-21.768062],[-57.255816,-21.766847],[-57.256462,-21.766427],[-57.257196,-21.766097],[-57.266582,-21.763144],[-57.268422,-21.762547],[-57.269759,-21.762302],[-57.271513,-21.762416],[-57.274241,-21.762878],[-57.279737,-21.763739],[-57.292084,-21.765651],[-57.295756,-21.766243],[-57.297592,-21.766528],[-57.29887,-21.766583],[-57.299548,-21.766517],[-57.30213,-21.766105],[-57.305068,-21.765636],[-57.310446,-21.764778],[-57.311004,-21.764685],[-57.31227,-21.764491],[-57.314376,-21.764161],[-57.320446,-21.763201],[-57.321175,-21.763167],[-57.321824,-21.763197],[-57.32298,-21.763381],[-57.323094,-21.763399],[-57.323291,-21.763431],[-57.323764,-21.763505],[-57.32398,-21.763547],[-57.324039,-21.763557],[-57.326883,-21.764038],[-57.333159,-21.765097],[-57.338819,-21.765956],[-57.354507,-21.768684],[-57.355101,-21.768741],[-57.355471,-21.768777],[-57.355893,-21.768818],[-57.364982,-21.769027],[-57.36726,-21.769007],[-57.372257,-21.768256],[-57.378649,-21.767752],[-57.37976,-21.767531],[-57.380676,-21.767231],[-57.381668,-21.766828],[-57.382494,-21.766258],[-57.383126,-21.765675],[-57.390467,-21.755012],[-57.391602,-21.753511],[-57.392216,-21.752985],[-57.392879,-21.752527],[-57.393559,-21.752172],[-57.394538,-21.751834],[-57.397228,-21.751298],[-57.398228,-21.751114],[-57.399154,-21.750883],[-57.403367,-21.749091],[-57.404985,-21.748562],[-57.40606,-21.748461],[-57.406884,-21.748469],[-57.415922,-21.749509],[-57.416873,-21.749513],[-57.417493,-21.749455],[-57.418154,-21.749309],[-57.420625,-21.748833],[-57.422293,-21.7485],[-57.425766,-21.748483],[-57.42708,-21.748438],[-57.427869,-21.748431],[-57.428688,-21.748303],[-57.42961,-21.748042],[-57.430591,-21.747656],[-57.440163,-21.743448],[-57.440733,-21.743309],[-57.441406,-21.743186],[-57.442166,-21.743149],[-57.442966,-21.743149],[-57.447427,-21.74336],[-57.450077,-21.743438],[-57.452662,-21.743553],[-57.460923,-21.743941],[-57.472944,-21.744489],[-57.474842,-21.74452],[-57.475496,-21.744448],[-57.476636,-21.744268],[-57.477577,-21.744109],[-57.478186,-21.744022],[-57.478637,-21.743972],[-57.479015,-21.743945],[-57.479251,-21.743935],[-57.479965,-21.743952],[-57.485055,-21.744195],[-57.485375,-21.744209],[-57.489336,-21.744391],[-57.489851,-21.744415],[-57.490406,-21.74446],[-57.490801,-21.744513],[-57.491085,-21.74456],[-57.491442,-21.744642],[-57.491949,-21.744767],[-57.492984,-21.745036],[-57.494006,-21.745277],[-57.494572,-21.745387],[-57.495116,-21.745459],[-57.495621,-21.745497],[-57.502413,-21.745778],[-57.505631,-21.745923],[-57.513119,-21.746255],[-57.529211,-21.74696],[-57.537053,-21.747294],[-57.54354,-21.747551],[-57.550862,-21.74787],[-57.551692,-21.747893],[-57.552107,-21.747893],[-57.552489,-21.747861],[-57.552978,-21.747804],[-57.556747,-21.747189],[-57.560539,-21.746553],[-57.561465,-21.746402],[-57.561883,-21.74634],[-57.562842,-21.746186],[-57.567757,-21.745536],[-57.56973,-21.745275],[-57.5736,-21.744762],[-57.574684,-21.744642],[-57.575583,-21.744572],[-57.57657,-21.744523],[-57.577468,-21.744508],[-57.579,-21.74449],[-57.579665,-21.744455],[-57.580268,-21.744378],[-57.580899,-21.744261],[-57.581355,-21.744134],[-57.583633,-21.743408],[-57.584571,-21.743107],[-57.586277,-21.742509],[-57.586523,-21.742445],[-57.586821,-21.74239],[-57.587081,-21.742355],[-57.587422,-21.742328],[-57.587881,-21.74232],[-57.588619,-21.74231],[-57.588982,-21.742303],[-57.589198,-21.742289],[-57.589411,-21.742255],[-57.589594,-21.742208],[-57.589896,-21.742102],[-57.590143,-21.741978],[-57.590411,-21.741793],[-57.590611,-21.741616],[-57.590773,-21.741432],[-57.590941,-21.741189],[-57.591029,-21.741032],[-57.591102,-21.740843],[-57.591165,-21.740667],[-57.591609,-21.739345],[-57.591869,-21.738613],[-57.592387,-21.737205],[-57.592518,-21.736959],[-57.592631,-21.736777],[-57.5928,-21.736562],[-57.592899,-21.736453],[-57.593073,-21.736263],[-57.593274,-21.736082],[-57.593449,-21.735937],[-57.593607,-21.73583],[-57.593918,-21.735651],[-57.598372,-21.733236],[-57.614338,-21.724782],[-57.6151,-21.724383],[-57.615505,-21.724149],[-57.615767,-21.72398],[-57.616003,-21.723819],[-57.616368,-21.723536],[-57.616666,-21.72327],[-57.617012,-21.722928],[-57.617194,-21.722726],[-57.617645,-21.722186],[-57.61786,-21.721889],[-57.617975,-21.721707],[-57.618093,-21.721518],[-57.618308,-21.721134],[-57.619107,-21.719659],[-57.619262,-21.719426],[-57.619615,-21.718975],[-57.61982,-21.718737],[-57.619992,-21.718553],[-57.620154,-21.7184],[-57.620429,-21.718157],[-57.620552,-21.718048],[-57.6273,-21.713711],[-57.629451,-21.712339],[-57.629692,-21.712189],[-57.630337,-21.711832],[-57.630664,-21.711676],[-57.631065,-21.711498],[-57.631583,-21.711298],[-57.63205,-21.71113],[-57.632908,-21.710894],[-57.63319,-21.710823],[-57.633766,-21.710717],[-57.634388,-21.710634],[-57.634653,-21.710604],[-57.635024,-21.710578],[-57.635386,-21.710564],[-57.636104,-21.71057],[-57.636618,-21.710598],[-57.639978,-21.710864],[-57.657742,-21.712249],[-57.659963,-21.712425],[-57.678861,-21.713914],[-57.679939,-21.714011],[-57.680372,-21.714043],[-57.680803,-21.714061],[-57.68104,-21.714057],[-57.681304,-21.714046],[-57.682892,-21.7139],[-57.683051,-21.71389],[-57.683535,-21.713857],[-57.684637,-21.713767],[-57.687716,-21.713519],[-57.701085,-21.712458],[-57.702636,-21.712353],[-57.71154,-21.711634],[-57.714909,-21.711367],[-57.718232,-21.711101],[-57.721256,-21.71088],[-57.726824,-21.710407],[-57.730282,-21.710138],[-57.736295,-21.709644],[-57.737937,-21.709535],[-57.744025,-21.70903],[-57.785105,-21.705726],[-57.789825,-21.705339],[-57.790138,-21.705328],[-57.790326,-21.705324],[-57.790529,-21.705336],[-57.793159,-21.705535],[-57.793483,-21.705544],[-57.793826,-21.705535],[-57.795832,-21.705418],[-57.797816,-21.705241],[-57.804296,-21.704718],[-57.810681,-21.704193],[-57.820251,-21.703415],[-57.829742,-21.702653],[-57.831576,-21.70249],[-57.832698,-21.702354],[-57.833185,-21.702284],[-57.833566,-21.702165],[-57.833765,-21.702152],[-57.834993,-21.702074],[-57.835247,-21.702057],[-57.835758,-21.702117],[-57.836195,-21.702107],[-57.837166,-21.70202],[-57.840431,-21.701752],[-57.843644,-21.701497],[-57.846037,-21.701311],[-57.851587,-21.700862],[-57.857131,-21.70042],[-57.858623,-21.700308],[-57.866685,-21.699701],[-57.869474,-21.699463],[-57.870012,-21.699381],[-57.870243,-21.699348],[-57.870257,-21.699299],[-57.870283,-21.699254],[-57.87032,-21.699216],[-57.870375,-21.699183],[-57.87045,-21.699164],[-57.870527,-21.69917],[-57.870595,-21.699198],[-57.870649,-21.699243],[-57.870686,-21.699303],[-57.871519,-21.699251],[-57.872256,-21.699179],[-57.873539,-21.699038],[-57.874211,-21.698978],[-57.87436,-21.698976],[-57.874599,-21.698949],[-57.874869,-21.698934],[-57.875452,-21.698898],[-57.876139,-21.698847],[-57.876325,-21.698846],[-57.876471,-21.698838],[-57.877359,-21.698794],[-57.877527,-21.698773],[-57.877751,-21.698714],[-57.878506,-21.698477],[-57.878797,-21.698409],[-57.878914,-21.698373],[-57.879972,-21.698051],[-57.880886,-21.697719],[-57.881138,-21.697664],[-57.88212,-21.698555],[-57.882143,-21.698541],[-57.88217,-21.698536],[-57.882197,-21.69854],[-57.882944,-21.697825],[-57.883043,-21.697921],[-57.883405,-21.698273]]},"properties":{"id_trecho":"ACESS-ROTA-EST-014-04","id_rota":"ROTA-EST-014","nome_rota":"Rota Bioceânica das Culturas de Fronteira","ordem_trecho":4,"origem":"Jardim","destino":"Porto Murtinho","tipo_registro_rota":"Corredor institucional reinterpretado no estudo","status_institucional_rota":"Corredor rodoviário e turístico em desenvolvimento","classe_base_acessibilidade":"Base institucional ou documental direta","natureza":"Estimativa científica de acessibilidade pela rede viária contemporânea","distancia_rodoviaria_km":202.7,"duracao_estimada_sem_trafego_min":188,"resumo_vias":"Rua Paraná, BR-267","perfil_roteamento":"driving","motor_roteamento":"OSRM route service","endpoint_consultado":"https://router.project-osrm.org","fonte_rede":"OpenStreetMap contributors","licenca_rede":"ODbL 1.0","data_materializacao":"2026-08-12T03:43:51.108Z","corte_base_joaju":"2026-08-10","data_versao_rede":"Não informada","origem_solicitada_lon":-56.1489,"origem_solicitada_lat":-21.4799,"destino_solicitado_lon":-57.8836,"destino_solicitado_lat":-21.6981,"origem_ajustada_lon":-56.148909,"origem_ajustada_lat":-21.47993,"destino_ajustado_lon":-57.883405,"destino_ajustado_lat":-21.698273,"distancia_ajuste_origem_m":3.5,"distancia_ajuste_destino_m":27.8,"status_revisao":"Não validado em campo","nota_especifica":"Estimativa viária contemporânea entre referências da proposta metodológica. Não substitui validação logística ou de campo.","limitacoes":"Tempo sem trânsito em tempo real. O resultado pode incluir vias privadas, sazonais, não pavimentadas, interrompidas ou com restrições ausentes na base.","uso_operacional":"Não representa o traçado cultural, histórico, aquático ou oficialmente aprovado da rota. Não constitui recomendação de viagem, autorização de acesso ou validação das condições da via.","natureza_projeto":"Projeto de pesquisa científica","referencial_metodologico":"Aplicação e adaptação experimental do marco PRICI"}},{"type":"Feature","geometry":{"type":"LineString","coordinates":[[-54.307797,-22.480397],[-54.307226,-22.480645],[-54.30708,-22.480711],[-54.30703,-22.480612],[-54.307168,-22.480551],[-54.308192,-22.480092],[-54.308309,-22.480046],[-54.309314,-22.479604],[-54.309453,-22.479545],[-54.310453,-22.479099],[-54.310612,-22.479034],[-54.311588,-22.478624],[-54.311725,-22.478553],[-54.312307,-22.478277],[-54.3125,-22.478183],[-54.312007,-22.477214],[-54.311739,-22.476634],[-54.31146,-22.476128],[-54.311266,-22.47572],[-54.310999,-22.475105],[-54.310976,-22.475055],[-54.310687,-22.47443],[-54.310407,-22.47388],[-54.310129,-22.473327],[-54.309838,-22.472763],[-54.309042,-22.471129],[-54.308282,-22.469527],[-54.30737,-22.467563],[-54.306455,-22.465614],[-54.305757,-22.464047],[-54.305412,-22.463309],[-54.305121,-22.462631],[-54.305008,-22.462536],[-54.304965,-22.462498],[-54.304929,-22.462456],[-54.304878,-22.462435],[-54.304819,-22.462412],[-54.304782,-22.462406],[-54.304744,-22.462402],[-54.304656,-22.462407],[-54.304515,-22.462439],[-54.298287,-22.464848],[-54.292036,-22.467267],[-54.279581,-22.472136],[-54.276302,-22.473488],[-54.275532,-22.473784],[-54.273488,-22.474595],[-54.271419,-22.475389],[-54.267735,-22.476822],[-54.265588,-22.477686],[-54.264359,-22.478174],[-54.263272,-22.478631],[-54.262519,-22.478893],[-54.262105,-22.47898],[-54.261759,-22.479003],[-54.26152,-22.479005],[-54.261425,-22.478995],[-54.261272,-22.478976],[-54.261008,-22.478936],[-54.260852,-22.478886],[-54.260628,-22.478797],[-54.260292,-22.478629],[-54.259924,-22.478378],[-54.259725,-22.478208],[-54.259607,-22.478088],[-54.259507,-22.477974],[-54.259408,-22.477839],[-54.259351,-22.477759],[-54.259255,-22.477599],[-54.259179,-22.477454],[-54.259077,-22.477239],[-54.25871,-22.476463],[-54.256735,-22.472284],[-54.255747,-22.470191],[-54.255258,-22.469139],[-54.254779,-22.468094],[-54.25282,-22.463905],[-54.251842,-22.461809],[-54.251353,-22.460764],[-54.251113,-22.460236],[-54.25089,-22.459758],[-54.250607,-22.459158],[-54.250437,-22.458866],[-54.250347,-22.458726],[-54.250309,-22.458675],[-54.25027,-22.458631],[-54.250197,-22.458565],[-54.250121,-22.458507],[-54.249906,-22.458363],[-54.249867,-22.458336],[-54.249819,-22.458307],[-54.249713,-22.458283],[-54.249561,-22.458253],[-54.249428,-22.458235],[-54.249253,-22.458229],[-54.249178,-22.458233],[-54.249096,-22.458246],[-54.248568,-22.458369],[-54.248385,-22.458422],[-54.248076,-22.458503],[-54.24774,-22.458619],[-54.247088,-22.45886],[-54.244854,-22.459737],[-54.24266,-22.460591],[-54.23827,-22.46229],[-54.229454,-22.465759],[-54.224395,-22.467749],[-54.222833,-22.468361],[-54.221254,-22.468989],[-54.219525,-22.469659],[-54.210701,-22.473107],[-54.205074,-22.475305],[-54.20284,-22.476167],[-54.200065,-22.477286],[-54.193601,-22.479832],[-54.191376,-22.480674],[-54.188553,-22.481779],[-54.185317,-22.483018],[-54.182826,-22.484007],[-54.175201,-22.486986],[-54.173609,-22.487618],[-54.169917,-22.489093],[-54.166749,-22.490279],[-54.1628,-22.491806],[-54.161997,-22.492111],[-54.161708,-22.492218],[-54.161103,-22.492457],[-54.160563,-22.492675],[-54.159674,-22.493016],[-54.159541,-22.493068],[-54.159455,-22.493104],[-54.158448,-22.493497],[-54.157162,-22.493995],[-54.155368,-22.494696],[-54.152761,-22.495714],[-54.146582,-22.498111],[-54.135324,-22.502498],[-54.125823,-22.506174],[-54.11478,-22.510447],[-54.103285,-22.514944],[-54.102177,-22.515348],[-54.101608,-22.515517],[-54.101143,-22.515599],[-54.100671,-22.51564],[-54.100406,-22.515663],[-54.099595,-22.515617],[-54.099026,-22.515544],[-54.098368,-22.515343],[-54.09676,-22.514781],[-54.096335,-22.514658],[-54.095642,-22.514562],[-54.094841,-22.514507],[-54.093258,-22.514493],[-54.073125,-22.514271],[-54.064947,-22.51418],[-54.063335,-22.51418],[-54.06193,-22.514372],[-54.059598,-22.514773],[-54.051073,-22.516241],[-54.05036,-22.516406],[-54.049534,-22.516716],[-54.048693,-22.517128],[-54.047749,-22.517644],[-54.045429,-22.51899],[-54.044574,-22.51937],[-54.043975,-22.519557],[-54.043075,-22.519772],[-54.041957,-22.519845],[-54.040968,-22.51979],[-54.03986,-22.519594],[-54.038366,-22.519246],[-54.037688,-22.519205],[-54.036206,-22.519172],[-54.035819,-22.519168],[-54.033681,-22.519141],[-54.028355,-22.519133],[-54.027235,-22.519185],[-54.025948,-22.519295],[-54.007026,-22.521514],[-54.006576,-22.521546],[-54.004657,-22.521866],[-54.003645,-22.522034],[-54.002663,-22.522163],[-54.002485,-22.522197],[-54.002385,-22.522224],[-54.002289,-22.522276],[-54.002202,-22.522344],[-54.002191,-22.5224],[-54.002171,-22.522453],[-54.002114,-22.522539],[-54.002032,-22.522606],[-54.002288,-22.522853],[-54.017429,-22.538721],[-54.0225,-22.544009],[-54.023766,-22.545232],[-54.024867,-22.546276],[-54.025318,-22.546687],[-54.026234,-22.547464],[-54.026598,-22.548001],[-54.026834,-22.548537],[-54.026965,-22.549072],[-54.026991,-22.549494],[-54.026942,-22.549996],[-54.026277,-22.554416],[-54.026234,-22.55521],[-54.026255,-22.555983],[-54.026341,-22.556755],[-54.030617,-22.580258],[-54.031481,-22.585008],[-54.03645,-22.612824],[-54.036468,-22.61293],[-54.036815,-22.614774],[-54.038894,-22.625827],[-54.041899,-22.643355],[-54.041923,-22.643602],[-54.041936,-22.643789],[-54.041985,-22.644071],[-54.042041,-22.644374],[-54.042107,-22.644805],[-54.043357,-22.651727],[-54.044065,-22.656254],[-54.04457,-22.664851],[-54.045674,-22.683634],[-54.046726,-22.700221],[-54.047906,-22.717216],[-54.049246,-22.735054],[-54.049428,-22.737207],[-54.049446,-22.73757],[-54.04945,-22.737673],[-54.049473,-22.738051],[-54.049761,-22.741302],[-54.049862,-22.74281],[-54.050137,-22.745883],[-54.050631,-22.751591],[-54.051167,-22.757813],[-54.052154,-22.775288],[-54.052168,-22.775541],[-54.052674,-22.784507],[-54.053056,-22.791266],[-54.05327,-22.793776],[-54.053533,-22.795155],[-54.053914,-22.796523],[-54.056019,-22.803667],[-54.057201,-22.807678],[-54.060394,-22.818517],[-54.065351,-22.835211],[-54.06845,-22.845466],[-54.070003,-22.850602],[-54.070037,-22.850714],[-54.070136,-22.851039],[-54.071786,-22.856466],[-54.072657,-22.859364],[-54.073544,-22.862326],[-54.073981,-22.863739],[-54.075365,-22.868448],[-54.076058,-22.870798],[-54.076408,-22.871986],[-54.076579,-22.872578],[-54.076665,-22.872869],[-54.076749,-22.873182],[-54.07697,-22.874197],[-54.077035,-22.87459],[-54.077095,-22.874999],[-54.077993,-22.881751],[-54.078455,-22.88516],[-54.078691,-22.886853],[-54.078922,-22.888548],[-54.07901,-22.8892],[-54.080061,-22.897502],[-54.080184,-22.89833],[-54.080401,-22.900091],[-54.080642,-22.901786],[-54.080653,-22.901863],[-54.081323,-22.90655],[-54.08153,-22.907974],[-54.081564,-22.908211],[-54.082434,-22.914389],[-54.083411,-22.921226],[-54.083869,-22.924432],[-54.084013,-22.925284],[-54.084056,-22.925481],[-54.084107,-22.925673],[-54.084255,-22.926084],[-54.084398,-22.926393],[-54.084489,-22.926567],[-54.084586,-22.926729],[-54.084693,-22.926892],[-54.084822,-22.92706],[-54.085078,-22.927348],[-54.085408,-22.927666],[-54.085694,-22.927923],[-54.086263,-22.928353],[-54.087476,-22.929216],[-54.091128,-22.931773],[-54.093131,-22.933139],[-54.09805,-22.93648],[-54.102838,-22.93971],[-54.106545,-22.942141],[-54.109577,-22.944129],[-54.110533,-22.944782],[-54.112001,-22.945807],[-54.112312,-22.946026],[-54.11615,-22.948677],[-54.120193,-22.951473],[-54.124708,-22.954534],[-54.125969,-22.955378],[-54.128984,-22.957402],[-54.134695,-22.961222],[-54.139626,-22.964479],[-54.143081,-22.966761],[-54.143409,-22.966978],[-54.14386,-22.967287],[-54.144616,-22.967783],[-54.145492,-22.968368],[-54.146864,-22.969277],[-54.147839,-22.969935],[-54.148748,-22.970511],[-54.150227,-22.971486],[-54.151072,-22.972048],[-54.151986,-22.972665],[-54.152668,-22.973115],[-54.153289,-22.973522],[-54.153914,-22.973926],[-54.154445,-22.974272],[-54.15509,-22.974711],[-54.155934,-22.97528],[-54.15676,-22.975834],[-54.15746,-22.976297],[-54.157972,-22.976632],[-54.159211,-22.977451],[-54.160103,-22.978039],[-54.161208,-22.978791],[-54.162139,-22.979401],[-54.162557,-22.979693],[-54.164549,-22.981018],[-54.165368,-22.981565],[-54.165921,-22.981937],[-54.16639,-22.982238],[-54.167321,-22.982845],[-54.168206,-22.983444],[-54.1689,-22.983905],[-54.169648,-22.9844],[-54.170097,-22.984701],[-54.170911,-22.985215],[-54.171752,-22.985792],[-54.172519,-22.986296],[-54.173096,-22.986686],[-54.173949,-22.987262],[-54.174631,-22.987713],[-54.17548,-22.988279],[-54.176243,-22.988794],[-54.176899,-22.989236],[-54.178314,-22.990197],[-54.179221,-22.990804],[-54.180518,-22.991688],[-54.181523,-22.992368],[-54.182214,-22.99283],[-54.182848,-22.993253],[-54.183221,-22.993509],[-54.184206,-22.99418],[-54.185339,-22.994962],[-54.185419,-22.995014],[-54.186122,-22.995505],[-54.187086,-22.996138],[-54.188022,-22.996747],[-54.188737,-22.99725],[-54.188869,-22.997359],[-54.189192,-22.997648],[-54.189512,-22.997972],[-54.189628,-22.998105],[-54.189987,-22.998566],[-54.190224,-22.99892],[-54.190381,-22.99918],[-54.190625,-22.999659],[-54.190711,-22.999865],[-54.190852,-23.000279],[-54.190933,-23.000555],[-54.191008,-23.001034],[-54.191017,-23.001168],[-54.191092,-23.001753],[-54.191088,-23.002282],[-54.191052,-23.002761],[-54.190998,-23.003453],[-54.190925,-23.004017],[-54.190817,-23.004719],[-54.19071,-23.005457],[-54.190608,-23.006034],[-54.190538,-23.006525],[-54.190463,-23.007104],[-54.190388,-23.007652],[-54.190301,-23.008295],[-54.190168,-23.009288],[-54.190057,-23.010084],[-54.189946,-23.010954],[-54.189748,-23.012331],[-54.18964,-23.0131],[-54.18944,-23.014649],[-54.189373,-23.015166],[-54.189274,-23.015887],[-54.18914,-23.016758],[-54.189064,-23.017439],[-54.189043,-23.017653],[-54.189024,-23.017787],[-54.189,-23.017913],[-54.188993,-23.01795],[-54.18901,-23.01801],[-54.18897,-23.01835],[-54.188529,-23.02167],[-54.18852,-23.021783],[-54.188546,-23.021941],[-54.188542,-23.022107],[-54.188513,-23.022271],[-54.188432,-23.022928],[-54.188384,-23.023301],[-54.188331,-23.023659],[-54.188313,-23.023782],[-54.188202,-23.024237],[-54.187857,-23.026693],[-54.187786,-23.027465],[-54.187778,-23.027896],[-54.187794,-23.028288],[-54.187832,-23.02868],[-54.187927,-23.02925],[-54.188076,-23.029791],[-54.188263,-23.030296],[-54.188556,-23.030829],[-54.188748,-23.031224],[-54.188931,-23.031548],[-54.189127,-23.031991],[-54.189388,-23.032546],[-54.189767,-23.033266],[-54.190219,-23.034154],[-54.190621,-23.034916],[-54.190707,-23.035062],[-54.191197,-23.036068],[-54.191978,-23.037618],[-54.192721,-23.039111],[-54.193231,-23.040144],[-54.193436,-23.040489],[-54.19351,-23.040613],[-54.193856,-23.041095],[-54.193957,-23.041313],[-54.193982,-23.041401],[-54.194026,-23.04151],[-54.194546,-23.042722],[-54.194716,-23.043067],[-54.194803,-23.043243],[-54.195609,-23.044827],[-54.195731,-23.04509],[-54.196154,-23.045936],[-54.196195,-23.046018],[-54.196466,-23.046527],[-54.1966,-23.046773],[-54.196791,-23.047139],[-54.196836,-23.047223],[-54.197141,-23.047824],[-54.197536,-23.04856],[-54.197659,-23.04879],[-54.197677,-23.048805],[-54.197702,-23.048846],[-54.197708,-23.048892],[-54.197696,-23.048937],[-54.19769,-23.048946],[-54.198179,-23.049945],[-54.19821,-23.050053],[-54.198559,-23.051082],[-54.198623,-23.051268],[-54.198646,-23.051275],[-54.198667,-23.051286],[-54.198695,-23.051309],[-54.198716,-23.051338],[-54.198728,-23.051371],[-54.19873,-23.051405],[-54.198722,-23.05144],[-54.198714,-23.051456],[-54.198704,-23.051472],[-54.198677,-23.051498],[-54.198658,-23.051511],[-54.198897,-23.05233],[-54.198975,-23.0526],[-54.199041,-23.052827],[-54.199346,-23.053834],[-54.199501,-23.054342],[-54.199655,-23.054849],[-54.199984,-23.055862],[-54.200287,-23.056864],[-54.200506,-23.057563],[-54.200604,-23.057877],[-54.200843,-23.058684],[-54.200906,-23.058896],[-54.201229,-23.059925],[-54.201533,-23.060933],[-54.201461,-23.060949],[-54.201389,-23.060966],[-54.201028,-23.061226],[-54.200676,-23.061506],[-54.200632,-23.061579],[-54.200584,-23.061656],[-54.200523,-23.062047],[-54.199475,-23.061931],[-54.19949,-23.061799]]},"properties":{"id_trecho":"ACESS-ROTA-EST-021-01","id_rota":"ROTA-EST-021","nome_rota":"Rota de Aviturismo nas Unidades de Conservação da Mata Atlântica","ordem_trecho":1,"origem":"Jateí","destino":"Naviraí","tipo_registro_rota":"Rota institucional incorporada ao estudo","status_institucional_rota":"Lançada e promovida pela Fundtur MS","classe_base_acessibilidade":"Base institucional ou documental direta","natureza":"Estimativa científica de acessibilidade pela rede viária contemporânea","distancia_rodoviaria_km":104.3,"duracao_estimada_sem_trafego_min":96,"resumo_vias":"MS-475, Rodovia Paulo Rodrigues dos Santos","perfil_roteamento":"driving","motor_roteamento":"OSRM route service","endpoint_consultado":"https://router.project-osrm.org","fonte_rede":"OpenStreetMap contributors","licenca_rede":"ODbL 1.0","data_materializacao":"2026-08-12T03:43:51.108Z","corte_base_joaju":"2026-08-10","data_versao_rede":"Não informada","origem_solicitada_lon":-54.3079,"origem_solicitada_lat":-22.4806,"destino_solicitado_lon":-54.1995,"destino_solicitado_lat":-23.0618,"origem_ajustada_lon":-54.307797,"origem_ajustada_lat":-22.480397,"destino_ajustado_lon":-54.19949,"destino_ajustado_lat":-23.061799,"distancia_ajuste_origem_m":24.9,"distancia_ajuste_destino_m":1,"status_revisao":"Não validado em campo","nota_especifica":"Estimativa viária contemporânea entre referências da proposta metodológica. Não substitui validação logística ou de campo.","limitacoes":"Tempo sem trânsito em tempo real. O resultado pode incluir vias privadas, sazonais, não pavimentadas, interrompidas ou com restrições ausentes na base.","uso_operacional":"Não representa o traçado cultural, histórico, aquático ou oficialmente aprovado da rota. Não constitui recomendação de viagem, autorização de acesso ou validação das condições da via.","natureza_projeto":"Projeto de pesquisa científica","referencial_metodologico":"Aplicação e adaptação experimental do marco PRICI"}},{"type":"Feature","geometry":{"type":"LineString","coordinates":[[-54.19949,-23.061799],[-54.199567,-23.061127],[-54.199656,-23.060979],[-54.200302,-23.061312],[-54.200676,-23.061506],[-54.200632,-23.061579],[-54.200584,-23.061656],[-54.200523,-23.062047],[-54.20046,-23.062491],[-54.200489,-23.062579],[-54.200502,-23.06262],[-54.200791,-23.062964],[-54.201114,-23.063293],[-54.201179,-23.063327],[-54.201234,-23.063357],[-54.200926,-23.063863],[-54.200665,-23.064291],[-54.200107,-23.065216],[-54.199576,-23.066101],[-54.19955,-23.066144],[-54.199329,-23.066503],[-54.198985,-23.067061],[-54.198427,-23.067989],[-54.197874,-23.068887],[-54.197713,-23.069145],[-54.197642,-23.069248],[-54.197234,-23.069983],[-54.197162,-23.070112],[-54.197094,-23.070225],[-54.196553,-23.071077],[-54.195828,-23.072312],[-54.195294,-23.073199],[-54.19502,-23.073651],[-54.194989,-23.073702],[-54.194808,-23.073973],[-54.194655,-23.07421],[-54.194559,-23.074374],[-54.194417,-23.074616],[-54.194269,-23.074824],[-54.194139,-23.075021],[-54.194038,-23.075179],[-54.193862,-23.075437],[-54.193697,-23.075748],[-54.193614,-23.075936],[-54.193574,-23.07603],[-54.193512,-23.076203],[-54.19348,-23.076304],[-54.19343,-23.076462],[-54.193373,-23.076675],[-54.19334,-23.076859],[-54.19332,-23.076972],[-54.193309,-23.077041],[-54.193289,-23.077243],[-54.19328,-23.077405],[-54.19327,-23.077588],[-54.193252,-23.077907],[-54.193231,-23.078271],[-54.19322,-23.078747],[-54.193216,-23.0789],[-54.193212,-23.079002],[-54.193205,-23.079188],[-54.193197,-23.079449],[-54.193172,-23.080103],[-54.193166,-23.080514],[-54.193149,-23.080781],[-54.193111,-23.081263],[-54.193094,-23.081425],[-54.193066,-23.082044],[-54.19303,-23.083],[-54.192976,-23.083835],[-54.19295,-23.084684],[-54.192945,-23.084841],[-54.192911,-23.085668],[-54.192894,-23.086044],[-54.192876,-23.086473],[-54.192857,-23.086905],[-54.192826,-23.087012],[-54.192776,-23.088261],[-54.192752,-23.088639],[-54.192685,-23.089835],[-54.192652,-23.090184],[-54.192609,-23.090831],[-54.192557,-23.09187],[-54.192543,-23.092121],[-54.192504,-23.09287],[-54.192456,-23.09368],[-54.192438,-23.094042],[-54.192413,-23.094608],[-54.192368,-23.095343],[-54.192327,-23.095918],[-54.192298,-23.096593],[-54.19227,-23.09709],[-54.192196,-23.098299],[-54.192148,-23.099218],[-54.192123,-23.099782],[-54.192115,-23.100006],[-54.192048,-23.101137],[-54.192015,-23.101744],[-54.191987,-23.1023],[-54.191978,-23.102707],[-54.191984,-23.102943],[-54.19199,-23.103186],[-54.192007,-23.103458],[-54.192022,-23.103738],[-54.192045,-23.104006],[-54.192122,-23.104539],[-54.192283,-23.105315],[-54.19246,-23.106171],[-54.192819,-23.107906],[-54.193003,-23.108753],[-54.193095,-23.109164],[-54.19324,-23.109803],[-54.193297,-23.110088],[-54.193443,-23.110911],[-54.193723,-23.112281],[-54.194175,-23.114449],[-54.194471,-23.115829],[-54.194775,-23.117289],[-54.195187,-23.119213],[-54.1954,-23.120216],[-54.195592,-23.121122],[-54.195874,-23.122418],[-54.19616,-23.12369],[-54.196212,-23.123972],[-54.196282,-23.124272],[-54.196355,-23.124566],[-54.196481,-23.124905],[-54.196551,-23.125119],[-54.196675,-23.125377],[-54.196845,-23.12566],[-54.197008,-23.12592],[-54.197177,-23.126169],[-54.197352,-23.126388],[-54.197587,-23.126634],[-54.197865,-23.126903],[-54.198578,-23.127553],[-54.199148,-23.128072],[-54.199885,-23.128741],[-54.200086,-23.128924],[-54.200291,-23.129077],[-54.20045,-23.129221],[-54.200493,-23.129296],[-54.200542,-23.129341],[-54.200576,-23.129372],[-54.200607,-23.129399],[-54.200638,-23.129432],[-54.200663,-23.12948],[-54.200675,-23.129529],[-54.200674,-23.129563],[-54.20067,-23.129616],[-54.200071,-23.130295],[-54.199541,-23.130937],[-54.199496,-23.130992],[-54.199367,-23.131169],[-54.19935,-23.131192],[-54.199292,-23.131262],[-54.198474,-23.132394],[-54.19802,-23.133023],[-54.197422,-23.133818],[-54.196692,-23.134837],[-54.196177,-23.135571],[-54.195995,-23.135882],[-54.195832,-23.136206],[-54.19569,-23.136588],[-54.195594,-23.136912],[-54.19552,-23.137285],[-54.195482,-23.137712],[-54.195494,-23.138071],[-54.195519,-23.1384],[-54.195565,-23.138767],[-54.195712,-23.139398],[-54.195816,-23.13979],[-54.196941,-23.144564],[-54.197217,-23.145711],[-54.197331,-23.146422],[-54.197498,-23.147536],[-54.197603,-23.148607],[-54.197658,-23.14979],[-54.197924,-23.15326],[-54.198283,-23.158104],[-54.198443,-23.160202],[-54.198608,-23.1624],[-54.198654,-23.163034],[-54.198795,-23.16373],[-54.198853,-23.164033],[-54.198909,-23.164381],[-54.198942,-23.164677],[-54.198997,-23.165209],[-54.19903,-23.16555],[-54.199137,-23.166138],[-54.199268,-23.167474],[-54.199273,-23.167541],[-54.199279,-23.167625],[-54.199318,-23.16802],[-54.19935,-23.16931],[-54.199339,-23.169652],[-54.19936,-23.169892],[-54.20013,-23.180549],[-54.20105,-23.192214],[-54.201157,-23.193072],[-54.20127,-23.19387],[-54.201313,-23.194438],[-54.20134,-23.195034],[-54.201337,-23.195488],[-54.20134,-23.196183],[-54.201423,-23.197561],[-54.201484,-23.198293],[-54.201538,-23.198816],[-54.201608,-23.199324],[-54.201796,-23.200078],[-54.201908,-23.200443],[-54.202144,-23.201069],[-54.202402,-23.201587],[-54.202611,-23.201981],[-54.202874,-23.202391],[-54.203324,-23.203017],[-54.216424,-23.219733],[-54.216945,-23.220455],[-54.217374,-23.22115],[-54.21783,-23.221983],[-54.218221,-23.222885],[-54.218549,-23.223807],[-54.222103,-23.236199],[-54.223323,-23.240375],[-54.223735,-23.241763],[-54.224188,-23.243142],[-54.224602,-23.244475],[-54.224807,-23.245149],[-54.225034,-23.245881],[-54.225249,-23.246413],[-54.225317,-23.246557],[-54.225356,-23.246609],[-54.225407,-23.246662],[-54.225549,-23.24679],[-54.22563,-23.246832],[-54.2257,-23.246888],[-54.225758,-23.246955],[-54.225801,-23.247031],[-54.225827,-23.247115],[-54.225836,-23.247201],[-54.225826,-23.247287],[-54.225798,-23.24737],[-54.225753,-23.247446],[-54.225747,-23.247568],[-54.22572,-23.247692],[-54.225705,-23.247806],[-54.2257,-23.247941],[-54.225711,-23.24808],[-54.225733,-23.248213],[-54.225787,-23.248411],[-54.225835,-23.248641],[-54.226463,-23.250512],[-54.227871,-23.254744],[-54.228015,-23.255242],[-54.22807,-23.255424],[-54.228209,-23.256017],[-54.228285,-23.25633],[-54.228393,-23.256921],[-54.228446,-23.257237],[-54.228499,-23.257609],[-54.228551,-23.257993],[-54.22861,-23.258642],[-54.228651,-23.25923],[-54.228681,-23.260047],[-54.228677,-23.260927],[-54.228649,-23.261415],[-54.228626,-23.261696],[-54.228516,-23.262703],[-54.228416,-23.263366],[-54.225213,-23.285056],[-54.225201,-23.285135],[-54.224064,-23.292543],[-54.223418,-23.297142],[-54.222151,-23.305664],[-54.219282,-23.32518],[-54.219081,-23.326387],[-54.215697,-23.352892],[-54.215657,-23.35321],[-54.215519,-23.354289],[-54.213778,-23.367811],[-54.213773,-23.36785],[-54.213746,-23.368064],[-54.21373,-23.368189],[-54.213711,-23.368339],[-54.213665,-23.368596],[-54.213656,-23.368629],[-54.21195,-23.382238],[-54.211055,-23.391132],[-54.211004,-23.39172],[-54.209728,-23.403637],[-54.209025,-23.408776],[-54.208727,-23.410954],[-54.206588,-23.426587],[-54.206332,-23.428453],[-54.205832,-23.433068],[-54.205631,-23.434414],[-54.205473,-23.435142],[-54.205285,-23.435925],[-54.205051,-23.436688],[-54.204845,-23.437298],[-54.204612,-23.437903],[-54.204413,-23.438325],[-54.204125,-23.43901],[-54.199401,-23.449618],[-54.198944,-23.450645],[-54.198554,-23.45152],[-54.19723,-23.45448],[-54.196147,-23.456888],[-54.194594,-23.46045],[-54.194195,-23.461237],[-54.193778,-23.461952],[-54.193329,-23.462617],[-54.192895,-23.463176],[-54.192436,-23.46372],[-54.191722,-23.464585],[-54.191079,-23.465484],[-54.190651,-23.466205],[-54.190244,-23.467003],[-54.190045,-23.467424],[-54.18992,-23.467736],[-54.189841,-23.467937],[-54.189692,-23.468441],[-54.189435,-23.469443],[-54.18913,-23.470629],[-54.189016,-23.47114],[-54.188953,-23.471578],[-54.188912,-23.471765],[-54.188894,-23.471844],[-54.188866,-23.471957],[-54.188751,-23.47245],[-54.18849,-23.473389],[-54.188192,-23.474583],[-54.188078,-23.475081],[-54.188038,-23.475257],[-54.188021,-23.47536],[-54.187995,-23.475459],[-54.187852,-23.476025],[-54.187678,-23.476721],[-54.187515,-23.477419],[-54.187389,-23.477983],[-54.187351,-23.478156],[-54.187203,-23.478132],[-54.187247,-23.47795]]},"properties":{"id_trecho":"ACESS-ROTA-EST-021-02","id_rota":"ROTA-EST-021","nome_rota":"Rota de Aviturismo nas Unidades de Conservação da Mata Atlântica","ordem_trecho":2,"origem":"Naviraí","destino":"Itaquiraí","tipo_registro_rota":"Rota institucional incorporada ao estudo","status_institucional_rota":"Lançada e promovida pela Fundtur MS","classe_base_acessibilidade":"Base institucional ou documental direta","natureza":"Estimativa científica de acessibilidade pela rede viária contemporânea","distancia_rodoviaria_km":48.3,"duracao_estimada_sem_trafego_min":43,"resumo_vias":"BR-163; BR-487, BR-163","perfil_roteamento":"driving","motor_roteamento":"OSRM route service","endpoint_consultado":"https://router.project-osrm.org","fonte_rede":"OpenStreetMap contributors","licenca_rede":"ODbL 1.0","data_materializacao":"2026-08-12T03:43:51.108Z","corte_base_joaju":"2026-08-10","data_versao_rede":"Não informada","origem_solicitada_lon":-54.1995,"origem_solicitada_lat":-23.0618,"destino_solicitado_lon":-54.187,"destino_solicitado_lat":-23.4779,"origem_ajustada_lon":-54.19949,"origem_ajustada_lat":-23.061799,"destino_ajustado_lon":-54.187247,"destino_ajustado_lat":-23.47795,"distancia_ajuste_origem_m":1,"distancia_ajuste_destino_m":25.8,"status_revisao":"Não validado em campo","nota_especifica":"Estimativa viária contemporânea entre referências da proposta metodológica. Não substitui validação logística ou de campo.","limitacoes":"Tempo sem trânsito em tempo real. O resultado pode incluir vias privadas, sazonais, não pavimentadas, interrompidas ou com restrições ausentes na base.","uso_operacional":"Não representa o traçado cultural, histórico, aquático ou oficialmente aprovado da rota. Não constitui recomendação de viagem, autorização de acesso ou validação das condições da via.","natureza_projeto":"Projeto de pesquisa científica","referencial_metodologico":"Aplicação e adaptação experimental do marco PRICI"}},{"type":"Feature","geometry":{"type":"LineString","coordinates":[[-54.187247,-23.47795],[-54.187282,-23.477806],[-54.18738,-23.47741],[-54.187515,-23.477419],[-54.187389,-23.477983],[-54.187351,-23.478156],[-54.187214,-23.478657],[-54.187097,-23.479116],[-54.186888,-23.479955],[-54.186671,-23.480821],[-54.186539,-23.48128],[-54.186188,-23.482648],[-54.185858,-23.483886],[-54.185833,-23.483978],[-54.185741,-23.484425],[-54.185426,-23.485166],[-54.185329,-23.485538],[-54.185241,-23.485882],[-54.185219,-23.485963],[-54.185182,-23.486124],[-54.185136,-23.486323],[-54.185075,-23.48657],[-54.185049,-23.486709],[-54.18502,-23.486869],[-54.184979,-23.487087],[-54.184949,-23.487328],[-54.184919,-23.487546],[-54.184894,-23.48778],[-54.184875,-23.487996],[-54.184863,-23.488195],[-54.184852,-23.488418],[-54.184844,-23.488813],[-54.184845,-23.489034],[-54.184853,-23.489284],[-54.184873,-23.489645],[-54.184904,-23.489987],[-54.184936,-23.490265],[-54.184982,-23.49057],[-54.185049,-23.490948],[-54.185179,-23.49161],[-54.18522,-23.491794],[-54.185327,-23.492271],[-54.185465,-23.492921],[-54.185592,-23.493498],[-54.18571,-23.494054],[-54.185877,-23.494809],[-54.185966,-23.495218],[-54.186028,-23.495515],[-54.186086,-23.495792],[-54.186251,-23.496553],[-54.186329,-23.496929],[-54.186389,-23.4972],[-54.186436,-23.497421],[-54.186506,-23.49772],[-54.186608,-23.498189],[-54.18673,-23.498755],[-54.186854,-23.499342],[-54.18697,-23.49988],[-54.187084,-23.500411],[-54.187185,-23.500892],[-54.187251,-23.501192],[-54.187322,-23.50152],[-54.187443,-23.502079],[-54.187567,-23.502654],[-54.187671,-23.50315],[-54.187754,-23.503522],[-54.18801,-23.504705],[-54.188057,-23.504933],[-54.188124,-23.505236],[-54.188243,-23.50579],[-54.188305,-23.506083],[-54.188368,-23.506371],[-54.188419,-23.506619],[-54.188497,-23.506959],[-54.188622,-23.507543],[-54.188741,-23.508084],[-54.188804,-23.508373],[-54.188889,-23.508775],[-54.188984,-23.509218],[-54.189069,-23.509604],[-54.189098,-23.509741],[-54.189342,-23.510871],[-54.189467,-23.511445],[-54.189528,-23.51173],[-54.189604,-23.512066],[-54.189709,-23.512557],[-54.189882,-23.513368],[-54.189971,-23.513775],[-54.190073,-23.514256],[-54.190233,-23.515007],[-54.190393,-23.515756],[-54.190589,-23.516691],[-54.190679,-23.517185],[-54.190742,-23.517543],[-54.190812,-23.518004],[-54.1909,-23.518618],[-54.190946,-23.518982],[-54.190988,-23.519318],[-54.191047,-23.519796],[-54.191102,-23.520282],[-54.191134,-23.520567],[-54.191174,-23.520951],[-54.191334,-23.522422],[-54.191407,-23.52313],[-54.191445,-23.52351],[-54.191466,-23.523719],[-54.191494,-23.523976],[-54.191553,-23.524542],[-54.191619,-23.525129],[-54.191678,-23.525729],[-54.191732,-23.526196],[-54.191758,-23.526467],[-54.192288,-23.531447],[-54.192461,-23.533073],[-54.192635,-23.53472],[-54.19272,-23.53554],[-54.192803,-23.536386],[-54.192848,-23.536944],[-54.192899,-23.537542],[-54.192947,-23.538191],[-54.192988,-23.538643],[-54.193023,-23.539036],[-54.193035,-23.539152],[-54.193048,-23.539307],[-54.19323,-23.541459],[-54.193407,-23.543575],[-54.193561,-23.545431],[-54.193823,-23.548488],[-54.193951,-23.550018],[-54.194014,-23.55079],[-54.194053,-23.551193],[-54.194086,-23.551632],[-54.194206,-23.553108],[-54.194273,-23.553902],[-54.194331,-23.554612],[-54.194532,-23.556934],[-54.194684,-23.558749],[-54.194924,-23.561457],[-54.195044,-23.562812],[-54.195102,-23.563488],[-54.195161,-23.564133],[-54.195212,-23.564758],[-54.195254,-23.56523],[-54.195276,-23.565498],[-54.195307,-23.565873],[-54.195357,-23.56646],[-54.195487,-23.567907],[-54.195549,-23.568636],[-54.195601,-23.569219],[-54.195621,-23.569475],[-54.195669,-23.570046],[-54.195702,-23.570398],[-54.195766,-23.571188],[-54.195884,-23.572564],[-54.196002,-23.573927],[-54.196039,-23.574329],[-54.196078,-23.574781],[-54.196146,-23.575587],[-54.196197,-23.576085],[-54.19623,-23.576347],[-54.196258,-23.57656],[-54.196284,-23.576714],[-54.196313,-23.576855],[-54.196355,-23.577074],[-54.196403,-23.577271],[-54.196459,-23.577481],[-54.196522,-23.577705],[-54.196579,-23.577878],[-54.196638,-23.578054],[-54.196746,-23.578345],[-54.19689,-23.578692],[-54.197041,-23.579017],[-54.197103,-23.579132],[-54.197173,-23.579267],[-54.19729,-23.579477],[-54.197381,-23.579628],[-54.19748,-23.579789],[-54.197592,-23.579964],[-54.197724,-23.580154],[-54.19777,-23.580216],[-54.197881,-23.580371],[-54.197959,-23.580472],[-54.198062,-23.580602],[-54.198212,-23.580789],[-54.198298,-23.58089],[-54.198467,-23.581073],[-54.198621,-23.581241],[-54.19892,-23.581541],[-54.199084,-23.581692],[-54.199257,-23.581847],[-54.199364,-23.581938],[-54.199493,-23.582043],[-54.199661,-23.582173],[-54.199791,-23.582273],[-54.19991,-23.582357],[-54.200072,-23.582471],[-54.200194,-23.582554],[-54.200316,-23.582636],[-54.200469,-23.582736],[-54.200722,-23.582892],[-54.2012,-23.583178],[-54.201701,-23.583476],[-54.201973,-23.583633],[-54.202381,-23.583873],[-54.20294,-23.584202],[-54.203791,-23.584705],[-54.204605,-23.585184],[-54.206284,-23.586175],[-54.207109,-23.586652],[-54.207955,-23.587151],[-54.209614,-23.588135],[-54.210364,-23.588578],[-54.210707,-23.588782],[-54.211023,-23.588981],[-54.211278,-23.589147],[-54.21151,-23.58931],[-54.211844,-23.589551],[-54.212142,-23.589786],[-54.212434,-23.590021],[-54.212692,-23.590241],[-54.212985,-23.59051],[-54.213281,-23.590791],[-54.213611,-23.591123],[-54.213883,-23.591409],[-54.214091,-23.591649],[-54.214336,-23.59195],[-54.214588,-23.59227],[-54.2148,-23.592551],[-54.214919,-23.592724],[-54.215026,-23.59288],[-54.215315,-23.593322],[-54.215696,-23.593915],[-54.216045,-23.594461],[-54.216768,-23.595586],[-54.218184,-23.597792],[-54.219572,-23.599952],[-54.220842,-23.601934],[-54.221801,-23.60343],[-54.22216,-23.60399],[-54.225347,-23.608954],[-54.22738,-23.61212],[-54.227417,-23.612179],[-54.230228,-23.616456],[-54.230924,-23.617553],[-54.231581,-23.618637],[-54.231909,-23.619177],[-54.232268,-23.619736],[-54.232887,-23.620708],[-54.233442,-23.621561],[-54.234712,-23.623537],[-54.235981,-23.625545],[-54.236109,-23.625746],[-54.240837,-23.633065],[-54.24142,-23.633988],[-54.241917,-23.634739],[-54.242222,-23.635218],[-54.242442,-23.635588],[-54.242969,-23.636439],[-54.243505,-23.637288],[-54.244049,-23.638149],[-54.244594,-23.639012],[-54.245144,-23.639882],[-54.245518,-23.640484],[-54.2461,-23.64136],[-54.24668,-23.642217],[-54.247828,-23.643997],[-54.251259,-23.649401],[-54.251329,-23.649512],[-54.252779,-23.651766],[-54.260815,-23.664395],[-54.262607,-23.667198],[-54.263038,-23.66788],[-54.263494,-23.668591],[-54.263938,-23.669286],[-54.264165,-23.669645],[-54.26454,-23.670287],[-54.264687,-23.670551],[-54.264923,-23.670999],[-54.265135,-23.67147],[-54.265347,-23.671982],[-54.265529,-23.672482],[-54.265643,-23.67285],[-54.265755,-23.673223],[-54.265793,-23.673358],[-54.265824,-23.673469],[-54.265923,-23.673889],[-54.265993,-23.67425],[-54.266044,-23.674537],[-54.266094,-23.674899],[-54.266128,-23.67522],[-54.266163,-23.675582],[-54.266189,-23.67594],[-54.266195,-23.676192],[-54.2662,-23.676905],[-54.266245,-23.683],[-54.266263,-23.6846],[-54.266492,-23.686778],[-54.269929,-23.710412],[-54.270042,-23.711098],[-54.270181,-23.711845],[-54.270283,-23.712262],[-54.27039,-23.712722],[-54.270538,-23.713262],[-54.270677,-23.713772],[-54.271009,-23.714931],[-54.2713,-23.715951],[-54.271493,-23.716636],[-54.271592,-23.716995],[-54.272515,-23.720275],[-54.272753,-23.721123],[-54.272853,-23.721476],[-54.273496,-23.723762],[-54.274121,-23.725972],[-54.274707,-23.728057],[-54.275004,-23.729106],[-54.27515,-23.729623],[-54.275297,-23.730143],[-54.275441,-23.730659],[-54.275508,-23.730936],[-54.275543,-23.73111],[-54.275579,-23.731309],[-54.275626,-23.73165],[-54.275645,-23.731861],[-54.275655,-23.732097],[-54.275654,-23.732386],[-54.275645,-23.732611],[-54.275635,-23.732773],[-54.275606,-23.732997],[-54.275584,-23.733159],[-54.275554,-23.733331],[-54.275515,-23.733513],[-54.27547,-23.733698],[-54.275433,-23.733825],[-54.275383,-23.733983],[-54.275312,-23.734194],[-54.275256,-23.734345],[-54.275145,-23.734609],[-54.275033,-23.734851],[-54.274691,-23.735569],[-54.274516,-23.735941],[-54.274343,-23.73629],[-54.272552,-23.739953],[-54.270156,-23.744992],[-54.268567,-23.748284],[-54.26774,-23.749965],[-54.266228,-23.75313],[-54.266196,-23.75326],[-54.26604,-23.753743],[-54.265992,-23.754283],[-54.266018,-23.754882],[-54.266112,-23.755383],[-54.266219,-23.755712],[-54.266407,-23.756149],[-54.266604,-23.756478],[-54.266721,-23.756633],[-54.267021,-23.756979],[-54.267421,-23.757391],[-54.268051,-23.757926],[-54.270814,-23.760298],[-54.272681,-23.761935],[-54.27336,-23.762505],[-54.273971,-23.763091],[-54.274285,-23.76344],[-54.274537,-23.763801],[-54.27488,-23.764405],[-54.275109,-23.764965],[-54.275139,-23.765064],[-54.275269,-23.765539],[-54.275344,-23.766035],[-54.275578,-23.767976],[-54.275948,-23.770588],[-54.276061,-23.771442],[-54.27617,-23.772685],[-54.276354,-23.774107],[-54.276431,-23.774903],[-54.276532,-23.775785],[-54.27664,-23.776678],[-54.276766,-23.777625],[-54.276789,-23.777842],[-54.277337,-23.782883],[-54.277463,-23.784086],[-54.277563,-23.785147],[-54.277616,-23.785309],[-54.27766,-23.785469],[-54.277737,-23.785585],[-54.277939,-23.785726],[-54.278013,-23.785751],[-54.278083,-23.785826],[-54.27812,-23.785902],[-54.278129,-23.785986],[-54.278107,-23.786067],[-54.278106,-23.786127],[-54.27812,-23.786274],[-54.278138,-23.786393],[-54.278146,-23.786445],[-54.278442,-23.787115],[-54.278725,-23.787752],[-54.27879,-23.787899],[-54.278902,-23.788098],[-54.279108,-23.788365],[-54.279361,-23.788612],[-54.280086,-23.789231],[-54.280794,-23.789811],[-54.281208,-23.790168],[-54.281475,-23.790399],[-54.28223,-23.791021],[-54.282316,-23.791094],[-54.283006,-23.791664],[-54.283743,-23.792296],[-54.284099,-23.792597],[-54.284439,-23.792884],[-54.285113,-23.793478],[-54.285835,-23.794082],[-54.285945,-23.794174],[-54.286406,-23.794559],[-54.286582,-23.794707],[-54.2871,-23.795142],[-54.287465,-23.795447],[-54.287996,-23.795891],[-54.288455,-23.796263],[-54.289771,-23.797375],[-54.291412,-23.798748],[-54.291943,-23.799192],[-54.292773,-23.799703],[-54.294068,-23.800173],[-54.301653,-23.80253],[-54.309459,-23.804956],[-54.315308,-23.806774],[-54.323647,-23.809365],[-54.32501,-23.809898],[-54.32572,-23.81038],[-54.325823,-23.810483],[-54.326398,-23.811055],[-54.326897,-23.811817],[-54.326997,-23.812066],[-54.327223,-23.812632],[-54.328518,-23.816715],[-54.331617,-23.827905],[-54.333934,-23.836267],[-54.333989,-23.836449],[-54.334106,-23.836836],[-54.334316,-23.837596],[-54.33448,-23.838199],[-54.336094,-23.844053],[-54.336743,-23.846407],[-54.336968,-23.84771],[-54.33705,-23.849528],[-54.336975,-23.850367],[-54.33693,-23.850872],[-54.336871,-23.851201],[-54.336708,-23.852109],[-54.336576,-23.852839],[-54.33645,-23.853542],[-54.335958,-23.855213],[-54.335253,-23.856782],[-54.334578,-23.857883],[-54.33437,-23.858232],[-54.332482,-23.861164],[-54.332095,-23.861963],[-54.331007,-23.863668],[-54.330066,-23.865151],[-54.330015,-23.865229],[-54.329972,-23.865294],[-54.327784,-23.868497],[-54.327184,-23.869153],[-54.318208,-23.882615],[-54.31777,-23.883273],[-54.31748,-23.883702],[-54.313483,-23.889625],[-54.31206,-23.8915],[-54.311733,-23.891918],[-54.311475,-23.892226],[-54.305715,-23.899071],[-54.302736,-23.902646],[-54.302475,-23.902923],[-54.301358,-23.90425],[-54.301275,-23.904347],[-54.301148,-23.904495],[-54.300657,-23.905068],[-54.300635,-23.905093],[-54.291453,-23.915871],[-54.291406,-23.915957],[-54.290582,-23.916929],[-54.289046,-23.918726],[-54.288312,-23.91959],[-54.287611,-23.920429],[-54.286895,-23.9213],[-54.286767,-23.921449],[-54.286497,-23.921763],[-54.286406,-23.921875],[-54.285507,-23.922939],[-54.285103,-23.923407],[-54.285042,-23.923478],[-54.285013,-23.923512],[-54.284971,-23.923566],[-54.284921,-23.923627],[-54.284869,-23.9237],[-54.284839,-23.923762],[-54.284835,-23.923803],[-54.28483,-23.92385],[-54.284823,-23.923906],[-54.284837,-23.923982],[-54.284824,-23.924058],[-54.284785,-23.924125],[-54.284571,-23.925694],[-54.284483,-23.926519],[-54.284407,-23.927118],[-54.284225,-23.928635],[-54.28411,-23.929653],[-54.28393,-23.931158],[-54.283753,-23.932647],[-54.283644,-23.933747],[-54.283506,-23.934741],[-54.283415,-23.935588],[-54.283405,-23.935685],[-54.283412,-23.935692],[-54.283418,-23.935703],[-54.283425,-23.935716],[-54.28343,-23.935741],[-54.283427,-23.935767],[-54.283416,-23.935792],[-54.283406,-23.935804],[-54.283399,-23.935812],[-54.283388,-23.935819],[-54.283375,-23.935828],[-54.283347,-23.935836],[-54.283318,-23.935837],[-54.28329,-23.93583],[-54.283265,-23.935816],[-54.283254,-23.935805],[-54.283245,-23.935796],[-54.28324,-23.935788],[-54.281317,-23.935599],[-54.280272,-23.9355],[-54.280284,-23.935404],[-54.281003,-23.935473]]},"properties":{"id_trecho":"ACESS-ROTA-EST-021-03","id_rota":"ROTA-EST-021","nome_rota":"Rota de Aviturismo nas Unidades de Conservação da Mata Atlântica","ordem_trecho":3,"origem":"Itaquiraí","destino":"Mundo Novo","tipo_registro_rota":"Rota institucional incorporada ao estudo","status_institucional_rota":"Lançada e promovida pela Fundtur MS","classe_base_acessibilidade":"Base institucional ou documental direta","natureza":"Estimativa científica de acessibilidade pela rede viária contemporânea","distancia_rodoviaria_km":59.2,"duracao_estimada_sem_trafego_min":58,"resumo_vias":"BR-163, Rua Rui Barbosa","perfil_roteamento":"driving","motor_roteamento":"OSRM route service","endpoint_consultado":"https://router.project-osrm.org","fonte_rede":"OpenStreetMap contributors","licenca_rede":"ODbL 1.0","data_materializacao":"2026-08-12T03:43:51.108Z","corte_base_joaju":"2026-08-10","data_versao_rede":"Não informada","origem_solicitada_lon":-54.187,"origem_solicitada_lat":-23.4779,"destino_solicitado_lon":-54.281,"destino_solicitado_lat":-23.9355,"origem_ajustada_lon":-54.187247,"origem_ajustada_lat":-23.47795,"destino_ajustado_lon":-54.281003,"destino_ajustado_lat":-23.935473,"distancia_ajuste_origem_m":25.8,"distancia_ajuste_destino_m":3,"status_revisao":"Não validado em campo","nota_especifica":"Estimativa viária contemporânea entre referências da proposta metodológica. Não substitui validação logística ou de campo.","limitacoes":"Tempo sem trânsito em tempo real. O resultado pode incluir vias privadas, sazonais, não pavimentadas, interrompidas ou com restrições ausentes na base.","uso_operacional":"Não representa o traçado cultural, histórico, aquático ou oficialmente aprovado da rota. Não constitui recomendação de viagem, autorização de acesso ou validação das condições da via.","natureza_projeto":"Projeto de pesquisa científica","referencial_metodologico":"Aplicação e adaptação experimental do marco PRICI"}},{"type":"Feature","geometry":{"type":"LineString","coordinates":[[-54.281003,-23.935473],[-54.281322,-23.935504],[-54.283128,-23.935679],[-54.28325,-23.93569],[-54.283257,-23.935681],[-54.283272,-23.935671],[-54.283375,-23.934731],[-54.283617,-23.932633],[-54.283792,-23.931147],[-54.283964,-23.92964],[-54.284085,-23.928621],[-54.284258,-23.927107],[-54.28432,-23.926582],[-54.284564,-23.924526],[-54.284569,-23.924461],[-54.284555,-23.924407],[-54.284535,-23.924353],[-54.2845,-23.924288],[-54.284464,-23.924234],[-54.284434,-23.924177],[-54.284389,-23.924142],[-54.284354,-23.924098],[-54.284332,-23.924048],[-54.284322,-23.923994],[-54.28433,-23.923924],[-54.284361,-23.923859],[-54.284411,-23.923806],[-54.284476,-23.923768],[-54.284551,-23.923749],[-54.284704,-23.923614],[-54.284822,-23.923535],[-54.28488,-23.92351],[-54.284931,-23.923472],[-54.284984,-23.92343],[-54.285051,-23.923384],[-54.285299,-23.923112],[-54.285541,-23.922822],[-54.286023,-23.922245],[-54.28636,-23.921836],[-54.286452,-23.921728],[-54.286728,-23.921418],[-54.286854,-23.921272],[-54.288273,-23.919573],[-54.289013,-23.918702],[-54.291365,-23.915927],[-54.291453,-23.915871],[-54.300635,-23.905093],[-54.300657,-23.905068],[-54.301148,-23.904495],[-54.301275,-23.904347],[-54.301358,-23.90425],[-54.302475,-23.902923],[-54.302736,-23.902646],[-54.305715,-23.899071],[-54.311475,-23.892226],[-54.311733,-23.891918],[-54.31206,-23.8915],[-54.313483,-23.889625],[-54.31748,-23.883702],[-54.31777,-23.883273],[-54.318208,-23.882615],[-54.327184,-23.869153],[-54.327395,-23.868773],[-54.327645,-23.86839],[-54.329791,-23.865189],[-54.329836,-23.865121],[-54.329883,-23.865051],[-54.331979,-23.861894],[-54.332482,-23.861164],[-54.33437,-23.858232],[-54.334578,-23.857883],[-54.335253,-23.856782],[-54.335958,-23.855213],[-54.33645,-23.853542],[-54.336576,-23.852839],[-54.336708,-23.852109],[-54.336871,-23.851201],[-54.33693,-23.850872],[-54.336975,-23.850367],[-54.33705,-23.849528],[-54.336968,-23.84771],[-54.336743,-23.846407],[-54.336094,-23.844053],[-54.33448,-23.838199],[-54.334316,-23.837596],[-54.334106,-23.836836],[-54.333989,-23.836449],[-54.333934,-23.836267],[-54.331617,-23.827905],[-54.328518,-23.816715],[-54.327223,-23.812632],[-54.326997,-23.812066],[-54.326897,-23.811817],[-54.326398,-23.811055],[-54.325823,-23.810483],[-54.32572,-23.81038],[-54.32501,-23.809898],[-54.323647,-23.809365],[-54.315308,-23.806774],[-54.309459,-23.804956],[-54.301653,-23.80253],[-54.294068,-23.800173],[-54.292773,-23.799703],[-54.291943,-23.799192],[-54.291412,-23.798748],[-54.289771,-23.797375],[-54.288455,-23.796263],[-54.287996,-23.795891],[-54.287465,-23.795447],[-54.2871,-23.795142],[-54.286582,-23.794707],[-54.286406,-23.794559],[-54.285945,-23.794174],[-54.285835,-23.794082],[-54.285113,-23.793478],[-54.284439,-23.792884],[-54.284099,-23.792597],[-54.283743,-23.792296],[-54.283006,-23.791664],[-54.282316,-23.791094],[-54.28223,-23.791021],[-54.283152,-23.790076],[-54.284088,-23.789147],[-54.284328,-23.788912],[-54.285014,-23.788241],[-54.284312,-23.787666],[-54.283609,-23.787022],[-54.283818,-23.786815]]},"properties":{"id_trecho":"ACESS-ROTA-EST-021-04","id_rota":"ROTA-EST-021","nome_rota":"Rota de Aviturismo nas Unidades de Conservação da Mata Atlântica","ordem_trecho":4,"origem":"Mundo Novo","destino":"Eldorado","tipo_registro_rota":"Rota institucional incorporada ao estudo","status_institucional_rota":"Lançada e promovida pela Fundtur MS","classe_base_acessibilidade":"Base institucional ou documental direta","natureza":"Estimativa científica de acessibilidade pela rede viária contemporânea","distancia_rodoviaria_km":21.6,"duracao_estimada_sem_trafego_min":25,"resumo_vias":"BR-163, Rua Rui Barbosa","perfil_roteamento":"driving","motor_roteamento":"OSRM route service","endpoint_consultado":"https://router.project-osrm.org","fonte_rede":"OpenStreetMap contributors","licenca_rede":"ODbL 1.0","data_materializacao":"2026-08-12T03:43:51.108Z","corte_base_joaju":"2026-08-10","data_versao_rede":"Não informada","origem_solicitada_lon":-54.281,"origem_solicitada_lat":-23.9355,"destino_solicitado_lon":-54.2838,"destino_solicitado_lat":-23.7868,"origem_ajustada_lon":-54.281003,"origem_ajustada_lat":-23.935473,"destino_ajustado_lon":-54.283818,"destino_ajustado_lat":-23.786815,"distancia_ajuste_origem_m":3,"distancia_ajuste_destino_m":2.5,"status_revisao":"Não validado em campo","nota_especifica":"Estimativa viária contemporânea entre referências da proposta metodológica. Não substitui validação logística ou de campo.","limitacoes":"Tempo sem trânsito em tempo real. O resultado pode incluir vias privadas, sazonais, não pavimentadas, interrompidas ou com restrições ausentes na base.","uso_operacional":"Não representa o traçado cultural, histórico, aquático ou oficialmente aprovado da rota. Não constitui recomendação de viagem, autorização de acesso ou validação das condições da via.","natureza_projeto":"Projeto de pesquisa científica","referencial_metodologico":"Aplicação e adaptação experimental do marco PRICI"}},{"type":"Feature","geometry":{"type":"LineString","coordinates":[[-54.283818,-23.786815],[-54.28452,-23.786123],[-54.285422,-23.78518],[-54.284725,-23.784587],[-54.284024,-23.783986],[-54.283306,-23.783381],[-54.282612,-23.782786],[-54.281906,-23.782169],[-54.281782,-23.782065],[-54.281678,-23.781989],[-54.281575,-23.781963],[-54.281434,-23.781969],[-54.28131,-23.78199],[-54.281184,-23.781979],[-54.281067,-23.781936],[-54.280968,-23.781866],[-54.280882,-23.781753],[-54.280842,-23.781621],[-54.280852,-23.781484],[-54.280909,-23.781357],[-54.280524,-23.781034],[-54.279824,-23.780441],[-54.279098,-23.779805],[-54.278396,-23.779221],[-54.278337,-23.779168],[-54.277584,-23.778531],[-54.276892,-23.777947],[-54.276789,-23.777842],[-54.276766,-23.777625],[-54.27664,-23.776678],[-54.276532,-23.775785],[-54.276431,-23.774903],[-54.276354,-23.774107],[-54.27617,-23.772685],[-54.276061,-23.771442],[-54.275948,-23.770588],[-54.275578,-23.767976],[-54.275344,-23.766035],[-54.275269,-23.765539],[-54.275139,-23.765064],[-54.275109,-23.764965],[-54.27488,-23.764405],[-54.274537,-23.763801],[-54.274285,-23.76344],[-54.273971,-23.763091],[-54.27336,-23.762505],[-54.272681,-23.761935],[-54.270814,-23.760298],[-54.268051,-23.757926],[-54.267421,-23.757391],[-54.267021,-23.756979],[-54.266721,-23.756633],[-54.266604,-23.756478],[-54.266407,-23.756149],[-54.266219,-23.755712],[-54.266112,-23.755383],[-54.266018,-23.754882],[-54.265992,-23.754283],[-54.26604,-23.753743],[-54.266196,-23.75326],[-54.266228,-23.75313],[-54.26774,-23.749965],[-54.268567,-23.748284],[-54.270156,-23.744992],[-54.272552,-23.739953],[-54.274343,-23.73629],[-54.274516,-23.735941],[-54.274691,-23.735569],[-54.275033,-23.734851],[-54.275145,-23.734609],[-54.275256,-23.734345],[-54.275312,-23.734194],[-54.275383,-23.733983],[-54.275433,-23.733825],[-54.27547,-23.733698],[-54.275515,-23.733513],[-54.275554,-23.733331],[-54.275584,-23.733159],[-54.275606,-23.732997],[-54.275635,-23.732773],[-54.275645,-23.732611],[-54.275654,-23.732386],[-54.275655,-23.732097],[-54.275645,-23.731861],[-54.275626,-23.73165],[-54.275579,-23.731309],[-54.275543,-23.73111],[-54.275508,-23.730936],[-54.275441,-23.730659],[-54.275297,-23.730143],[-54.27515,-23.729623],[-54.275004,-23.729106],[-54.274707,-23.728057],[-54.274121,-23.725972],[-54.273496,-23.723762],[-54.272853,-23.721476],[-54.272753,-23.721123],[-54.272515,-23.720275],[-54.271592,-23.716995],[-54.271493,-23.716636],[-54.2713,-23.715951],[-54.271009,-23.714931],[-54.270677,-23.713772],[-54.270538,-23.713262],[-54.27039,-23.712722],[-54.270283,-23.712262],[-54.270181,-23.711845],[-54.270042,-23.711098],[-54.269929,-23.710412],[-54.266492,-23.686778],[-54.266263,-23.6846],[-54.266245,-23.683],[-54.2662,-23.676905],[-54.266195,-23.676192],[-54.266189,-23.67594],[-54.266163,-23.675582],[-54.266128,-23.67522],[-54.266094,-23.674899],[-54.266044,-23.674537],[-54.265993,-23.67425],[-54.265923,-23.673889],[-54.265824,-23.673469],[-54.265793,-23.673358],[-54.265755,-23.673223],[-54.265643,-23.67285],[-54.265529,-23.672482],[-54.265347,-23.671982],[-54.265135,-23.67147],[-54.264923,-23.670999],[-54.264687,-23.670551],[-54.26454,-23.670287],[-54.264165,-23.669645],[-54.263938,-23.669286],[-54.263494,-23.668591],[-54.263038,-23.66788],[-54.262607,-23.667198],[-54.260815,-23.664395],[-54.252779,-23.651766],[-54.251329,-23.649512],[-54.251259,-23.649401],[-54.247828,-23.643997],[-54.24668,-23.642217],[-54.2461,-23.64136],[-54.245518,-23.640484],[-54.245144,-23.639882],[-54.244594,-23.639012],[-54.244049,-23.638149],[-54.243505,-23.637288],[-54.242969,-23.636439],[-54.242442,-23.635588],[-54.242222,-23.635218],[-54.241917,-23.634739],[-54.24142,-23.633988],[-54.240837,-23.633065],[-54.236109,-23.625746],[-54.235981,-23.625545],[-54.234712,-23.623537],[-54.233442,-23.621561],[-54.232887,-23.620708],[-54.232268,-23.619736],[-54.231909,-23.619177],[-54.231581,-23.618637],[-54.230924,-23.617553],[-54.230228,-23.616456],[-54.227417,-23.612179],[-54.22738,-23.61212],[-54.225347,-23.608954],[-54.22216,-23.60399],[-54.221801,-23.60343],[-54.220842,-23.601934],[-54.219572,-23.599952],[-54.218184,-23.597792],[-54.216768,-23.595586],[-54.216045,-23.594461],[-54.215696,-23.593915],[-54.215315,-23.593322],[-54.215026,-23.59288],[-54.214919,-23.592724],[-54.2148,-23.592551],[-54.214588,-23.59227],[-54.214336,-23.59195],[-54.214091,-23.591649],[-54.213883,-23.591409],[-54.213611,-23.591123],[-54.213281,-23.590791],[-54.212985,-23.59051],[-54.212692,-23.590241],[-54.212434,-23.590021],[-54.212142,-23.589786],[-54.211844,-23.589551],[-54.21151,-23.58931],[-54.211278,-23.589147],[-54.211023,-23.588981],[-54.210707,-23.588782],[-54.210364,-23.588578],[-54.209614,-23.588135],[-54.207955,-23.587151],[-54.207109,-23.586652],[-54.206284,-23.586175],[-54.204605,-23.585184],[-54.203791,-23.584705],[-54.20294,-23.584202],[-54.202381,-23.583873],[-54.201973,-23.583633],[-54.201701,-23.583476],[-54.2012,-23.583178],[-54.200722,-23.582892],[-54.200469,-23.582736],[-54.200316,-23.582636],[-54.200194,-23.582554],[-54.200072,-23.582471],[-54.19991,-23.582357],[-54.199791,-23.582273],[-54.199661,-23.582173],[-54.199493,-23.582043],[-54.199364,-23.581938],[-54.199257,-23.581847],[-54.199084,-23.581692],[-54.19892,-23.581541],[-54.198621,-23.581241],[-54.198467,-23.581073],[-54.198298,-23.58089],[-54.198212,-23.580789],[-54.198062,-23.580602],[-54.197959,-23.580472],[-54.197881,-23.580371],[-54.19777,-23.580216],[-54.197724,-23.580154],[-54.197592,-23.579964],[-54.19748,-23.579789],[-54.197381,-23.579628],[-54.19729,-23.579477],[-54.197173,-23.579267],[-54.197103,-23.579132],[-54.197041,-23.579017],[-54.19689,-23.578692],[-54.196746,-23.578345],[-54.196638,-23.578054],[-54.196579,-23.577878],[-54.196522,-23.577705],[-54.196459,-23.577481],[-54.196403,-23.577271],[-54.196355,-23.577074],[-54.196313,-23.576855],[-54.196284,-23.576714],[-54.196258,-23.57656],[-54.19623,-23.576347],[-54.196197,-23.576085],[-54.196146,-23.575587],[-54.196078,-23.574781],[-54.196039,-23.574329],[-54.196002,-23.573927],[-54.195884,-23.572564],[-54.195766,-23.571188],[-54.195702,-23.570398],[-54.195669,-23.570046],[-54.195621,-23.569475],[-54.195601,-23.569219],[-54.195549,-23.568636],[-54.195487,-23.567907],[-54.195357,-23.56646],[-54.195307,-23.565873],[-54.195276,-23.565498],[-54.195254,-23.56523],[-54.195212,-23.564758],[-54.195161,-23.564133],[-54.195102,-23.563488],[-54.195044,-23.562812],[-54.194924,-23.561457],[-54.194684,-23.558749],[-54.194532,-23.556934],[-54.194331,-23.554612],[-54.194273,-23.553902],[-54.194206,-23.553108],[-54.194086,-23.551632],[-54.194053,-23.551193],[-54.194014,-23.55079],[-54.193951,-23.550018],[-54.193823,-23.548488],[-54.193561,-23.545431],[-54.193407,-23.543575],[-54.19323,-23.541459],[-54.193048,-23.539307],[-54.193035,-23.539152],[-54.193023,-23.539036],[-54.192988,-23.538643],[-54.192947,-23.538191],[-54.192899,-23.537542],[-54.192848,-23.536944],[-54.192803,-23.536386],[-54.19272,-23.53554],[-54.192635,-23.53472],[-54.192461,-23.533073],[-54.192288,-23.531447],[-54.191758,-23.526467],[-54.191732,-23.526196],[-54.191678,-23.525729],[-54.191619,-23.525129],[-54.191553,-23.524542],[-54.191494,-23.523976],[-54.191466,-23.523719],[-54.191445,-23.52351],[-54.191407,-23.52313],[-54.191334,-23.522422],[-54.191174,-23.520951],[-54.191134,-23.520567],[-54.191102,-23.520282],[-54.191047,-23.519796],[-54.190988,-23.519318],[-54.190946,-23.518982],[-54.1909,-23.518618],[-54.190812,-23.518004],[-54.190742,-23.517543],[-54.190679,-23.517185],[-54.190589,-23.516691],[-54.190393,-23.515756],[-54.190233,-23.515007],[-54.190073,-23.514256],[-54.189971,-23.513775],[-54.189882,-23.513368],[-54.189709,-23.512557],[-54.189604,-23.512066],[-54.189528,-23.51173],[-54.189467,-23.511445],[-54.189342,-23.510871],[-54.189098,-23.509741],[-54.189069,-23.509604],[-54.188984,-23.509218],[-54.188889,-23.508775],[-54.188804,-23.508373],[-54.188741,-23.508084],[-54.188622,-23.507543],[-54.188497,-23.506959],[-54.188419,-23.506619],[-54.188368,-23.506371],[-54.188305,-23.506083],[-54.188243,-23.50579],[-54.188124,-23.505236],[-54.188057,-23.504933],[-54.18801,-23.504705],[-54.187754,-23.503522],[-54.187671,-23.50315],[-54.187567,-23.502654],[-54.187443,-23.502079],[-54.187322,-23.50152],[-54.187251,-23.501192],[-54.187185,-23.500892],[-54.187084,-23.500411],[-54.18697,-23.49988],[-54.186854,-23.499342],[-54.18673,-23.498755],[-54.186608,-23.498189],[-54.186506,-23.49772],[-54.186436,-23.497421],[-54.186389,-23.4972],[-54.186329,-23.496929],[-54.186251,-23.496553],[-54.186086,-23.495792],[-54.186028,-23.495515],[-54.185966,-23.495218],[-54.185877,-23.494809],[-54.18571,-23.494054],[-54.185592,-23.493498],[-54.185465,-23.492921],[-54.185327,-23.492271],[-54.18522,-23.491794],[-54.185179,-23.49161],[-54.185049,-23.490948],[-54.184982,-23.49057],[-54.184936,-23.490265],[-54.184904,-23.489987],[-54.184873,-23.489645],[-54.184853,-23.489284],[-54.184845,-23.489034],[-54.184844,-23.488813],[-54.184852,-23.488418],[-54.184863,-23.488195],[-54.184875,-23.487996],[-54.184894,-23.48778],[-54.184919,-23.487546],[-54.184949,-23.487328],[-54.184979,-23.487087],[-54.18502,-23.486869],[-54.185049,-23.486709],[-54.185075,-23.48657],[-54.185136,-23.486323],[-54.185182,-23.486124],[-54.185219,-23.485963],[-54.185241,-23.485882],[-54.185329,-23.485538],[-54.185426,-23.485166],[-54.185495,-23.484908],[-54.185534,-23.484683],[-54.185575,-23.484483],[-54.185598,-23.484372],[-54.185627,-23.484253],[-54.185679,-23.484019],[-54.185705,-23.483913],[-54.186042,-23.482642],[-54.186398,-23.481254],[-54.186523,-23.480791],[-54.186743,-23.47993],[-54.186954,-23.479086],[-54.187067,-23.478675],[-54.187203,-23.478132],[-54.187282,-23.477806],[-54.18738,-23.47741],[-54.18754,-23.476715],[-54.187719,-23.47602],[-54.187831,-23.475513],[-54.187866,-23.475353],[-54.187894,-23.47525],[-54.188059,-23.474567],[-54.188368,-23.473374],[-54.188614,-23.472414],[-54.188706,-23.472057],[-54.18874,-23.471924],[-54.18876,-23.471825],[-54.18913,-23.470629],[-54.189435,-23.469443],[-54.189692,-23.468441],[-54.189841,-23.467937],[-54.18992,-23.467736],[-54.190045,-23.467424],[-54.190244,-23.467003],[-54.190651,-23.466205],[-54.191079,-23.465484],[-54.191722,-23.464585],[-54.192436,-23.46372],[-54.192895,-23.463176],[-54.193329,-23.462617],[-54.193778,-23.461952],[-54.194195,-23.461237],[-54.194594,-23.46045],[-54.196147,-23.456888],[-54.19723,-23.45448],[-54.198554,-23.45152],[-54.198944,-23.450645],[-54.199401,-23.449618],[-54.204125,-23.43901],[-54.204413,-23.438325],[-54.204612,-23.437903],[-54.204845,-23.437298],[-54.205051,-23.436688],[-54.205285,-23.435925],[-54.205473,-23.435142],[-54.205631,-23.434414],[-54.205832,-23.433068],[-54.206332,-23.428453],[-54.206588,-23.426587],[-54.208727,-23.410954],[-54.209025,-23.408776],[-54.209728,-23.403637],[-54.211004,-23.39172],[-54.211055,-23.391132],[-54.21195,-23.382238],[-54.213656,-23.368629],[-54.213665,-23.368596],[-54.213711,-23.368339],[-54.21373,-23.368189],[-54.213746,-23.368064],[-54.213773,-23.36785],[-54.213778,-23.367811],[-54.215519,-23.354289],[-54.215657,-23.35321],[-54.215697,-23.352892],[-54.219081,-23.326387],[-54.219282,-23.32518],[-54.222151,-23.305664],[-54.223418,-23.297142],[-54.224064,-23.292543],[-54.225201,-23.285135],[-54.225213,-23.285056],[-54.228416,-23.263366],[-54.228516,-23.262703],[-54.228626,-23.261696],[-54.228649,-23.261415],[-54.228677,-23.260927],[-54.228681,-23.260047],[-54.228651,-23.25923],[-54.22861,-23.258642],[-54.228551,-23.257993],[-54.228499,-23.257609],[-54.228446,-23.257237],[-54.228393,-23.256921],[-54.228285,-23.25633],[-54.228209,-23.256017],[-54.22807,-23.255424],[-54.228015,-23.255242],[-54.227871,-23.254744],[-54.226463,-23.250512],[-54.225835,-23.248641],[-54.225801,-23.248584],[-54.225782,-23.248558],[-54.225767,-23.248535],[-54.225753,-23.24851],[-54.225739,-23.248482],[-54.225722,-23.248444],[-54.22571,-23.248411],[-54.225609,-23.24811],[-54.225555,-23.248017],[-54.22548,-23.247919],[-54.225389,-23.247824],[-54.225284,-23.24772],[-54.225158,-23.247606],[-54.225011,-23.247515],[-54.224942,-23.247437],[-54.224894,-23.247347],[-54.224869,-23.24725],[-54.224868,-23.247149],[-54.224892,-23.247051],[-54.224939,-23.246961],[-54.225052,-23.246845],[-54.225081,-23.246669],[-54.225084,-23.246587],[-54.225072,-23.246501],[-54.225049,-23.246404],[-54.22503,-23.246321],[-54.224911,-23.245994],[-54.224838,-23.245735],[-54.224827,-23.245704],[-54.224323,-23.244131],[-54.223572,-23.241844],[-54.223406,-23.241318],[-54.223255,-23.240803],[-54.223108,-23.240255],[-54.222487,-23.238151],[-54.221638,-23.235212],[-54.218505,-23.224171],[-54.218227,-23.223354],[-54.217914,-23.222538],[-54.217604,-23.221879],[-54.217145,-23.221054],[-54.2168,-23.220509],[-54.216371,-23.219937],[-54.215475,-23.218779],[-54.213747,-23.21657],[-54.210293,-23.212158],[-54.205931,-23.206611],[-54.203365,-23.203326],[-54.202917,-23.202746],[-54.202526,-23.202161],[-54.202192,-23.201548],[-54.2019,-23.2009],[-54.201694,-23.200315],[-54.201513,-23.199683],[-54.201399,-23.199021],[-54.201264,-23.197598],[-54.201154,-23.196141],[-54.201018,-23.195212],[-54.200937,-23.194473],[-54.200916,-23.19428],[-54.200891,-23.193881],[-54.200878,-23.193678],[-54.200848,-23.192424],[-54.200817,-23.191553],[-54.200091,-23.182158],[-54.199273,-23.170984],[-54.199245,-23.170516],[-54.199223,-23.170319],[-54.199171,-23.169353],[-54.199025,-23.167637],[-54.19902,-23.16755],[-54.199017,-23.167486],[-54.198926,-23.166122],[-54.198897,-23.165872],[-54.198871,-23.165537],[-54.19885,-23.165149],[-54.198828,-23.164747],[-54.198785,-23.164201],[-54.198654,-23.163034],[-54.198608,-23.1624],[-54.198443,-23.160202],[-54.198283,-23.158104],[-54.197924,-23.15326],[-54.197658,-23.14979],[-54.197603,-23.148607],[-54.197498,-23.147536],[-54.197331,-23.146422],[-54.197217,-23.145711],[-54.196941,-23.144564],[-54.195816,-23.13979],[-54.195712,-23.139398],[-54.195565,-23.138767],[-54.195519,-23.1384],[-54.195494,-23.138071],[-54.195482,-23.137712],[-54.19552,-23.137285],[-54.195594,-23.136912],[-54.19569,-23.136588],[-54.195832,-23.136206],[-54.195995,-23.135882],[-54.196177,-23.135571],[-54.196692,-23.134837],[-54.197422,-23.133818],[-54.19802,-23.133023],[-54.198474,-23.132394],[-54.198544,-23.13226],[-54.198621,-23.132134],[-54.19871,-23.131968],[-54.198753,-23.13183],[-54.198777,-23.131657],[-54.198781,-23.131499],[-54.198811,-23.131344],[-54.198893,-23.131121],[-54.198983,-23.130991],[-54.199198,-23.130756],[-54.199257,-23.130682],[-54.199468,-23.130442],[-54.199699,-23.130172],[-54.200079,-23.129729],[-54.200259,-23.129453],[-54.200295,-23.129389],[-54.200312,-23.129327],[-54.200313,-23.129268],[-54.20029,-23.129183],[-54.200086,-23.128924],[-54.199885,-23.128741],[-54.199148,-23.128072],[-54.198578,-23.127553],[-54.197865,-23.126903],[-54.197587,-23.126634],[-54.197352,-23.126388],[-54.197177,-23.126169],[-54.197008,-23.12592],[-54.196845,-23.12566],[-54.196675,-23.125377],[-54.196551,-23.125119],[-54.196481,-23.124905],[-54.196355,-23.124566],[-54.196282,-23.124272],[-54.196212,-23.123972],[-54.19616,-23.12369],[-54.195874,-23.122418],[-54.195592,-23.121122],[-54.1954,-23.120216],[-54.195187,-23.119213],[-54.194775,-23.117289],[-54.194471,-23.115829],[-54.194175,-23.114449],[-54.193723,-23.112281],[-54.193443,-23.110911],[-54.193297,-23.110088],[-54.19324,-23.109803],[-54.193095,-23.109164],[-54.193003,-23.108753],[-54.192819,-23.107906],[-54.19246,-23.106171],[-54.192283,-23.105315],[-54.192122,-23.104539],[-54.192045,-23.104006],[-54.192022,-23.103738],[-54.192007,-23.103458],[-54.19199,-23.103186],[-54.191984,-23.102943],[-54.191978,-23.102707],[-54.191987,-23.1023],[-54.192015,-23.101744],[-54.192048,-23.101137],[-54.192115,-23.100006],[-54.192123,-23.099782],[-54.192148,-23.099218],[-54.192196,-23.098299],[-54.19227,-23.09709],[-54.192298,-23.096593],[-54.192327,-23.095918],[-54.192368,-23.095343],[-54.192413,-23.094608],[-54.192438,-23.094042],[-54.192456,-23.09368],[-54.192504,-23.09287],[-54.192543,-23.092121],[-54.192557,-23.09187],[-54.192609,-23.090831],[-54.192652,-23.090184],[-54.192685,-23.089835],[-54.192752,-23.088639],[-54.192776,-23.088261],[-54.192826,-23.087012],[-54.192793,-23.086469],[-54.192772,-23.086033],[-54.192767,-23.085802],[-54.192769,-23.085663],[-54.192792,-23.08522],[-54.192808,-23.084886],[-54.192811,-23.08484],[-54.19282,-23.084683],[-54.192841,-23.084111],[-54.192848,-23.083828],[-54.192858,-23.083588],[-54.192892,-23.082987],[-54.192918,-23.082294],[-54.19293,-23.082055],[-54.192931,-23.082032],[-54.192945,-23.081731],[-54.192962,-23.081478],[-54.192966,-23.081417],[-54.192983,-23.081249],[-54.193021,-23.080766],[-54.193034,-23.080501],[-54.193037,-23.080103],[-54.193036,-23.079963],[-54.193036,-23.079844],[-54.193057,-23.079408],[-54.19307,-23.079184],[-54.193084,-23.078883],[-54.193088,-23.078739],[-54.193103,-23.078259],[-54.193115,-23.077903],[-54.193115,-23.077889],[-54.193134,-23.077564],[-54.193142,-23.077387],[-54.193153,-23.077224],[-54.193169,-23.077072],[-54.193179,-23.076975],[-54.193208,-23.076796],[-54.193229,-23.076679],[-54.193248,-23.076597],[-54.193281,-23.076473],[-54.193297,-23.076409],[-54.193346,-23.076257],[-54.193383,-23.076143],[-54.193449,-23.076002],[-54.193511,-23.075879],[-54.193688,-23.075528],[-54.193775,-23.075387],[-54.193964,-23.075095],[-54.194046,-23.074971],[-54.19421,-23.074693],[-54.194292,-23.074555],[-54.194538,-23.074159],[-54.194704,-23.073896],[-54.194873,-23.073635],[-54.194914,-23.073567],[-54.195165,-23.073144],[-54.19568,-23.072316],[-54.195966,-23.071813],[-54.196457,-23.071013],[-54.196766,-23.070504],[-54.196969,-23.070154],[-54.197032,-23.070049],[-54.197538,-23.0692],[-54.197603,-23.06909],[-54.197779,-23.068834],[-54.198332,-23.067912],[-54.198877,-23.067002],[-54.199185,-23.066446],[-54.199389,-23.066077],[-54.199403,-23.066059],[-54.199999,-23.065156],[-54.200538,-23.064224],[-54.200805,-23.063791],[-54.201114,-23.063293],[-54.201457,-23.062711],[-54.201219,-23.06244],[-54.201195,-23.062364],[-54.201174,-23.062295],[-54.201211,-23.061983],[-54.201256,-23.061908],[-54.201278,-23.061872],[-54.201304,-23.061829],[-54.201586,-23.061633],[-54.201389,-23.060966],[-54.20108,-23.059959],[-54.200821,-23.059144],[-54.200749,-23.05892],[-54.200448,-23.057932],[-54.200363,-23.057659],[-54.200137,-23.05693],[-54.199827,-23.055916],[-54.199516,-23.054874],[-54.19927,-23.054069],[-54.19921,-23.053872],[-54.198973,-23.053093],[-54.198902,-23.05286],[-54.198753,-23.052368],[-54.198597,-23.051857],[-54.198521,-23.051513],[-54.198473,-23.051476],[-54.198447,-23.051423],[-54.198444,-23.051382],[-54.198456,-23.051342],[-54.198466,-23.051327],[-54.19848,-23.051308],[-54.198028,-23.049957],[-54.197997,-23.049852],[-54.197653,-23.049151],[-54.197582,-23.049005],[-54.197524,-23.048994],[-54.197476,-23.04896],[-54.197449,-23.04891],[-54.19745,-23.048854],[-54.197479,-23.048804],[-54.19702,-23.047913],[-54.196948,-23.047777],[-54.196758,-23.047417],[-54.196659,-23.04723],[-54.196327,-23.046595],[-54.196106,-23.046171],[-54.196058,-23.046079],[-54.195586,-23.045114],[-54.194781,-23.043483],[-54.194661,-23.043241],[-54.194061,-23.042025],[-54.193822,-23.041642],[-54.193709,-23.041474],[-54.193673,-23.041421],[-54.193534,-23.041182],[-54.1935,-23.04109],[-54.193447,-23.040945],[-54.193045,-23.040006],[-54.192611,-23.039136],[-54.192538,-23.038989],[-54.192472,-23.038877],[-54.192437,-23.038809],[-54.190395,-23.034889],[-54.18963,-23.033383],[-54.189395,-23.032888],[-54.188971,-23.032086],[-54.188574,-23.031286],[-54.188483,-23.030985],[-54.188393,-23.030757],[-54.188288,-23.030533],[-54.188124,-23.030105],[-54.188021,-23.029826],[-54.187884,-23.029426],[-54.18777,-23.029039],[-54.187743,-23.028588],[-54.187695,-23.02803],[-54.18769,-23.027668],[-54.187703,-23.027441],[-54.187756,-23.026339],[-54.188048,-23.024803],[-54.188095,-23.024345],[-54.188128,-23.023625],[-54.188153,-23.02339],[-54.188308,-23.022298],[-54.188315,-23.022213],[-54.188336,-23.022085],[-54.188397,-23.021912],[-54.188465,-23.021775],[-54.188485,-23.021665],[-54.188915,-23.018347],[-54.188961,-23.018007],[-54.188993,-23.01795],[-54.189,-23.017913],[-54.189024,-23.017787],[-54.189043,-23.017653],[-54.189064,-23.017439],[-54.18914,-23.016758],[-54.189274,-23.015887],[-54.189373,-23.015166],[-54.18944,-23.014649],[-54.18964,-23.0131],[-54.189748,-23.012331],[-54.189946,-23.010954],[-54.190057,-23.010084],[-54.190168,-23.009288],[-54.190301,-23.008295],[-54.190388,-23.007652],[-54.190463,-23.007104],[-54.190538,-23.006525],[-54.190608,-23.006034],[-54.19071,-23.005457],[-54.190817,-23.004719],[-54.190925,-23.004017],[-54.190998,-23.003453],[-54.191052,-23.002761],[-54.191088,-23.002282],[-54.191092,-23.001753],[-54.191017,-23.001168],[-54.191008,-23.001034],[-54.190933,-23.000555],[-54.190852,-23.000279],[-54.190711,-22.999865],[-54.190625,-22.999659],[-54.190381,-22.99918],[-54.190224,-22.99892],[-54.189987,-22.998566],[-54.189628,-22.998105],[-54.189512,-22.997972],[-54.189192,-22.997648],[-54.188869,-22.997359],[-54.188737,-22.99725],[-54.188022,-22.996747],[-54.187086,-22.996138],[-54.186122,-22.995505],[-54.185419,-22.995014],[-54.185339,-22.994962],[-54.184206,-22.99418],[-54.183221,-22.993509],[-54.182848,-22.993253],[-54.182214,-22.99283],[-54.181523,-22.992368],[-54.180518,-22.991688],[-54.179221,-22.990804],[-54.178314,-22.990197],[-54.176899,-22.989236],[-54.176243,-22.988794],[-54.17548,-22.988279],[-54.174631,-22.987713],[-54.173949,-22.987262],[-54.173096,-22.986686],[-54.172519,-22.986296],[-54.171752,-22.985792],[-54.170911,-22.985215],[-54.170097,-22.984701],[-54.169648,-22.9844],[-54.1689,-22.983905],[-54.168206,-22.983444],[-54.167321,-22.982845],[-54.16639,-22.982238],[-54.165921,-22.981937],[-54.165368,-22.981565],[-54.164549,-22.981018],[-54.162557,-22.979693],[-54.162139,-22.979401],[-54.161208,-22.978791],[-54.160103,-22.978039],[-54.159211,-22.977451],[-54.157972,-22.976632],[-54.15746,-22.976297],[-54.15676,-22.975834],[-54.155934,-22.97528],[-54.15509,-22.974711],[-54.154445,-22.974272],[-54.153914,-22.973926],[-54.153289,-22.973522],[-54.152668,-22.973115],[-54.151986,-22.972665],[-54.151072,-22.972048],[-54.150227,-22.971486],[-54.148748,-22.970511],[-54.147839,-22.969935],[-54.146864,-22.969277],[-54.145492,-22.968368],[-54.144616,-22.967783],[-54.14386,-22.967287],[-54.143409,-22.966978],[-54.143081,-22.966761],[-54.139626,-22.964479],[-54.134695,-22.961222],[-54.128984,-22.957402],[-54.125969,-22.955378],[-54.124708,-22.954534],[-54.120193,-22.951473],[-54.11615,-22.948677],[-54.112312,-22.946026],[-54.112001,-22.945807],[-54.110533,-22.944782],[-54.109577,-22.944129],[-54.106545,-22.942141],[-54.102838,-22.93971],[-54.09805,-22.93648],[-54.093131,-22.933139],[-54.091128,-22.931773],[-54.087476,-22.929216],[-54.086263,-22.928353],[-54.085694,-22.927923],[-54.085408,-22.927666],[-54.085078,-22.927348],[-54.084822,-22.92706],[-54.084693,-22.926892],[-54.084586,-22.926729],[-54.084489,-22.926567],[-54.084398,-22.926393],[-54.084255,-22.926084],[-54.084107,-22.925673],[-54.084056,-22.925481],[-54.084013,-22.925284],[-54.083869,-22.924432],[-54.083411,-22.921226],[-54.082434,-22.914389],[-54.081564,-22.908211],[-54.08153,-22.907974],[-54.081323,-22.90655],[-54.080653,-22.901863],[-54.080642,-22.901786],[-54.080401,-22.900091],[-54.080184,-22.89833],[-54.080061,-22.897502],[-54.07901,-22.8892],[-54.078922,-22.888548],[-54.078691,-22.886853],[-54.078455,-22.88516],[-54.077993,-22.881751],[-54.077095,-22.874999],[-54.077035,-22.87459],[-54.07697,-22.874197],[-54.076749,-22.873182],[-54.076665,-22.872869],[-54.076579,-22.872578],[-54.076408,-22.871986],[-54.076058,-22.870798],[-54.075365,-22.868448],[-54.073981,-22.863739],[-54.073544,-22.862326],[-54.072657,-22.859364],[-54.071786,-22.856466],[-54.070136,-22.851039],[-54.070037,-22.850714],[-54.070003,-22.850602],[-54.06845,-22.845466],[-54.065351,-22.835211],[-54.060394,-22.818517],[-54.057201,-22.807678],[-54.056019,-22.803667],[-54.053914,-22.796523],[-54.053533,-22.795155],[-54.05327,-22.793776],[-54.053056,-22.791266],[-54.052674,-22.784507],[-54.052168,-22.775541],[-54.052154,-22.775288],[-54.051167,-22.757813],[-54.050631,-22.751591],[-54.050137,-22.745883],[-54.049862,-22.74281],[-54.049761,-22.741302],[-54.049473,-22.738051],[-54.04945,-22.737673],[-54.049446,-22.73757],[-54.049428,-22.737207],[-54.049246,-22.735054],[-54.047906,-22.717216],[-54.046726,-22.700221],[-54.045674,-22.683634],[-54.04457,-22.664851],[-54.044065,-22.656254],[-54.043357,-22.651727],[-54.042107,-22.644805],[-54.042041,-22.644374],[-54.041985,-22.644071],[-54.041936,-22.643789],[-54.041923,-22.643602],[-54.041899,-22.643355],[-54.038894,-22.625827],[-54.036815,-22.614774],[-54.036468,-22.61293],[-54.03645,-22.612824],[-54.031481,-22.585008],[-54.030617,-22.580258],[-54.026341,-22.556755],[-54.026255,-22.555983],[-54.026234,-22.55521],[-54.026277,-22.554416],[-54.026942,-22.549996],[-54.026991,-22.549494],[-54.026965,-22.549072],[-54.026834,-22.548537],[-54.026598,-22.548001],[-54.026234,-22.547464],[-54.025318,-22.546687],[-54.024867,-22.546276],[-54.023766,-22.545232],[-54.0225,-22.544009],[-54.017429,-22.538721],[-54.002288,-22.522853],[-54.002032,-22.522606],[-54.00178,-22.522341],[-54.001531,-22.522081],[-54.001248,-22.521768],[-53.983282,-22.502965],[-53.982868,-22.502532],[-53.966814,-22.485574],[-53.95965,-22.478005],[-53.953383,-22.471333],[-53.941369,-22.458543],[-53.94017,-22.457268],[-53.93994,-22.457065],[-53.939771,-22.456952],[-53.939628,-22.456879],[-53.939412,-22.4568],[-53.939249,-22.456729],[-53.93912,-22.456639],[-53.939018,-22.456528],[-53.938946,-22.456407],[-53.9389,-22.456232],[-53.938843,-22.456041],[-53.938787,-22.455911],[-53.938685,-22.455732],[-53.938417,-22.455409],[-53.936841,-22.453694],[-53.933126,-22.449777],[-53.933078,-22.449726],[-53.931305,-22.447857],[-53.930215,-22.446684],[-53.918066,-22.433867],[-53.917062,-22.432692],[-53.914359,-22.429529],[-53.910478,-22.424989],[-53.907709,-22.421771],[-53.889967,-22.40115],[-53.881973,-22.391802],[-53.881633,-22.391401],[-53.881214,-22.390925],[-53.880854,-22.390485],[-53.880562,-22.390145],[-53.876532,-22.385474],[-53.876206,-22.385095],[-53.867576,-22.375073],[-53.863918,-22.370847],[-53.858194,-22.364232],[-53.856954,-22.362799],[-53.849058,-22.353787],[-53.848478,-22.352993],[-53.848068,-22.352087],[-53.841345,-22.335109],[-53.838844,-22.328832],[-53.837892,-22.326346],[-53.837578,-22.325527],[-53.837411,-22.325106],[-53.835337,-22.319899],[-53.833587,-22.315506],[-53.832767,-22.31334],[-53.832582,-22.312881],[-53.832507,-22.312769],[-53.832469,-22.312731],[-53.832397,-22.312662],[-53.832354,-22.31264],[-53.832273,-22.312614],[-53.832219,-22.312614],[-53.832137,-22.312619],[-53.831873,-22.312714],[-53.831211,-22.312947],[-53.831065,-22.312989],[-53.831039,-22.312997],[-53.830819,-22.313051],[-53.830678,-22.313077],[-53.830438,-22.313088],[-53.830248,-22.313098],[-53.830127,-22.313111],[-53.829855,-22.313157],[-53.828968,-22.313459],[-53.826941,-22.314147],[-53.82431,-22.315041],[-53.822721,-22.31558],[-53.820577,-22.316309],[-53.820103,-22.316469],[-53.819076,-22.316806],[-53.818658,-22.31696],[-53.818555,-22.316994],[-53.817706,-22.317275],[-53.817653,-22.317293],[-53.809144,-22.320217],[-53.809087,-22.32024],[-53.808874,-22.320316],[-53.808435,-22.320458],[-53.808164,-22.320547],[-53.807583,-22.320724],[-53.807517,-22.320749],[-53.804041,-22.321906],[-53.801255,-22.322855],[-53.80116,-22.322883],[-53.799963,-22.323323],[-53.793561,-22.325458],[-53.791635,-22.326111],[-53.789217,-22.32693],[-53.782338,-22.329261],[-53.77948,-22.33023],[-53.764822,-22.335197],[-53.758261,-22.33742],[-53.741978,-22.343008],[-53.736915,-22.344658],[-53.736233,-22.344929],[-53.735557,-22.345291],[-53.734211,-22.345988],[-53.731441,-22.347451],[-53.729925,-22.348251],[-53.71932,-22.353843],[-53.703246,-22.362319],[-53.698875,-22.364623],[-53.693735,-22.367331],[-53.692938,-22.367752],[-53.692422,-22.368021],[-53.691507,-22.368505],[-53.690804,-22.368865],[-53.68812,-22.370277],[-53.687207,-22.370756],[-53.684965,-22.371926],[-53.682158,-22.373408],[-53.680824,-22.374116],[-53.68009,-22.374501],[-53.679188,-22.374962],[-53.677728,-22.375738],[-53.67673,-22.37627],[-53.672913,-22.378269],[-53.668171,-22.380776],[-53.653149,-22.388634],[-53.651844,-22.389321],[-53.651195,-22.389659],[-53.65051,-22.389943],[-53.642098,-22.393033],[-53.641454,-22.393257],[-53.640979,-22.393377],[-53.639963,-22.393527],[-53.639008,-22.393524],[-53.638,-22.393398],[-53.623336,-22.391424],[-53.618395,-22.390765],[-53.613429,-22.390101],[-53.612573,-22.389986],[-53.608007,-22.38939],[-53.606554,-22.389201],[-53.599815,-22.388321],[-53.599088,-22.388227],[-53.59782,-22.38806],[-53.597085,-22.387974],[-53.595734,-22.387786],[-53.594415,-22.387608],[-53.593677,-22.387505],[-53.593074,-22.387431],[-53.592962,-22.387418],[-53.59162,-22.387251],[-53.590317,-22.38709],[-53.588925,-22.386912],[-53.588814,-22.386896],[-53.588416,-22.38684],[-53.588347,-22.386832],[-53.587451,-22.386653],[-53.582661,-22.385694],[-53.580472,-22.38533],[-53.573783,-22.384514],[-53.569328,-22.383971],[-53.568266,-22.383841],[-53.567607,-22.38376],[-53.567032,-22.38369],[-53.55689,-22.382454],[-53.548243,-22.381446],[-53.547303,-22.381372],[-53.547148,-22.38136],[-53.546943,-22.381376],[-53.546207,-22.381434],[-53.545324,-22.381618],[-53.542996,-22.382258],[-53.542749,-22.382326],[-53.538789,-22.383397],[-53.538321,-22.383489],[-53.537836,-22.383549],[-53.537097,-22.383515],[-53.536376,-22.383356],[-53.535716,-22.38307],[-53.53511,-22.38269],[-53.533853,-22.381402],[-53.532299,-22.379719],[-53.531876,-22.379244],[-53.531484,-22.378807],[-53.531147,-22.378445],[-53.530739,-22.378078],[-53.530309,-22.37775],[-53.529826,-22.377441],[-53.529354,-22.37719],[-53.526684,-22.375949],[-53.525955,-22.375563],[-53.525574,-22.37532],[-53.525102,-22.374979],[-53.524647,-22.374554],[-53.523824,-22.373635],[-53.510586,-22.358279],[-53.510429,-22.358094],[-53.495264,-22.340505],[-53.493893,-22.338905],[-53.493612,-22.338568],[-53.493153,-22.338076],[-53.49279,-22.337735],[-53.492375,-22.337412],[-53.49199,-22.337159],[-53.49156,-22.336933],[-53.490934,-22.336622],[-53.475248,-22.331978],[-53.474485,-22.331752],[-53.467952,-22.329816],[-53.461215,-22.32782],[-53.46035,-22.327564],[-53.456123,-22.326312],[-53.442721,-22.322338],[-53.43647,-22.320485],[-53.428052,-22.318027],[-53.421452,-22.316076],[-53.41839,-22.315187],[-53.417673,-22.314978],[-53.411502,-22.313185],[-53.411463,-22.313174],[-53.400269,-22.30987],[-53.400113,-22.30983],[-53.399347,-22.309598],[-53.398543,-22.309373],[-53.398219,-22.309279],[-53.397916,-22.309165],[-53.397616,-22.309024],[-53.39729,-22.308839],[-53.397058,-22.308654],[-53.396795,-22.308416],[-53.396604,-22.30819],[-53.396411,-22.307924],[-53.395981,-22.307308],[-53.395782,-22.307024],[-53.391878,-22.30144],[-53.391344,-22.300676],[-53.388512,-22.296624],[-53.386461,-22.29414],[-53.382944,-22.289913],[-53.380907,-22.287464],[-53.380652,-22.287219],[-53.380285,-22.286748],[-53.380037,-22.286466],[-53.379669,-22.286047],[-53.378196,-22.284277],[-53.376904,-22.282753],[-53.372414,-22.277349],[-53.370693,-22.275278],[-53.370463,-22.274987],[-53.368768,-22.272999],[-53.368561,-22.272724],[-53.364588,-22.267938],[-53.36402,-22.267224],[-53.36388,-22.267087],[-53.363696,-22.266937],[-53.363584,-22.266901],[-53.363465,-22.266879],[-53.363354,-22.266893],[-53.363206,-22.266835],[-53.363118,-22.266696],[-53.363127,-22.266608],[-53.363085,-22.266353],[-53.362978,-22.266047],[-53.362817,-22.265814],[-53.362516,-22.265439],[-53.360749,-22.26327],[-53.36068,-22.263187],[-53.360423,-22.262873],[-53.35909,-22.261244],[-53.358399,-22.260404],[-53.357961,-22.259872],[-53.357818,-22.259697],[-53.357348,-22.259126],[-53.357166,-22.258918],[-53.356352,-22.257914],[-53.355635,-22.257041],[-53.355293,-22.256624],[-53.355045,-22.256335],[-53.354959,-22.256218],[-53.354513,-22.255676],[-53.354268,-22.255378],[-53.353584,-22.254546],[-53.353155,-22.254024],[-53.352896,-22.253708],[-53.352199,-22.252859],[-53.351516,-22.252028],[-53.350837,-22.251202],[-53.350152,-22.250368],[-53.349469,-22.249537],[-53.34878,-22.248699],[-53.34828,-22.248168],[-53.348181,-22.248108],[-53.348092,-22.248071],[-53.348023,-22.24806],[-53.347943,-22.248022],[-53.347882,-22.247961],[-53.347846,-22.247885],[-53.34784,-22.247802],[-53.347864,-22.247724],[-53.347835,-22.247633],[-53.347737,-22.24747],[-53.347587,-22.247277],[-53.347309,-22.246938],[-53.347075,-22.246681],[-53.346605,-22.246162],[-53.345938,-22.245347],[-53.345243,-22.244505],[-53.344898,-22.244072],[-53.344581,-22.243665],[-53.343934,-22.242888],[-53.343892,-22.242836],[-53.343506,-22.242375],[-53.343191,-22.241993],[-53.342494,-22.241147],[-53.341815,-22.240318],[-53.341917,-22.240245],[-53.342721,-22.239651],[-53.343475,-22.239119],[-53.344208,-22.238605],[-53.343725,-22.237983]]},"properties":{"id_trecho":"ACESS-ROTA-EST-021-05","id_rota":"ROTA-EST-021","nome_rota":"Rota de Aviturismo nas Unidades de Conservação da Mata Atlântica","ordem_trecho":5,"origem":"Eldorado","destino":"Nova Andradina","tipo_registro_rota":"Rota institucional incorporada ao estudo","status_institucional_rota":"Lançada e promovida pela Fundtur MS","classe_base_acessibilidade":"Base institucional ou documental direta","natureza":"Estimativa científica de acessibilidade pela rede viária contemporânea","distancia_rodoviaria_km":241.9,"duracao_estimada_sem_trafego_min":213,"resumo_vias":"BR-163, Rodovia Paulo Rodrigues dos Santos","perfil_roteamento":"driving","motor_roteamento":"OSRM route service","endpoint_consultado":"https://router.project-osrm.org","fonte_rede":"OpenStreetMap contributors","licenca_rede":"ODbL 1.0","data_materializacao":"2026-08-12T03:43:51.108Z","corte_base_joaju":"2026-08-10","data_versao_rede":"Não informada","origem_solicitada_lon":-54.2838,"origem_solicitada_lat":-23.7868,"destino_solicitado_lon":-53.3437,"destino_solicitado_lat":-22.238,"origem_ajustada_lon":-54.283818,"origem_ajustada_lat":-23.786815,"destino_ajustado_lon":-53.343725,"destino_ajustado_lat":-22.237983,"distancia_ajuste_origem_m":2.5,"distancia_ajuste_destino_m":3.2,"status_revisao":"Não validado em campo","nota_especifica":"Estimativa viária contemporânea entre referências da proposta metodológica. Não substitui validação logística ou de campo.","limitacoes":"Tempo sem trânsito em tempo real. O resultado pode incluir vias privadas, sazonais, não pavimentadas, interrompidas ou com restrições ausentes na base.","uso_operacional":"Não representa o traçado cultural, histórico, aquático ou oficialmente aprovado da rota. Não constitui recomendação de viagem, autorização de acesso ou validação das condições da via.","natureza_projeto":"Projeto de pesquisa científica","referencial_metodologico":"Aplicação e adaptação experimental do marco PRICI"}},{"type":"Feature","geometry":{"type":"LineString","coordinates":[[-53.343725,-22.237983],[-53.343533,-22.237735],[-53.342791,-22.238263],[-53.342043,-22.238795],[-53.341235,-22.239409],[-53.341488,-22.239722],[-53.341917,-22.240245],[-53.342612,-22.241061],[-53.34288,-22.241402],[-53.343293,-22.241908],[-53.343995,-22.24277],[-53.344698,-22.24359],[-53.345362,-22.244416],[-53.346064,-22.245267],[-53.34642,-22.2457],[-53.34658,-22.245894],[-53.346729,-22.246073],[-53.347411,-22.246866],[-53.347684,-22.247197],[-53.347882,-22.247416],[-53.347995,-22.24751],[-53.348082,-22.247585],[-53.348159,-22.24759],[-53.348216,-22.247608],[-53.348267,-22.247638],[-53.348309,-22.247678],[-53.348341,-22.247726],[-53.34836,-22.247779],[-53.348358,-22.247885],[-53.348365,-22.247966],[-53.348386,-22.248031],[-53.348879,-22.24863],[-53.349087,-22.248883],[-53.349565,-22.249469],[-53.350247,-22.2503],[-53.350932,-22.251135],[-53.35161,-22.251961],[-53.352292,-22.252793],[-53.352988,-22.253642],[-53.35326,-22.253973],[-53.353676,-22.25448],[-53.353874,-22.254722],[-53.354359,-22.255313],[-53.355049,-22.256154],[-53.355367,-22.256541],[-53.355725,-22.256977],[-53.356439,-22.257848],[-53.357262,-22.258843],[-53.357441,-22.259069],[-53.357905,-22.259636],[-53.358044,-22.259805],[-53.358486,-22.260344],[-53.358815,-22.260745],[-53.359033,-22.26101],[-53.359112,-22.261106],[-53.359175,-22.261184],[-53.359413,-22.261477],[-53.359527,-22.261617],[-53.360624,-22.262965],[-53.360761,-22.263133],[-53.362001,-22.264604],[-53.36262,-22.26534],[-53.363494,-22.266466],[-53.363531,-22.266512],[-53.363603,-22.266608],[-53.364055,-22.267122],[-53.364818,-22.268109],[-53.369356,-22.273592],[-53.370535,-22.274939],[-53.370757,-22.27524],[-53.377129,-22.282865],[-53.379801,-22.286069],[-53.380087,-22.286418],[-53.380336,-22.28672],[-53.380743,-22.287214],[-53.380907,-22.287464],[-53.382944,-22.289913],[-53.386461,-22.29414],[-53.388512,-22.296624],[-53.391344,-22.300676],[-53.391878,-22.30144],[-53.395782,-22.307024],[-53.395981,-22.307308],[-53.396411,-22.307924],[-53.396604,-22.30819],[-53.396795,-22.308416],[-53.397058,-22.308654],[-53.39729,-22.308839],[-53.397616,-22.309024],[-53.397916,-22.309165],[-53.398219,-22.309279],[-53.398543,-22.309373],[-53.399347,-22.309598],[-53.400113,-22.30983],[-53.400269,-22.30987],[-53.411463,-22.313174],[-53.411502,-22.313185],[-53.417673,-22.314978],[-53.41839,-22.315187],[-53.421452,-22.316076],[-53.428052,-22.318027],[-53.43647,-22.320485],[-53.442721,-22.322338],[-53.456123,-22.326312],[-53.46035,-22.327564],[-53.461215,-22.32782],[-53.467952,-22.329816],[-53.474485,-22.331752],[-53.475248,-22.331978],[-53.490934,-22.336622],[-53.49156,-22.336933],[-53.49199,-22.337159],[-53.492375,-22.337412],[-53.49279,-22.337735],[-53.493153,-22.338076],[-53.493612,-22.338568],[-53.493893,-22.338905],[-53.495264,-22.340505],[-53.510429,-22.358094],[-53.510586,-22.358279],[-53.523824,-22.373635],[-53.524647,-22.374554],[-53.525102,-22.374979],[-53.525574,-22.37532],[-53.525955,-22.375563],[-53.526684,-22.375949],[-53.529354,-22.37719],[-53.529826,-22.377441],[-53.530309,-22.37775],[-53.530739,-22.378078],[-53.531147,-22.378445],[-53.531484,-22.378807],[-53.531876,-22.379244],[-53.532299,-22.379719],[-53.533853,-22.381402],[-53.53511,-22.38269],[-53.535716,-22.38307],[-53.536376,-22.383356],[-53.537097,-22.383515],[-53.537836,-22.383549],[-53.538321,-22.383489],[-53.538789,-22.383397],[-53.542749,-22.382326],[-53.542996,-22.382258],[-53.545324,-22.381618],[-53.546207,-22.381434],[-53.546943,-22.381376],[-53.547148,-22.38136],[-53.547303,-22.381372],[-53.548243,-22.381446],[-53.55689,-22.382454],[-53.567032,-22.38369],[-53.567607,-22.38376],[-53.568266,-22.383841],[-53.569328,-22.383971],[-53.573783,-22.384514],[-53.580472,-22.38533],[-53.582661,-22.385694],[-53.587451,-22.386653],[-53.588347,-22.386832],[-53.588416,-22.38684],[-53.588814,-22.386896],[-53.588925,-22.386912],[-53.590317,-22.38709],[-53.59162,-22.387251],[-53.592962,-22.387418],[-53.593074,-22.387431],[-53.593677,-22.387505],[-53.594415,-22.387608],[-53.595734,-22.387786],[-53.597085,-22.387974],[-53.59782,-22.38806],[-53.599088,-22.388227],[-53.599815,-22.388321],[-53.606554,-22.389201],[-53.608007,-22.38939],[-53.612573,-22.389986],[-53.613429,-22.390101],[-53.618395,-22.390765],[-53.623336,-22.391424],[-53.638,-22.393398],[-53.639008,-22.393524],[-53.639963,-22.393527],[-53.640979,-22.393377],[-53.641454,-22.393257],[-53.642098,-22.393033],[-53.65051,-22.389943],[-53.651195,-22.389659],[-53.651844,-22.389321],[-53.653149,-22.388634],[-53.668171,-22.380776],[-53.672913,-22.378269],[-53.67673,-22.37627],[-53.677728,-22.375738],[-53.679188,-22.374962],[-53.68009,-22.374501],[-53.680824,-22.374116],[-53.682158,-22.373408],[-53.684965,-22.371926],[-53.687207,-22.370756],[-53.68812,-22.370277],[-53.690804,-22.368865],[-53.691507,-22.368505],[-53.692422,-22.368021],[-53.692938,-22.367752],[-53.693735,-22.367331],[-53.698875,-22.364623],[-53.703246,-22.362319],[-53.71932,-22.353843],[-53.729925,-22.348251],[-53.731441,-22.347451],[-53.734211,-22.345988],[-53.735557,-22.345291],[-53.736233,-22.344929],[-53.736915,-22.344658],[-53.741978,-22.343008],[-53.758261,-22.33742],[-53.764822,-22.335197],[-53.77948,-22.33023],[-53.782338,-22.329261],[-53.789217,-22.32693],[-53.791635,-22.326111],[-53.793561,-22.325458],[-53.799963,-22.323323],[-53.80116,-22.322883],[-53.801255,-22.322855],[-53.804041,-22.321906],[-53.807517,-22.320749],[-53.807583,-22.320724],[-53.808164,-22.320547],[-53.808435,-22.320458],[-53.808874,-22.320316],[-53.809087,-22.32024],[-53.809144,-22.320217],[-53.817653,-22.317293],[-53.817706,-22.317275],[-53.818555,-22.316994],[-53.818658,-22.31696],[-53.819076,-22.316806],[-53.820103,-22.316469],[-53.820577,-22.316309],[-53.822721,-22.31558],[-53.82431,-22.315041],[-53.826941,-22.314147],[-53.828968,-22.313459],[-53.829855,-22.313157],[-53.830031,-22.313076],[-53.83017,-22.313016],[-53.830324,-22.312946],[-53.830436,-22.312895],[-53.830559,-22.312825],[-53.830729,-22.312732],[-53.830878,-22.312642],[-53.830996,-22.31257],[-53.831543,-22.312361],[-53.831812,-22.312267],[-53.832091,-22.312183],[-53.832262,-22.31215],[-53.832777,-22.312086],[-53.833093,-22.312039],[-53.834035,-22.31172],[-53.838926,-22.310049],[-53.845694,-22.307775],[-53.84581,-22.307735],[-53.846009,-22.307667],[-53.850609,-22.306107],[-53.853156,-22.305238],[-53.87738,-22.296969],[-53.877692,-22.29688],[-53.885167,-22.294333],[-53.886115,-22.294019],[-53.887064,-22.293836],[-53.888451,-22.29377],[-53.893964,-22.293666],[-53.894014,-22.293665],[-53.900932,-22.293502],[-53.90659,-22.293395],[-53.911148,-22.293327],[-53.911391,-22.293323],[-53.912307,-22.293305],[-53.914189,-22.293283],[-53.916303,-22.293276],[-53.919584,-22.293267],[-53.921122,-22.293255],[-53.925378,-22.293251],[-53.928217,-22.293229],[-53.930423,-22.293225],[-53.931906,-22.29321],[-53.933695,-22.293214],[-53.934586,-22.293206],[-53.935268,-22.293215],[-53.935844,-22.293241],[-53.93632,-22.293287],[-53.937106,-22.2934],[-53.938352,-22.293588],[-53.939827,-22.293772],[-53.941314,-22.293991],[-53.94427,-22.294421],[-53.947965,-22.294921],[-53.949799,-22.29518],[-53.953908,-22.295749],[-53.955598,-22.295993],[-53.957334,-22.296231],[-53.961812,-22.296862],[-53.963499,-22.297104],[-53.969149,-22.297899],[-53.975008,-22.298719],[-53.980937,-22.299544],[-53.992863,-22.301204],[-53.998649,-22.302028],[-54.000473,-22.302288],[-54.005855,-22.303031],[-54.006053,-22.303058],[-54.009929,-22.303598],[-54.023858,-22.305544],[-54.023938,-22.305556],[-54.024826,-22.305688],[-54.025997,-22.305842],[-54.027143,-22.306009],[-54.028595,-22.306225],[-54.030268,-22.306446],[-54.031786,-22.306647],[-54.033581,-22.306902],[-54.035638,-22.307193],[-54.035858,-22.307223],[-54.038267,-22.307562],[-54.041241,-22.307987],[-54.043525,-22.308302],[-54.044499,-22.30843],[-54.045628,-22.308583],[-54.046862,-22.308741],[-54.048328,-22.308957],[-54.049447,-22.309108],[-54.050528,-22.309252],[-54.051542,-22.309389],[-54.052697,-22.309547],[-54.05388,-22.309705],[-54.054788,-22.309853],[-54.055506,-22.309948],[-54.056865,-22.310136],[-54.05769,-22.310246],[-54.058316,-22.31033],[-54.059023,-22.310418],[-54.059998,-22.310534],[-54.060921,-22.310655],[-54.062275,-22.310849],[-54.063976,-22.311076],[-54.065738,-22.311319],[-54.06768,-22.31159],[-54.069632,-22.311868],[-54.072536,-22.312249],[-54.073125,-22.312309],[-54.073689,-22.312329],[-54.074284,-22.312312],[-54.074466,-22.312312],[-54.074833,-22.312277],[-54.075311,-22.312215],[-54.075823,-22.312121],[-54.076815,-22.31187],[-54.077861,-22.311466],[-54.079304,-22.31092],[-54.083389,-22.309336],[-54.083735,-22.309191],[-54.113504,-22.297563],[-54.127961,-22.291942],[-54.144009,-22.285763],[-54.146427,-22.284805],[-54.159719,-22.279616],[-54.160378,-22.279337],[-54.160912,-22.279156],[-54.161504,-22.278942],[-54.161875,-22.278747],[-54.162596,-22.278426],[-54.162752,-22.278372],[-54.16368,-22.278013],[-54.164435,-22.277736],[-54.164558,-22.27769],[-54.165347,-22.277466],[-54.165342,-22.277396],[-54.165361,-22.277329],[-54.165402,-22.27727],[-54.165451,-22.277231],[-54.165509,-22.277205],[-54.165572,-22.277194],[-54.165635,-22.277199],[-54.165694,-22.277219],[-54.165746,-22.277253],[-54.165787,-22.277298],[-54.166444,-22.277],[-54.166817,-22.276878],[-54.166924,-22.276861],[-54.16702,-22.276856],[-54.167156,-22.27685],[-54.16743,-22.276845],[-54.16752,-22.276857],[-54.167662,-22.276881],[-54.167931,-22.276957],[-54.168108,-22.277031],[-54.168172,-22.277059],[-54.168256,-22.277097],[-54.168404,-22.27718],[-54.168549,-22.277281],[-54.16873,-22.277411],[-54.16889,-22.277513],[-54.169113,-22.278051],[-54.169303,-22.278499],[-54.169388,-22.278751],[-54.169466,-22.278872],[-54.169825,-22.279723],[-54.169994,-22.280127],[-54.170202,-22.280566],[-54.17056,-22.281375],[-54.170701,-22.281781],[-54.170767,-22.281928],[-54.170886,-22.28222],[-54.172157,-22.285123],[-54.172564,-22.286122],[-54.172692,-22.286411],[-54.172897,-22.286878],[-54.173827,-22.289012],[-54.174611,-22.290832],[-54.175387,-22.292638],[-54.176943,-22.296095],[-54.176994,-22.296214],[-54.177241,-22.296812],[-54.180978,-22.305421],[-54.181228,-22.306013],[-54.184983,-22.314714],[-54.185616,-22.316189],[-54.185887,-22.31682],[-54.186146,-22.31738],[-54.187267,-22.319933],[-54.194479,-22.336566],[-54.194778,-22.337264],[-54.195099,-22.337972],[-54.196231,-22.340563],[-54.199119,-22.347222],[-54.200001,-22.349319],[-54.201004,-22.351695],[-54.203196,-22.356687],[-54.208352,-22.368257],[-54.209454,-22.370706],[-54.210116,-22.372185],[-54.210786,-22.373646],[-54.211696,-22.375658],[-54.212231,-22.376828],[-54.213153,-22.378829],[-54.214183,-22.381064],[-54.216271,-22.385612],[-54.217173,-22.387549],[-54.217536,-22.388337],[-54.219064,-22.391653],[-54.219859,-22.39338],[-54.220403,-22.394569],[-54.221238,-22.396381],[-54.221762,-22.397522],[-54.222508,-22.399151],[-54.22366,-22.401656],[-54.224684,-22.403876],[-54.225449,-22.405545],[-54.226396,-22.407581],[-54.226485,-22.407778],[-54.226694,-22.408238],[-54.226774,-22.408403],[-54.226998,-22.408871],[-54.227107,-22.40914],[-54.227199,-22.409199],[-54.227586,-22.410066],[-54.228008,-22.411],[-54.228288,-22.411586],[-54.228456,-22.411927],[-54.228877,-22.412852],[-54.228949,-22.413012],[-54.229204,-22.413587],[-54.2293,-22.413782],[-54.229639,-22.414525],[-54.229722,-22.414702],[-54.230708,-22.414312],[-54.230844,-22.414256],[-54.231718,-22.413933],[-54.232708,-22.413519],[-54.233345,-22.413266]]},"properties":{"id_trecho":"ACESS-ROTA-EST-021-06","id_rota":"ROTA-EST-021","nome_rota":"Rota de Aviturismo nas Unidades de Conservação da Mata Atlântica","ordem_trecho":6,"origem":"Nova Andradina","destino":"Glória de Dourados","tipo_registro_rota":"Rota institucional incorporada ao estudo","status_institucional_rota":"Lançada e promovida pela Fundtur MS","classe_base_acessibilidade":"Base institucional ou documental direta","natureza":"Estimativa científica de acessibilidade pela rede viária contemporânea","distancia_rodoviaria_km":112.6,"duracao_estimada_sem_trafego_min":87,"resumo_vias":"BR-376, BR-376; MS-276","perfil_roteamento":"driving","motor_roteamento":"OSRM route service","endpoint_consultado":"https://router.project-osrm.org","fonte_rede":"OpenStreetMap contributors","licenca_rede":"ODbL 1.0","data_materializacao":"2026-08-12T03:43:51.108Z","corte_base_joaju":"2026-08-10","data_versao_rede":"Não informada","origem_solicitada_lon":-53.3437,"origem_solicitada_lat":-22.238,"destino_solicitado_lon":-54.2335,"destino_solicitado_lat":-22.4136,"origem_ajustada_lon":-53.343725,"origem_ajustada_lat":-22.237983,"destino_ajustado_lon":-54.233345,"destino_ajustado_lat":-22.413266,"distancia_ajuste_origem_m":3.2,"distancia_ajuste_destino_m":40.3,"status_revisao":"Não validado em campo","nota_especifica":"Estimativa viária contemporânea entre referências da proposta metodológica. Não substitui validação logística ou de campo.","limitacoes":"Tempo sem trânsito em tempo real. O resultado pode incluir vias privadas, sazonais, não pavimentadas, interrompidas ou com restrições ausentes na base.","uso_operacional":"Não representa o traçado cultural, histórico, aquático ou oficialmente aprovado da rota. Não constitui recomendação de viagem, autorização de acesso ou validação das condições da via.","natureza_projeto":"Projeto de pesquisa científica","referencial_metodologico":"Aplicação e adaptação experimental do marco PRICI"}},{"type":"Feature","geometry":{"type":"LineString","coordinates":[[-54.629706,-20.44855],[-54.629874,-20.449152],[-54.630579,-20.448994],[-54.631311,-20.448795],[-54.632197,-20.448548],[-54.632409,-20.449221],[-54.632597,-20.449815],[-54.632744,-20.450271],[-54.632998,-20.451058],[-54.633434,-20.452469],[-54.633457,-20.452589],[-54.633511,-20.45334],[-54.633519,-20.45344],[-54.633527,-20.453544],[-54.633595,-20.45462],[-54.633599,-20.454668],[-54.633648,-20.455297],[-54.633687,-20.455891],[-54.63374,-20.456562],[-54.633781,-20.457109],[-54.633852,-20.458029],[-54.633868,-20.45822],[-54.633918,-20.458616],[-54.633953,-20.459276],[-54.633976,-20.459761],[-54.634007,-20.460152],[-54.634073,-20.46048],[-54.634098,-20.4606],[-54.634128,-20.460694],[-54.634153,-20.460769],[-54.634178,-20.460825],[-54.634513,-20.461588],[-54.634587,-20.461756],[-54.634616,-20.461827],[-54.63471,-20.462043],[-54.635064,-20.462857],[-54.635161,-20.462924],[-54.635617,-20.463177],[-54.636001,-20.464128],[-54.636304,-20.464859],[-54.636547,-20.465456],[-54.636677,-20.465805],[-54.636816,-20.466135],[-54.63689,-20.466278],[-54.63697,-20.466418],[-54.637101,-20.466619],[-54.636921,-20.46688],[-54.636858,-20.46695],[-54.636723,-20.46705],[-54.636558,-20.467108],[-54.63633,-20.467179],[-54.636099,-20.467226],[-54.635879,-20.467285],[-54.635789,-20.467315],[-54.635717,-20.467345],[-54.635322,-20.467518],[-54.634851,-20.46771],[-54.634676,-20.467782],[-54.634524,-20.467854],[-54.634603,-20.468855],[-54.634652,-20.470001],[-54.634752,-20.471695],[-54.634832,-20.472881],[-54.634898,-20.472952],[-54.635608,-20.47372],[-54.635672,-20.473789],[-54.636088,-20.474209],[-54.636697,-20.47498],[-54.637073,-20.475456],[-54.637263,-20.475662],[-54.63757,-20.476035],[-54.638456,-20.47723],[-54.639656,-20.478727],[-54.640224,-20.479447],[-54.640248,-20.479483],[-54.640885,-20.480292],[-54.641612,-20.481209],[-54.642038,-20.481745],[-54.642393,-20.482219],[-54.643299,-20.483354],[-54.643749,-20.483916],[-54.644489,-20.484838],[-54.645143,-20.485711],[-54.645324,-20.485929],[-54.645402,-20.485995],[-54.645744,-20.486423],[-54.645906,-20.48665],[-54.6461,-20.486895],[-54.646444,-20.487343],[-54.646768,-20.487761],[-54.647092,-20.488181],[-54.647893,-20.489158],[-54.647976,-20.489274],[-54.648103,-20.489452],[-54.64826,-20.489763],[-54.64852,-20.490635],[-54.648805,-20.491497],[-54.649105,-20.492481],[-54.649216,-20.492843],[-54.649241,-20.492913],[-54.64927,-20.493057],[-54.649332,-20.493249],[-54.649349,-20.493301],[-54.649393,-20.493435],[-54.649431,-20.493552],[-54.649571,-20.494009],[-54.649809,-20.494766],[-54.649943,-20.495155],[-54.650026,-20.495399],[-54.650051,-20.495473],[-54.650104,-20.495654],[-54.650132,-20.495751],[-54.650257,-20.496142],[-54.650296,-20.496264],[-54.650343,-20.496408],[-54.65049,-20.496858],[-54.650517,-20.49694],[-54.650745,-20.497686],[-54.650883,-20.498139],[-54.651025,-20.498605],[-54.651138,-20.498975],[-54.65119,-20.499143],[-54.651324,-20.499585],[-54.6515,-20.50016],[-54.65161,-20.50052],[-54.651891,-20.501429],[-54.651995,-20.501762],[-54.652188,-20.502386],[-54.652558,-20.503576],[-54.652816,-20.504398],[-54.653001,-20.504997],[-54.653094,-20.505299],[-54.653192,-20.505617],[-54.653506,-20.506636],[-54.653622,-20.507009],[-54.65366,-20.507123],[-54.653926,-20.507961],[-54.654121,-20.508703],[-54.654173,-20.508817],[-54.654279,-20.50909],[-54.654381,-20.509416],[-54.654596,-20.510145],[-54.654811,-20.510853],[-54.654939,-20.51124],[-54.65502,-20.511554],[-54.655086,-20.511752],[-54.655247,-20.512229],[-54.655285,-20.512347],[-54.655504,-20.513079],[-54.655727,-20.513783],[-54.655818,-20.514067],[-54.655897,-20.514194],[-54.655982,-20.514288],[-54.656087,-20.514377],[-54.656307,-20.514515],[-54.656425,-20.514619],[-54.65659,-20.514812],[-54.65667,-20.514945],[-54.656749,-20.515087],[-54.656804,-20.515234],[-54.65684,-20.515366],[-54.656858,-20.515473],[-54.656868,-20.515566],[-54.65687,-20.515681],[-54.65684,-20.515924],[-54.65681,-20.516041],[-54.656664,-20.516516],[-54.656645,-20.516603],[-54.656656,-20.51669],[-54.656678,-20.516861],[-54.656834,-20.517336],[-54.657095,-20.518166],[-54.657135,-20.518291],[-54.657305,-20.51885],[-54.657326,-20.518916],[-54.657425,-20.519231],[-54.657521,-20.519537],[-54.657748,-20.520238],[-54.657959,-20.520974],[-54.658174,-20.521645],[-54.65841,-20.522393],[-54.658442,-20.522491],[-54.658605,-20.52302],[-54.658845,-20.523799],[-54.659011,-20.524361],[-54.659022,-20.5244],[-54.65916,-20.52486],[-54.659315,-20.525323],[-54.659379,-20.525531],[-54.659557,-20.526078],[-54.659629,-20.526309],[-54.659799,-20.526906],[-54.660065,-20.527767],[-54.660309,-20.528572],[-54.660575,-20.529408],[-54.660704,-20.529819],[-54.660841,-20.530256],[-54.6611,-20.53098],[-54.661418,-20.531752],[-54.661723,-20.532553],[-54.661807,-20.53281],[-54.661866,-20.532988],[-54.661917,-20.533146],[-54.662036,-20.533488],[-54.662149,-20.533845],[-54.662309,-20.534352],[-54.662323,-20.534394],[-54.662483,-20.534901],[-54.662687,-20.535531],[-54.662735,-20.535677],[-54.662981,-20.536441],[-54.663172,-20.537097],[-54.663382,-20.537744],[-54.663571,-20.538397],[-54.663622,-20.538561],[-54.663756,-20.538966],[-54.663804,-20.53914],[-54.663851,-20.539294],[-54.664067,-20.540019],[-54.664284,-20.540663],[-54.664418,-20.54108],[-54.664494,-20.541315],[-54.664711,-20.541965],[-54.664767,-20.542154],[-54.664817,-20.542324],[-54.665142,-20.543375],[-54.665436,-20.544308],[-54.665469,-20.544413],[-54.665528,-20.544614],[-54.66562,-20.544923],[-54.665773,-20.545496],[-54.665809,-20.545634],[-54.665853,-20.545802],[-54.665989,-20.546289],[-54.666132,-20.546804],[-54.666189,-20.547007],[-54.666328,-20.54748],[-54.66665,-20.548529],[-54.666977,-20.549539],[-54.667121,-20.549948],[-54.667239,-20.550238],[-54.667325,-20.550424],[-54.66742,-20.550595],[-54.667528,-20.550785],[-54.667851,-20.551303],[-54.66794,-20.551415],[-54.668008,-20.55148],[-54.668088,-20.551528],[-54.668207,-20.551555],[-54.668408,-20.551574],[-54.668515,-20.551584],[-54.668616,-20.551615],[-54.668723,-20.551675],[-54.668809,-20.551759],[-54.66887,-20.551861],[-54.668901,-20.551975],[-54.668898,-20.552129],[-54.66893,-20.552333],[-54.668963,-20.552444],[-54.669021,-20.552548],[-54.669264,-20.55282],[-54.672529,-20.555918],[-54.672791,-20.556166],[-54.673044,-20.556404],[-54.67604,-20.55924],[-54.67613,-20.559325],[-54.677112,-20.560255],[-54.677817,-20.560924],[-54.677899,-20.561012],[-54.67805,-20.561151],[-54.678926,-20.561954],[-54.681126,-20.564043],[-54.681664,-20.564535],[-54.681979,-20.564788],[-54.682092,-20.564876],[-54.682396,-20.565098],[-54.682697,-20.565287],[-54.683179,-20.565566],[-54.68349,-20.56573],[-54.684121,-20.566039],[-54.684791,-20.566349],[-54.685634,-20.566753],[-54.686546,-20.567149],[-54.688012,-20.567867],[-54.689025,-20.568328],[-54.691194,-20.569314],[-54.692884,-20.570083],[-54.693976,-20.57058],[-54.695285,-20.571198],[-54.696664,-20.571817],[-54.705944,-20.576158],[-54.709366,-20.577758],[-54.709907,-20.578004],[-54.710457,-20.578261],[-54.710929,-20.578517],[-54.711411,-20.578854],[-54.712032,-20.579385],[-54.712889,-20.580276],[-54.713715,-20.581153],[-54.714856,-20.582376],[-54.717095,-20.584753],[-54.72034,-20.588207],[-54.722003,-20.589967],[-54.727665,-20.595987],[-54.729562,-20.597996],[-54.730502,-20.598995],[-54.73133,-20.599869],[-54.732956,-20.601589],[-54.733734,-20.602387],[-54.734276,-20.602792],[-54.734796,-20.60312],[-54.735691,-20.603557],[-54.737222,-20.604205],[-54.737968,-20.604496],[-54.73834,-20.604655],[-54.738683,-20.604833],[-54.739049,-20.605068],[-54.739353,-20.605289],[-54.739723,-20.605593],[-54.740026,-20.605886],[-54.740243,-20.606114],[-54.740442,-20.606359],[-54.740605,-20.606583],[-54.740791,-20.606882],[-54.740977,-20.607191],[-54.741123,-20.607471],[-54.741318,-20.60794],[-54.741664,-20.608746],[-54.742073,-20.609723],[-54.742122,-20.609841],[-54.742232,-20.610098],[-54.742293,-20.610245],[-54.742404,-20.610511],[-54.743159,-20.612267],[-54.743453,-20.612993],[-54.743859,-20.613933],[-54.744003,-20.614286],[-54.744171,-20.614701],[-54.744221,-20.614824],[-54.745198,-20.617057],[-54.746753,-20.620711],[-54.747452,-20.622376],[-54.750246,-20.628981],[-54.750667,-20.629943],[-54.751214,-20.631258],[-54.753155,-20.63585],[-54.75347,-20.636679],[-54.753631,-20.637533],[-54.754052,-20.642906],[-54.755438,-20.660193],[-54.755576,-20.661927],[-54.755604,-20.662274],[-54.755871,-20.665632],[-54.755932,-20.666262],[-54.756258,-20.667501],[-54.757763,-20.670833],[-54.759332,-20.674349],[-54.761719,-20.679727],[-54.763488,-20.683643],[-54.765727,-20.688633],[-54.766563,-20.690492],[-54.768367,-20.694496],[-54.768788,-20.695489],[-54.769237,-20.696484],[-54.76969,-20.697486],[-54.770132,-20.698493],[-54.770262,-20.698797],[-54.770392,-20.699135],[-54.770481,-20.699438],[-54.77056,-20.699767],[-54.771047,-20.701629],[-54.771656,-20.703908],[-54.771978,-20.705044],[-54.772264,-20.706201],[-54.772751,-20.708044],[-54.773245,-20.709907],[-54.774304,-20.713958],[-54.774965,-20.716731],[-54.775308,-20.718028],[-54.776663,-20.722964],[-54.777596,-20.726412],[-54.779201,-20.732186],[-54.779489,-20.733222],[-54.780603,-20.737229],[-54.782613,-20.744318],[-54.782995,-20.745655],[-54.78364,-20.747992],[-54.784359,-20.750588],[-54.784788,-20.752074],[-54.785333,-20.754106],[-54.785707,-20.755427],[-54.786556,-20.758514],[-54.787904,-20.763417],[-54.788322,-20.764911],[-54.7887,-20.766327],[-54.789339,-20.768834],[-54.789663,-20.770201],[-54.789854,-20.770949],[-54.791349,-20.776873],[-54.792906,-20.783055],[-54.793636,-20.785994],[-54.793844,-20.786786],[-54.793866,-20.786871],[-54.794226,-20.78832],[-54.795045,-20.791595],[-54.796255,-20.796424],[-54.796554,-20.797633],[-54.797345,-20.8008],[-54.798452,-20.805159],[-54.798975,-20.807262],[-54.799519,-20.809445],[-54.799891,-20.810905],[-54.800273,-20.812314],[-54.800465,-20.812965],[-54.801551,-20.817009],[-54.802262,-20.819661],[-54.802549,-20.820689],[-54.802987,-20.822342],[-54.803355,-20.823678],[-54.804155,-20.82665],[-54.804905,-20.829392],[-54.805215,-20.830564],[-54.805655,-20.832159],[-54.806741,-20.83615],[-54.807028,-20.837182],[-54.807205,-20.837563],[-54.807377,-20.837902],[-54.807521,-20.83815],[-54.808066,-20.838932],[-54.808897,-20.840108],[-54.810225,-20.84193],[-54.810633,-20.842484],[-54.811131,-20.843176],[-54.815299,-20.848965],[-54.815554,-20.84931],[-54.815748,-20.849572],[-54.816201,-20.85024],[-54.816579,-20.850969],[-54.816756,-20.851419],[-54.817306,-20.852817],[-54.81855,-20.855982],[-54.819161,-20.857629],[-54.819251,-20.857869],[-54.820849,-20.862035],[-54.824823,-20.872389],[-54.825567,-20.874079],[-54.825677,-20.87435],[-54.828984,-20.882392],[-54.829199,-20.882778],[-54.829744,-20.883608],[-54.830146,-20.884044],[-54.830666,-20.884493],[-54.831181,-20.884841],[-54.832359,-20.885398],[-54.841006,-20.888024],[-54.849017,-20.890445],[-54.851975,-20.891375],[-54.868257,-20.89634],[-54.86927,-20.896646],[-54.869422,-20.89669],[-54.869954,-20.896848],[-54.870507,-20.897021],[-54.870671,-20.897067],[-54.87082,-20.897103],[-54.871162,-20.897177],[-54.871705,-20.897261],[-54.872247,-20.897315],[-54.885784,-20.898114],[-54.886271,-20.898131],[-54.88651,-20.898147],[-54.887112,-20.898189],[-54.887226,-20.898198],[-54.902523,-20.899107],[-54.917716,-20.900156],[-54.920321,-20.900309],[-54.922671,-20.90047],[-54.923871,-20.900546],[-54.925621,-20.900658],[-54.926164,-20.900689],[-54.927823,-20.900795],[-54.928949,-20.900863],[-54.93123,-20.900979],[-54.931835,-20.901013],[-54.931967,-20.901022],[-54.932086,-20.90103],[-54.933051,-20.901099],[-54.933689,-20.901212],[-54.934295,-20.901354],[-54.934943,-20.901601],[-54.935525,-20.901909],[-54.935923,-20.90214],[-54.936423,-20.902505],[-54.940458,-20.905787],[-54.94245,-20.907446],[-54.942996,-20.907926],[-54.94343,-20.908383],[-54.94351,-20.908467],[-54.943708,-20.908752],[-54.943822,-20.908928],[-54.944,-20.909182],[-54.944304,-20.909641],[-54.944615,-20.910112],[-54.944699,-20.910238],[-54.944732,-20.910287],[-54.946967,-20.913592],[-54.947292,-20.91408],[-54.947442,-20.914305],[-54.948099,-20.915294],[-54.948883,-20.916472],[-54.949559,-20.917444],[-54.950238,-20.918472],[-54.950514,-20.918917],[-54.950641,-20.919093],[-54.951002,-20.919613],[-54.95173,-20.920699],[-54.952418,-20.921719],[-54.953037,-20.922639],[-54.953935,-20.923998],[-54.954371,-20.924612],[-54.954669,-20.924984],[-54.954823,-20.925198],[-54.954931,-20.925354],[-54.955115,-20.925147],[-54.955557,-20.924574],[-54.955591,-20.924466],[-54.955951,-20.924039],[-54.956041,-20.923928],[-54.956193,-20.923762],[-54.956653,-20.923165],[-54.956767,-20.923021],[-54.957094,-20.922599],[-54.957387,-20.922211],[-54.957542,-20.922019],[-54.958012,-20.921446],[-54.958007,-20.921427],[-54.958007,-20.921392],[-54.95802,-20.921358],[-54.958042,-20.92133],[-54.958072,-20.92131],[-54.958108,-20.9213],[-54.958146,-20.9213],[-54.958158,-20.921303],[-54.958188,-20.921315],[-54.958214,-20.921335],[-54.958233,-20.92136],[-54.958244,-20.921389],[-54.958245,-20.921423],[-54.958914,-20.922453],[-54.959505,-20.923381],[-54.960112,-20.924307],[-54.960721,-20.925247],[-54.96133,-20.92617],[-54.961909,-20.927077],[-54.962507,-20.928017],[-54.963112,-20.928948],[-54.963715,-20.929865],[-54.964174,-20.930531],[-54.964317,-20.930761],[-54.964915,-20.931672],[-54.965513,-20.932594],[-54.966119,-20.933528],[-54.966713,-20.934444],[-54.967298,-20.935345],[-54.967866,-20.936221],[-54.968429,-20.937089],[-54.968985,-20.937946],[-54.969469,-20.938692],[-54.969285,-20.938796],[-54.96846,-20.939264],[-54.967799,-20.939639],[-54.967637,-20.93973],[-54.967261,-20.939944],[-54.966817,-20.940195],[-54.966119,-20.940591],[-54.965983,-20.940668],[-54.965577,-20.940945],[-54.965485,-20.941015],[-54.965398,-20.941106],[-54.965314,-20.941188],[-54.965234,-20.941246],[-54.965442,-20.941627],[-54.965671,-20.942045],[-54.966757,-20.943879],[-54.966791,-20.943957],[-54.967325,-20.944947],[-54.9675,-20.945323],[-54.967532,-20.945381],[-54.967774,-20.94582],[-54.967968,-20.946173],[-54.968955,-20.948045],[-54.969348,-20.948773],[-54.970115,-20.950052],[-54.971276,-20.951782],[-54.971751,-20.952533],[-54.972666,-20.95398],[-54.97297,-20.954525],[-54.973287,-20.95525],[-54.973514,-20.956001],[-54.973631,-20.956721],[-54.973785,-20.957456],[-54.973826,-20.957761],[-54.973862,-20.95806],[-54.973885,-20.958341],[-54.973896,-20.958631],[-54.973895,-20.958925],[-54.973888,-20.95925],[-54.973865,-20.959531],[-54.973826,-20.959843],[-54.973775,-20.960179],[-54.973707,-20.960534],[-54.973623,-20.960879],[-54.973578,-20.961048],[-54.973522,-20.961239],[-54.973452,-20.961435],[-54.973375,-20.961643],[-54.973205,-20.962052],[-54.97312,-20.962246],[-54.973024,-20.962442],[-54.972924,-20.962628],[-54.972811,-20.962823],[-54.972585,-20.963202],[-54.972334,-20.963589],[-54.971838,-20.964376],[-54.970826,-20.965917],[-54.969827,-20.967461],[-54.969324,-20.968224],[-54.968822,-20.968998],[-54.968756,-20.969101],[-54.968687,-20.969212],[-54.968553,-20.969441],[-54.968439,-20.969677],[-54.96839,-20.9698],[-54.968353,-20.969927],[-54.968305,-20.970104],[-54.968261,-20.970285],[-54.968235,-20.970494],[-54.96822,-20.970716],[-54.96821,-20.97085],[-54.968209,-20.971001],[-54.968209,-20.971154],[-54.968228,-20.971295],[-54.968292,-20.971577],[-54.968378,-20.971845],[-54.968567,-20.972364],[-54.968993,-20.973415],[-54.969152,-20.973832],[-54.969402,-20.97449],[-54.969527,-20.974859],[-54.969586,-20.975033],[-54.969681,-20.975294],[-54.969787,-20.975576],[-54.969892,-20.975835],[-54.970014,-20.976064],[-54.970255,-20.976497],[-54.970419,-20.976745],[-54.970593,-20.976984],[-54.970966,-20.977441],[-54.971375,-20.977907],[-54.971749,-20.97837],[-54.971824,-20.978442],[-54.971903,-20.978526],[-54.97198,-20.978598],[-54.972018,-20.978636],[-54.972065,-20.978676],[-54.97215,-20.978749],[-54.972236,-20.978807],[-54.972382,-20.978901],[-54.972459,-20.978916],[-54.972575,-20.978979],[-54.972621,-20.979009],[-54.972674,-20.979052],[-54.972755,-20.979132],[-54.972812,-20.979221],[-54.972851,-20.979317],[-54.972871,-20.979414],[-54.972922,-20.979532],[-54.972955,-20.979606],[-54.972992,-20.979688],[-54.973069,-20.979832],[-54.973158,-20.979987],[-54.974368,-20.98141],[-54.974973,-20.982141],[-54.975596,-20.982886],[-54.97583,-20.983119],[-54.976069,-20.983344],[-54.976336,-20.983561],[-54.976609,-20.983764],[-54.976961,-20.983998],[-54.97716,-20.984117],[-54.977361,-20.984222],[-54.978933,-20.984871],[-54.980533,-20.985545],[-54.981763,-20.986061],[-54.98306,-20.986597],[-54.984339,-20.987129],[-54.985612,-20.987664],[-54.986861,-20.988186],[-54.988111,-20.988697],[-54.989378,-20.989223],[-54.990641,-20.989747],[-54.990922,-20.989854],[-54.991229,-20.989934],[-54.991517,-20.989988],[-54.991798,-20.990016],[-54.992102,-20.990012],[-54.992252,-20.990006],[-54.992392,-20.989989],[-54.992929,-20.989865],[-54.993382,-20.989693],[-54.993596,-20.989616],[-54.993824,-20.989529],[-54.994732,-20.989163],[-54.996585,-20.988454],[-54.99752,-20.98808],[-54.998441,-20.987724],[-55.000279,-20.986997],[-55.002305,-20.986204],[-55.004333,-20.985406],[-55.004911,-20.985176],[-55.005459,-20.984962],[-55.006553,-20.984538],[-55.006997,-20.984358],[-55.00741,-20.984181],[-55.008314,-20.983825],[-55.016032,-20.980792],[-55.019943,-20.97927],[-55.02102,-20.978911],[-55.022093,-20.978746],[-55.026719,-20.978582],[-55.027582,-20.978477],[-55.036718,-20.976879],[-55.042576,-20.975797],[-55.043695,-20.975643],[-55.044572,-20.975637],[-55.045238,-20.975698],[-55.045902,-20.975837],[-55.04767,-20.976378],[-55.054018,-20.978437],[-55.054537,-20.978605],[-55.056422,-20.979216],[-55.064554,-20.981869],[-55.065443,-20.98223],[-55.070123,-20.983697],[-55.079626,-20.986785],[-55.082617,-20.987757],[-55.08885,-20.989808],[-55.095808,-20.992064],[-55.099939,-20.993421],[-55.106572,-20.995564],[-55.111469,-20.997165],[-55.113234,-20.997866],[-55.114138,-20.998374],[-55.115184,-20.999046],[-55.120452,-21.002403],[-55.121318,-21.002934],[-55.122135,-21.003311],[-55.122469,-21.003475],[-55.122944,-21.003678],[-55.123413,-21.003828],[-55.124533,-21.004138],[-55.126158,-21.00463],[-55.126757,-21.00479],[-55.127209,-21.004876],[-55.127635,-21.004928],[-55.127917,-21.004954],[-55.128519,-21.004948],[-55.128901,-21.004924],[-55.129424,-21.004864],[-55.130241,-21.004733],[-55.131793,-21.004454],[-55.132336,-21.004358],[-55.135435,-21.003821],[-55.137372,-21.00348],[-55.140685,-21.002903],[-55.144461,-21.00226],[-55.146221,-21.001944],[-55.148928,-21.001481],[-55.150095,-21.001265],[-55.150486,-21.001218],[-55.150864,-21.001203],[-55.15111,-21.001212],[-55.151385,-21.001247],[-55.151625,-21.001293],[-55.151908,-21.001366],[-55.152164,-21.001456],[-55.152402,-21.001558],[-55.152602,-21.001669],[-55.152815,-21.001812],[-55.15306,-21.001997],[-55.153319,-21.002217],[-55.154238,-21.003055],[-55.154801,-21.003577],[-55.15536,-21.00407],[-55.155617,-21.004253],[-55.155893,-21.004404],[-55.156203,-21.004558],[-55.156549,-21.004675],[-55.156906,-21.00476],[-55.157141,-21.004791],[-55.157493,-21.004805],[-55.157897,-21.004781],[-55.158857,-21.004688],[-55.161852,-21.004364],[-55.167536,-21.003733],[-55.168252,-21.003654],[-55.174131,-21.003016],[-55.174898,-21.002932],[-55.175455,-21.002891],[-55.175812,-21.002883],[-55.176377,-21.002891],[-55.177599,-21.002948],[-55.180991,-21.003222],[-55.181502,-21.00325],[-55.183493,-21.003399],[-55.184833,-21.003455],[-55.185795,-21.00354],[-55.188816,-21.003722],[-55.189719,-21.003795],[-55.191435,-21.00389],[-55.193304,-21.004026],[-55.19454,-21.00409],[-55.197077,-21.004273],[-55.198278,-21.004335],[-55.199395,-21.004416],[-55.200014,-21.004413],[-55.200481,-21.004358],[-55.20109,-21.004148],[-55.201514,-21.003884],[-55.20179,-21.003668],[-55.202081,-21.003344],[-55.204243,-21.000341],[-55.20439,-21.000146],[-55.205442,-20.99877],[-55.206103,-20.998143],[-55.206647,-20.997769],[-55.207214,-20.997444],[-55.207861,-20.997173],[-55.208707,-20.996937],[-55.209342,-20.996838],[-55.210004,-20.996814],[-55.21278,-20.996737],[-55.213937,-20.996727],[-55.219222,-20.996598],[-55.224698,-20.996473],[-55.238084,-20.996207],[-55.241517,-20.996146],[-55.242962,-20.996121],[-55.244106,-20.996155],[-55.247762,-20.996456],[-55.248981,-20.996579],[-55.254194,-20.997067],[-55.257675,-20.997401],[-55.259867,-20.997603],[-55.264035,-20.998],[-55.271495,-20.998688],[-55.273474,-20.998907],[-55.273963,-20.998975],[-55.274513,-20.999114],[-55.275004,-20.999293],[-55.275598,-20.999576],[-55.276104,-20.999893],[-55.276753,-21.000461],[-55.277804,-21.00138],[-55.281208,-21.004358],[-55.283041,-21.005962],[-55.292671,-21.014385],[-55.29328,-21.014918],[-55.300317,-21.021073],[-55.301107,-21.022051],[-55.301615,-21.02298],[-55.30174,-21.023297],[-55.305168,-21.036065],[-55.305656,-21.037334],[-55.305815,-21.03759],[-55.306324,-21.038275],[-55.307558,-21.039581],[-55.312096,-21.044085],[-55.316536,-21.048487],[-55.316704,-21.048655],[-55.319732,-21.051641],[-55.323332,-21.055191],[-55.326676,-21.058661],[-55.328398,-21.060438],[-55.32981,-21.061941],[-55.33657,-21.069032],[-55.338523,-21.071081],[-55.339233,-21.07197],[-55.339886,-21.072999],[-55.34762,-21.088703],[-55.351209,-21.096146],[-55.351418,-21.096561],[-55.351772,-21.097266],[-55.356552,-21.106958],[-55.356979,-21.107786],[-55.360666,-21.115274],[-55.361306,-21.11657],[-55.362004,-21.117806],[-55.36262,-21.1188],[-55.363274,-21.119566],[-55.372931,-21.129638],[-55.383899,-21.14113],[-55.390233,-21.1477],[-55.403788,-21.159074],[-55.41295,-21.166259],[-55.4182,-21.170239],[-55.424321,-21.174892],[-55.432128,-21.180807],[-55.437048,-21.184532],[-55.439509,-21.186441],[-55.441505,-21.187881],[-55.442505,-21.188408],[-55.443483,-21.188801],[-55.444778,-21.18916],[-55.445383,-21.189324],[-55.447594,-21.189914],[-55.455835,-21.192756],[-55.45822,-21.193603],[-55.464106,-21.195638],[-55.468103,-21.19702],[-55.470991,-21.198022],[-55.472223,-21.198449],[-55.472726,-21.198603],[-55.473273,-21.198735],[-55.474818,-21.199068],[-55.475597,-21.199235],[-55.47705,-21.199538],[-55.479866,-21.200136],[-55.482935,-21.200778],[-55.483601,-21.200917],[-55.484343,-21.201012],[-55.48613,-21.201178],[-55.488317,-21.201396],[-55.495868,-21.202524],[-55.501856,-21.20347],[-55.503966,-21.203796],[-55.50763,-21.204346],[-55.509183,-21.204596],[-55.509791,-21.204751],[-55.510343,-21.204951],[-55.510536,-21.205041],[-55.510964,-21.205241],[-55.511541,-21.205571],[-55.513235,-21.206559],[-55.516223,-21.208308],[-55.519015,-21.209938],[-55.521085,-21.211149],[-55.52465,-21.213239],[-55.528748,-21.215629],[-55.534156,-21.218817],[-55.537359,-21.220655],[-55.537659,-21.220796],[-55.537899,-21.220881],[-55.538147,-21.220961],[-55.538277,-21.220972],[-55.538381,-21.220974],[-55.538482,-21.220965],[-55.538561,-21.220945],[-55.53869,-21.220904],[-55.538825,-21.22085],[-55.538936,-21.220787],[-55.53906,-21.220757],[-55.539189,-21.220761],[-55.539312,-21.220799],[-55.539418,-21.220868],[-55.539498,-21.220962],[-55.539609,-21.221026],[-55.539716,-21.221086],[-55.539838,-21.221133],[-55.539967,-21.221157],[-55.540094,-21.22117],[-55.540368,-21.221139],[-55.540652,-21.221093],[-55.54125,-21.220942],[-55.547696,-21.219057],[-55.550805,-21.218123],[-55.552013,-21.217768],[-55.553624,-21.217116],[-55.567763,-21.210937],[-55.569938,-21.209993],[-55.574775,-21.207878],[-55.575644,-21.207408],[-55.575986,-21.207135],[-55.576284,-21.20682],[-55.576662,-21.2062],[-55.576949,-21.205377],[-55.577098,-21.204223],[-55.578117,-21.197078],[-55.578319,-21.196262],[-55.578773,-21.195553],[-55.579437,-21.194928],[-55.58016,-21.194527],[-55.580975,-21.1943],[-55.581994,-21.194263],[-55.583342,-21.194249],[-55.587036,-21.19421],[-55.601981,-21.194293],[-55.60617,-21.1945],[-55.607202,-21.194515],[-55.607908,-21.194463],[-55.608543,-21.194308],[-55.60909,-21.194027],[-55.609654,-21.193605],[-55.610193,-21.193006],[-55.614549,-21.186066],[-55.617223,-21.181738],[-55.617692,-21.181006],[-55.618112,-21.180443],[-55.618652,-21.179859],[-55.621596,-21.177438],[-55.622247,-21.176909],[-55.622628,-21.176679],[-55.623111,-21.176485],[-55.623779,-21.176329],[-55.624384,-21.176318],[-55.624946,-21.176417],[-55.625456,-21.17658],[-55.626017,-21.176873],[-55.626545,-21.17715],[-55.626881,-21.177265],[-55.627392,-21.177312],[-55.628138,-21.177296],[-55.62912,-21.17716],[-55.630897,-21.176914],[-55.631468,-21.176885],[-55.631865,-21.176907],[-55.632428,-21.177003],[-55.633023,-21.176996],[-55.633682,-21.176855],[-55.634198,-21.17667],[-55.634729,-21.176419],[-55.634886,-21.176256],[-55.635055,-21.176134],[-55.635413,-21.1759],[-55.635781,-21.175661],[-55.635979,-21.175477],[-55.636121,-21.175291],[-55.636353,-21.174946],[-55.636621,-21.17452],[-55.63694,-21.174136],[-55.637271,-21.17391],[-55.637618,-21.173701],[-55.637872,-21.173617],[-55.638141,-21.173585],[-55.639181,-21.173407],[-55.639887,-21.173304],[-55.640363,-21.173163],[-55.640966,-21.17286],[-55.641886,-21.172231],[-55.64406,-21.170632],[-55.644695,-21.170255],[-55.645258,-21.170004],[-55.645479,-21.169947],[-55.645838,-21.169856],[-55.646441,-21.169774],[-55.646996,-21.169789],[-55.647877,-21.169907],[-55.65679,-21.171442],[-55.65858,-21.171749],[-55.659546,-21.171862],[-55.660479,-21.171677],[-55.661182,-21.171391],[-55.661775,-21.170879],[-55.66217,-21.170336],[-55.663063,-21.168738],[-55.666755,-21.161442],[-55.667562,-21.159053],[-55.669766,-21.151988],[-55.670147,-21.150779],[-55.670349,-21.150141],[-55.670551,-21.1497],[-55.670776,-21.149345],[-55.67111,-21.148976],[-55.676871,-21.144312],[-55.677616,-21.143805],[-55.678299,-21.143494],[-55.680106,-21.14294],[-55.682777,-21.142172],[-55.694377,-21.138971],[-55.697777,-21.138117],[-55.701628,-21.137046],[-55.703425,-21.136526],[-55.715414,-21.133168],[-55.719611,-21.131945],[-55.725451,-21.130346],[-55.73675,-21.1272],[-55.74155,-21.125863],[-55.747306,-21.124237],[-55.748532,-21.123941],[-55.749044,-21.123904],[-55.749435,-21.123929],[-55.749988,-21.12404],[-55.750465,-21.124209],[-55.750935,-21.124426],[-55.751621,-21.124846],[-55.754001,-21.126291],[-55.756409,-21.127712],[-55.762116,-21.131063],[-55.764662,-21.132576],[-55.765407,-21.133001],[-55.766113,-21.133377],[-55.766812,-21.133625],[-55.767628,-21.133879],[-55.780543,-21.137707],[-55.789171,-21.140273],[-55.807388,-21.145674],[-55.815135,-21.147979],[-55.816854,-21.1485],[-55.817833,-21.148726],[-55.818375,-21.148818],[-55.81891,-21.148884],[-55.8207,-21.149029],[-55.82097,-21.149052],[-55.822471,-21.149178],[-55.822771,-21.14921],[-55.823057,-21.149229],[-55.823627,-21.14925],[-55.824518,-21.149215],[-55.82469,-21.149185],[-55.824844,-21.149142],[-55.824925,-21.149114],[-55.825008,-21.149098],[-55.825026,-21.149098],[-55.825061,-21.149096],[-55.825104,-21.149094],[-55.825171,-21.149091],[-55.825206,-21.149202],[-55.825435,-21.149849],[-55.825488,-21.150009],[-55.826385,-21.152464],[-55.826603,-21.15306],[-55.827221,-21.154799],[-55.827262,-21.154896],[-55.82728,-21.155004],[-55.827295,-21.155086],[-55.827299,-21.155143],[-55.827298,-21.1552],[-55.827287,-21.155362],[-55.827209,-21.155977],[-55.827087,-21.156748],[-55.82692,-21.157808],[-55.82685,-21.158446],[-55.827512,-21.158535],[-55.828023,-21.158604],[-55.828618,-21.15868],[-55.829163,-21.158749],[-55.830338,-21.158898],[-55.831454,-21.159025],[-55.831556,-21.159064],[-55.831626,-21.159089],[-55.832653,-21.159236],[-55.833684,-21.159376],[-55.834565,-21.159494],[-55.834727,-21.159509],[-55.835675,-21.159627],[-55.836252,-21.159699],[-55.836279,-21.159701],[-55.836941,-21.159789],[-55.837995,-21.159918],[-55.838446,-21.159949],[-55.838671,-21.159949],[-55.838884,-21.15994],[-55.839172,-21.159907],[-55.839324,-21.15989],[-55.839607,-21.159844],[-55.839762,-21.159818],[-55.839978,-21.159778],[-55.840193,-21.159729],[-55.840406,-21.159663],[-55.840606,-21.159588],[-55.840805,-21.159494],[-55.840999,-21.159381],[-55.842198,-21.158564],[-55.842608,-21.158289],[-55.843069,-21.157972],[-55.843308,-21.157812],[-55.843658,-21.157577],[-55.844217,-21.157194],[-55.844739,-21.156844],[-55.84581,-21.156113],[-55.846004,-21.155997],[-55.846194,-21.155901],[-55.846404,-21.15582],[-55.846612,-21.155753],[-55.846831,-21.155698],[-55.847061,-21.15566],[-55.847282,-21.155637],[-55.847524,-21.155632],[-55.847711,-21.155593],[-55.847811,-21.155578],[-55.847874,-21.155563],[-55.84793,-21.155537],[-55.847973,-21.155502],[-55.848003,-21.155463],[-55.848024,-21.15541],[-55.848028,-21.155355],[-55.848018,-21.155301],[-55.847992,-21.155246],[-55.847955,-21.155191],[-55.847921,-21.15515],[-55.847917,-21.155095],[-55.847929,-21.155044],[-55.847962,-21.155002],[-55.847986,-21.154985],[-55.848009,-21.154974],[-55.848065,-21.154966],[-55.848119,-21.154966],[-55.848165,-21.155008],[-55.848832,-21.155662],[-55.848876,-21.155707],[-55.849219,-21.156145],[-55.84957,-21.156603],[-55.851024,-21.158013],[-55.852419,-21.159374],[-55.853008,-21.159942],[-55.853431,-21.160347],[-55.855451,-21.162304],[-55.857096,-21.163911],[-55.857475,-21.16428],[-55.859537,-21.166295],[-55.861599,-21.168291],[-55.862868,-21.169541],[-55.863548,-21.170198],[-55.863669,-21.170314],[-55.864335,-21.170933],[-55.864416,-21.171009],[-55.864731,-21.171351],[-55.865196,-21.171797],[-55.865292,-21.17189],[-55.865974,-21.172572],[-55.874362,-21.18063],[-55.883235,-21.189104],[-55.910499,-21.215299],[-55.914792,-21.219518],[-55.919103,-21.223653],[-55.92634,-21.230598],[-55.933417,-21.23739],[-55.93683,-21.240629],[-55.938462,-21.242241],[-55.940438,-21.244139],[-55.947316,-21.250738],[-55.953128,-21.256329],[-55.955484,-21.258598],[-55.957858,-21.260877],[-55.962365,-21.265185],[-55.966649,-21.269343],[-55.969935,-21.272482],[-55.975658,-21.277948],[-55.978363,-21.280535],[-55.981586,-21.283616],[-55.989415,-21.291128],[-55.996061,-21.297483],[-55.998013,-21.299417],[-55.998704,-21.300539],[-55.999235,-21.301728],[-55.999487,-21.30315],[-55.999654,-21.305419],[-56.00006,-21.309463],[-56.000135,-21.3103],[-56.000512,-21.314702],[-56.00124,-21.32321],[-56.001417,-21.32528],[-56.002018,-21.33213],[-56.002065,-21.332617],[-56.002151,-21.333574],[-56.002639,-21.339006],[-56.003264,-21.346266],[-56.003301,-21.346594],[-56.003373,-21.347298],[-56.003418,-21.347817],[-56.003686,-21.350861],[-56.004157,-21.35608],[-56.004358,-21.35848],[-56.004621,-21.361412],[-56.004805,-21.362657],[-56.004972,-21.363347],[-56.005309,-21.364305],[-56.005517,-21.36481],[-56.00604,-21.365805],[-56.006565,-21.366598],[-56.007076,-21.367263],[-56.007866,-21.368166],[-56.013614,-21.374067],[-56.018525,-21.37911],[-56.033146,-21.394198],[-56.049333,-21.410744],[-56.055114,-21.416722],[-56.05579,-21.41742],[-56.056941,-21.418687],[-56.057434,-21.419236],[-56.057892,-21.419648],[-56.058239,-21.419969],[-56.058644,-21.420332],[-56.058946,-21.420559],[-56.059235,-21.420776],[-56.062547,-21.422836],[-56.063324,-21.423319],[-56.064787,-21.42419],[-56.067899,-21.426101],[-56.075662,-21.430869],[-56.079642,-21.433331],[-56.087551,-21.438193],[-56.090595,-21.440078],[-56.091177,-21.440439],[-56.091459,-21.440571],[-56.091821,-21.440652],[-56.091958,-21.440719],[-56.0923,-21.440911],[-56.09262,-21.441107],[-56.09287,-21.44126],[-56.093214,-21.441481],[-56.093482,-21.441664],[-56.093631,-21.441778],[-56.093934,-21.441978],[-56.09431,-21.442201],[-56.095044,-21.442655],[-56.095302,-21.442784],[-56.095541,-21.442913],[-56.096478,-21.443481],[-56.097189,-21.443922],[-56.097719,-21.444252],[-56.098678,-21.444848],[-56.099637,-21.445443],[-56.100974,-21.44626],[-56.101864,-21.446817],[-56.102634,-21.44727],[-56.103183,-21.447617],[-56.103569,-21.447859],[-56.104119,-21.448201],[-56.10475,-21.448578],[-56.105658,-21.449147],[-56.106954,-21.449954],[-56.108069,-21.450631],[-56.108889,-21.451136],[-56.109109,-21.451265],[-56.109834,-21.451696],[-56.109962,-21.451782],[-56.110183,-21.45192],[-56.110722,-21.452266],[-56.111278,-21.452602],[-56.11495,-21.454871],[-56.116081,-21.455568],[-56.116671,-21.455928],[-56.11729,-21.456323],[-56.117992,-21.456745],[-56.118737,-21.457196],[-56.119315,-21.457539],[-56.119704,-21.457775],[-56.119891,-21.457892],[-56.120175,-21.45806],[-56.12067,-21.458344],[-56.120989,-21.458555],[-56.121213,-21.458691],[-56.121873,-21.459312],[-56.121953,-21.459364],[-56.122406,-21.459647],[-56.122731,-21.45984],[-56.123714,-21.460448],[-56.124001,-21.460625],[-56.125503,-21.461548],[-56.125564,-21.461586],[-56.125948,-21.461858],[-56.126286,-21.46212],[-56.126589,-21.462387],[-56.126828,-21.462624],[-56.127074,-21.462894],[-56.127249,-21.463121],[-56.128579,-21.464886],[-56.129391,-21.465981],[-56.130014,-21.466821],[-56.132134,-21.469659],[-56.132686,-21.470384],[-56.133325,-21.471261],[-56.134155,-21.472355],[-56.135132,-21.473643],[-56.135424,-21.474028],[-56.135877,-21.474614],[-56.136156,-21.475014],[-56.136467,-21.475435],[-56.136818,-21.475911],[-56.138842,-21.478679],[-56.138854,-21.478701],[-56.138875,-21.478744],[-56.139048,-21.479089],[-56.13909,-21.479142],[-56.139324,-21.479439],[-56.13945,-21.479613],[-56.14003,-21.480411],[-56.140384,-21.480871],[-56.140781,-21.481322],[-56.141214,-21.481683],[-56.141703,-21.481997],[-56.142212,-21.482267],[-56.142757,-21.482507],[-56.143445,-21.482787],[-56.145517,-21.483054],[-56.145585,-21.483048],[-56.145653,-21.483057],[-56.146211,-21.483113],[-56.146629,-21.483113],[-56.147552,-21.483047],[-56.148328,-21.482929],[-56.148706,-21.482837],[-56.149319,-21.482672],[-56.149268,-21.482487],[-56.150454,-21.482168],[-56.150224,-21.481355],[-56.149989,-21.480556],[-56.149756,-21.479719],[-56.148909,-21.47993]]},"properties":{"id_trecho":"ACESS-ROTA-EST-022-01","id_rota":"ROTA-EST-022","nome_rota":"Rota de Aviturismo da Rota Bioceânica","ordem_trecho":1,"origem":"Campo Grande","destino":"Jardim","tipo_registro_rota":"Rota institucional incorporada ao estudo","status_institucional_rota":"Em estruturação pela Fundtur MS","classe_base_acessibilidade":"Base institucional ou documental direta","natureza":"Estimativa científica de acessibilidade pela rede viária contemporânea","distancia_rodoviaria_km":238.6,"duracao_estimada_sem_trafego_min":229,"resumo_vias":"BR-060, Rodovia BR-060","perfil_roteamento":"driving","motor_roteamento":"OSRM route service","endpoint_consultado":"https://router.project-osrm.org","fonte_rede":"OpenStreetMap contributors","licenca_rede":"ODbL 1.0","data_materializacao":"2026-08-12T03:43:51.108Z","corte_base_joaju":"2026-08-10","data_versao_rede":"Não informada","origem_solicitada_lon":-54.6295,"origem_solicitada_lat":-20.4486,"destino_solicitado_lon":-56.1489,"destino_solicitado_lat":-21.4799,"origem_ajustada_lon":-54.629706,"origem_ajustada_lat":-20.44855,"destino_ajustado_lon":-56.148909,"destino_ajustado_lat":-21.47993,"distancia_ajuste_origem_m":22.2,"distancia_ajuste_destino_m":3.5,"status_revisao":"Não validado em campo","nota_especifica":"Estimativa viária contemporânea entre referências da proposta metodológica. Não substitui validação logística ou de campo.","limitacoes":"Tempo sem trânsito em tempo real. O resultado pode incluir vias privadas, sazonais, não pavimentadas, interrompidas ou com restrições ausentes na base.","uso_operacional":"Não representa o traçado cultural, histórico, aquático ou oficialmente aprovado da rota. Não constitui recomendação de viagem, autorização de acesso ou validação das condições da via.","natureza_projeto":"Projeto de pesquisa científica","referencial_metodologico":"Aplicação e adaptação experimental do marco PRICI"}},{"type":"Feature","geometry":{"type":"LineString","coordinates":[[-56.148909,-21.47993],[-56.148156,-21.480118],[-56.148182,-21.481036],[-56.148184,-21.481089],[-56.148206,-21.48187],[-56.148227,-21.482569],[-56.148232,-21.482741],[-56.147783,-21.48283],[-56.147305,-21.48288],[-56.146711,-21.4829],[-56.146307,-21.482918],[-56.146303,-21.482945],[-56.146288,-21.48297],[-56.146264,-21.482987],[-56.146235,-21.482995],[-56.146205,-21.482991],[-56.146179,-21.482977],[-56.14533,-21.482921],[-56.14455,-21.482815],[-56.144035,-21.482708],[-56.143454,-21.482565],[-56.142873,-21.482365],[-56.142757,-21.482507],[-56.142212,-21.482267],[-56.141703,-21.481997],[-56.141214,-21.481683],[-56.140781,-21.481322],[-56.140384,-21.480871],[-56.14003,-21.480411],[-56.13945,-21.479613],[-56.139324,-21.479439],[-56.13909,-21.479142],[-56.139048,-21.479089],[-56.138875,-21.478744],[-56.138854,-21.478701],[-56.138842,-21.478679],[-56.136818,-21.475911],[-56.136467,-21.475435],[-56.136156,-21.475014],[-56.135877,-21.474614],[-56.135424,-21.474028],[-56.135132,-21.473643],[-56.134155,-21.472355],[-56.133325,-21.471261],[-56.132686,-21.470384],[-56.132134,-21.469659],[-56.130014,-21.466821],[-56.129391,-21.465981],[-56.128579,-21.464886],[-56.127249,-21.463121],[-56.127074,-21.462894],[-56.126828,-21.462624],[-56.126589,-21.462387],[-56.126286,-21.46212],[-56.125948,-21.461858],[-56.125564,-21.461586],[-56.125503,-21.461548],[-56.124001,-21.460625],[-56.123714,-21.460448],[-56.122731,-21.45984],[-56.122406,-21.459647],[-56.121953,-21.459364],[-56.121873,-21.459312],[-56.121034,-21.45894],[-56.120809,-21.458838],[-56.120331,-21.458562],[-56.119928,-21.458329],[-56.1197,-21.458184],[-56.119704,-21.458124],[-56.119719,-21.458065],[-56.119747,-21.458011],[-56.119786,-21.457963],[-56.119835,-21.457923],[-56.119891,-21.457892],[-56.120175,-21.45806],[-56.120314,-21.458049],[-56.120398,-21.458026],[-56.120472,-21.457976],[-56.120579,-21.457838],[-56.120995,-21.456443],[-56.121248,-21.455811],[-56.121453,-21.455501],[-56.121652,-21.455227],[-56.121837,-21.455022],[-56.12199,-21.454854],[-56.122336,-21.454514],[-56.123787,-21.453114],[-56.125693,-21.451274],[-56.126246,-21.450864],[-56.126892,-21.450452],[-56.127892,-21.449913],[-56.133723,-21.44732],[-56.134373,-21.446995],[-56.134874,-21.446671],[-56.135289,-21.446322],[-56.135764,-21.445829],[-56.136151,-21.445333],[-56.137504,-21.443744],[-56.137893,-21.443402],[-56.138283,-21.443134],[-56.138823,-21.442878],[-56.139299,-21.442683],[-56.14136,-21.441987],[-56.141798,-21.441808],[-56.142197,-21.441558],[-56.142551,-21.44127],[-56.142942,-21.440917],[-56.143197,-21.440594],[-56.143506,-21.440177],[-56.145435,-21.437588],[-56.147494,-21.434891],[-56.148107,-21.434098],[-56.148666,-21.433346],[-56.149152,-21.432634],[-56.149413,-21.432118],[-56.149552,-21.431616],[-56.149573,-21.43143],[-56.149639,-21.430833],[-56.149865,-21.428506],[-56.150257,-21.424075],[-56.15074,-21.418589],[-56.151026,-21.415473],[-56.151137,-21.414325],[-56.151824,-21.406714],[-56.152177,-21.402347],[-56.152399,-21.400151],[-56.152617,-21.397955],[-56.152735,-21.396862],[-56.152748,-21.396811],[-56.152892,-21.39621],[-56.1531,-21.395536],[-56.154256,-21.392839],[-56.154444,-21.392097],[-56.155058,-21.389702],[-56.155646,-21.387361],[-56.155898,-21.386404],[-56.156098,-21.385427],[-56.15624,-21.384075],[-56.156181,-21.383376],[-56.156093,-21.382703],[-56.155837,-21.381615],[-56.15528,-21.379288],[-56.154726,-21.376978],[-56.154117,-21.37441],[-56.153503,-21.371892],[-56.153415,-21.371369],[-56.153369,-21.370702],[-56.15339,-21.369892],[-56.153512,-21.369205],[-56.153794,-21.36824],[-56.15531,-21.363619],[-56.155491,-21.363242],[-56.155835,-21.362561],[-56.15639,-21.361725],[-56.156805,-21.361149],[-56.157278,-21.360635],[-56.15942,-21.358602],[-56.160546,-21.357553],[-56.161539,-21.356486],[-56.166651,-21.349215],[-56.167847,-21.347505],[-56.168415,-21.34663],[-56.168945,-21.345739],[-56.169238,-21.344831],[-56.169371,-21.344378],[-56.169439,-21.343913],[-56.16967,-21.341063],[-56.169919,-21.340222],[-56.170289,-21.339437],[-56.170538,-21.339008],[-56.17082,-21.338616],[-56.171102,-21.338299],[-56.171375,-21.338027],[-56.171677,-21.337732],[-56.172027,-21.337443],[-56.172747,-21.336983],[-56.175585,-21.335756],[-56.178427,-21.334536],[-56.182858,-21.332028],[-56.18507,-21.330769],[-56.187308,-21.329527],[-56.188211,-21.328923],[-56.18905,-21.328241],[-56.189678,-21.327489],[-56.190217,-21.326566],[-56.190674,-21.32564],[-56.193666,-21.317636],[-56.194253,-21.316108],[-56.194474,-21.31565],[-56.194607,-21.315424],[-56.194763,-21.315131],[-56.194933,-21.314844],[-56.19798,-21.310193],[-56.201025,-21.305582],[-56.201992,-21.304089],[-56.20255,-21.303296],[-56.203096,-21.302688],[-56.203632,-21.302176],[-56.204195,-21.30171],[-56.205349,-21.30076],[-56.207658,-21.298909],[-56.209967,-21.297049],[-56.212242,-21.295182],[-56.213713,-21.293976],[-56.215282,-21.292869],[-56.216147,-21.292464],[-56.217036,-21.292157],[-56.219528,-21.29188],[-56.221499,-21.291695],[-56.221989,-21.291649],[-56.222734,-21.291597],[-56.22348,-21.291521],[-56.224112,-21.291279],[-56.224557,-21.290966],[-56.224926,-21.290582],[-56.225193,-21.290111],[-56.22534,-21.289566],[-56.225646,-21.288215],[-56.225821,-21.28753],[-56.226398,-21.285168],[-56.227235,-21.281865],[-56.227597,-21.280404],[-56.227843,-21.279685],[-56.228164,-21.279039],[-56.228394,-21.278686],[-56.228669,-21.278355],[-56.229266,-21.277747],[-56.229951,-21.277253],[-56.230687,-21.276836],[-56.234379,-21.275298],[-56.236237,-21.274546],[-56.237189,-21.274154],[-56.238152,-21.273777],[-56.239723,-21.273135],[-56.24128,-21.272635],[-56.242333,-21.272527],[-56.243359,-21.272534],[-56.249321,-21.272675],[-56.255278,-21.272909],[-56.26199,-21.273206],[-56.262564,-21.273266],[-56.263224,-21.273409],[-56.264232,-21.27377],[-56.264792,-21.274067],[-56.265633,-21.274658],[-56.275532,-21.28249],[-56.276179,-21.282963],[-56.276707,-21.283296],[-56.277797,-21.283848],[-56.27871,-21.284186],[-56.279733,-21.284462],[-56.294674,-21.287467],[-56.295103,-21.287554],[-56.304711,-21.289486],[-56.306256,-21.289762],[-56.318818,-21.291049],[-56.320069,-21.291143],[-56.322107,-21.291193],[-56.324139,-21.29132],[-56.330168,-21.29192],[-56.33041,-21.291954],[-56.330637,-21.291964],[-56.338365,-21.292772],[-56.339214,-21.29279],[-56.33999,-21.292699],[-56.34064,-21.292534],[-56.341366,-21.292253],[-56.34225,-21.291752],[-56.343319,-21.290903],[-56.36005,-21.277002],[-56.378464,-21.261575],[-56.383747,-21.257217],[-56.384302,-21.256848],[-56.38502,-21.256449],[-56.386382,-21.255881],[-56.392851,-21.253914],[-56.393752,-21.253607],[-56.394441,-21.253258],[-56.395175,-21.252702],[-56.395692,-21.252135],[-56.395923,-21.251809],[-56.396245,-21.251194],[-56.397849,-21.247139],[-56.398075,-21.24622],[-56.398143,-21.24567],[-56.398198,-21.242881],[-56.39823,-21.242499],[-56.398285,-21.242062],[-56.398452,-21.241657],[-56.398736,-21.241098],[-56.398996,-21.240729],[-56.399247,-21.240425],[-56.399583,-21.240194],[-56.399951,-21.239929],[-56.400325,-21.239729],[-56.401004,-21.239451],[-56.402637,-21.23887],[-56.413664,-21.234987],[-56.415449,-21.234344],[-56.424673,-21.231024],[-56.428535,-21.229677],[-56.429595,-21.22943],[-56.430664,-21.229373],[-56.431733,-21.229468],[-56.432731,-21.229745],[-56.440487,-21.232727],[-56.441137,-21.232937],[-56.441734,-21.233062],[-56.4424,-21.233112],[-56.443043,-21.233094],[-56.443735,-21.23295],[-56.444378,-21.232741],[-56.444948,-21.232471],[-56.445403,-21.232185],[-56.446259,-21.231581],[-56.453503,-21.226382],[-56.453715,-21.226191],[-56.453821,-21.226062],[-56.45389,-21.225954],[-56.453937,-21.225872],[-56.45401,-21.225731],[-56.454047,-21.225646],[-56.454075,-21.225555],[-56.454088,-21.225457],[-56.454093,-21.225306],[-56.453848,-21.221478],[-56.453837,-21.220975],[-56.453854,-21.220476],[-56.453879,-21.220118],[-56.453918,-21.219767],[-56.453975,-21.219403],[-56.454043,-21.219049],[-56.454128,-21.218721],[-56.454471,-21.217551],[-56.454584,-21.217084],[-56.454673,-21.216612],[-56.454733,-21.216131],[-56.454773,-21.215621],[-56.454782,-21.21512],[-56.454434,-21.206986],[-56.454391,-21.206476],[-56.454319,-21.205968],[-56.454206,-21.205463],[-56.454067,-21.20496],[-56.452692,-21.200614],[-56.452531,-21.199893],[-56.452417,-21.199165],[-56.452344,-21.198424],[-56.452319,-21.197687],[-56.452575,-21.189619],[-56.452523,-21.188485],[-56.452423,-21.187742],[-56.45237,-21.187355],[-56.452112,-21.186231],[-56.451745,-21.185127],[-56.449173,-21.178702],[-56.448794,-21.177754],[-56.448653,-21.177401],[-56.448551,-21.177078],[-56.448516,-21.176909],[-56.448499,-21.176742],[-56.448493,-21.17657],[-56.448498,-21.1764],[-56.448519,-21.176231],[-56.448551,-21.176065],[-56.448602,-21.175893],[-56.448667,-21.175727],[-56.448746,-21.175566],[-56.448837,-21.175412],[-56.448943,-21.175264],[-56.449063,-21.175125],[-56.449187,-21.174999],[-56.449324,-21.174877],[-56.450093,-21.174244],[-56.45034,-21.17404],[-56.451201,-21.173338],[-56.452415,-21.172347],[-56.452667,-21.17214],[-56.452974,-21.171889],[-56.453055,-21.171799],[-56.453122,-21.171708],[-56.453159,-21.171622],[-56.45318,-21.171509],[-56.453194,-21.171436],[-56.453231,-21.17137],[-56.453289,-21.171319],[-56.453361,-21.171287],[-56.453439,-21.171278],[-56.453597,-21.171229],[-56.453751,-21.17115],[-56.453987,-21.170989],[-56.465013,-21.159867],[-56.466652,-21.157674],[-56.46687,-21.15737],[-56.469037,-21.154511],[-56.469964,-21.153366],[-56.470368,-21.152789],[-56.471185,-21.151488],[-56.472633,-21.149149],[-56.472689,-21.14905],[-56.472871,-21.148697],[-56.473015,-21.148367],[-56.473133,-21.148039],[-56.473229,-21.147721],[-56.473902,-21.1449],[-56.474127,-21.143954],[-56.474761,-21.141297],[-56.474896,-21.140855],[-56.475054,-21.14042],[-56.475235,-21.139988],[-56.475412,-21.139617],[-56.476971,-21.136721],[-56.477095,-21.13649],[-56.477287,-21.136132],[-56.477629,-21.135497],[-56.477736,-21.135298],[-56.478046,-21.134722],[-56.478297,-21.134255],[-56.478401,-21.134061],[-56.47863,-21.133636],[-56.478962,-21.133019],[-56.479105,-21.132753],[-56.479243,-21.132496],[-56.479292,-21.132405],[-56.479608,-21.131817],[-56.47963,-21.131785],[-56.479726,-21.131645],[-56.479857,-21.131479],[-56.47994,-21.131392],[-56.48001,-21.131318],[-56.480145,-21.131201],[-56.480225,-21.131144],[-56.480305,-21.131086],[-56.480584,-21.13091],[-56.480936,-21.130697],[-56.480997,-21.130659],[-56.481015,-21.130647],[-56.481119,-21.130584],[-56.481177,-21.130548],[-56.481195,-21.130537],[-56.481308,-21.130467],[-56.481772,-21.130181],[-56.48224,-21.129893],[-56.482393,-21.129798],[-56.482744,-21.129611],[-56.483245,-21.129359],[-56.483365,-21.129298],[-56.483787,-21.129085],[-56.484184,-21.128883],[-56.484269,-21.128843],[-56.484382,-21.128786],[-56.485224,-21.128362],[-56.485283,-21.128332],[-56.484759,-21.127502],[-56.484158,-21.126569],[-56.483821,-21.125988]]},"properties":{"id_trecho":"ACESS-ROTA-EST-022-02","id_rota":"ROTA-EST-022","nome_rota":"Rota de Aviturismo da Rota Bioceânica","ordem_trecho":2,"origem":"Jardim","destino":"Bonito","tipo_registro_rota":"Rota institucional incorporada ao estudo","status_institucional_rota":"Em estruturação pela Fundtur MS","classe_base_acessibilidade":"Base institucional ou documental direta","natureza":"Estimativa científica de acessibilidade pela rede viária contemporânea","distancia_rodoviaria_km":69.4,"duracao_estimada_sem_trafego_min":66,"resumo_vias":"MS-382, MS-178; MS-382","perfil_roteamento":"driving","motor_roteamento":"OSRM route service","endpoint_consultado":"https://router.project-osrm.org","fonte_rede":"OpenStreetMap contributors","licenca_rede":"ODbL 1.0","data_materializacao":"2026-08-12T03:43:51.108Z","corte_base_joaju":"2026-08-10","data_versao_rede":"Não informada","origem_solicitada_lon":-56.1489,"origem_solicitada_lat":-21.4799,"destino_solicitado_lon":-56.4836,"destino_solicitado_lat":-21.1261,"origem_ajustada_lon":-56.148909,"origem_ajustada_lat":-21.47993,"destino_ajustado_lon":-56.483821,"destino_ajustado_lat":-21.125988,"distancia_ajuste_origem_m":3.5,"distancia_ajuste_destino_m":26.1,"status_revisao":"Não validado em campo","nota_especifica":"Estimativa viária contemporânea entre referências da proposta metodológica. Não substitui validação logística ou de campo.","limitacoes":"Tempo sem trânsito em tempo real. O resultado pode incluir vias privadas, sazonais, não pavimentadas, interrompidas ou com restrições ausentes na base.","uso_operacional":"Não representa o traçado cultural, histórico, aquático ou oficialmente aprovado da rota. Não constitui recomendação de viagem, autorização de acesso ou validação das condições da via.","natureza_projeto":"Projeto de pesquisa científica","referencial_metodologico":"Aplicação e adaptação experimental do marco PRICI"}},{"type":"Feature","geometry":{"type":"LineString","coordinates":[[-56.483821,-21.125988],[-56.483595,-21.125599],[-56.482552,-21.126112],[-56.483124,-21.127082],[-56.482114,-21.127581],[-56.481095,-21.128083],[-56.481692,-21.129011],[-56.48224,-21.129893],[-56.481772,-21.130181],[-56.481308,-21.130467],[-56.481195,-21.130537],[-56.481177,-21.130548],[-56.481119,-21.130584],[-56.481015,-21.130647],[-56.480997,-21.130659],[-56.480936,-21.130697],[-56.480584,-21.13091],[-56.480305,-21.131086],[-56.480225,-21.131144],[-56.480145,-21.131201],[-56.48001,-21.131318],[-56.47994,-21.131392],[-56.479857,-21.131479],[-56.479726,-21.131645],[-56.47963,-21.131785],[-56.479608,-21.131817],[-56.479292,-21.132405],[-56.479243,-21.132496],[-56.479105,-21.132753],[-56.478962,-21.133019],[-56.47863,-21.133636],[-56.478401,-21.134061],[-56.478297,-21.134255],[-56.478046,-21.134722],[-56.477736,-21.135298],[-56.477629,-21.135497],[-56.477287,-21.136132],[-56.477095,-21.13649],[-56.476971,-21.136721],[-56.475412,-21.139617],[-56.475235,-21.139988],[-56.475054,-21.14042],[-56.474896,-21.140855],[-56.474761,-21.141297],[-56.474127,-21.143954],[-56.473902,-21.1449],[-56.473229,-21.147721],[-56.473133,-21.148039],[-56.473015,-21.148367],[-56.472871,-21.148697],[-56.472689,-21.14905],[-56.472633,-21.149149],[-56.471185,-21.151488],[-56.470368,-21.152789],[-56.469964,-21.153366],[-56.469037,-21.154511],[-56.46687,-21.15737],[-56.466652,-21.157674],[-56.465013,-21.159867],[-56.453987,-21.170989],[-56.453903,-21.171104],[-56.453797,-21.171277],[-56.453731,-21.17141],[-56.453678,-21.171561],[-56.453648,-21.171631],[-56.453596,-21.171689],[-56.453527,-21.171729],[-56.453448,-21.171746],[-56.453328,-21.171765],[-56.453208,-21.171792],[-56.453091,-21.171834],[-56.452974,-21.171889],[-56.452667,-21.17214],[-56.452415,-21.172347],[-56.451201,-21.173338],[-56.45034,-21.17404],[-56.450093,-21.174244],[-56.449324,-21.174877],[-56.449187,-21.174999],[-56.449063,-21.175125],[-56.448943,-21.175264],[-56.448837,-21.175412],[-56.448746,-21.175566],[-56.448667,-21.175727],[-56.448602,-21.175893],[-56.448551,-21.176065],[-56.448519,-21.176231],[-56.448498,-21.1764],[-56.448493,-21.17657],[-56.448499,-21.176742],[-56.448516,-21.176909],[-56.448551,-21.177078],[-56.448653,-21.177401],[-56.448794,-21.177754],[-56.449173,-21.178702],[-56.451745,-21.185127],[-56.452112,-21.186231],[-56.45237,-21.187355],[-56.452423,-21.187742],[-56.452523,-21.188485],[-56.452575,-21.189619],[-56.452319,-21.197687],[-56.452344,-21.198424],[-56.452417,-21.199165],[-56.452531,-21.199893],[-56.452692,-21.200614],[-56.454067,-21.20496],[-56.454206,-21.205463],[-56.454319,-21.205968],[-56.454391,-21.206476],[-56.454434,-21.206986],[-56.454782,-21.21512],[-56.454773,-21.215621],[-56.454733,-21.216131],[-56.454673,-21.216612],[-56.454584,-21.217084],[-56.454471,-21.217551],[-56.454128,-21.218721],[-56.454043,-21.219049],[-56.453975,-21.219403],[-56.453918,-21.219767],[-56.453879,-21.220118],[-56.453854,-21.220476],[-56.453837,-21.220975],[-56.453848,-21.221478],[-56.454093,-21.225306],[-56.454118,-21.225453],[-56.454153,-21.22556],[-56.454204,-21.225665],[-56.454245,-21.22573],[-56.454364,-21.225911],[-56.454393,-21.226],[-56.454383,-21.226094],[-56.454336,-21.226176],[-56.454289,-21.22627],[-56.454251,-21.226352],[-56.454205,-21.226508],[-56.454188,-21.2266],[-56.454183,-21.226707],[-56.454204,-21.227088],[-56.454235,-21.227642],[-56.454236,-21.228118],[-56.454181,-21.228545],[-56.454109,-21.228915],[-56.453526,-21.231513],[-56.453404,-21.232092],[-56.453233,-21.233166],[-56.453147,-21.233659],[-56.452982,-21.234374],[-56.452849,-21.234829],[-56.452429,-21.236001],[-56.452228,-21.236497],[-56.451974,-21.237017],[-56.451348,-21.238143],[-56.451115,-21.238505],[-56.45085,-21.238859],[-56.450522,-21.23924],[-56.449731,-21.240012],[-56.448316,-21.24133],[-56.448192,-21.241459],[-56.448123,-21.24155],[-56.448055,-21.241659],[-56.447995,-21.241768],[-56.447863,-21.242027],[-56.447816,-21.242143],[-56.447789,-21.242219],[-56.447763,-21.242314],[-56.447742,-21.242394],[-56.44772,-21.242459],[-56.447679,-21.242548],[-56.447596,-21.242684],[-56.447494,-21.242818],[-56.44743,-21.242881],[-56.44737,-21.24293],[-56.447311,-21.24298],[-56.447256,-21.243039],[-56.44718,-21.243133],[-56.446997,-21.243391],[-56.446943,-21.243489],[-56.446895,-21.243595],[-56.446857,-21.243705],[-56.446506,-21.245122],[-56.446491,-21.245171],[-56.446402,-21.245444],[-56.443753,-21.253021],[-56.44367,-21.253273],[-56.443607,-21.253502],[-56.443063,-21.255675],[-56.442923,-21.256234],[-56.442038,-21.259299],[-56.438645,-21.26687],[-56.438267,-21.268147],[-56.437847,-21.271822],[-56.437606,-21.273273],[-56.436177,-21.279596],[-56.435885,-21.281007],[-56.435861,-21.281497],[-56.435882,-21.282296],[-56.436334,-21.28444],[-56.436934,-21.287176],[-56.436979,-21.288084],[-56.436895,-21.28879],[-56.43502,-21.294629],[-56.434,-21.297724],[-56.433439,-21.299465],[-56.433348,-21.299729],[-56.433268,-21.299994],[-56.432947,-21.301036],[-56.432896,-21.301553],[-56.432897,-21.302139],[-56.432942,-21.302466],[-56.433155,-21.303278],[-56.433541,-21.304428],[-56.43399,-21.305868],[-56.434061,-21.306528],[-56.433998,-21.30737],[-56.433023,-21.310611],[-56.431907,-21.314152],[-56.431338,-21.315456],[-56.429165,-21.318931],[-56.428879,-21.319609],[-56.428756,-21.320297],[-56.428764,-21.321063],[-56.428894,-21.32163],[-56.429162,-21.322267],[-56.42955,-21.322806],[-56.430029,-21.323354],[-56.430702,-21.323748],[-56.431339,-21.324011],[-56.443532,-21.328039],[-56.446102,-21.328933],[-56.446814,-21.32937],[-56.447421,-21.330025],[-56.447631,-21.330318],[-56.447909,-21.330859],[-56.448135,-21.331762],[-56.448079,-21.332942],[-56.44769,-21.341103],[-56.447561,-21.343815],[-56.447437,-21.346082],[-56.44741,-21.348331],[-56.44744,-21.349296],[-56.447483,-21.350143],[-56.447696,-21.355643],[-56.447843,-21.359999],[-56.448046,-21.372602],[-56.448201,-21.373997],[-56.448515,-21.376467],[-56.449164,-21.381958],[-56.449251,-21.382693],[-56.449329,-21.385079],[-56.451566,-21.401532],[-56.453231,-21.408767],[-56.45362,-21.410147],[-56.454265,-21.411552],[-56.456416,-21.415709],[-56.456853,-21.416442],[-56.457112,-21.416806],[-56.457371,-21.417098],[-56.462493,-21.423206],[-56.46289,-21.423769],[-56.466272,-21.429316],[-56.468257,-21.432073],[-56.468445,-21.432348],[-56.468606,-21.432633],[-56.468746,-21.432931],[-56.468859,-21.433232],[-56.468945,-21.43354],[-56.469,-21.433855],[-56.469036,-21.434164],[-56.469039,-21.43448],[-56.469036,-21.434907],[-56.469019,-21.435413],[-56.468986,-21.435903],[-56.468938,-21.436527],[-56.468874,-21.437171],[-56.468857,-21.437463],[-56.468816,-21.437825],[-56.46877,-21.438324],[-56.468746,-21.438574],[-56.468671,-21.439388],[-56.468617,-21.439912],[-56.468563,-21.440436],[-56.468509,-21.440961],[-56.468461,-21.441445],[-56.468402,-21.442381],[-56.468322,-21.44613],[-56.468347,-21.446527],[-56.468399,-21.446941],[-56.468494,-21.447313],[-56.468619,-21.447698],[-56.47049,-21.452475],[-56.470624,-21.452956],[-56.470712,-21.453434],[-56.470723,-21.453667],[-56.470732,-21.453856],[-56.470714,-21.454332],[-56.470647,-21.454771],[-56.470503,-21.455255],[-56.470271,-21.455771],[-56.47007,-21.456058],[-56.462855,-21.467158],[-56.462616,-21.467566],[-56.462454,-21.468011],[-56.462297,-21.468444],[-56.462143,-21.468955],[-56.461644,-21.470624],[-56.454169,-21.495633],[-56.454162,-21.495722],[-56.454167,-21.495807],[-56.45418,-21.495889],[-56.454205,-21.495966],[-56.454244,-21.496088],[-56.454282,-21.496148],[-56.454371,-21.496276],[-56.454466,-21.496362],[-56.454538,-21.496418],[-56.454725,-21.496548],[-56.463395,-21.499676],[-56.464026,-21.499892],[-56.464668,-21.500119],[-56.465607,-21.500473],[-56.467345,-21.501084],[-56.468524,-21.501523],[-56.472642,-21.502994],[-56.474146,-21.503553],[-56.475866,-21.504163],[-56.47815,-21.504997],[-56.483135,-21.506785],[-56.492328,-21.510083],[-56.511682,-21.517038],[-56.512336,-21.517283],[-56.513486,-21.517686],[-56.540074,-21.52721],[-56.540358,-21.527315],[-56.545707,-21.529232],[-56.546939,-21.529679],[-56.559758,-21.534255],[-56.579226,-21.541183],[-56.591418,-21.545522],[-56.591852,-21.545675],[-56.592065,-21.545751],[-56.592457,-21.54589],[-56.60377,-21.549947],[-56.604447,-21.550191],[-56.605163,-21.550454],[-56.605659,-21.550626],[-56.607109,-21.551143],[-56.610109,-21.552214],[-56.628505,-21.558717],[-56.62912,-21.558939],[-56.629451,-21.559058],[-56.629861,-21.559207],[-56.630359,-21.55939],[-56.630426,-21.559419],[-56.630689,-21.559533],[-56.630834,-21.559582],[-56.631632,-21.559854],[-56.632298,-21.560172],[-56.632592,-21.560312],[-56.634423,-21.561278],[-56.635426,-21.561958],[-56.63649,-21.562786],[-56.63746,-21.563642],[-56.638363,-21.564582],[-56.651924,-21.579183],[-56.65874,-21.586525],[-56.662181,-21.590219],[-56.665483,-21.593771],[-56.696606,-21.627226],[-56.718913,-21.651188],[-56.721007,-21.653437],[-56.721397,-21.653853],[-56.722658,-21.655206],[-56.73182,-21.665059],[-56.731902,-21.665145],[-56.734007,-21.667375],[-56.735745,-21.66888],[-56.736963,-21.669755],[-56.738581,-21.670702],[-56.740286,-21.671515],[-56.742767,-21.672594],[-56.745938,-21.673975],[-56.759232,-21.679792],[-56.762605,-21.681268],[-56.763182,-21.681522],[-56.764931,-21.682277],[-56.765901,-21.682596],[-56.766644,-21.682749],[-56.795569,-21.687993],[-56.796515,-21.688203],[-56.797667,-21.688553],[-56.798779,-21.689086],[-56.802185,-21.690942],[-56.807763,-21.693983],[-56.810027,-21.69524],[-56.814919,-21.697952],[-56.816737,-21.699305],[-56.826104,-21.70668],[-56.831826,-21.711183],[-56.832315,-21.711549],[-56.832753,-21.711875],[-56.833536,-21.712286],[-56.834611,-21.712545],[-56.835765,-21.712473],[-56.836438,-21.712287],[-56.837014,-21.712018],[-56.837152,-21.711949],[-56.837549,-21.711775],[-56.839787,-21.7108],[-56.840575,-21.710477],[-56.841351,-21.710221],[-56.842073,-21.710053],[-56.84278,-21.709954],[-56.843843,-21.709849],[-56.844927,-21.709737],[-56.846186,-21.709641],[-56.847231,-21.709684],[-56.848327,-21.709896],[-56.849419,-21.710169],[-56.850501,-21.710442],[-56.851241,-21.71067],[-56.852389,-21.71124],[-56.853483,-21.712057],[-56.853901,-21.712475],[-56.854237,-21.712811],[-56.860698,-21.719182],[-56.861189,-21.719661],[-56.861343,-21.71981],[-56.862975,-21.721399],[-56.863726,-21.721971],[-56.868953,-21.725696],[-56.870566,-21.726818],[-56.87141,-21.727516],[-56.87168,-21.727785],[-56.872271,-21.728375],[-56.876347,-21.732969],[-56.877569,-21.734325],[-56.879098,-21.736023],[-56.879458,-21.736423],[-56.879741,-21.736767],[-56.880255,-21.737282],[-56.88111,-21.737973],[-56.881743,-21.738361],[-56.882457,-21.738703],[-56.883503,-21.739027],[-56.884275,-21.739152],[-56.885112,-21.739206],[-56.887253,-21.739076],[-56.889511,-21.738897],[-56.890613,-21.738732],[-56.891477,-21.738481],[-56.892797,-21.737853],[-56.893411,-21.73738],[-56.893945,-21.736909],[-56.895734,-21.735122],[-56.898054,-21.732847],[-56.898724,-21.73225],[-56.89943,-21.731871],[-56.900082,-21.731664],[-56.900927,-21.731617],[-56.901439,-21.731674],[-56.901938,-21.731821],[-56.902305,-21.731968],[-56.905985,-21.733926],[-56.913364,-21.737878],[-56.914512,-21.738583],[-56.914885,-21.738884],[-56.915494,-21.739492],[-56.916124,-21.740352],[-56.920284,-21.746506],[-56.921759,-21.748409],[-56.922151,-21.748753],[-56.923117,-21.749425],[-56.924144,-21.749869],[-56.924296,-21.74993],[-56.924983,-21.750141],[-56.926096,-21.750308],[-56.927083,-21.750308],[-56.928306,-21.750108],[-56.930323,-21.74981],[-56.931461,-21.749889],[-56.935664,-21.750878],[-56.936996,-21.751256],[-56.937565,-21.751489],[-56.938391,-21.752042],[-56.938992,-21.7525],[-56.939589,-21.753119],[-56.94018,-21.753887],[-56.940966,-21.755171],[-56.941549,-21.75596],[-56.942061,-21.756566],[-56.942916,-21.757208],[-56.943343,-21.757516],[-56.946292,-21.759167],[-56.950618,-21.761542],[-56.95163,-21.761868],[-56.952575,-21.762046],[-56.953214,-21.762117],[-56.954497,-21.762148],[-56.955847,-21.762123],[-56.95709,-21.762079],[-56.958161,-21.76191],[-56.959429,-21.761473],[-56.965714,-21.75898],[-56.967311,-21.758297],[-56.968514,-21.757539],[-56.969052,-21.757048],[-56.969547,-21.756458],[-56.970459,-21.755235],[-56.971095,-21.754329],[-56.973239,-21.751257],[-56.973723,-21.750114],[-56.973871,-21.74963],[-56.97395,-21.749134],[-56.974068,-21.747116],[-56.974186,-21.745404],[-56.974329,-21.744302],[-56.974664,-21.743382],[-56.975103,-21.742316],[-56.97548,-21.741415],[-56.975956,-21.740554],[-56.976769,-21.739576],[-56.977995,-21.73838],[-56.98206,-21.734685],[-56.986267,-21.73086],[-56.996198,-21.721825],[-56.996907,-21.721307],[-56.997958,-21.720788],[-56.999052,-21.720449],[-57.001501,-21.72004],[-57.00272,-21.719907],[-57.003609,-21.719855],[-57.004181,-21.719903],[-57.004674,-21.720031],[-57.005121,-21.72019],[-57.005522,-21.720396],[-57.005888,-21.720649],[-57.006219,-21.720948],[-57.00667,-21.721586],[-57.006823,-21.722081],[-57.007592,-21.724576],[-57.008,-21.725612],[-57.00888,-21.726768],[-57.012592,-21.730396],[-57.013033,-21.730697],[-57.013499,-21.730911],[-57.014193,-21.731104],[-57.014753,-21.731219],[-57.015411,-21.731353],[-57.01583,-21.731489],[-57.01624,-21.731672],[-57.016743,-21.73202],[-57.016964,-21.732216],[-57.017336,-21.732531],[-57.017708,-21.732845],[-57.018164,-21.733133],[-57.018627,-21.733332],[-57.019261,-21.733496],[-57.020125,-21.733539],[-57.021017,-21.733499],[-57.023106,-21.733267],[-57.023922,-21.733127],[-57.024608,-21.732948],[-57.026969,-21.732031],[-57.027677,-21.731891],[-57.028428,-21.731772],[-57.030187,-21.731792],[-57.03126,-21.731732],[-57.032222,-21.731519],[-57.03305,-21.731201],[-57.034796,-21.730265],[-57.037352,-21.729095],[-57.03818,-21.728543],[-57.038738,-21.727891],[-57.039278,-21.727055],[-57.041528,-21.723259],[-57.041996,-21.722557],[-57.042626,-21.721921],[-57.04358,-21.721286],[-57.044732,-21.720834],[-57.045266,-21.720717],[-57.049898,-21.719697],[-57.050743,-21.719647],[-57.051517,-21.71963],[-57.052651,-21.719814],[-57.066727,-21.72443],[-57.069175,-21.725048],[-57.103347,-21.731638],[-57.104275,-21.732004],[-57.105355,-21.732623],[-57.111025,-21.73697],[-57.112105,-21.737605],[-57.113221,-21.738107],[-57.139318,-21.748941],[-57.13993,-21.749211],[-57.143176,-21.750561],[-57.145805,-21.751679],[-57.146282,-21.751942],[-57.146829,-21.752255],[-57.147456,-21.752799],[-57.149185,-21.754661],[-57.155199,-21.761239],[-57.156741,-21.762671],[-57.157608,-21.763184],[-57.15847,-21.763467],[-57.167539,-21.765742],[-57.168467,-21.765979],[-57.174824,-21.767606],[-57.188967,-21.771263],[-57.195253,-21.772889],[-57.1973,-21.773186],[-57.198431,-21.77308],[-57.199339,-21.772803],[-57.20935,-21.768901],[-57.210275,-21.768651],[-57.211224,-21.768546],[-57.212363,-21.768667],[-57.213709,-21.768881],[-57.221882,-21.770929],[-57.22218,-21.770975],[-57.222331,-21.770999],[-57.222473,-21.771011],[-57.222714,-21.77101],[-57.222933,-21.771011],[-57.223102,-21.771022],[-57.223257,-21.771048],[-57.223441,-21.771094],[-57.224758,-21.771423],[-57.224957,-21.771467],[-57.225069,-21.771507],[-57.225189,-21.771555],[-57.225691,-21.771813],[-57.225812,-21.771867],[-57.225949,-21.771917],[-57.226243,-21.772014],[-57.231022,-21.773211],[-57.235663,-21.774373],[-57.243341,-21.776277],[-57.244164,-21.776419],[-57.244881,-21.776429],[-57.245419,-21.776309],[-57.245876,-21.77615],[-57.24643,-21.77582],[-57.246918,-21.775368],[-57.249714,-21.772073],[-57.254345,-21.768062],[-57.255816,-21.766847],[-57.256462,-21.766427],[-57.257196,-21.766097],[-57.266582,-21.763144],[-57.268422,-21.762547],[-57.269759,-21.762302],[-57.271513,-21.762416],[-57.274241,-21.762878],[-57.279737,-21.763739],[-57.292084,-21.765651],[-57.295756,-21.766243],[-57.297592,-21.766528],[-57.29887,-21.766583],[-57.299548,-21.766517],[-57.30213,-21.766105],[-57.305068,-21.765636],[-57.310446,-21.764778],[-57.311004,-21.764685],[-57.31227,-21.764491],[-57.314376,-21.764161],[-57.320446,-21.763201],[-57.321175,-21.763167],[-57.321824,-21.763197],[-57.32298,-21.763381],[-57.323094,-21.763399],[-57.323291,-21.763431],[-57.323764,-21.763505],[-57.32398,-21.763547],[-57.324039,-21.763557],[-57.326883,-21.764038],[-57.333159,-21.765097],[-57.338819,-21.765956],[-57.354507,-21.768684],[-57.355101,-21.768741],[-57.355471,-21.768777],[-57.355893,-21.768818],[-57.364982,-21.769027],[-57.36726,-21.769007],[-57.372257,-21.768256],[-57.378649,-21.767752],[-57.37976,-21.767531],[-57.380676,-21.767231],[-57.381668,-21.766828],[-57.382494,-21.766258],[-57.383126,-21.765675],[-57.390467,-21.755012],[-57.391602,-21.753511],[-57.392216,-21.752985],[-57.392879,-21.752527],[-57.393559,-21.752172],[-57.394538,-21.751834],[-57.397228,-21.751298],[-57.398228,-21.751114],[-57.399154,-21.750883],[-57.403367,-21.749091],[-57.404985,-21.748562],[-57.40606,-21.748461],[-57.406884,-21.748469],[-57.415922,-21.749509],[-57.416873,-21.749513],[-57.417493,-21.749455],[-57.418154,-21.749309],[-57.420625,-21.748833],[-57.422293,-21.7485],[-57.425766,-21.748483],[-57.42708,-21.748438],[-57.427869,-21.748431],[-57.428688,-21.748303],[-57.42961,-21.748042],[-57.430591,-21.747656],[-57.440163,-21.743448],[-57.440733,-21.743309],[-57.441406,-21.743186],[-57.442166,-21.743149],[-57.442966,-21.743149],[-57.447427,-21.74336],[-57.450077,-21.743438],[-57.452662,-21.743553],[-57.460923,-21.743941],[-57.472944,-21.744489],[-57.474842,-21.74452],[-57.475496,-21.744448],[-57.476636,-21.744268],[-57.477577,-21.744109],[-57.478186,-21.744022],[-57.478637,-21.743972],[-57.479015,-21.743945],[-57.479251,-21.743935],[-57.479965,-21.743952],[-57.485055,-21.744195],[-57.485375,-21.744209],[-57.489336,-21.744391],[-57.489851,-21.744415],[-57.490406,-21.74446],[-57.490801,-21.744513],[-57.491085,-21.74456],[-57.491442,-21.744642],[-57.491949,-21.744767],[-57.492984,-21.745036],[-57.494006,-21.745277],[-57.494572,-21.745387],[-57.495116,-21.745459],[-57.495621,-21.745497],[-57.502413,-21.745778],[-57.505631,-21.745923],[-57.513119,-21.746255],[-57.529211,-21.74696],[-57.537053,-21.747294],[-57.54354,-21.747551],[-57.550862,-21.74787],[-57.551692,-21.747893],[-57.552107,-21.747893],[-57.552489,-21.747861],[-57.552978,-21.747804],[-57.556747,-21.747189],[-57.560539,-21.746553],[-57.561465,-21.746402],[-57.561883,-21.74634],[-57.562842,-21.746186],[-57.567757,-21.745536],[-57.56973,-21.745275],[-57.5736,-21.744762],[-57.574684,-21.744642],[-57.575583,-21.744572],[-57.57657,-21.744523],[-57.577468,-21.744508],[-57.579,-21.74449],[-57.579665,-21.744455],[-57.580268,-21.744378],[-57.580899,-21.744261],[-57.581355,-21.744134],[-57.583633,-21.743408],[-57.584571,-21.743107],[-57.586277,-21.742509],[-57.586523,-21.742445],[-57.586821,-21.74239],[-57.587081,-21.742355],[-57.587422,-21.742328],[-57.587881,-21.74232],[-57.588619,-21.74231],[-57.588982,-21.742303],[-57.589198,-21.742289],[-57.589411,-21.742255],[-57.589594,-21.742208],[-57.589896,-21.742102],[-57.590143,-21.741978],[-57.590411,-21.741793],[-57.590611,-21.741616],[-57.590773,-21.741432],[-57.590941,-21.741189],[-57.591029,-21.741032],[-57.591102,-21.740843],[-57.591165,-21.740667],[-57.591609,-21.739345],[-57.591869,-21.738613],[-57.592387,-21.737205],[-57.592518,-21.736959],[-57.592631,-21.736777],[-57.5928,-21.736562],[-57.592899,-21.736453],[-57.593073,-21.736263],[-57.593274,-21.736082],[-57.593449,-21.735937],[-57.593607,-21.73583],[-57.593918,-21.735651],[-57.598372,-21.733236],[-57.614338,-21.724782],[-57.6151,-21.724383],[-57.615505,-21.724149],[-57.615767,-21.72398],[-57.616003,-21.723819],[-57.616368,-21.723536],[-57.616666,-21.72327],[-57.617012,-21.722928],[-57.617194,-21.722726],[-57.617645,-21.722186],[-57.61786,-21.721889],[-57.617975,-21.721707],[-57.618093,-21.721518],[-57.618308,-21.721134],[-57.619107,-21.719659],[-57.619262,-21.719426],[-57.619615,-21.718975],[-57.61982,-21.718737],[-57.619992,-21.718553],[-57.620154,-21.7184],[-57.620429,-21.718157],[-57.620552,-21.718048],[-57.6273,-21.713711],[-57.629451,-21.712339],[-57.629692,-21.712189],[-57.630337,-21.711832],[-57.630664,-21.711676],[-57.631065,-21.711498],[-57.631583,-21.711298],[-57.63205,-21.71113],[-57.632908,-21.710894],[-57.63319,-21.710823],[-57.633766,-21.710717],[-57.634388,-21.710634],[-57.634653,-21.710604],[-57.635024,-21.710578],[-57.635386,-21.710564],[-57.636104,-21.71057],[-57.636618,-21.710598],[-57.639978,-21.710864],[-57.657742,-21.712249],[-57.659963,-21.712425],[-57.678861,-21.713914],[-57.679939,-21.714011],[-57.680372,-21.714043],[-57.680803,-21.714061],[-57.68104,-21.714057],[-57.681304,-21.714046],[-57.682892,-21.7139],[-57.683051,-21.71389],[-57.683535,-21.713857],[-57.684637,-21.713767],[-57.687716,-21.713519],[-57.701085,-21.712458],[-57.702636,-21.712353],[-57.71154,-21.711634],[-57.714909,-21.711367],[-57.718232,-21.711101],[-57.721256,-21.71088],[-57.726824,-21.710407],[-57.730282,-21.710138],[-57.736295,-21.709644],[-57.737937,-21.709535],[-57.744025,-21.70903],[-57.785105,-21.705726],[-57.789825,-21.705339],[-57.790138,-21.705328],[-57.790326,-21.705324],[-57.790529,-21.705336],[-57.793159,-21.705535],[-57.793483,-21.705544],[-57.793826,-21.705535],[-57.795832,-21.705418],[-57.797816,-21.705241],[-57.804296,-21.704718],[-57.810681,-21.704193],[-57.820251,-21.703415],[-57.829742,-21.702653],[-57.831576,-21.70249],[-57.832698,-21.702354],[-57.833185,-21.702284],[-57.833566,-21.702165],[-57.833765,-21.702152],[-57.834993,-21.702074],[-57.835247,-21.702057],[-57.835758,-21.702117],[-57.836195,-21.702107],[-57.837166,-21.70202],[-57.840431,-21.701752],[-57.843644,-21.701497],[-57.846037,-21.701311],[-57.851587,-21.700862],[-57.857131,-21.70042],[-57.858623,-21.700308],[-57.866685,-21.699701],[-57.869474,-21.699463],[-57.870012,-21.699381],[-57.870243,-21.699348],[-57.870257,-21.699299],[-57.870283,-21.699254],[-57.87032,-21.699216],[-57.870375,-21.699183],[-57.87045,-21.699164],[-57.870527,-21.69917],[-57.870595,-21.699198],[-57.870649,-21.699243],[-57.870686,-21.699303],[-57.871519,-21.699251],[-57.872256,-21.699179],[-57.873539,-21.699038],[-57.874211,-21.698978],[-57.87436,-21.698976],[-57.874599,-21.698949],[-57.874869,-21.698934],[-57.875452,-21.698898],[-57.876139,-21.698847],[-57.876325,-21.698846],[-57.876471,-21.698838],[-57.877359,-21.698794],[-57.877527,-21.698773],[-57.877751,-21.698714],[-57.878506,-21.698477],[-57.878797,-21.698409],[-57.878914,-21.698373],[-57.879972,-21.698051],[-57.880886,-21.697719],[-57.881138,-21.697664],[-57.88212,-21.698555],[-57.882143,-21.698541],[-57.88217,-21.698536],[-57.882197,-21.69854],[-57.882944,-21.697825],[-57.883043,-21.697921],[-57.883405,-21.698273]]},"properties":{"id_trecho":"ACESS-ROTA-EST-022-03","id_rota":"ROTA-EST-022","nome_rota":"Rota de Aviturismo da Rota Bioceânica","ordem_trecho":3,"origem":"Bonito","destino":"Porto Murtinho","tipo_registro_rota":"Rota institucional incorporada ao estudo","status_institucional_rota":"Em estruturação pela Fundtur MS","classe_base_acessibilidade":"Base institucional ou documental direta","natureza":"Estimativa científica de acessibilidade pela rede viária contemporânea","distancia_rodoviaria_km":213,"duracao_estimada_sem_trafego_min":199,"resumo_vias":"MS-178, BR-267","perfil_roteamento":"driving","motor_roteamento":"OSRM route service","endpoint_consultado":"https://router.project-osrm.org","fonte_rede":"OpenStreetMap contributors","licenca_rede":"ODbL 1.0","data_materializacao":"2026-08-12T03:43:51.108Z","corte_base_joaju":"2026-08-10","data_versao_rede":"Não informada","origem_solicitada_lon":-56.4836,"origem_solicitada_lat":-21.1261,"destino_solicitado_lon":-57.8836,"destino_solicitado_lat":-21.6981,"origem_ajustada_lon":-56.483821,"origem_ajustada_lat":-21.125988,"destino_ajustado_lon":-57.883405,"destino_ajustado_lat":-21.698273,"distancia_ajuste_origem_m":26.1,"distancia_ajuste_destino_m":27.8,"status_revisao":"Não validado em campo","nota_especifica":"Estimativa viária contemporânea entre referências da proposta metodológica. Não substitui validação logística ou de campo.","limitacoes":"Tempo sem trânsito em tempo real. O resultado pode incluir vias privadas, sazonais, não pavimentadas, interrompidas ou com restrições ausentes na base.","uso_operacional":"Não representa o traçado cultural, histórico, aquático ou oficialmente aprovado da rota. Não constitui recomendação de viagem, autorização de acesso ou validação das condições da via.","natureza_projeto":"Projeto de pesquisa científica","referencial_metodologico":"Aplicação e adaptação experimental do marco PRICI"}},{"type":"Feature","geometry":{"type":"LineString","coordinates":[[-55.786814,-20.466593],[-55.787099,-20.46706],[-55.787725,-20.46673],[-55.787808,-20.466687],[-55.788381,-20.466384],[-55.78844,-20.466353],[-55.789053,-20.466029],[-55.789628,-20.465726],[-55.790254,-20.465395],[-55.790436,-20.465697],[-55.790858,-20.466408],[-55.790923,-20.46651],[-55.791593,-20.467625],[-55.792289,-20.468785],[-55.792976,-20.469931],[-55.793574,-20.470927],[-55.793638,-20.471034],[-55.793663,-20.471076],[-55.79401,-20.471671],[-55.794342,-20.472239],[-55.794554,-20.472602],[-55.794882,-20.473163],[-55.79498,-20.47333],[-55.795009,-20.473378],[-55.795142,-20.473598],[-55.795178,-20.473657],[-55.795337,-20.473919],[-55.795363,-20.473961],[-55.795431,-20.474072],[-55.795471,-20.474138],[-55.795507,-20.474194],[-55.795688,-20.474497],[-55.796386,-20.475651],[-55.796993,-20.476657],[-55.797063,-20.476773],[-55.797187,-20.476708],[-55.798278,-20.476135],[-55.799488,-20.4755],[-55.799935,-20.475232],[-55.800645,-20.476347],[-55.800683,-20.476411],[-55.801328,-20.477475],[-55.801286,-20.477706],[-55.801287,-20.477953],[-55.801351,-20.478076],[-55.801696,-20.478704],[-55.801886,-20.479038],[-55.802459,-20.480069],[-55.802675,-20.480294],[-55.802686,-20.480294],[-55.802714,-20.48031],[-55.802731,-20.480336],[-55.802734,-20.480366],[-55.802744,-20.480412],[-55.802781,-20.480642],[-55.803,-20.481008],[-55.802603,-20.481362],[-55.803327,-20.482072],[-55.803448,-20.482193],[-55.804006,-20.48275],[-55.804323,-20.483062],[-55.804799,-20.48353],[-55.805474,-20.484162],[-55.805576,-20.484319],[-55.805687,-20.484563],[-55.805706,-20.484604],[-55.805904,-20.485039],[-55.807222,-20.487788],[-55.807662,-20.488675],[-55.807906,-20.489217],[-55.808094,-20.489592],[-55.808266,-20.489962],[-55.808991,-20.491426],[-55.809108,-20.491664],[-55.80949,-20.492436],[-55.809896,-20.49326],[-55.810205,-20.49394],[-55.81077,-20.495077],[-55.81169,-20.496993],[-55.81176,-20.497171],[-55.811805,-20.497231],[-55.811919,-20.497461],[-55.811951,-20.497533],[-55.812104,-20.49788],[-55.812367,-20.498406],[-55.812419,-20.49851],[-55.812541,-20.498652],[-55.812678,-20.498787],[-55.812816,-20.498903],[-55.812958,-20.499006],[-55.81307,-20.499069],[-55.813171,-20.499112],[-55.813309,-20.499161],[-55.813447,-20.499194],[-55.813645,-20.499234],[-55.813831,-20.499269],[-55.814971,-20.499205],[-55.816545,-20.499117],[-55.816962,-20.499123],[-55.817344,-20.49915],[-55.817871,-20.499245],[-55.818348,-20.499332],[-55.819175,-20.499524],[-55.822767,-20.500553],[-55.823183,-20.50065],[-55.823218,-20.500663],[-55.823922,-20.500859],[-55.824227,-20.500944],[-55.825614,-20.501316],[-55.827257,-20.501757],[-55.829994,-20.502516],[-55.84087,-20.505543],[-55.841476,-20.505703],[-55.842209,-20.505855],[-55.843481,-20.505869],[-55.844703,-20.505752],[-55.845612,-20.505578],[-55.84652,-20.505404],[-55.849076,-20.504882],[-55.849576,-20.50478],[-55.854028,-20.503872],[-55.856122,-20.503445],[-55.858162,-20.503262],[-55.881935,-20.502082],[-55.888478,-20.501732],[-55.892353,-20.501525],[-55.903617,-20.500923],[-55.913654,-20.500403],[-55.924295,-20.499838],[-55.924621,-20.499803],[-55.925874,-20.499594],[-55.927195,-20.499142],[-55.928513,-20.498392],[-55.989303,-20.460965],[-56.00781,-20.44952],[-56.011078,-20.447499],[-56.023522,-20.439855],[-56.031116,-20.43519],[-56.038389,-20.430722],[-56.048289,-20.424659],[-56.049761,-20.423603],[-56.050087,-20.42339],[-56.05658,-20.418812],[-56.065146,-20.412771],[-56.078721,-20.403169],[-56.07966,-20.402446],[-56.080425,-20.401752],[-56.081056,-20.400903],[-56.082301,-20.398657],[-56.082918,-20.397584],[-56.083319,-20.397042],[-56.083932,-20.39667],[-56.084613,-20.396509],[-56.085054,-20.396523],[-56.085483,-20.396618],[-56.086324,-20.396762],[-56.08735,-20.396738],[-56.088327,-20.396547],[-56.092278,-20.395114],[-56.093435,-20.39449],[-56.093915,-20.394091],[-56.094341,-20.393738],[-56.106139,-20.382554],[-56.117892,-20.371469],[-56.118738,-20.370634],[-56.119371,-20.369902],[-56.119997,-20.368865],[-56.122354,-20.36301],[-56.122621,-20.362492],[-56.123141,-20.36158],[-56.123861,-20.360823],[-56.129242,-20.355924],[-56.129481,-20.355706],[-56.129671,-20.355524],[-56.129834,-20.355378],[-56.130019,-20.355189],[-56.130304,-20.354935],[-56.133218,-20.352362],[-56.13372,-20.351908],[-56.133898,-20.351759],[-56.134119,-20.351572],[-56.134697,-20.351245],[-56.13571,-20.350817],[-56.136885,-20.350581],[-56.137766,-20.350551],[-56.139079,-20.350583],[-56.141576,-20.350658],[-56.147655,-20.350829],[-56.148055,-20.35084],[-56.151894,-20.350946],[-56.15283,-20.350833],[-56.153816,-20.350543],[-56.154004,-20.350473],[-56.154915,-20.349984],[-56.155495,-20.349613],[-56.15636,-20.349025],[-56.15647,-20.34895],[-56.157297,-20.348399],[-56.165561,-20.343002],[-56.166126,-20.342683],[-56.167501,-20.3421],[-56.179803,-20.33719],[-56.181432,-20.33654],[-56.181805,-20.33639],[-56.184478,-20.335303],[-56.185051,-20.335036],[-56.185203,-20.334965],[-56.185559,-20.334802],[-56.190988,-20.332309],[-56.193042,-20.33137],[-56.199112,-20.328598],[-56.209728,-20.323749],[-56.21302,-20.322245],[-56.21384,-20.32187],[-56.215121,-20.321302],[-56.215268,-20.321247],[-56.215476,-20.321172],[-56.216057,-20.320986],[-56.216599,-20.32087],[-56.217135,-20.320755],[-56.22275,-20.319892],[-56.223893,-20.319582],[-56.23118,-20.316928],[-56.231366,-20.31686],[-56.234695,-20.315647],[-56.247081,-20.309681],[-56.248854,-20.308827],[-56.249014,-20.308759],[-56.249356,-20.308597],[-56.249487,-20.308531],[-56.249691,-20.308421],[-56.250101,-20.308211],[-56.254038,-20.306331],[-56.254152,-20.306277],[-56.269213,-20.299139],[-56.269974,-20.298796],[-56.270704,-20.298446],[-56.271567,-20.298032],[-56.271863,-20.29789],[-56.280426,-20.293784],[-56.283671,-20.29224],[-56.283748,-20.292204],[-56.288894,-20.289756],[-56.289903,-20.289276],[-56.293837,-20.287413],[-56.2955,-20.286626],[-56.301432,-20.283819],[-56.308563,-20.280444],[-56.32336,-20.27344],[-56.326955,-20.271738],[-56.330868,-20.269887],[-56.334926,-20.267968],[-56.336934,-20.267018],[-56.337918,-20.266547],[-56.338399,-20.266283],[-56.338597,-20.266158],[-56.339014,-20.265882],[-56.339328,-20.265632],[-56.339612,-20.265384],[-56.339845,-20.265163],[-56.340046,-20.26495],[-56.341196,-20.263739],[-56.343208,-20.26162],[-56.344191,-20.260575],[-56.344866,-20.259869],[-56.345483,-20.259202],[-56.345979,-20.258683],[-56.34724,-20.257366],[-56.347638,-20.256939],[-56.34966,-20.254798],[-56.350451,-20.253947],[-56.350544,-20.253861],[-56.351742,-20.252634],[-56.352271,-20.252034],[-56.352375,-20.251905],[-56.352487,-20.251776],[-56.353034,-20.251201],[-56.353671,-20.250573],[-56.354022,-20.25027],[-56.35408,-20.250219],[-56.361035,-20.24465],[-56.361274,-20.244457],[-56.363279,-20.242902],[-56.365145,-20.24136],[-56.366309,-20.240471],[-56.366438,-20.240368],[-56.3668,-20.240045],[-56.368129,-20.238985],[-56.368959,-20.238372],[-56.369101,-20.238253],[-56.372033,-20.23587],[-56.372258,-20.235703],[-56.372488,-20.235555],[-56.372735,-20.235411],[-56.372984,-20.23528],[-56.373223,-20.23517],[-56.373456,-20.235075],[-56.373678,-20.234995],[-56.373915,-20.234923],[-56.376902,-20.234183],[-56.377052,-20.234117],[-56.377127,-20.234076],[-56.377186,-20.234034],[-56.377264,-20.233968],[-56.37733,-20.233884],[-56.37734,-20.233874],[-56.377407,-20.233829],[-56.37749,-20.233792],[-56.377582,-20.233765],[-56.377678,-20.233752],[-56.37777,-20.233763],[-56.377857,-20.2338],[-56.377909,-20.233848],[-56.377955,-20.233921],[-56.377967,-20.233977],[-56.377956,-20.234049],[-56.377917,-20.234117],[-56.377916,-20.234191],[-56.377926,-20.234244],[-56.377946,-20.234287],[-56.378043,-20.234443],[-56.378594,-20.235148],[-56.378734,-20.235329],[-56.378804,-20.235419],[-56.379058,-20.235749],[-56.379296,-20.236056],[-56.379311,-20.236122],[-56.379308,-20.236167],[-56.379293,-20.2362],[-56.379263,-20.236233],[-56.379211,-20.236242],[-56.379171,-20.236236],[-56.379131,-20.236228],[-56.37908,-20.236207],[-56.378504,-20.235442],[-56.37829,-20.23545],[-56.3782,-20.23548],[-56.377684,-20.235825],[-56.377536,-20.235941],[-56.377512,-20.236044],[-56.377455,-20.236135],[-56.377372,-20.236205],[-56.377269,-20.236248],[-56.377157,-20.236259],[-56.376733,-20.236699],[-56.376654,-20.236801],[-56.376586,-20.236895],[-56.376522,-20.237023],[-56.376098,-20.237215],[-56.376011,-20.237273],[-56.375515,-20.236687],[-56.375369,-20.236539],[-56.375329,-20.236497],[-56.375273,-20.236461],[-56.375221,-20.236439],[-56.375145,-20.236432],[-56.375045,-20.236424],[-56.374951,-20.236416],[-56.374888,-20.236391],[-56.374802,-20.236331],[-56.374756,-20.236254],[-56.374721,-20.236158],[-56.374715,-20.236063],[-56.374746,-20.235951],[-56.3748,-20.235864],[-56.374859,-20.235801]]},"properties":{"id_trecho":"ACESS-ROTA-EST-023-01","id_rota":"ROTA-EST-023","nome_rota":"Rota de Aviturismo do Pantanal Sul","ordem_trecho":1,"origem":"Aquidauana","destino":"Miranda","tipo_registro_rota":"Proposta autoral baseada em produto turístico institucional consolidado","status_institucional_rota":"Produto turístico territorial consolidado, sem rota formal identificada com esta denominação","classe_base_acessibilidade":"Base híbrida","natureza":"Estimativa científica de acessibilidade pela rede viária contemporânea","distancia_rodoviaria_km":74.9,"duracao_estimada_sem_trafego_min":60,"resumo_vias":"Avenida Juscelino Kubitschek, BR-262","perfil_roteamento":"driving","motor_roteamento":"OSRM route service","endpoint_consultado":"https://router.project-osrm.org","fonte_rede":"OpenStreetMap contributors","licenca_rede":"ODbL 1.0","data_materializacao":"2026-08-12T03:43:51.108Z","corte_base_joaju":"2026-08-10","data_versao_rede":"Não informada","origem_solicitada_lon":-55.7868,"origem_solicitada_lat":-20.4666,"destino_solicitado_lon":-56.3746,"destino_solicitado_lat":-20.2355,"origem_ajustada_lon":-55.786814,"origem_ajustada_lat":-20.466593,"destino_ajustado_lon":-56.374859,"destino_ajustado_lat":-20.235801,"distancia_ajuste_origem_m":1.7,"distancia_ajuste_destino_m":42.9,"status_revisao":"Não validado em campo","nota_especifica":"Estimativa viária contemporânea entre referências da proposta metodológica. Não substitui validação logística ou de campo.","limitacoes":"Tempo sem trânsito em tempo real. O resultado pode incluir vias privadas, sazonais, não pavimentadas, interrompidas ou com restrições ausentes na base.","uso_operacional":"Não representa o traçado cultural, histórico, aquático ou oficialmente aprovado da rota. Não constitui recomendação de viagem, autorização de acesso ou validação das condições da via.","natureza_projeto":"Projeto de pesquisa científica","referencial_metodologico":"Aplicação e adaptação experimental do marco PRICI"}},{"type":"Feature","geometry":{"type":"LineString","coordinates":[[-56.374859,-20.235801],[-56.374939,-20.235743],[-56.375362,-20.235529],[-56.375501,-20.235488],[-56.375634,-20.235468],[-56.375782,-20.235464],[-56.375926,-20.235475],[-56.376249,-20.235524],[-56.376647,-20.235595],[-56.376979,-20.235634],[-56.377152,-20.235584],[-56.377273,-20.235596],[-56.377628,-20.235363],[-56.377885,-20.235192],[-56.377994,-20.235091],[-56.378086,-20.234921],[-56.377831,-20.234577],[-56.377728,-20.234405],[-56.377673,-20.234342],[-56.377604,-20.234301],[-56.377562,-20.234291],[-56.377455,-20.234293],[-56.377416,-20.234285],[-56.377352,-20.234257],[-56.377299,-20.234212],[-56.377264,-20.234153],[-56.377246,-20.23409],[-56.377241,-20.23403],[-56.377264,-20.233968],[-56.37733,-20.233884],[-56.37734,-20.233874],[-56.377407,-20.233829],[-56.37749,-20.233792],[-56.377582,-20.233765],[-56.377678,-20.233752],[-56.37777,-20.233763],[-56.377857,-20.2338],[-56.377927,-20.23383],[-56.377996,-20.233845],[-56.378084,-20.233848],[-56.378171,-20.233842],[-56.378293,-20.233837],[-56.379279,-20.23359],[-56.380516,-20.233269],[-56.38133,-20.233058],[-56.381404,-20.233039],[-56.382734,-20.232684],[-56.387875,-20.231329],[-56.39147,-20.230417],[-56.39209,-20.23022],[-56.392655,-20.229957],[-56.39315,-20.22967],[-56.398314,-20.226154],[-56.405595,-20.221258],[-56.407985,-20.219591],[-56.416466,-20.213853],[-56.424968,-20.208089],[-56.450695,-20.190697],[-56.45181,-20.190123],[-56.453017,-20.189737],[-56.454188,-20.189567],[-56.456437,-20.189558],[-56.476938,-20.190062],[-56.479816,-20.190132],[-56.4984,-20.190624],[-56.502842,-20.190698],[-56.504591,-20.190741],[-56.505953,-20.190772],[-56.5078,-20.190814],[-56.508216,-20.190802],[-56.508626,-20.190758],[-56.509025,-20.190677],[-56.509408,-20.190562],[-56.50967,-20.19046],[-56.509921,-20.190335],[-56.51016,-20.190195],[-56.510379,-20.190043],[-56.510597,-20.189875],[-56.510792,-20.189693],[-56.510975,-20.189501],[-56.511145,-20.189302],[-56.514665,-20.184848],[-56.514921,-20.184554],[-56.515199,-20.184275],[-56.515494,-20.184009],[-56.51581,-20.183768],[-56.516133,-20.183548],[-56.51647,-20.183349],[-56.516857,-20.183154],[-56.517201,-20.183012],[-56.526228,-20.179488],[-56.53449,-20.176267],[-56.55699,-20.167483],[-56.557091,-20.167444],[-56.581805,-20.157795],[-56.585106,-20.156506],[-56.58841,-20.155216],[-56.613765,-20.145316],[-56.621537,-20.14228],[-56.6308,-20.138661],[-56.637193,-20.136163],[-56.638608,-20.135717],[-56.639893,-20.135533],[-56.64936,-20.135017],[-56.691813,-20.132705],[-56.692934,-20.132645],[-56.693595,-20.132613],[-56.701695,-20.132167],[-56.70272,-20.131887],[-56.703685,-20.131433],[-56.704655,-20.13072],[-56.708592,-20.126933],[-56.71174,-20.123905],[-56.716638,-20.11917],[-56.724161,-20.111897],[-56.739273,-20.097284],[-56.739333,-20.097229],[-56.743004,-20.093676],[-56.744369,-20.092355],[-56.760343,-20.076897],[-56.760761,-20.076493],[-56.76094,-20.076315],[-56.761069,-20.07619],[-56.761584,-20.075633],[-56.762082,-20.075062],[-56.791082,-20.039468],[-56.800597,-20.027253],[-56.806151,-20.020126],[-56.806225,-20.020031],[-56.815002,-20.008633],[-56.819492,-19.999902],[-56.830008,-19.980225],[-56.831525,-19.97705],[-56.838798,-19.961287],[-56.844119,-19.949753],[-56.85053,-19.935855],[-56.855807,-19.924077],[-56.868422,-19.895585],[-56.87041,-19.891093],[-56.884335,-19.859628],[-56.885052,-19.858007],[-56.897594,-19.829203],[-56.899812,-19.824108],[-56.900395,-19.823248],[-56.901127,-19.82252],[-56.902007,-19.821945],[-56.904232,-19.820873],[-56.937385,-19.805267],[-56.938523,-19.804437],[-56.939252,-19.80368],[-56.940038,-19.802545],[-56.9635,-19.760861],[-56.963815,-19.760296],[-56.964231,-19.759553],[-56.975623,-19.73921],[-56.988074,-19.717367],[-56.988427,-19.716747],[-57.00457,-19.688304],[-57.014725,-19.670441],[-57.025631,-19.651334],[-57.025855,-19.650933],[-57.02615,-19.650397],[-57.026252,-19.650022],[-57.026406,-19.649466],[-57.026493,-19.649253],[-57.026582,-19.649097],[-57.026758,-19.648866],[-57.026962,-19.648655],[-57.027335,-19.648416],[-57.027654,-19.648268],[-57.027933,-19.648187],[-57.028261,-19.648107],[-57.028648,-19.648031],[-57.029042,-19.64793],[-57.029459,-19.647793],[-57.033749,-19.645605],[-57.03421,-19.64537],[-57.0424,-19.641195],[-57.042864,-19.640956],[-57.110395,-19.606333],[-57.177918,-19.571708],[-57.205625,-19.557687],[-57.211335,-19.554718],[-57.231004,-19.547804],[-57.232499,-19.54751],[-57.233822,-19.547397],[-57.235227,-19.547541],[-57.237175,-19.547958],[-57.241857,-19.550262],[-57.276253,-19.56818],[-57.277878,-19.568634],[-57.279294,-19.568816],[-57.281011,-19.568796],[-57.284869,-19.568194],[-57.31185,-19.564061],[-57.336627,-19.560108],[-57.337783,-19.560154],[-57.342358,-19.561093],[-57.34355,-19.561192],[-57.34706,-19.560781],[-57.364164,-19.559128],[-57.377333,-19.557687],[-57.378416,-19.557584],[-57.37941,-19.557489],[-57.380304,-19.557404],[-57.386356,-19.556759],[-57.387624,-19.556444],[-57.388582,-19.556137],[-57.38934,-19.555776],[-57.390199,-19.555129],[-57.390893,-19.554442],[-57.393473,-19.551489],[-57.398897,-19.545282],[-57.413428,-19.528555],[-57.418394,-19.522931],[-57.420367,-19.520677],[-57.426195,-19.514017],[-57.431189,-19.508381],[-57.431481,-19.508005],[-57.431825,-19.507489],[-57.432076,-19.506956],[-57.432191,-19.506614],[-57.432276,-19.50626],[-57.432315,-19.50582],[-57.432349,-19.505422],[-57.432349,-19.505369],[-57.432347,-19.505278],[-57.432346,-19.505195],[-57.432345,-19.505161],[-57.432274,-19.504345],[-57.432223,-19.503386],[-57.432212,-19.503169],[-57.432334,-19.501459],[-57.432315,-19.500916],[-57.432173,-19.500322],[-57.431996,-19.49997],[-57.431767,-19.49953],[-57.431237,-19.498987],[-57.430285,-19.498253],[-57.429869,-19.497775],[-57.429676,-19.497459],[-57.429493,-19.497083],[-57.429335,-19.49662],[-57.429279,-19.496248],[-57.429112,-19.494949],[-57.429091,-19.494781],[-57.429059,-19.494089],[-57.42909,-19.493866],[-57.429315,-19.492252],[-57.429305,-19.491343],[-57.429155,-19.490513],[-57.427941,-19.487373],[-57.42776,-19.48671],[-57.427122,-19.483079],[-57.4265,-19.47917],[-57.42613,-19.478079],[-57.425544,-19.476947],[-57.425121,-19.476083],[-57.423848,-19.473557],[-57.421403,-19.4687],[-57.420447,-19.466602],[-57.420315,-19.465995],[-57.420257,-19.465016],[-57.420443,-19.464113],[-57.420652,-19.463592],[-57.42095,-19.463084],[-57.421264,-19.46259],[-57.422111,-19.461616],[-57.422619,-19.460906],[-57.427521,-19.45535],[-57.428196,-19.454557],[-57.445324,-19.434477],[-57.446574,-19.433197],[-57.447549,-19.432393],[-57.461966,-19.421072],[-57.463509,-19.419849],[-57.463673,-19.419726],[-57.463741,-19.419672],[-57.46389,-19.419555],[-57.475882,-19.410099],[-57.477864,-19.408591],[-57.479816,-19.407057],[-57.483708,-19.40399],[-57.490323,-19.398797],[-57.491509,-19.397867],[-57.492093,-19.397394],[-57.492662,-19.396941],[-57.493251,-19.396506],[-57.493547,-19.39629],[-57.493839,-19.396089],[-57.494286,-19.395821],[-57.494724,-19.39556],[-57.495607,-19.395059],[-57.50043,-19.392256],[-57.502844,-19.390862],[-57.505255,-19.389477],[-57.506571,-19.388727],[-57.507861,-19.387964],[-57.510074,-19.38669],[-57.511897,-19.385641],[-57.515429,-19.383609],[-57.517573,-19.38235],[-57.519181,-19.381407],[-57.520353,-19.380927],[-57.521554,-19.380632],[-57.524354,-19.380103],[-57.52517,-19.379795],[-57.525686,-19.379527],[-57.52681,-19.378708],[-57.530546,-19.376321],[-57.531511,-19.375707],[-57.532133,-19.375293],[-57.536039,-19.37269],[-57.5409,-19.369452],[-57.547077,-19.365336],[-57.549596,-19.363704],[-57.561896,-19.355732],[-57.568523,-19.351323],[-57.570498,-19.349919],[-57.571206,-19.349114],[-57.571621,-19.34834],[-57.57182,-19.346992],[-57.573158,-19.331418],[-57.573431,-19.329855],[-57.573703,-19.329062],[-57.57415,-19.328355],[-57.575198,-19.327041],[-57.577005,-19.325051],[-57.577809,-19.324304],[-57.578589,-19.323783],[-57.579297,-19.323419],[-57.580228,-19.323076],[-57.581904,-19.322804],[-57.582214,-19.322758],[-57.584734,-19.322348],[-57.58592,-19.322105],[-57.586867,-19.321791],[-57.587222,-19.321637],[-57.587343,-19.321565],[-57.587581,-19.321415],[-57.59075,-19.319423],[-57.592648,-19.318182],[-57.593198,-19.317742],[-57.593577,-19.317438],[-57.593667,-19.317366],[-57.593906,-19.317175],[-57.59403,-19.317076],[-57.59553,-19.315233],[-57.598502,-19.311257],[-57.599354,-19.310309],[-57.60014,-19.309583],[-57.612953,-19.297516],[-57.616746,-19.293937],[-57.625366,-19.287855],[-57.627106,-19.286628],[-57.633153,-19.282226],[-57.633854,-19.281466],[-57.634497,-19.280566],[-57.634783,-19.280007],[-57.63501,-19.279434],[-57.641947,-19.258918],[-57.64212,-19.258113],[-57.642208,-19.257187],[-57.642257,-19.256311],[-57.642298,-19.255577],[-57.642311,-19.255284],[-57.642813,-19.245163],[-57.643606,-19.235334],[-57.643705,-19.234135],[-57.64461,-19.22698],[-57.645063,-19.220013],[-57.645214,-19.21523],[-57.645794,-19.202952],[-57.645716,-19.201831],[-57.645673,-19.20103],[-57.645028,-19.196518],[-57.644362,-19.192036],[-57.644048,-19.189575],[-57.642158,-19.176101],[-57.641334,-19.170355],[-57.641238,-19.169687],[-57.641085,-19.1692],[-57.640817,-19.16863],[-57.640347,-19.168075],[-57.64002,-19.167789],[-57.639679,-19.167503],[-57.639108,-19.167034],[-57.637125,-19.165397],[-57.636692,-19.164974],[-57.636079,-19.164221],[-57.635779,-19.163688],[-57.635594,-19.163497],[-57.63527,-19.163073],[-57.634908,-19.162377],[-57.634755,-19.162083],[-57.634243,-19.161057],[-57.634111,-19.160791],[-57.633947,-19.160295],[-57.633025,-19.158516],[-57.631108,-19.154935],[-57.629803,-19.15245],[-57.62946,-19.15177],[-57.625828,-19.144917],[-57.624938,-19.143214],[-57.624689,-19.14258],[-57.624468,-19.141863],[-57.6243,-19.140735],[-57.623936,-19.132636],[-57.623715,-19.127296],[-57.623567,-19.124015],[-57.623533,-19.123272],[-57.623501,-19.122298],[-57.623476,-19.121748],[-57.623283,-19.118028],[-57.622314,-19.097195],[-57.622254,-19.095845],[-57.622441,-19.095551],[-57.622505,-19.095452],[-57.622562,-19.095256],[-57.622572,-19.094537],[-57.622511,-19.094364],[-57.622419,-19.094224],[-57.622164,-19.093837],[-57.622039,-19.091012],[-57.621997,-19.090782],[-57.621927,-19.090393],[-57.621887,-19.090129],[-57.621851,-19.089766],[-57.621813,-19.088725],[-57.621752,-19.087613],[-57.621711,-19.086896],[-57.621711,-19.086559],[-57.621729,-19.086217],[-57.621803,-19.085761],[-57.621682,-19.083612],[-57.621242,-19.075803],[-57.621202,-19.074639],[-57.621154,-19.073259],[-57.621184,-19.073205],[-57.621226,-19.073178],[-57.621277,-19.073166],[-57.621336,-19.073168],[-57.621384,-19.07319],[-57.621433,-19.073237],[-57.621446,-19.07328],[-57.621474,-19.073563],[-57.621474,-19.073841],[-57.621514,-19.073904],[-57.621594,-19.073941],[-57.621683,-19.073957],[-57.621779,-19.073921],[-57.621852,-19.073865],[-57.621929,-19.073667],[-57.622358,-19.072834],[-57.623904,-19.070348],[-57.624231,-19.069806],[-57.625328,-19.067948],[-57.627501,-19.064266],[-57.631032,-19.058444],[-57.631627,-19.057461],[-57.633944,-19.053646],[-57.634566,-19.052635],[-57.635492,-19.05113],[-57.636324,-19.049736],[-57.636364,-19.049668],[-57.636623,-19.049232],[-57.636855,-19.04885],[-57.637106,-19.048435],[-57.637684,-19.047506],[-57.637925,-19.047118],[-57.637977,-19.047034],[-57.638338,-19.046454],[-57.638599,-19.046022],[-57.638822,-19.045669],[-57.63889,-19.045563],[-57.638943,-19.045473],[-57.639631,-19.044352],[-57.640454,-19.042988],[-57.641279,-19.041648],[-57.642011,-19.040577],[-57.642089,-19.04046],[-57.642133,-19.0404],[-57.642347,-19.040129],[-57.64263,-19.039856],[-57.643614,-19.039122],[-57.644679,-19.03841],[-57.645048,-19.038173],[-57.645084,-19.038146],[-57.645566,-19.037841],[-57.646794,-19.037075],[-57.646885,-19.037019],[-57.647293,-19.03676],[-57.64819,-19.036205],[-57.649563,-19.035376],[-57.649785,-19.035246],[-57.650261,-19.034883],[-57.650545,-19.034627],[-57.650768,-19.034387],[-57.650799,-19.034356],[-57.650929,-19.034204],[-57.651209,-19.033814],[-57.651431,-19.03319],[-57.65168,-19.032486],[-57.651942,-19.03175],[-57.652209,-19.031035],[-57.652468,-19.030306],[-57.652713,-19.029614],[-57.652965,-19.028902],[-57.653221,-19.028178],[-57.653469,-19.02745],[-57.653716,-19.026724],[-57.653942,-19.026007],[-57.654167,-19.025304],[-57.654403,-19.024572],[-57.654657,-19.023801],[-57.655129,-19.022478],[-57.65566,-19.021011],[-57.656164,-19.019607],[-57.656632,-19.018385],[-57.656654,-19.018252],[-57.656636,-19.01823],[-57.656628,-19.018203],[-57.656634,-19.018171],[-57.656654,-19.018145],[-57.656685,-19.018129],[-57.656775,-19.018],[-57.65719,-19.016789],[-57.657434,-19.016146],[-57.657756,-19.015298],[-57.657861,-19.015049],[-57.657973,-19.014801],[-57.658458,-19.013465],[-57.658476,-19.013328],[-57.658462,-19.013309],[-57.658455,-19.013287],[-57.658321,-19.013241],[-57.658016,-19.013138],[-57.657475,-19.01298],[-57.656983,-19.012833],[-57.655957,-19.012538],[-57.655471,-19.012401],[-57.655434,-19.012401],[-57.655414,-19.012391],[-57.655399,-19.012374],[-57.654783,-19.012166],[-57.653868,-19.011878],[-57.653262,-19.011702],[-57.652528,-19.011489],[-57.652371,-19.011449],[-57.652349,-19.01146],[-57.652324,-19.011464],[-57.652293,-19.011458],[-57.652268,-19.01144],[-57.652252,-19.011415],[-57.651577,-19.011207],[-57.651427,-19.011158],[-57.65078,-19.010944],[-57.649582,-19.010582],[-57.649435,-19.010535],[-57.649314,-19.010499],[-57.649287,-19.010511],[-57.649258,-19.010513],[-57.64923,-19.010504],[-57.649208,-19.010487],[-57.649193,-19.010463],[-57.64919,-19.010451],[-57.649189,-19.010428],[-57.649196,-19.010406],[-57.64921,-19.010387],[-57.649233,-19.010371],[-57.649265,-19.010313],[-57.649348,-19.010181],[-57.649773,-19.008973],[-57.650301,-19.007536],[-57.650982,-19.007751]]},"properties":{"id_trecho":"ACESS-ROTA-EST-023-02","id_rota":"ROTA-EST-023","nome_rota":"Rota de Aviturismo do Pantanal Sul","ordem_trecho":2,"origem":"Miranda","destino":"Corumbá","tipo_registro_rota":"Proposta autoral baseada em produto turístico institucional consolidado","status_institucional_rota":"Produto turístico territorial consolidado, sem rota formal identificada com esta denominação","classe_base_acessibilidade":"Base híbrida","natureza":"Estimativa científica de acessibilidade pela rede viária contemporânea","distancia_rodoviaria_km":220,"duracao_estimada_sem_trafego_min":158,"resumo_vias":"BR-262, Anel Viário","perfil_roteamento":"driving","motor_roteamento":"OSRM route service","endpoint_consultado":"https://router.project-osrm.org","fonte_rede":"OpenStreetMap contributors","licenca_rede":"ODbL 1.0","data_materializacao":"2026-08-12T03:43:51.108Z","corte_base_joaju":"2026-08-10","data_versao_rede":"Não informada","origem_solicitada_lon":-56.3746,"origem_solicitada_lat":-20.2355,"destino_solicitado_lon":-57.651,"destino_solicitado_lat":-19.0077,"origem_ajustada_lon":-56.374859,"origem_ajustada_lat":-20.235801,"destino_ajustado_lon":-57.650982,"destino_ajustado_lat":-19.007751,"distancia_ajuste_origem_m":42.9,"distancia_ajuste_destino_m":6,"status_revisao":"Não validado em campo","nota_especifica":"Estimativa viária contemporânea entre referências da proposta metodológica. Não substitui validação logística ou de campo.","limitacoes":"Tempo sem trânsito em tempo real. O resultado pode incluir vias privadas, sazonais, não pavimentadas, interrompidas ou com restrições ausentes na base.","uso_operacional":"Não representa o traçado cultural, histórico, aquático ou oficialmente aprovado da rota. Não constitui recomendação de viagem, autorização de acesso ou validação das condições da via.","natureza_projeto":"Projeto de pesquisa científica","referencial_metodologico":"Aplicação e adaptação experimental do marco PRICI"}},{"type":"Feature","geometry":{"type":"LineString","coordinates":[[-57.650982,-19.007751],[-57.651828,-19.008019],[-57.652318,-19.006612],[-57.650766,-19.006121],[-57.651253,-19.004694],[-57.650855,-19.004568],[-57.649755,-19.004218],[-57.648249,-19.003741],[-57.648198,-19.003727],[-57.648158,-19.003716],[-57.646884,-19.003315],[-57.646711,-19.003311],[-57.646684,-19.003323],[-57.646657,-19.003324],[-57.646632,-19.003316],[-57.646611,-19.003301],[-57.646597,-19.003279],[-57.646445,-19.003174],[-57.645127,-19.002741],[-57.644088,-19.002419],[-57.643578,-19.002261],[-57.642093,-19.00178],[-57.640565,-19.001298],[-57.639036,-19.000813],[-57.638472,-19.000634],[-57.638445,-19.000625],[-57.638319,-19.000586],[-57.638019,-19.000495],[-57.637773,-19.00042],[-57.637657,-19.000422],[-57.637563,-19.000422],[-57.637529,-19.000429],[-57.637507,-19.000424],[-57.637488,-19.000412],[-57.63718,-19.000433],[-57.636704,-19.000468],[-57.635769,-19.000546],[-57.635127,-19.000601],[-57.634289,-19.000665],[-57.633667,-19.000712],[-57.633518,-19.000723],[-57.6334,-19.000733],[-57.632664,-19.0008],[-57.631859,-19.000862],[-57.631049,-19.000929],[-57.630548,-19.000973],[-57.62948,-19.001067],[-57.628883,-19.001109],[-57.62869,-19.001122],[-57.628297,-19.00115],[-57.627902,-19.001179],[-57.626995,-19.001261],[-57.626842,-19.001275],[-57.62629,-19.001325],[-57.626217,-19.001331],[-57.625269,-19.001406],[-57.624881,-19.001436],[-57.62197,-19.001667],[-57.621376,-19.001714],[-57.618513,-19.001963],[-57.617098,-19.002086],[-57.615734,-19.002196],[-57.615482,-19.002214],[-57.615007,-19.002248],[-57.6138,-19.002313],[-57.612002,-19.002421],[-57.611952,-19.002425],[-57.611751,-19.002441],[-57.610466,-19.002545],[-57.61019,-19.002571],[-57.610046,-19.002585],[-57.608853,-19.002695],[-57.607484,-19.002807],[-57.607204,-19.002831],[-57.606151,-19.002971],[-57.605898,-19.003018],[-57.605636,-19.003065],[-57.605242,-19.003137],[-57.605106,-19.003161],[-57.604079,-19.003363],[-57.603147,-19.003546],[-57.603044,-19.003567],[-57.60204,-19.003784],[-57.601146,-19.003978],[-57.60099,-19.004011],[-57.599012,-19.004395],[-57.599114,-19.004766],[-57.599253,-19.005296],[-57.599302,-19.005526],[-57.599375,-19.005915],[-57.599396,-19.006033],[-57.599426,-19.00617],[-57.599328,-19.006634],[-57.599181,-19.007345],[-57.599033,-19.007998],[-57.598485,-19.007915],[-57.598314,-19.007919],[-57.59813,-19.007953],[-57.598107,-19.007958],[-57.597883,-19.008031],[-57.597843,-19.008058],[-57.597794,-19.008091],[-57.597231,-19.008253],[-57.597338,-19.008646],[-57.597359,-19.008711],[-57.597416,-19.00886]]},"properties":{"id_trecho":"ACESS-ROTA-EST-023-03","id_rota":"ROTA-EST-023","nome_rota":"Rota de Aviturismo do Pantanal Sul","ordem_trecho":3,"origem":"Corumbá","destino":"Ladário","tipo_registro_rota":"Proposta autoral baseada em produto turístico institucional consolidado","status_institucional_rota":"Produto turístico territorial consolidado, sem rota formal identificada com esta denominação","classe_base_acessibilidade":"Base híbrida","natureza":"Estimativa científica de acessibilidade pela rede viária contemporânea","distancia_rodoviaria_km":6.9,"duracao_estimada_sem_trafego_min":9,"resumo_vias":"Avenida Rio Branco, Avenida 14 de Março","perfil_roteamento":"driving","motor_roteamento":"OSRM route service","endpoint_consultado":"https://router.project-osrm.org","fonte_rede":"OpenStreetMap contributors","licenca_rede":"ODbL 1.0","data_materializacao":"2026-08-12T03:43:51.108Z","corte_base_joaju":"2026-08-10","data_versao_rede":"Não informada","origem_solicitada_lon":-57.651,"origem_solicitada_lat":-19.0077,"destino_solicitado_lon":-57.5973,"destino_solicitado_lat":-19.0089,"origem_ajustada_lon":-57.650982,"origem_ajustada_lat":-19.007751,"destino_ajustado_lon":-57.597416,"destino_ajustado_lat":-19.00886,"distancia_ajuste_origem_m":6,"distancia_ajuste_destino_m":13,"status_revisao":"Não validado em campo","nota_especifica":"Estimativa viária contemporânea entre referências da proposta metodológica. Não substitui validação logística ou de campo.","limitacoes":"Tempo sem trânsito em tempo real. O resultado pode incluir vias privadas, sazonais, não pavimentadas, interrompidas ou com restrições ausentes na base.","uso_operacional":"Não representa o traçado cultural, histórico, aquático ou oficialmente aprovado da rota. Não constitui recomendação de viagem, autorização de acesso ou validação das condições da via.","natureza_projeto":"Projeto de pesquisa científica","referencial_metodologico":"Aplicação e adaptação experimental do marco PRICI"}},{"type":"Feature","geometry":{"type":"LineString","coordinates":[[-57.597416,-19.00886],[-57.597424,-19.00888],[-57.597481,-19.00888],[-57.598049,-19.008713],[-57.598121,-19.008664],[-57.598085,-19.008633],[-57.598078,-19.008588],[-57.598103,-19.008549],[-57.598149,-19.008535],[-57.598194,-19.008552],[-57.598216,-19.008592],[-57.598869,-19.008674],[-57.599528,-19.008796],[-57.600401,-19.008958],[-57.600977,-19.009068],[-57.602203,-19.009304],[-57.60225,-19.009669],[-57.602289,-19.009978],[-57.602359,-19.010519],[-57.60238,-19.010684],[-57.602449,-19.011219],[-57.60246,-19.01139],[-57.602575,-19.01225],[-57.602686,-19.013073],[-57.602695,-19.013151],[-57.6028,-19.013941],[-57.602889,-19.014628],[-57.602971,-19.01527],[-57.603122,-19.016515],[-57.603246,-19.017399],[-57.603357,-19.018263],[-57.603472,-19.019154],[-57.60357,-19.019965],[-57.603779,-19.021695],[-57.603817,-19.022017],[-57.604013,-19.022646],[-57.604812,-19.022405],[-57.606752,-19.022227],[-57.607602,-19.022149],[-57.608936,-19.022011],[-57.609832,-19.021924],[-57.610094,-19.021893],[-57.61042,-19.021866],[-57.610734,-19.021812],[-57.611353,-19.021688],[-57.612494,-19.021624],[-57.612625,-19.021608],[-57.613062,-19.021566],[-57.613466,-19.021564],[-57.614127,-19.021665],[-57.61511,-19.021788],[-57.615407,-19.021859],[-57.615579,-19.021968],[-57.615677,-19.022052],[-57.616861,-19.023099],[-57.616927,-19.02317],[-57.617067,-19.02337],[-57.617168,-19.02356],[-57.61724,-19.023744],[-57.617327,-19.024015],[-57.617522,-19.024625],[-57.61753,-19.02471],[-57.617709,-19.024968],[-57.618025,-19.02529],[-57.618176,-19.025414],[-57.618295,-19.025461],[-57.618382,-19.025494],[-57.618469,-19.025501],[-57.618523,-19.025477],[-57.618572,-19.025479],[-57.618618,-19.025492],[-57.618659,-19.025517],[-57.618691,-19.025551],[-57.618681,-19.025654],[-57.618658,-19.025767],[-57.618619,-19.025815],[-57.618597,-19.025825],[-57.61863,-19.026001],[-57.618609,-19.026127],[-57.618549,-19.026334],[-57.618492,-19.026897],[-57.618375,-19.027659],[-57.618281,-19.028681],[-57.618318,-19.02912],[-57.618407,-19.029521],[-57.619096,-19.031691],[-57.619317,-19.03243],[-57.619786,-19.033741],[-57.620175,-19.034708],[-57.620298,-19.03532],[-57.620307,-19.036964],[-57.620307,-19.037939],[-57.620307,-19.038319],[-57.620425,-19.039973],[-57.620565,-19.041664],[-57.620974,-19.045872],[-57.621135,-19.048118],[-57.621092,-19.048532],[-57.620963,-19.04899],[-57.620748,-19.049432],[-57.619516,-19.05107],[-57.6174,-19.053772],[-57.617077,-19.054169],[-57.616699,-19.054766],[-57.616537,-19.055162],[-57.616408,-19.055561],[-57.615959,-19.058283],[-57.615891,-19.058918],[-57.615886,-19.059586],[-57.615965,-19.060156],[-57.616147,-19.06083],[-57.616437,-19.06138],[-57.61696,-19.062212],[-57.617923,-19.063323],[-57.619279,-19.064751],[-57.619741,-19.065348],[-57.620137,-19.066021],[-57.620425,-19.066573],[-57.620796,-19.067671],[-57.620982,-19.068606],[-57.621116,-19.07234],[-57.621206,-19.072701],[-57.621364,-19.073013],[-57.621433,-19.073237],[-57.621446,-19.07328],[-57.621474,-19.073563],[-57.621474,-19.073841],[-57.621511,-19.074706],[-57.621525,-19.074864],[-57.62148,-19.07517],[-57.621402,-19.075386],[-57.621337,-19.075581],[-57.621242,-19.075803],[-57.621682,-19.083612],[-57.621803,-19.085761],[-57.621903,-19.086185],[-57.622013,-19.086529],[-57.622055,-19.086872],[-57.622197,-19.089748],[-57.622219,-19.090007],[-57.622209,-19.090264],[-57.62216,-19.090503],[-57.622101,-19.090764],[-57.622039,-19.091012],[-57.622164,-19.093837],[-57.622419,-19.094224],[-57.622511,-19.094364],[-57.622572,-19.094537],[-57.622562,-19.095256],[-57.622505,-19.095452],[-57.622441,-19.095551],[-57.622254,-19.095845],[-57.622314,-19.097195],[-57.623283,-19.118028],[-57.623476,-19.121748],[-57.623731,-19.122233],[-57.623753,-19.122309],[-57.623838,-19.1226],[-57.623881,-19.12321],[-57.623897,-19.123442],[-57.623731,-19.123776],[-57.623567,-19.124015],[-57.623715,-19.127296],[-57.623936,-19.132636],[-57.6243,-19.140735],[-57.624468,-19.141863],[-57.624689,-19.14258],[-57.624938,-19.143214],[-57.625828,-19.144917],[-57.62946,-19.15177],[-57.629803,-19.15245],[-57.631108,-19.154935],[-57.633025,-19.158516],[-57.633947,-19.160295],[-57.634283,-19.160738],[-57.634414,-19.16099],[-57.634538,-19.161232],[-57.635227,-19.162501],[-57.635474,-19.162973],[-57.635653,-19.16337],[-57.635779,-19.163688],[-57.636079,-19.164221],[-57.636692,-19.164974],[-57.637125,-19.165397],[-57.639108,-19.167034],[-57.639679,-19.167503],[-57.64002,-19.167789],[-57.640347,-19.168075],[-57.640817,-19.16863],[-57.641085,-19.1692],[-57.641238,-19.169687],[-57.641334,-19.170355],[-57.642158,-19.176101],[-57.644048,-19.189575],[-57.644362,-19.192036],[-57.645028,-19.196518],[-57.645673,-19.20103],[-57.645716,-19.201831],[-57.645794,-19.202952],[-57.645214,-19.21523],[-57.645063,-19.220013],[-57.64461,-19.22698],[-57.643705,-19.234135],[-57.643606,-19.235334],[-57.642813,-19.245163],[-57.642311,-19.255284],[-57.642298,-19.255577],[-57.642257,-19.256311],[-57.642208,-19.257187],[-57.64212,-19.258113],[-57.641947,-19.258918],[-57.63501,-19.279434],[-57.634783,-19.280007],[-57.634497,-19.280566],[-57.633854,-19.281466],[-57.633153,-19.282226],[-57.627106,-19.286628],[-57.625366,-19.287855],[-57.616746,-19.293937],[-57.612953,-19.297516],[-57.60014,-19.309583],[-57.599354,-19.310309],[-57.598502,-19.311257],[-57.59553,-19.315233],[-57.59403,-19.317076],[-57.593906,-19.317175],[-57.593667,-19.317366],[-57.593577,-19.317438],[-57.593198,-19.317742],[-57.592648,-19.318182],[-57.59075,-19.319423],[-57.587581,-19.321415],[-57.587343,-19.321565],[-57.587222,-19.321637],[-57.586867,-19.321791],[-57.58592,-19.322105],[-57.584734,-19.322348],[-57.582214,-19.322758],[-57.581904,-19.322804],[-57.580228,-19.323076],[-57.579297,-19.323419],[-57.578589,-19.323783],[-57.577809,-19.324304],[-57.577005,-19.325051],[-57.575198,-19.327041],[-57.57415,-19.328355],[-57.573703,-19.329062],[-57.573431,-19.329855],[-57.573158,-19.331418],[-57.57182,-19.346992],[-57.571621,-19.34834],[-57.571206,-19.349114],[-57.570498,-19.349919],[-57.568523,-19.351323],[-57.561896,-19.355732],[-57.549596,-19.363704],[-57.547077,-19.365336],[-57.5409,-19.369452],[-57.536039,-19.37269],[-57.532133,-19.375293],[-57.531511,-19.375707],[-57.530546,-19.376321],[-57.52681,-19.378708],[-57.525686,-19.379527],[-57.52517,-19.379795],[-57.524354,-19.380103],[-57.521554,-19.380632],[-57.520353,-19.380927],[-57.519181,-19.381407],[-57.517573,-19.38235],[-57.515429,-19.383609],[-57.511897,-19.385641],[-57.510074,-19.38669],[-57.507861,-19.387964],[-57.506571,-19.388727],[-57.505255,-19.389477],[-57.502844,-19.390862],[-57.50043,-19.392256],[-57.495607,-19.395059],[-57.494724,-19.39556],[-57.494286,-19.395821],[-57.493839,-19.396089],[-57.493547,-19.39629],[-57.493251,-19.396506],[-57.492662,-19.396941],[-57.492093,-19.397394],[-57.491509,-19.397867],[-57.490323,-19.398797],[-57.483708,-19.40399],[-57.479816,-19.407057],[-57.477864,-19.408591],[-57.475882,-19.410099],[-57.46389,-19.419555],[-57.463741,-19.419672],[-57.463673,-19.419726],[-57.463509,-19.419849],[-57.461966,-19.421072],[-57.447549,-19.432393],[-57.446574,-19.433197],[-57.445324,-19.434477],[-57.428196,-19.454557],[-57.427521,-19.45535],[-57.422619,-19.460906],[-57.422111,-19.461616],[-57.421264,-19.46259],[-57.42095,-19.463084],[-57.420652,-19.463592],[-57.420443,-19.464113],[-57.420257,-19.465016],[-57.420315,-19.465995],[-57.420447,-19.466602],[-57.421403,-19.4687],[-57.423848,-19.473557],[-57.425121,-19.476083],[-57.425544,-19.476947],[-57.42613,-19.478079],[-57.4265,-19.47917],[-57.427122,-19.483079],[-57.42776,-19.48671],[-57.427941,-19.487373],[-57.429155,-19.490513],[-57.429305,-19.491343],[-57.429315,-19.492252],[-57.42909,-19.493866],[-57.429059,-19.494089],[-57.429091,-19.494781],[-57.429112,-19.494949],[-57.429279,-19.496248],[-57.429335,-19.49662],[-57.429493,-19.497083],[-57.429676,-19.497459],[-57.429869,-19.497775],[-57.430285,-19.498253],[-57.431237,-19.498987],[-57.431767,-19.49953],[-57.431996,-19.49997],[-57.432173,-19.500322],[-57.432315,-19.500916],[-57.432334,-19.501459],[-57.432212,-19.503169],[-57.432223,-19.503386],[-57.432274,-19.504345],[-57.432345,-19.505161],[-57.432346,-19.505195],[-57.432347,-19.505278],[-57.432349,-19.505369],[-57.432349,-19.505422],[-57.432315,-19.50582],[-57.432276,-19.50626],[-57.432191,-19.506614],[-57.432076,-19.506956],[-57.431825,-19.507489],[-57.431481,-19.508005],[-57.431189,-19.508381],[-57.426195,-19.514017],[-57.420367,-19.520677],[-57.418394,-19.522931],[-57.413428,-19.528555],[-57.398897,-19.545282],[-57.393473,-19.551489],[-57.390893,-19.554442],[-57.390199,-19.555129],[-57.38934,-19.555776],[-57.388582,-19.556137],[-57.387624,-19.556444],[-57.386356,-19.556759],[-57.380304,-19.557404],[-57.379907,-19.557601],[-57.379658,-19.557763],[-57.379478,-19.557849],[-57.379204,-19.557875],[-57.378421,-19.55795],[-57.378185,-19.557933],[-57.377333,-19.557687],[-57.364164,-19.559128],[-57.34706,-19.560781],[-57.34355,-19.561192],[-57.342358,-19.561093],[-57.337783,-19.560154],[-57.336627,-19.560108],[-57.31185,-19.564061],[-57.284869,-19.568194],[-57.281011,-19.568796],[-57.279294,-19.568816],[-57.277878,-19.568634],[-57.276253,-19.56818],[-57.241857,-19.550262],[-57.237175,-19.547958],[-57.235227,-19.547541],[-57.233822,-19.547397],[-57.232499,-19.54751],[-57.231004,-19.547804],[-57.211335,-19.554718],[-57.205625,-19.557687],[-57.177918,-19.571708],[-57.110395,-19.606333],[-57.042864,-19.640956],[-57.0424,-19.641195],[-57.03421,-19.64537],[-57.033749,-19.645605],[-57.029459,-19.647793],[-57.028743,-19.648168],[-57.028077,-19.648495],[-57.027861,-19.648614],[-57.027716,-19.648702],[-57.027571,-19.648795],[-57.027435,-19.648896],[-57.027305,-19.648995],[-57.027172,-19.649103],[-57.027052,-19.649212],[-57.026942,-19.649318],[-57.026835,-19.649427],[-57.026815,-19.649449],[-57.026692,-19.649587],[-57.026637,-19.649658],[-57.026544,-19.649777],[-57.026454,-19.649904],[-57.02637,-19.650032],[-57.02615,-19.650397],[-57.025855,-19.650933],[-57.025631,-19.651334],[-57.014725,-19.670441],[-57.00457,-19.688304],[-56.988427,-19.716747],[-56.988074,-19.717367],[-56.975623,-19.73921],[-56.964231,-19.759553],[-56.963815,-19.760296],[-56.9635,-19.760861],[-56.940038,-19.802545],[-56.939252,-19.80368],[-56.938523,-19.804437],[-56.937385,-19.805267],[-56.904232,-19.820873],[-56.902007,-19.821945],[-56.901127,-19.82252],[-56.900395,-19.823248],[-56.899812,-19.824108],[-56.897594,-19.829203],[-56.885052,-19.858007],[-56.884335,-19.859628],[-56.87041,-19.891093],[-56.868422,-19.895585],[-56.855807,-19.924077],[-56.85053,-19.935855],[-56.844119,-19.949753],[-56.838798,-19.961287],[-56.831525,-19.97705],[-56.830008,-19.980225],[-56.819492,-19.999902],[-56.815002,-20.008633],[-56.806225,-20.020031],[-56.806151,-20.020126],[-56.800597,-20.027253],[-56.791082,-20.039468],[-56.762082,-20.075062],[-56.761584,-20.075633],[-56.761069,-20.07619],[-56.76094,-20.076315],[-56.760761,-20.076493],[-56.760343,-20.076897],[-56.744369,-20.092355],[-56.743004,-20.093676],[-56.739333,-20.097229],[-56.739273,-20.097284],[-56.724161,-20.111897],[-56.716638,-20.11917],[-56.71174,-20.123905],[-56.708592,-20.126933],[-56.704655,-20.13072],[-56.703685,-20.131433],[-56.70272,-20.131887],[-56.701695,-20.132167],[-56.693595,-20.132613],[-56.692934,-20.132645],[-56.691813,-20.132705],[-56.64936,-20.135017],[-56.639893,-20.135533],[-56.638608,-20.135717],[-56.637193,-20.136163],[-56.6308,-20.138661],[-56.621537,-20.14228],[-56.613765,-20.145316],[-56.58841,-20.155216],[-56.585106,-20.156506],[-56.581805,-20.157795],[-56.557091,-20.167444],[-56.55699,-20.167483],[-56.53449,-20.176267],[-56.526228,-20.179488],[-56.517201,-20.183012],[-56.516857,-20.183154],[-56.51647,-20.183349],[-56.516133,-20.183548],[-56.51581,-20.183768],[-56.515494,-20.184009],[-56.515199,-20.184275],[-56.514921,-20.184554],[-56.514665,-20.184848],[-56.511145,-20.189302],[-56.510975,-20.189501],[-56.510792,-20.189693],[-56.510597,-20.189875],[-56.510379,-20.190043],[-56.51016,-20.190195],[-56.509921,-20.190335],[-56.50967,-20.19046],[-56.509408,-20.190562],[-56.509025,-20.190677],[-56.508626,-20.190758],[-56.508216,-20.190802],[-56.5078,-20.190814],[-56.505953,-20.190772],[-56.504591,-20.190741],[-56.502842,-20.190698],[-56.4984,-20.190624],[-56.479816,-20.190132],[-56.476938,-20.190062],[-56.456437,-20.189558],[-56.454188,-20.189567],[-56.453017,-20.189737],[-56.45181,-20.190123],[-56.450695,-20.190697],[-56.424968,-20.208089],[-56.416466,-20.213853],[-56.407985,-20.219591],[-56.405595,-20.221258],[-56.398314,-20.226154],[-56.39315,-20.22967],[-56.392864,-20.229971],[-56.392733,-20.230171],[-56.392711,-20.230268],[-56.392636,-20.230542],[-56.392632,-20.230776],[-56.393049,-20.231905],[-56.393484,-20.233086],[-56.39375,-20.233758],[-56.394057,-20.234393],[-56.39531,-20.236386],[-56.396021,-20.237565],[-56.396442,-20.238443],[-56.396661,-20.239081],[-56.396827,-20.239796],[-56.397127,-20.240266],[-56.397165,-20.240291],[-56.3972,-20.24032],[-56.397229,-20.240355],[-56.397355,-20.240422],[-56.397553,-20.240513],[-56.397858,-20.240634],[-56.398004,-20.240654],[-56.398986,-20.24078],[-56.400314,-20.240947],[-56.400367,-20.240958],[-56.400652,-20.241012],[-56.400939,-20.241114],[-56.401117,-20.241237],[-56.401303,-20.241451],[-56.401371,-20.241598],[-56.401408,-20.241734],[-56.401428,-20.242059],[-56.401487,-20.2439],[-56.401496,-20.244338],[-56.401509,-20.244768],[-56.401544,-20.24817],[-56.40155,-20.248407],[-56.401579,-20.250267],[-56.401586,-20.250627],[-56.401644,-20.253506],[-56.401656,-20.253858],[-56.401719,-20.254155],[-56.401832,-20.254439],[-56.402052,-20.254784],[-56.402332,-20.255081],[-56.402552,-20.255248],[-56.402724,-20.255362],[-56.404176,-20.255952],[-56.40504,-20.256337],[-56.405611,-20.256682],[-56.406131,-20.257134],[-56.406518,-20.25759],[-56.406901,-20.258254],[-56.407051,-20.258609],[-56.407169,-20.259145],[-56.407306,-20.261104],[-56.407642,-20.266355],[-56.408784,-20.285518],[-56.409288,-20.293375],[-56.409339,-20.29374],[-56.409414,-20.294111],[-56.409746,-20.294939],[-56.412653,-20.299784],[-56.434162,-20.33523],[-56.434979,-20.336796],[-56.435624,-20.338403],[-56.439784,-20.354082],[-56.441637,-20.3613],[-56.444942,-20.374059],[-56.445436,-20.375489],[-56.445751,-20.376125],[-56.446236,-20.376762],[-56.446989,-20.377645],[-56.455599,-20.384605],[-56.456793,-20.385404],[-56.45759,-20.38579],[-56.465425,-20.38961],[-56.47098,-20.392302],[-56.472334,-20.393185],[-56.473149,-20.393988],[-56.481019,-20.40221],[-56.483032,-20.404396],[-56.485227,-20.40658],[-56.485908,-20.407263],[-56.486376,-20.407595],[-56.489888,-20.409345],[-56.496313,-20.412404],[-56.497904,-20.413146],[-56.499474,-20.413575],[-56.510648,-20.416195],[-56.511704,-20.416522],[-56.512771,-20.416986],[-56.518608,-20.419944],[-56.531943,-20.42666],[-56.532806,-20.427063],[-56.533589,-20.427297],[-56.534042,-20.42744],[-56.534921,-20.427552],[-56.53544,-20.427574],[-56.536359,-20.427543],[-56.538983,-20.427436],[-56.554932,-20.426785],[-56.559179,-20.426549],[-56.559997,-20.426534],[-56.560694,-20.42659],[-56.561893,-20.426834],[-56.562962,-20.42726],[-56.563886,-20.427788],[-56.564638,-20.428392],[-56.572549,-20.436043],[-56.573222,-20.436771],[-56.57376,-20.437488],[-56.574225,-20.438334],[-56.574602,-20.439313],[-56.578337,-20.450984],[-56.578505,-20.452016],[-56.578564,-20.453043],[-56.578506,-20.454046],[-56.57837,-20.454966],[-56.578195,-20.456143],[-56.577355,-20.462138],[-56.577198,-20.463413],[-56.57721,-20.464441],[-56.57737,-20.465287],[-56.577565,-20.466014],[-56.579767,-20.471554],[-56.58027,-20.472591],[-56.580824,-20.473419],[-56.581457,-20.474158],[-56.582294,-20.474911],[-56.594865,-20.483906],[-56.595811,-20.48446],[-56.596638,-20.484841],[-56.597678,-20.485147],[-56.598373,-20.485225],[-56.599373,-20.485273],[-56.603393,-20.485097],[-56.622791,-20.484248],[-56.623774,-20.484235],[-56.626352,-20.484361],[-56.627407,-20.484379],[-56.627806,-20.484343],[-56.628007,-20.484322],[-56.628201,-20.484301],[-56.628624,-20.48423],[-56.629685,-20.483967],[-56.633203,-20.482888],[-56.63493,-20.482355],[-56.635793,-20.482044],[-56.636777,-20.48153],[-56.637602,-20.48095],[-56.638483,-20.480132],[-56.639031,-20.479477],[-56.644128,-20.473231],[-56.644764,-20.472674],[-56.645582,-20.472097],[-56.649989,-20.469803],[-56.651008,-20.469273],[-56.651653,-20.468937],[-56.652702,-20.468404],[-56.653431,-20.468155],[-56.654285,-20.468126],[-56.655116,-20.468216],[-56.656394,-20.468511],[-56.65713,-20.468747],[-56.657806,-20.46911],[-56.658389,-20.469663],[-56.65879,-20.470303],[-56.659059,-20.471013],[-56.659111,-20.47167],[-56.659021,-20.472123],[-56.657734,-20.478619],[-56.657661,-20.479226],[-56.657669,-20.47972],[-56.657757,-20.480482],[-56.658243,-20.483652],[-56.658515,-20.484349],[-56.658834,-20.484881],[-56.660596,-20.487124],[-56.661066,-20.487997],[-56.661265,-20.488768],[-56.662472,-20.49592],[-56.66405,-20.505099],[-56.664139,-20.506008],[-56.664168,-20.511679],[-56.664275,-20.512748],[-56.664888,-20.517737],[-56.665086,-20.51874],[-56.665355,-20.519446],[-56.665907,-20.520488],[-56.666155,-20.521136],[-56.666217,-20.521771],[-56.666141,-20.522447],[-56.665823,-20.523487],[-56.665758,-20.524024],[-56.665799,-20.524669],[-56.665949,-20.525398],[-56.666062,-20.526198],[-56.666043,-20.526822],[-56.665825,-20.528485],[-56.665464,-20.531915],[-56.665485,-20.532579],[-56.665609,-20.533189],[-56.666778,-20.536747],[-56.666887,-20.536913],[-56.667017,-20.537043],[-56.667086,-20.537113],[-56.667146,-20.537154],[-56.667238,-20.537229],[-56.667381,-20.537349],[-56.667538,-20.53741],[-56.667764,-20.537468],[-56.667981,-20.537506],[-56.668177,-20.537524],[-56.669348,-20.537634],[-56.669724,-20.53767],[-56.676204,-20.5383],[-56.678105,-20.538485],[-56.678904,-20.538641],[-56.67943,-20.538848],[-56.679847,-20.539161],[-56.680223,-20.539568],[-56.680496,-20.540055],[-56.680959,-20.541188],[-56.681333,-20.541841],[-56.681934,-20.542563],[-56.68498,-20.545045],[-56.68582,-20.545547],[-56.686699,-20.545943],[-56.688115,-20.546362],[-56.689661,-20.546811],[-56.690675,-20.547287],[-56.691564,-20.547861],[-56.692207,-20.548407],[-56.695199,-20.551353],[-56.695572,-20.551766],[-56.695739,-20.551885],[-56.695921,-20.55199],[-56.696147,-20.552079],[-56.696239,-20.552086],[-56.696326,-20.552117],[-56.6964,-20.552168],[-56.696462,-20.552246],[-56.696496,-20.552338],[-56.696497,-20.552435],[-56.696467,-20.552528],[-56.696408,-20.552607],[-56.696306,-20.552767],[-56.696249,-20.552892],[-56.696209,-20.553111],[-56.696312,-20.554884],[-56.696606,-20.558834],[-56.696724,-20.561094],[-56.696994,-20.565058],[-56.697047,-20.566431],[-56.697023,-20.566887],[-56.696734,-20.568189],[-56.696562,-20.568681],[-56.695939,-20.569838],[-56.69529,-20.571111],[-56.692889,-20.57566],[-56.688685,-20.583754],[-56.68762,-20.585948],[-56.687145,-20.587052],[-56.686933,-20.588023],[-56.686889,-20.588958],[-56.686996,-20.58996],[-56.687302,-20.591817],[-56.687415,-20.592434],[-56.687461,-20.592697],[-56.687523,-20.593042],[-56.687565,-20.593257],[-56.687855,-20.59488],[-56.687971,-20.595762],[-56.687912,-20.596441],[-56.687911,-20.596726],[-56.687725,-20.597678],[-56.687501,-20.59836],[-56.687001,-20.599255],[-56.686397,-20.599974],[-56.685635,-20.600764],[-56.684546,-20.601689],[-56.68133,-20.604563],[-56.678572,-20.607028],[-56.677919,-20.60766],[-56.676491,-20.608875],[-56.675911,-20.609437],[-56.673397,-20.611659],[-56.670547,-20.61417],[-56.669161,-20.61543],[-56.667831,-20.616609],[-56.667164,-20.617199],[-56.666533,-20.617773],[-56.666112,-20.618164],[-56.665372,-20.618833],[-56.664308,-20.619799],[-56.662933,-20.621046],[-56.660475,-20.623257],[-56.658023,-20.625461],[-56.656803,-20.626561],[-56.656182,-20.62711],[-56.655568,-20.627653],[-56.654679,-20.62849],[-56.654296,-20.628803],[-56.653983,-20.629062],[-56.653635,-20.629319],[-56.653267,-20.629564],[-56.652861,-20.629797],[-56.652429,-20.630039],[-56.650544,-20.63116],[-56.648618,-20.632269],[-56.643887,-20.635008],[-56.64318,-20.635421],[-56.642467,-20.635857],[-56.639992,-20.637314],[-56.636388,-20.639432],[-56.636159,-20.639611],[-56.635915,-20.639813],[-56.635471,-20.640254],[-56.635146,-20.640607],[-56.634882,-20.640971],[-56.634635,-20.641378],[-56.634502,-20.641679],[-56.634471,-20.641749],[-56.634306,-20.642136],[-56.634206,-20.642483],[-56.634111,-20.642867],[-56.63404,-20.643176],[-56.634002,-20.643514],[-56.633787,-20.645879],[-56.633587,-20.648302],[-56.633314,-20.651203],[-56.632982,-20.655003],[-56.632649,-20.658835],[-56.631982,-20.66648],[-56.631594,-20.672211],[-56.631221,-20.67568],[-56.628786,-20.704208],[-56.628099,-20.711716],[-56.627906,-20.714582],[-56.627568,-20.717782],[-56.627336,-20.720649],[-56.627319,-20.721669],[-56.627718,-20.7259],[-56.628036,-20.728993],[-56.628103,-20.729639],[-56.628721,-20.736379],[-56.628758,-20.736755],[-56.630581,-20.755141],[-56.630601,-20.755821],[-56.630525,-20.756509],[-56.630368,-20.757182],[-56.630124,-20.757841],[-56.622113,-20.775917],[-56.621857,-20.776559],[-56.621714,-20.777115],[-56.621627,-20.777715],[-56.621605,-20.778245],[-56.621632,-20.787199],[-56.621642,-20.79598],[-56.621665,-20.802846],[-56.621664,-20.80304],[-56.621694,-20.808318],[-56.621697,-20.808886],[-56.621769,-20.809561],[-56.621918,-20.810261],[-56.622106,-20.81095],[-56.622697,-20.812996],[-56.622739,-20.813169],[-56.629644,-20.837398],[-56.629947,-20.838469],[-56.630137,-20.839204],[-56.630259,-20.839952],[-56.630253,-20.840715],[-56.630086,-20.841479],[-56.629856,-20.842204],[-56.629464,-20.842932],[-56.62902,-20.843626],[-56.628599,-20.844216],[-56.628417,-20.844471],[-56.605069,-20.877177],[-56.604868,-20.877461],[-56.590415,-20.897759],[-56.590193,-20.8981],[-56.590095,-20.898311],[-56.589824,-20.898875],[-56.589612,-20.899456],[-56.589426,-20.900044],[-56.582846,-20.921467],[-56.582553,-20.922106],[-56.582142,-20.922722],[-56.581621,-20.923252],[-56.581041,-20.92374],[-56.573278,-20.929285],[-56.573089,-20.929424],[-56.572956,-20.929521],[-56.572817,-20.929632],[-56.572668,-20.929737],[-56.563267,-20.936365],[-56.562856,-20.936705],[-56.562477,-20.937064],[-56.562136,-20.937422],[-56.561988,-20.9376],[-56.561838,-20.93778],[-56.547492,-20.955048],[-56.547257,-20.955417],[-56.547065,-20.955793],[-56.546905,-20.956179],[-56.546775,-20.956572],[-56.546692,-20.956957],[-56.546627,-20.957357],[-56.546592,-20.957757],[-56.546586,-20.958165],[-56.546869,-20.963769],[-56.54708,-20.96795],[-56.547094,-20.968305],[-56.547316,-20.972295],[-56.54733,-20.97258],[-56.547399,-20.973917],[-56.547388,-20.974372],[-56.547352,-20.974813],[-56.547272,-20.975254],[-56.547158,-20.975682],[-56.54701,-20.976112],[-56.538991,-20.99499],[-56.535787,-21.002532],[-56.535677,-21.002807],[-56.53558,-21.003085],[-56.535498,-21.003366],[-56.535427,-21.003652],[-56.535369,-21.003937],[-56.535325,-21.004222],[-56.535296,-21.004513],[-56.535278,-21.004806],[-56.535206,-21.01472],[-56.535197,-21.015872],[-56.535157,-21.02146],[-56.535141,-21.023528],[-56.535071,-21.033196],[-56.534985,-21.044986],[-56.534975,-21.045307],[-56.534948,-21.045629],[-56.534908,-21.045949],[-56.534855,-21.04627],[-56.534784,-21.046588],[-56.534697,-21.046904],[-56.534596,-21.047212],[-56.53448,-21.047521],[-56.534114,-21.048285],[-56.529951,-21.056964],[-56.525948,-21.065339],[-56.524504,-21.068335],[-56.523592,-21.07023],[-56.523429,-21.07057],[-56.516858,-21.084272],[-56.516747,-21.084534],[-56.516641,-21.0848],[-56.516546,-21.085068],[-56.516461,-21.08534],[-56.514078,-21.093548],[-56.512753,-21.098113],[-56.512143,-21.100212],[-56.511215,-21.103493],[-56.511003,-21.10414],[-56.510865,-21.104584],[-56.51071,-21.105029],[-56.509735,-21.10764],[-56.507396,-21.113769],[-56.507132,-21.1145],[-56.506946,-21.115004],[-56.506813,-21.115381],[-56.506779,-21.115476],[-56.506633,-21.115892],[-56.506449,-21.116415],[-56.506241,-21.116992],[-56.506261,-21.117114],[-56.50629,-21.117189],[-56.506326,-21.117261],[-56.506371,-21.117327],[-56.506447,-21.117372],[-56.506491,-21.117425],[-56.506516,-21.117487],[-56.506519,-21.117554],[-56.506501,-21.117619],[-56.506463,-21.117675],[-56.506408,-21.117718],[-56.506396,-21.117725],[-56.506384,-21.11773],[-56.505979,-21.117944],[-56.505742,-21.118036],[-56.505573,-21.118116],[-56.504569,-21.118604],[-56.503532,-21.119127],[-56.503397,-21.119195],[-56.502962,-21.11941],[-56.502508,-21.119643],[-56.501505,-21.120149],[-56.501362,-21.120222],[-56.500478,-21.120667],[-56.499969,-21.120924],[-56.49947,-21.121176],[-56.499316,-21.121254],[-56.498942,-21.121454],[-56.49842,-21.121725],[-56.497413,-21.122232],[-56.496901,-21.122485],[-56.496508,-21.122683],[-56.496388,-21.122745],[-56.495385,-21.123267],[-56.495137,-21.123386],[-56.494485,-21.123712],[-56.493443,-21.124216],[-56.49242,-21.124733],[-56.492271,-21.124808],[-56.491418,-21.125238],[-56.492023,-21.126209],[-56.490988,-21.126725],[-56.48998,-21.12723],[-56.488943,-21.127749],[-56.487931,-21.128255],[-56.486886,-21.128761],[-56.485867,-21.12927],[-56.484856,-21.129776],[-56.483832,-21.130289],[-56.48281,-21.1308],[-56.482798,-21.130781],[-56.482774,-21.130743],[-56.48224,-21.129893],[-56.481772,-21.130181],[-56.481308,-21.130467],[-56.481195,-21.130537],[-56.481177,-21.130548],[-56.481119,-21.130584],[-56.481015,-21.130647],[-56.480997,-21.130659],[-56.480936,-21.130697],[-56.480584,-21.13091],[-56.480305,-21.131086],[-56.480225,-21.131144],[-56.480145,-21.131201],[-56.48001,-21.131318],[-56.47994,-21.131392],[-56.479857,-21.131479],[-56.479726,-21.131645],[-56.47963,-21.131785],[-56.479608,-21.131817],[-56.479292,-21.132405],[-56.479243,-21.132496],[-56.479105,-21.132753],[-56.478962,-21.133019],[-56.47863,-21.133636],[-56.478401,-21.134061],[-56.478297,-21.134255],[-56.478046,-21.134722],[-56.477736,-21.135298],[-56.477629,-21.135497],[-56.477287,-21.136132],[-56.477095,-21.13649],[-56.476971,-21.136721],[-56.475412,-21.139617],[-56.475235,-21.139988],[-56.475054,-21.14042],[-56.474896,-21.140855],[-56.474761,-21.141297],[-56.474127,-21.143954],[-56.473902,-21.1449],[-56.473229,-21.147721],[-56.473133,-21.148039],[-56.473015,-21.148367],[-56.472871,-21.148697],[-56.472689,-21.14905],[-56.472633,-21.149149],[-56.471185,-21.151488],[-56.470368,-21.152789],[-56.469964,-21.153366],[-56.469037,-21.154511],[-56.46687,-21.15737],[-56.466652,-21.157674],[-56.465013,-21.159867],[-56.453987,-21.170989],[-56.453903,-21.171104],[-56.453797,-21.171277],[-56.453731,-21.17141],[-56.453678,-21.171561],[-56.453648,-21.171631],[-56.453596,-21.171689],[-56.453527,-21.171729],[-56.453448,-21.171746],[-56.453328,-21.171765],[-56.453208,-21.171792],[-56.453091,-21.171834],[-56.452974,-21.171889],[-56.452667,-21.17214],[-56.452415,-21.172347],[-56.451201,-21.173338],[-56.45034,-21.17404],[-56.450093,-21.174244],[-56.449324,-21.174877],[-56.449187,-21.174999],[-56.449063,-21.175125],[-56.448943,-21.175264],[-56.448837,-21.175412],[-56.448746,-21.175566],[-56.448667,-21.175727],[-56.448602,-21.175893],[-56.448551,-21.176065],[-56.448519,-21.176231],[-56.448498,-21.1764],[-56.448493,-21.17657],[-56.448499,-21.176742],[-56.448516,-21.176909],[-56.448551,-21.177078],[-56.448653,-21.177401],[-56.448794,-21.177754],[-56.449173,-21.178702],[-56.451745,-21.185127],[-56.452112,-21.186231],[-56.45237,-21.187355],[-56.452423,-21.187742],[-56.452523,-21.188485],[-56.452575,-21.189619],[-56.452319,-21.197687],[-56.452344,-21.198424],[-56.452417,-21.199165],[-56.452531,-21.199893],[-56.452692,-21.200614],[-56.454067,-21.20496],[-56.454206,-21.205463],[-56.454319,-21.205968],[-56.454391,-21.206476],[-56.454434,-21.206986],[-56.454782,-21.21512],[-56.454773,-21.215621],[-56.454733,-21.216131],[-56.454673,-21.216612],[-56.454584,-21.217084],[-56.454471,-21.217551],[-56.454128,-21.218721],[-56.454043,-21.219049],[-56.453975,-21.219403],[-56.453918,-21.219767],[-56.453879,-21.220118],[-56.453854,-21.220476],[-56.453837,-21.220975],[-56.453848,-21.221478],[-56.454093,-21.225306],[-56.454118,-21.225453],[-56.454153,-21.22556],[-56.454204,-21.225665],[-56.454245,-21.22573],[-56.454364,-21.225911],[-56.454393,-21.226],[-56.454383,-21.226094],[-56.454336,-21.226176],[-56.454289,-21.22627],[-56.454251,-21.226352],[-56.454205,-21.226508],[-56.454188,-21.2266],[-56.454183,-21.226707],[-56.454204,-21.227088],[-56.454235,-21.227642],[-56.454236,-21.228118],[-56.454181,-21.228545],[-56.454109,-21.228915],[-56.453526,-21.231513],[-56.453404,-21.232092],[-56.453233,-21.233166],[-56.453147,-21.233659],[-56.452982,-21.234374],[-56.452849,-21.234829],[-56.452429,-21.236001],[-56.452228,-21.236497],[-56.451974,-21.237017],[-56.451348,-21.238143],[-56.451115,-21.238505],[-56.45085,-21.238859],[-56.450522,-21.23924],[-56.449731,-21.240012],[-56.448316,-21.24133],[-56.448192,-21.241459],[-56.448123,-21.24155],[-56.448055,-21.241659],[-56.447995,-21.241768],[-56.447863,-21.242027],[-56.447816,-21.242143],[-56.447789,-21.242219],[-56.447763,-21.242314],[-56.447742,-21.242394],[-56.44772,-21.242459],[-56.447679,-21.242548],[-56.447596,-21.242684],[-56.447494,-21.242818],[-56.44743,-21.242881],[-56.44737,-21.24293],[-56.447311,-21.24298],[-56.447256,-21.243039],[-56.44718,-21.243133],[-56.446997,-21.243391],[-56.446943,-21.243489],[-56.446895,-21.243595],[-56.446857,-21.243705],[-56.446506,-21.245122],[-56.446491,-21.245171],[-56.446402,-21.245444],[-56.443753,-21.253021],[-56.44367,-21.253273],[-56.443607,-21.253502],[-56.443063,-21.255675],[-56.442923,-21.256234],[-56.442038,-21.259299],[-56.438645,-21.26687],[-56.438267,-21.268147],[-56.437847,-21.271822],[-56.437606,-21.273273],[-56.436177,-21.279596],[-56.435885,-21.281007],[-56.435861,-21.281497],[-56.435882,-21.282296],[-56.436334,-21.28444],[-56.436934,-21.287176],[-56.436979,-21.288084],[-56.436895,-21.28879],[-56.43502,-21.294629],[-56.434,-21.297724],[-56.433439,-21.299465],[-56.433348,-21.299729],[-56.433268,-21.299994],[-56.432947,-21.301036],[-56.432896,-21.301553],[-56.432897,-21.302139],[-56.432942,-21.302466],[-56.433155,-21.303278],[-56.433541,-21.304428],[-56.43399,-21.305868],[-56.434061,-21.306528],[-56.433998,-21.30737],[-56.433023,-21.310611],[-56.431907,-21.314152],[-56.431338,-21.315456],[-56.429165,-21.318931],[-56.428879,-21.319609],[-56.428756,-21.320297],[-56.428764,-21.321063],[-56.428894,-21.32163],[-56.429162,-21.322267],[-56.42955,-21.322806],[-56.430029,-21.323354],[-56.430702,-21.323748],[-56.431339,-21.324011],[-56.443532,-21.328039],[-56.446102,-21.328933],[-56.446814,-21.32937],[-56.447421,-21.330025],[-56.447631,-21.330318],[-56.447909,-21.330859],[-56.448135,-21.331762],[-56.448079,-21.332942],[-56.44769,-21.341103],[-56.447561,-21.343815],[-56.447437,-21.346082],[-56.44741,-21.348331],[-56.44744,-21.349296],[-56.447483,-21.350143],[-56.447696,-21.355643],[-56.447843,-21.359999],[-56.448046,-21.372602],[-56.448201,-21.373997],[-56.448515,-21.376467],[-56.449164,-21.381958],[-56.449251,-21.382693],[-56.449329,-21.385079],[-56.451566,-21.401532],[-56.453231,-21.408767],[-56.45362,-21.410147],[-56.454265,-21.411552],[-56.456416,-21.415709],[-56.456853,-21.416442],[-56.457112,-21.416806],[-56.457371,-21.417098],[-56.462493,-21.423206],[-56.46289,-21.423769],[-56.466272,-21.429316],[-56.468257,-21.432073],[-56.468445,-21.432348],[-56.468606,-21.432633],[-56.468746,-21.432931],[-56.468859,-21.433232],[-56.468945,-21.43354],[-56.469,-21.433855],[-56.469036,-21.434164],[-56.469039,-21.43448],[-56.469036,-21.434907],[-56.469019,-21.435413],[-56.468986,-21.435903],[-56.468938,-21.436527],[-56.468874,-21.437171],[-56.468857,-21.437463],[-56.468816,-21.437825],[-56.46877,-21.438324],[-56.468746,-21.438574],[-56.468671,-21.439388],[-56.468617,-21.439912],[-56.468563,-21.440436],[-56.468509,-21.440961],[-56.468461,-21.441445],[-56.468402,-21.442381],[-56.468322,-21.44613],[-56.468347,-21.446527],[-56.468399,-21.446941],[-56.468494,-21.447313],[-56.468619,-21.447698],[-56.47049,-21.452475],[-56.470624,-21.452956],[-56.470712,-21.453434],[-56.470723,-21.453667],[-56.470732,-21.453856],[-56.470714,-21.454332],[-56.470647,-21.454771],[-56.470503,-21.455255],[-56.470271,-21.455771],[-56.47007,-21.456058],[-56.462855,-21.467158],[-56.462616,-21.467566],[-56.462454,-21.468011],[-56.462297,-21.468444],[-56.462143,-21.468955],[-56.461644,-21.470624],[-56.454169,-21.495633],[-56.454162,-21.495722],[-56.454167,-21.495807],[-56.45418,-21.495889],[-56.454205,-21.495966],[-56.454244,-21.496088],[-56.454282,-21.496148],[-56.454371,-21.496276],[-56.454466,-21.496362],[-56.454538,-21.496418],[-56.454725,-21.496548],[-56.463395,-21.499676],[-56.464026,-21.499892],[-56.464668,-21.500119],[-56.465607,-21.500473],[-56.467345,-21.501084],[-56.468524,-21.501523],[-56.472642,-21.502994],[-56.474146,-21.503553],[-56.475866,-21.504163],[-56.47815,-21.504997],[-56.483135,-21.506785],[-56.492328,-21.510083],[-56.511682,-21.517038],[-56.512336,-21.517283],[-56.513486,-21.517686],[-56.540074,-21.52721],[-56.540358,-21.527315],[-56.545707,-21.529232],[-56.546939,-21.529679],[-56.559758,-21.534255],[-56.579226,-21.541183],[-56.591418,-21.545522],[-56.591852,-21.545675],[-56.592065,-21.545751],[-56.592457,-21.54589],[-56.60377,-21.549947],[-56.604447,-21.550191],[-56.605163,-21.550454],[-56.605659,-21.550626],[-56.607109,-21.551143],[-56.610109,-21.552214],[-56.628505,-21.558717],[-56.62912,-21.558939],[-56.629451,-21.559058],[-56.629861,-21.559207],[-56.630359,-21.55939],[-56.630426,-21.559419],[-56.630689,-21.559533],[-56.630834,-21.559582],[-56.631632,-21.559854],[-56.632298,-21.560172],[-56.632592,-21.560312],[-56.634423,-21.561278],[-56.635426,-21.561958],[-56.63649,-21.562786],[-56.63746,-21.563642],[-56.638363,-21.564582],[-56.651924,-21.579183],[-56.65874,-21.586525],[-56.662181,-21.590219],[-56.665483,-21.593771],[-56.696606,-21.627226],[-56.718913,-21.651188],[-56.721007,-21.653437],[-56.721397,-21.653853],[-56.722658,-21.655206],[-56.73182,-21.665059],[-56.731902,-21.665145],[-56.734007,-21.667375],[-56.735745,-21.66888],[-56.736963,-21.669755],[-56.738581,-21.670702],[-56.740286,-21.671515],[-56.742767,-21.672594],[-56.745938,-21.673975],[-56.759232,-21.679792],[-56.762605,-21.681268],[-56.763182,-21.681522],[-56.764931,-21.682277],[-56.765901,-21.682596],[-56.766644,-21.682749],[-56.795569,-21.687993],[-56.796515,-21.688203],[-56.797667,-21.688553],[-56.798779,-21.689086],[-56.802185,-21.690942],[-56.807763,-21.693983],[-56.810027,-21.69524],[-56.814919,-21.697952],[-56.816737,-21.699305],[-56.826104,-21.70668],[-56.831826,-21.711183],[-56.832315,-21.711549],[-56.832753,-21.711875],[-56.833536,-21.712286],[-56.834611,-21.712545],[-56.835765,-21.712473],[-56.836438,-21.712287],[-56.837014,-21.712018],[-56.837152,-21.711949],[-56.837549,-21.711775],[-56.839787,-21.7108],[-56.840575,-21.710477],[-56.841351,-21.710221],[-56.842073,-21.710053],[-56.84278,-21.709954],[-56.843843,-21.709849],[-56.844927,-21.709737],[-56.846186,-21.709641],[-56.847231,-21.709684],[-56.848327,-21.709896],[-56.849419,-21.710169],[-56.850501,-21.710442],[-56.851241,-21.71067],[-56.852389,-21.71124],[-56.853483,-21.712057],[-56.853901,-21.712475],[-56.854237,-21.712811],[-56.860698,-21.719182],[-56.861189,-21.719661],[-56.861343,-21.71981],[-56.862975,-21.721399],[-56.863726,-21.721971],[-56.868953,-21.725696],[-56.870566,-21.726818],[-56.87141,-21.727516],[-56.87168,-21.727785],[-56.872271,-21.728375],[-56.876347,-21.732969],[-56.877569,-21.734325],[-56.879098,-21.736023],[-56.879458,-21.736423],[-56.879741,-21.736767],[-56.880255,-21.737282],[-56.88111,-21.737973],[-56.881743,-21.738361],[-56.882457,-21.738703],[-56.883503,-21.739027],[-56.884275,-21.739152],[-56.885112,-21.739206],[-56.887253,-21.739076],[-56.889511,-21.738897],[-56.890613,-21.738732],[-56.891477,-21.738481],[-56.892797,-21.737853],[-56.893411,-21.73738],[-56.893945,-21.736909],[-56.895734,-21.735122],[-56.898054,-21.732847],[-56.898724,-21.73225],[-56.89943,-21.731871],[-56.900082,-21.731664],[-56.900927,-21.731617],[-56.901439,-21.731674],[-56.901938,-21.731821],[-56.902305,-21.731968],[-56.905985,-21.733926],[-56.913364,-21.737878],[-56.914512,-21.738583],[-56.914885,-21.738884],[-56.915494,-21.739492],[-56.916124,-21.740352],[-56.920284,-21.746506],[-56.921759,-21.748409],[-56.922151,-21.748753],[-56.923117,-21.749425],[-56.924144,-21.749869],[-56.924296,-21.74993],[-56.924983,-21.750141],[-56.926096,-21.750308],[-56.927083,-21.750308],[-56.928306,-21.750108],[-56.930323,-21.74981],[-56.931461,-21.749889],[-56.935664,-21.750878],[-56.936996,-21.751256],[-56.937565,-21.751489],[-56.938391,-21.752042],[-56.938992,-21.7525],[-56.939589,-21.753119],[-56.94018,-21.753887],[-56.940966,-21.755171],[-56.941549,-21.75596],[-56.942061,-21.756566],[-56.942916,-21.757208],[-56.943343,-21.757516],[-56.946292,-21.759167],[-56.950618,-21.761542],[-56.95163,-21.761868],[-56.952575,-21.762046],[-56.953214,-21.762117],[-56.954497,-21.762148],[-56.955847,-21.762123],[-56.95709,-21.762079],[-56.958161,-21.76191],[-56.959429,-21.761473],[-56.965714,-21.75898],[-56.967311,-21.758297],[-56.968514,-21.757539],[-56.969052,-21.757048],[-56.969547,-21.756458],[-56.970459,-21.755235],[-56.971095,-21.754329],[-56.973239,-21.751257],[-56.973723,-21.750114],[-56.973871,-21.74963],[-56.97395,-21.749134],[-56.974068,-21.747116],[-56.974186,-21.745404],[-56.974329,-21.744302],[-56.974664,-21.743382],[-56.975103,-21.742316],[-56.97548,-21.741415],[-56.975956,-21.740554],[-56.976769,-21.739576],[-56.977995,-21.73838],[-56.98206,-21.734685],[-56.986267,-21.73086],[-56.996198,-21.721825],[-56.996907,-21.721307],[-56.997958,-21.720788],[-56.999052,-21.720449],[-57.001501,-21.72004],[-57.00272,-21.719907],[-57.003609,-21.719855],[-57.004181,-21.719903],[-57.004674,-21.720031],[-57.005121,-21.72019],[-57.005522,-21.720396],[-57.005888,-21.720649],[-57.006219,-21.720948],[-57.00667,-21.721586],[-57.006823,-21.722081],[-57.007592,-21.724576],[-57.008,-21.725612],[-57.00888,-21.726768],[-57.012592,-21.730396],[-57.013033,-21.730697],[-57.013499,-21.730911],[-57.014193,-21.731104],[-57.014753,-21.731219],[-57.015411,-21.731353],[-57.01583,-21.731489],[-57.01624,-21.731672],[-57.016743,-21.73202],[-57.016964,-21.732216],[-57.017336,-21.732531],[-57.017708,-21.732845],[-57.018164,-21.733133],[-57.018627,-21.733332],[-57.019261,-21.733496],[-57.020125,-21.733539],[-57.021017,-21.733499],[-57.023106,-21.733267],[-57.023922,-21.733127],[-57.024608,-21.732948],[-57.026969,-21.732031],[-57.027677,-21.731891],[-57.028428,-21.731772],[-57.030187,-21.731792],[-57.03126,-21.731732],[-57.032222,-21.731519],[-57.03305,-21.731201],[-57.034796,-21.730265],[-57.037352,-21.729095],[-57.03818,-21.728543],[-57.038738,-21.727891],[-57.039278,-21.727055],[-57.041528,-21.723259],[-57.041996,-21.722557],[-57.042626,-21.721921],[-57.04358,-21.721286],[-57.044732,-21.720834],[-57.045266,-21.720717],[-57.049898,-21.719697],[-57.050743,-21.719647],[-57.051517,-21.71963],[-57.052651,-21.719814],[-57.066727,-21.72443],[-57.069175,-21.725048],[-57.103347,-21.731638],[-57.104275,-21.732004],[-57.105355,-21.732623],[-57.111025,-21.73697],[-57.112105,-21.737605],[-57.113221,-21.738107],[-57.139318,-21.748941],[-57.13993,-21.749211],[-57.143176,-21.750561],[-57.145805,-21.751679],[-57.146282,-21.751942],[-57.146829,-21.752255],[-57.147456,-21.752799],[-57.149185,-21.754661],[-57.155199,-21.761239],[-57.156741,-21.762671],[-57.157608,-21.763184],[-57.15847,-21.763467],[-57.167539,-21.765742],[-57.168467,-21.765979],[-57.174824,-21.767606],[-57.188967,-21.771263],[-57.195253,-21.772889],[-57.1973,-21.773186],[-57.198431,-21.77308],[-57.199339,-21.772803],[-57.20935,-21.768901],[-57.210275,-21.768651],[-57.211224,-21.768546],[-57.212363,-21.768667],[-57.213709,-21.768881],[-57.221882,-21.770929],[-57.22218,-21.770975],[-57.222331,-21.770999],[-57.222473,-21.771011],[-57.222714,-21.77101],[-57.222933,-21.771011],[-57.223102,-21.771022],[-57.223257,-21.771048],[-57.223441,-21.771094],[-57.224758,-21.771423],[-57.224957,-21.771467],[-57.225069,-21.771507],[-57.225189,-21.771555],[-57.225691,-21.771813],[-57.225812,-21.771867],[-57.225949,-21.771917],[-57.226243,-21.772014],[-57.231022,-21.773211],[-57.235663,-21.774373],[-57.243341,-21.776277],[-57.244164,-21.776419],[-57.244881,-21.776429],[-57.245419,-21.776309],[-57.245876,-21.77615],[-57.24643,-21.77582],[-57.246918,-21.775368],[-57.249714,-21.772073],[-57.254345,-21.768062],[-57.255816,-21.766847],[-57.256462,-21.766427],[-57.257196,-21.766097],[-57.266582,-21.763144],[-57.268422,-21.762547],[-57.269759,-21.762302],[-57.271513,-21.762416],[-57.274241,-21.762878],[-57.279737,-21.763739],[-57.292084,-21.765651],[-57.295756,-21.766243],[-57.297592,-21.766528],[-57.29887,-21.766583],[-57.299548,-21.766517],[-57.30213,-21.766105],[-57.305068,-21.765636],[-57.310446,-21.764778],[-57.311004,-21.764685],[-57.31227,-21.764491],[-57.314376,-21.764161],[-57.320446,-21.763201],[-57.321175,-21.763167],[-57.321824,-21.763197],[-57.32298,-21.763381],[-57.323094,-21.763399],[-57.323291,-21.763431],[-57.323764,-21.763505],[-57.32398,-21.763547],[-57.324039,-21.763557],[-57.326883,-21.764038],[-57.333159,-21.765097],[-57.338819,-21.765956],[-57.354507,-21.768684],[-57.355101,-21.768741],[-57.355471,-21.768777],[-57.355893,-21.768818],[-57.364982,-21.769027],[-57.36726,-21.769007],[-57.372257,-21.768256],[-57.378649,-21.767752],[-57.37976,-21.767531],[-57.380676,-21.767231],[-57.381668,-21.766828],[-57.382494,-21.766258],[-57.383126,-21.765675],[-57.390467,-21.755012],[-57.391602,-21.753511],[-57.392216,-21.752985],[-57.392879,-21.752527],[-57.393559,-21.752172],[-57.394538,-21.751834],[-57.397228,-21.751298],[-57.398228,-21.751114],[-57.399154,-21.750883],[-57.403367,-21.749091],[-57.404985,-21.748562],[-57.40606,-21.748461],[-57.406884,-21.748469],[-57.415922,-21.749509],[-57.416873,-21.749513],[-57.417493,-21.749455],[-57.418154,-21.749309],[-57.420625,-21.748833],[-57.422293,-21.7485],[-57.425766,-21.748483],[-57.42708,-21.748438],[-57.427869,-21.748431],[-57.428688,-21.748303],[-57.42961,-21.748042],[-57.430591,-21.747656],[-57.440163,-21.743448],[-57.440733,-21.743309],[-57.441406,-21.743186],[-57.442166,-21.743149],[-57.442966,-21.743149],[-57.447427,-21.74336],[-57.450077,-21.743438],[-57.452662,-21.743553],[-57.460923,-21.743941],[-57.472944,-21.744489],[-57.474842,-21.74452],[-57.475496,-21.744448],[-57.476636,-21.744268],[-57.477577,-21.744109],[-57.478186,-21.744022],[-57.478637,-21.743972],[-57.479015,-21.743945],[-57.479251,-21.743935],[-57.479965,-21.743952],[-57.485055,-21.744195],[-57.485375,-21.744209],[-57.489336,-21.744391],[-57.489851,-21.744415],[-57.490406,-21.74446],[-57.490801,-21.744513],[-57.491085,-21.74456],[-57.491442,-21.744642],[-57.491949,-21.744767],[-57.492984,-21.745036],[-57.494006,-21.745277],[-57.494572,-21.745387],[-57.495116,-21.745459],[-57.495621,-21.745497],[-57.502413,-21.745778],[-57.505631,-21.745923],[-57.513119,-21.746255],[-57.529211,-21.74696],[-57.537053,-21.747294],[-57.54354,-21.747551],[-57.550862,-21.74787],[-57.551692,-21.747893],[-57.552107,-21.747893],[-57.552489,-21.747861],[-57.552978,-21.747804],[-57.556747,-21.747189],[-57.560539,-21.746553],[-57.561465,-21.746402],[-57.561883,-21.74634],[-57.562842,-21.746186],[-57.567757,-21.745536],[-57.56973,-21.745275],[-57.5736,-21.744762],[-57.574684,-21.744642],[-57.575583,-21.744572],[-57.57657,-21.744523],[-57.577468,-21.744508],[-57.579,-21.74449],[-57.579665,-21.744455],[-57.580268,-21.744378],[-57.580899,-21.744261],[-57.581355,-21.744134],[-57.583633,-21.743408],[-57.584571,-21.743107],[-57.586277,-21.742509],[-57.586523,-21.742445],[-57.586821,-21.74239],[-57.587081,-21.742355],[-57.587422,-21.742328],[-57.587881,-21.74232],[-57.588619,-21.74231],[-57.588982,-21.742303],[-57.589198,-21.742289],[-57.589411,-21.742255],[-57.589594,-21.742208],[-57.589896,-21.742102],[-57.590143,-21.741978],[-57.590411,-21.741793],[-57.590611,-21.741616],[-57.590773,-21.741432],[-57.590941,-21.741189],[-57.591029,-21.741032],[-57.591102,-21.740843],[-57.591165,-21.740667],[-57.591609,-21.739345],[-57.591869,-21.738613],[-57.592387,-21.737205],[-57.592518,-21.736959],[-57.592631,-21.736777],[-57.5928,-21.736562],[-57.592899,-21.736453],[-57.593073,-21.736263],[-57.593274,-21.736082],[-57.593449,-21.735937],[-57.593607,-21.73583],[-57.593918,-21.735651],[-57.598372,-21.733236],[-57.614338,-21.724782],[-57.6151,-21.724383],[-57.615505,-21.724149],[-57.615767,-21.72398],[-57.616003,-21.723819],[-57.616368,-21.723536],[-57.616666,-21.72327],[-57.617012,-21.722928],[-57.617194,-21.722726],[-57.617645,-21.722186],[-57.61786,-21.721889],[-57.617975,-21.721707],[-57.618093,-21.721518],[-57.618308,-21.721134],[-57.619107,-21.719659],[-57.619262,-21.719426],[-57.619615,-21.718975],[-57.61982,-21.718737],[-57.619992,-21.718553],[-57.620154,-21.7184],[-57.620429,-21.718157],[-57.620552,-21.718048],[-57.6273,-21.713711],[-57.629451,-21.712339],[-57.629692,-21.712189],[-57.630337,-21.711832],[-57.630664,-21.711676],[-57.631065,-21.711498],[-57.631583,-21.711298],[-57.63205,-21.71113],[-57.632908,-21.710894],[-57.63319,-21.710823],[-57.633766,-21.710717],[-57.634388,-21.710634],[-57.634653,-21.710604],[-57.635024,-21.710578],[-57.635386,-21.710564],[-57.636104,-21.71057],[-57.636618,-21.710598],[-57.639978,-21.710864],[-57.657742,-21.712249],[-57.659963,-21.712425],[-57.678861,-21.713914],[-57.679939,-21.714011],[-57.680372,-21.714043],[-57.680803,-21.714061],[-57.68104,-21.714057],[-57.681304,-21.714046],[-57.682892,-21.7139],[-57.683051,-21.71389],[-57.683535,-21.713857],[-57.684637,-21.713767],[-57.687716,-21.713519],[-57.701085,-21.712458],[-57.702636,-21.712353],[-57.71154,-21.711634],[-57.714909,-21.711367],[-57.718232,-21.711101],[-57.721256,-21.71088],[-57.726824,-21.710407],[-57.730282,-21.710138],[-57.736295,-21.709644],[-57.737937,-21.709535],[-57.744025,-21.70903],[-57.785105,-21.705726],[-57.789825,-21.705339],[-57.790138,-21.705328],[-57.790326,-21.705324],[-57.790529,-21.705336],[-57.793159,-21.705535],[-57.793483,-21.705544],[-57.793826,-21.705535],[-57.795832,-21.705418],[-57.797816,-21.705241],[-57.804296,-21.704718],[-57.810681,-21.704193],[-57.820251,-21.703415],[-57.829742,-21.702653],[-57.831576,-21.70249],[-57.832698,-21.702354],[-57.833185,-21.702284],[-57.833566,-21.702165],[-57.833765,-21.702152],[-57.834993,-21.702074],[-57.835247,-21.702057],[-57.835758,-21.702117],[-57.836195,-21.702107],[-57.837166,-21.70202],[-57.840431,-21.701752],[-57.843644,-21.701497],[-57.846037,-21.701311],[-57.851587,-21.700862],[-57.857131,-21.70042],[-57.858623,-21.700308],[-57.866685,-21.699701],[-57.869474,-21.699463],[-57.870012,-21.699381],[-57.870243,-21.699348],[-57.870257,-21.699299],[-57.870283,-21.699254],[-57.87032,-21.699216],[-57.870375,-21.699183],[-57.87045,-21.699164],[-57.870527,-21.69917],[-57.870595,-21.699198],[-57.870649,-21.699243],[-57.870686,-21.699303],[-57.871519,-21.699251],[-57.872256,-21.699179],[-57.873539,-21.699038],[-57.874211,-21.698978],[-57.87436,-21.698976],[-57.874599,-21.698949],[-57.874869,-21.698934],[-57.875452,-21.698898],[-57.876139,-21.698847],[-57.876325,-21.698846],[-57.876471,-21.698838],[-57.877359,-21.698794],[-57.877527,-21.698773],[-57.877751,-21.698714],[-57.878506,-21.698477],[-57.878797,-21.698409],[-57.878914,-21.698373],[-57.879972,-21.698051],[-57.880886,-21.697719],[-57.881138,-21.697664],[-57.88212,-21.698555],[-57.882143,-21.698541],[-57.88217,-21.698536],[-57.882197,-21.69854],[-57.882944,-21.697825],[-57.883043,-21.697921],[-57.883405,-21.698273]]},"properties":{"id_trecho":"ACESS-ROTA-EST-023-04","id_rota":"ROTA-EST-023","nome_rota":"Rota de Aviturismo do Pantanal Sul","ordem_trecho":4,"origem":"Ladário","destino":"Porto Murtinho","tipo_registro_rota":"Proposta autoral baseada em produto turístico institucional consolidado","status_institucional_rota":"Produto turístico territorial consolidado, sem rota formal identificada com esta denominação","classe_base_acessibilidade":"Base híbrida","natureza":"Estimativa científica de acessibilidade pela rede viária contemporânea","distancia_rodoviaria_km":560.8,"duracao_estimada_sem_trafego_min":500,"resumo_vias":"BR-262, BR-267","perfil_roteamento":"driving","motor_roteamento":"OSRM route service","endpoint_consultado":"https://router.project-osrm.org","fonte_rede":"OpenStreetMap contributors","licenca_rede":"ODbL 1.0","data_materializacao":"2026-08-12T03:43:51.108Z","corte_base_joaju":"2026-08-10","data_versao_rede":"Não informada","origem_solicitada_lon":-57.5973,"origem_solicitada_lat":-19.0089,"destino_solicitado_lon":-57.8836,"destino_solicitado_lat":-21.6981,"origem_ajustada_lon":-57.597416,"origem_ajustada_lat":-19.00886,"destino_ajustado_lon":-57.883405,"destino_ajustado_lat":-21.698273,"distancia_ajuste_origem_m":13,"distancia_ajuste_destino_m":27.8,"status_revisao":"Não validado em campo","nota_especifica":"Estimativa viária contemporânea entre referências da proposta metodológica. Não substitui validação logística ou de campo.","limitacoes":"Tempo sem trânsito em tempo real. O resultado pode incluir vias privadas, sazonais, não pavimentadas, interrompidas ou com restrições ausentes na base.","uso_operacional":"Não representa o traçado cultural, histórico, aquático ou oficialmente aprovado da rota. Não constitui recomendação de viagem, autorização de acesso ou validação das condições da via.","natureza_projeto":"Projeto de pesquisa científica","referencial_metodologico":"Aplicação e adaptação experimental do marco PRICI"}},{"type":"Feature","geometry":{"type":"LineString","coordinates":[[-56.483821,-21.125988],[-56.484158,-21.126569],[-56.483124,-21.127082],[-56.482114,-21.127581],[-56.481095,-21.128083],[-56.481692,-21.129011],[-56.48224,-21.129893],[-56.481772,-21.130181],[-56.481308,-21.130467],[-56.481195,-21.130537],[-56.481177,-21.130548],[-56.481119,-21.130584],[-56.481015,-21.130647],[-56.480997,-21.130659],[-56.480936,-21.130697],[-56.480584,-21.13091],[-56.480305,-21.131086],[-56.480225,-21.131144],[-56.480145,-21.131201],[-56.48001,-21.131318],[-56.47994,-21.131392],[-56.479857,-21.131479],[-56.479726,-21.131645],[-56.47963,-21.131785],[-56.479608,-21.131817],[-56.479292,-21.132405],[-56.479243,-21.132496],[-56.479105,-21.132753],[-56.478962,-21.133019],[-56.47863,-21.133636],[-56.478401,-21.134061],[-56.478297,-21.134255],[-56.478046,-21.134722],[-56.477736,-21.135298],[-56.477629,-21.135497],[-56.477287,-21.136132],[-56.477095,-21.13649],[-56.476971,-21.136721],[-56.475412,-21.139617],[-56.475235,-21.139988],[-56.475054,-21.14042],[-56.474896,-21.140855],[-56.474761,-21.141297],[-56.474127,-21.143954],[-56.473902,-21.1449],[-56.473229,-21.147721],[-56.473133,-21.148039],[-56.473015,-21.148367],[-56.472871,-21.148697],[-56.472689,-21.14905],[-56.472633,-21.149149],[-56.471185,-21.151488],[-56.470368,-21.152789],[-56.469964,-21.153366],[-56.469037,-21.154511],[-56.46687,-21.15737],[-56.466652,-21.157674],[-56.465013,-21.159867],[-56.453987,-21.170989],[-56.453903,-21.171104],[-56.453797,-21.171277],[-56.453731,-21.17141],[-56.453678,-21.171561],[-56.453648,-21.171631],[-56.453596,-21.171689],[-56.453527,-21.171729],[-56.453448,-21.171746],[-56.453328,-21.171765],[-56.453208,-21.171792],[-56.453091,-21.171834],[-56.452974,-21.171889],[-56.452667,-21.17214],[-56.452415,-21.172347],[-56.451201,-21.173338],[-56.45034,-21.17404],[-56.450093,-21.174244],[-56.449324,-21.174877],[-56.449187,-21.174999],[-56.449063,-21.175125],[-56.448943,-21.175264],[-56.448837,-21.175412],[-56.448746,-21.175566],[-56.448667,-21.175727],[-56.448602,-21.175893],[-56.448551,-21.176065],[-56.448519,-21.176231],[-56.448498,-21.1764],[-56.448493,-21.17657],[-56.448499,-21.176742],[-56.448516,-21.176909],[-56.448551,-21.177078],[-56.448653,-21.177401],[-56.448794,-21.177754],[-56.449173,-21.178702],[-56.451745,-21.185127],[-56.452112,-21.186231],[-56.45237,-21.187355],[-56.452423,-21.187742],[-56.452523,-21.188485],[-56.452575,-21.189619],[-56.452319,-21.197687],[-56.452344,-21.198424],[-56.452417,-21.199165],[-56.452531,-21.199893],[-56.452692,-21.200614],[-56.454067,-21.20496],[-56.454206,-21.205463],[-56.454319,-21.205968],[-56.454391,-21.206476],[-56.454434,-21.206986],[-56.454782,-21.21512],[-56.454773,-21.215621],[-56.454733,-21.216131],[-56.454673,-21.216612],[-56.454584,-21.217084],[-56.454471,-21.217551],[-56.454128,-21.218721],[-56.454043,-21.219049],[-56.453975,-21.219403],[-56.453918,-21.219767],[-56.453879,-21.220118],[-56.453854,-21.220476],[-56.453837,-21.220975],[-56.453848,-21.221478],[-56.454093,-21.225306],[-56.454118,-21.225453],[-56.454153,-21.22556],[-56.454204,-21.225665],[-56.454245,-21.22573],[-56.454364,-21.225911],[-56.454393,-21.226],[-56.454383,-21.226094],[-56.454336,-21.226176],[-56.454258,-21.226236],[-56.454162,-21.226263],[-56.454061,-21.226254],[-56.453973,-21.22621],[-56.453919,-21.226221],[-56.453863,-21.226232],[-56.453794,-21.226247],[-56.453734,-21.226272],[-56.453503,-21.226382],[-56.446259,-21.231581],[-56.445403,-21.232185],[-56.444948,-21.232471],[-56.444378,-21.232741],[-56.443735,-21.23295],[-56.443043,-21.233094],[-56.4424,-21.233112],[-56.441734,-21.233062],[-56.441137,-21.232937],[-56.440487,-21.232727],[-56.432731,-21.229745],[-56.431733,-21.229468],[-56.430664,-21.229373],[-56.429595,-21.22943],[-56.428535,-21.229677],[-56.424673,-21.231024],[-56.415449,-21.234344],[-56.413664,-21.234987],[-56.402637,-21.23887],[-56.401004,-21.239451],[-56.400325,-21.239729],[-56.399951,-21.239929],[-56.399583,-21.240194],[-56.399247,-21.240425],[-56.398996,-21.240729],[-56.398736,-21.241098],[-56.398452,-21.241657],[-56.398285,-21.242062],[-56.39823,-21.242499],[-56.398198,-21.242881],[-56.398143,-21.24567],[-56.398075,-21.24622],[-56.397849,-21.247139],[-56.396245,-21.251194],[-56.395923,-21.251809],[-56.395692,-21.252135],[-56.395175,-21.252702],[-56.394441,-21.253258],[-56.393752,-21.253607],[-56.392851,-21.253914],[-56.386382,-21.255881],[-56.38502,-21.256449],[-56.384302,-21.256848],[-56.383747,-21.257217],[-56.378464,-21.261575],[-56.36005,-21.277002],[-56.343319,-21.290903],[-56.34225,-21.291752],[-56.341366,-21.292253],[-56.34064,-21.292534],[-56.33999,-21.292699],[-56.339214,-21.29279],[-56.338365,-21.292772],[-56.330637,-21.291964],[-56.33041,-21.291954],[-56.330168,-21.29192],[-56.324139,-21.29132],[-56.322107,-21.291193],[-56.320069,-21.291143],[-56.318818,-21.291049],[-56.306256,-21.289762],[-56.304711,-21.289486],[-56.295103,-21.287554],[-56.294674,-21.287467],[-56.279733,-21.284462],[-56.27871,-21.284186],[-56.277797,-21.283848],[-56.276707,-21.283296],[-56.276179,-21.282963],[-56.275532,-21.28249],[-56.265633,-21.274658],[-56.264792,-21.274067],[-56.264232,-21.27377],[-56.263224,-21.273409],[-56.262564,-21.273266],[-56.26199,-21.273206],[-56.255278,-21.272909],[-56.249321,-21.272675],[-56.243359,-21.272534],[-56.242333,-21.272527],[-56.24128,-21.272635],[-56.239723,-21.273135],[-56.238152,-21.273777],[-56.237189,-21.274154],[-56.236237,-21.274546],[-56.234379,-21.275298],[-56.230687,-21.276836],[-56.229951,-21.277253],[-56.229266,-21.277747],[-56.228669,-21.278355],[-56.228394,-21.278686],[-56.228164,-21.279039],[-56.227843,-21.279685],[-56.227597,-21.280404],[-56.227235,-21.281865],[-56.226398,-21.285168],[-56.225821,-21.28753],[-56.225646,-21.288215],[-56.22534,-21.289566],[-56.225193,-21.290111],[-56.224926,-21.290582],[-56.224557,-21.290966],[-56.224112,-21.291279],[-56.22348,-21.291521],[-56.222734,-21.291597],[-56.221989,-21.291649],[-56.221499,-21.291695],[-56.219528,-21.29188],[-56.217036,-21.292157],[-56.216147,-21.292464],[-56.215282,-21.292869],[-56.213713,-21.293976],[-56.212242,-21.295182],[-56.209967,-21.297049],[-56.207658,-21.298909],[-56.205349,-21.30076],[-56.204195,-21.30171],[-56.203632,-21.302176],[-56.203096,-21.302688],[-56.20255,-21.303296],[-56.201992,-21.304089],[-56.201025,-21.305582],[-56.19798,-21.310193],[-56.194933,-21.314844],[-56.194763,-21.315131],[-56.194607,-21.315424],[-56.194474,-21.31565],[-56.194253,-21.316108],[-56.193666,-21.317636],[-56.190674,-21.32564],[-56.190217,-21.326566],[-56.189678,-21.327489],[-56.18905,-21.328241],[-56.188211,-21.328923],[-56.187308,-21.329527],[-56.18507,-21.330769],[-56.182858,-21.332028],[-56.178427,-21.334536],[-56.175585,-21.335756],[-56.172747,-21.336983],[-56.172027,-21.337443],[-56.171677,-21.337732],[-56.171375,-21.338027],[-56.171102,-21.338299],[-56.17082,-21.338616],[-56.170538,-21.339008],[-56.170289,-21.339437],[-56.169919,-21.340222],[-56.16967,-21.341063],[-56.169439,-21.343913],[-56.169371,-21.344378],[-56.169238,-21.344831],[-56.168945,-21.345739],[-56.168415,-21.34663],[-56.167847,-21.347505],[-56.166651,-21.349215],[-56.161539,-21.356486],[-56.160546,-21.357553],[-56.15942,-21.358602],[-56.157278,-21.360635],[-56.156805,-21.361149],[-56.15639,-21.361725],[-56.155835,-21.362561],[-56.155491,-21.363242],[-56.15531,-21.363619],[-56.153794,-21.36824],[-56.153512,-21.369205],[-56.15339,-21.369892],[-56.153369,-21.370702],[-56.153415,-21.371369],[-56.153503,-21.371892],[-56.154117,-21.37441],[-56.154726,-21.376978],[-56.15528,-21.379288],[-56.155837,-21.381615],[-56.156093,-21.382703],[-56.156181,-21.383376],[-56.15624,-21.384075],[-56.156098,-21.385427],[-56.155898,-21.386404],[-56.155646,-21.387361],[-56.155058,-21.389702],[-56.154444,-21.392097],[-56.154256,-21.392839],[-56.1531,-21.395536],[-56.152892,-21.39621],[-56.152748,-21.396811],[-56.152735,-21.396862],[-56.152617,-21.397955],[-56.152399,-21.400151],[-56.152177,-21.402347],[-56.151824,-21.406714],[-56.151137,-21.414325],[-56.151026,-21.415473],[-56.15074,-21.418589],[-56.150257,-21.424075],[-56.149865,-21.428506],[-56.149639,-21.430833],[-56.149573,-21.43143],[-56.149552,-21.431616],[-56.149413,-21.432118],[-56.149152,-21.432634],[-56.148666,-21.433346],[-56.148107,-21.434098],[-56.147494,-21.434891],[-56.145435,-21.437588],[-56.143506,-21.440177],[-56.143197,-21.440594],[-56.142942,-21.440917],[-56.142551,-21.44127],[-56.142197,-21.441558],[-56.141798,-21.441808],[-56.14136,-21.441987],[-56.139299,-21.442683],[-56.138823,-21.442878],[-56.138283,-21.443134],[-56.137893,-21.443402],[-56.137504,-21.443744],[-56.136151,-21.445333],[-56.135764,-21.445829],[-56.135289,-21.446322],[-56.134874,-21.446671],[-56.134373,-21.446995],[-56.133723,-21.44732],[-56.127892,-21.449913],[-56.126892,-21.450452],[-56.126246,-21.450864],[-56.125693,-21.451274],[-56.123787,-21.453114],[-56.122336,-21.454514],[-56.12199,-21.454854],[-56.121837,-21.455022],[-56.121652,-21.455227],[-56.121453,-21.455501],[-56.121248,-21.455811],[-56.120995,-21.456443],[-56.120579,-21.457838],[-56.120549,-21.458036],[-56.120544,-21.458101],[-56.120584,-21.458223],[-56.12067,-21.458344],[-56.120989,-21.458555],[-56.121213,-21.458691],[-56.121873,-21.459312],[-56.121953,-21.459364],[-56.122406,-21.459647],[-56.122731,-21.45984],[-56.123714,-21.460448],[-56.124001,-21.460625],[-56.125503,-21.461548],[-56.125564,-21.461586],[-56.125948,-21.461858],[-56.126286,-21.46212],[-56.126589,-21.462387],[-56.126828,-21.462624],[-56.127074,-21.462894],[-56.127249,-21.463121],[-56.128579,-21.464886],[-56.129391,-21.465981],[-56.130014,-21.466821],[-56.132134,-21.469659],[-56.132686,-21.470384],[-56.133325,-21.471261],[-56.134155,-21.472355],[-56.135132,-21.473643],[-56.135424,-21.474028],[-56.135877,-21.474614],[-56.136156,-21.475014],[-56.136467,-21.475435],[-56.136818,-21.475911],[-56.138842,-21.478679],[-56.138854,-21.478701],[-56.138875,-21.478744],[-56.139048,-21.479089],[-56.13909,-21.479142],[-56.139324,-21.479439],[-56.13945,-21.479613],[-56.14003,-21.480411],[-56.140384,-21.480871],[-56.140781,-21.481322],[-56.141214,-21.481683],[-56.141703,-21.481997],[-56.142212,-21.482267],[-56.142757,-21.482507],[-56.143445,-21.482787],[-56.145517,-21.483054],[-56.145585,-21.483048],[-56.145653,-21.483057],[-56.146211,-21.483113],[-56.146629,-21.483113],[-56.147552,-21.483047],[-56.148328,-21.482929],[-56.148706,-21.482837],[-56.149319,-21.482672],[-56.149268,-21.482487],[-56.150454,-21.482168],[-56.150224,-21.481355],[-56.149989,-21.480556],[-56.149756,-21.479719],[-56.148909,-21.47993]]},"properties":{"id_trecho":"ACESS-ROTA-EST-024-01","id_rota":"ROTA-EST-024","nome_rota":"Rota de Aviturismo da Serra da Bodoquena","ordem_trecho":1,"origem":"Bonito","destino":"Jardim","tipo_registro_rota":"Proposta autoral baseada em produto turístico institucional consolidado","status_institucional_rota":"Produto turístico territorial consolidado, sem rota formal identificada com esta denominação","classe_base_acessibilidade":"Base híbrida","natureza":"Estimativa científica de acessibilidade pela rede viária contemporânea","distancia_rodoviaria_km":69.6,"duracao_estimada_sem_trafego_min":66,"resumo_vias":"MS-178; MS-382, MS-382","perfil_roteamento":"driving","motor_roteamento":"OSRM route service","endpoint_consultado":"https://router.project-osrm.org","fonte_rede":"OpenStreetMap contributors","licenca_rede":"ODbL 1.0","data_materializacao":"2026-08-12T03:43:51.108Z","corte_base_joaju":"2026-08-10","data_versao_rede":"Não informada","origem_solicitada_lon":-56.4836,"origem_solicitada_lat":-21.1261,"destino_solicitado_lon":-56.1489,"destino_solicitado_lat":-21.4799,"origem_ajustada_lon":-56.483821,"origem_ajustada_lat":-21.125988,"destino_ajustado_lon":-56.148909,"destino_ajustado_lat":-21.47993,"distancia_ajuste_origem_m":26.1,"distancia_ajuste_destino_m":3.5,"status_revisao":"Não validado em campo","nota_especifica":"Estimativa viária contemporânea entre referências da proposta metodológica. Não substitui validação logística ou de campo.","limitacoes":"Tempo sem trânsito em tempo real. O resultado pode incluir vias privadas, sazonais, não pavimentadas, interrompidas ou com restrições ausentes na base.","uso_operacional":"Não representa o traçado cultural, histórico, aquático ou oficialmente aprovado da rota. Não constitui recomendação de viagem, autorização de acesso ou validação das condições da via.","natureza_projeto":"Projeto de pesquisa científica","referencial_metodologico":"Aplicação e adaptação experimental do marco PRICI"}},{"type":"Feature","geometry":{"type":"LineString","coordinates":[[-56.148909,-21.47993],[-56.148156,-21.480118],[-56.148182,-21.481036],[-56.148184,-21.481089],[-56.148206,-21.48187],[-56.148227,-21.482569],[-56.148232,-21.482741],[-56.147783,-21.48283],[-56.147305,-21.48288],[-56.146711,-21.4829],[-56.146307,-21.482918],[-56.146303,-21.482945],[-56.146288,-21.48297],[-56.146264,-21.482987],[-56.146235,-21.482995],[-56.146205,-21.482991],[-56.146179,-21.482977],[-56.14533,-21.482921],[-56.14455,-21.482815],[-56.144035,-21.482708],[-56.143454,-21.482565],[-56.142873,-21.482365],[-56.142757,-21.482507],[-56.142212,-21.482267],[-56.141703,-21.481997],[-56.141214,-21.481683],[-56.140781,-21.481322],[-56.140384,-21.480871],[-56.14003,-21.480411],[-56.13945,-21.479613],[-56.139324,-21.479439],[-56.13909,-21.479142],[-56.139048,-21.479089],[-56.138875,-21.478744],[-56.138854,-21.478701],[-56.138842,-21.478679],[-56.136818,-21.475911],[-56.136467,-21.475435],[-56.136156,-21.475014],[-56.135877,-21.474614],[-56.135424,-21.474028],[-56.135132,-21.473643],[-56.134155,-21.472355],[-56.133325,-21.471261],[-56.132686,-21.470384],[-56.132134,-21.469659],[-56.130014,-21.466821],[-56.129391,-21.465981],[-56.128579,-21.464886],[-56.127249,-21.463121],[-56.127074,-21.462894],[-56.126828,-21.462624],[-56.126589,-21.462387],[-56.126286,-21.46212],[-56.125948,-21.461858],[-56.125564,-21.461586],[-56.125503,-21.461548],[-56.124001,-21.460625],[-56.123714,-21.460448],[-56.122731,-21.45984],[-56.122406,-21.459647],[-56.121953,-21.459364],[-56.121873,-21.459312],[-56.121034,-21.45894],[-56.120809,-21.458838],[-56.120331,-21.458562],[-56.119928,-21.458329],[-56.1197,-21.458184],[-56.119704,-21.458124],[-56.119719,-21.458065],[-56.119747,-21.458011],[-56.119786,-21.457963],[-56.119835,-21.457923],[-56.119891,-21.457892],[-56.120175,-21.45806],[-56.120314,-21.458049],[-56.120398,-21.458026],[-56.120472,-21.457976],[-56.120579,-21.457838],[-56.120995,-21.456443],[-56.121248,-21.455811],[-56.121453,-21.455501],[-56.121652,-21.455227],[-56.121837,-21.455022],[-56.12199,-21.454854],[-56.122336,-21.454514],[-56.123787,-21.453114],[-56.125693,-21.451274],[-56.126246,-21.450864],[-56.126892,-21.450452],[-56.127892,-21.449913],[-56.133723,-21.44732],[-56.134373,-21.446995],[-56.134874,-21.446671],[-56.135289,-21.446322],[-56.135764,-21.445829],[-56.136151,-21.445333],[-56.137504,-21.443744],[-56.137893,-21.443402],[-56.138283,-21.443134],[-56.138823,-21.442878],[-56.139299,-21.442683],[-56.14136,-21.441987],[-56.141798,-21.441808],[-56.142197,-21.441558],[-56.142551,-21.44127],[-56.142942,-21.440917],[-56.143197,-21.440594],[-56.143506,-21.440177],[-56.145435,-21.437588],[-56.147494,-21.434891],[-56.148107,-21.434098],[-56.148666,-21.433346],[-56.149152,-21.432634],[-56.149413,-21.432118],[-56.149552,-21.431616],[-56.149573,-21.43143],[-56.149639,-21.430833],[-56.149865,-21.428506],[-56.150257,-21.424075],[-56.15074,-21.418589],[-56.151026,-21.415473],[-56.151137,-21.414325],[-56.151824,-21.406714],[-56.152177,-21.402347],[-56.152399,-21.400151],[-56.152617,-21.397955],[-56.152735,-21.396862],[-56.152748,-21.396811],[-56.152892,-21.39621],[-56.1531,-21.395536],[-56.154256,-21.392839],[-56.154444,-21.392097],[-56.155058,-21.389702],[-56.155646,-21.387361],[-56.155898,-21.386404],[-56.156098,-21.385427],[-56.15624,-21.384075],[-56.156181,-21.383376],[-56.156093,-21.382703],[-56.155837,-21.381615],[-56.15528,-21.379288],[-56.154726,-21.376978],[-56.154117,-21.37441],[-56.153503,-21.371892],[-56.153415,-21.371369],[-56.153369,-21.370702],[-56.15339,-21.369892],[-56.153512,-21.369205],[-56.153794,-21.36824],[-56.15531,-21.363619],[-56.155491,-21.363242],[-56.155835,-21.362561],[-56.15639,-21.361725],[-56.156805,-21.361149],[-56.157278,-21.360635],[-56.15942,-21.358602],[-56.160546,-21.357553],[-56.161539,-21.356486],[-56.166651,-21.349215],[-56.167847,-21.347505],[-56.168415,-21.34663],[-56.168945,-21.345739],[-56.169238,-21.344831],[-56.169371,-21.344378],[-56.169439,-21.343913],[-56.16967,-21.341063],[-56.169919,-21.340222],[-56.170289,-21.339437],[-56.170538,-21.339008],[-56.17082,-21.338616],[-56.171102,-21.338299],[-56.171375,-21.338027],[-56.171677,-21.337732],[-56.172027,-21.337443],[-56.172747,-21.336983],[-56.175585,-21.335756],[-56.178427,-21.334536],[-56.182858,-21.332028],[-56.18507,-21.330769],[-56.187308,-21.329527],[-56.188211,-21.328923],[-56.18905,-21.328241],[-56.189678,-21.327489],[-56.190217,-21.326566],[-56.190674,-21.32564],[-56.193666,-21.317636],[-56.194253,-21.316108],[-56.194474,-21.31565],[-56.194607,-21.315424],[-56.194763,-21.315131],[-56.194933,-21.314844],[-56.19798,-21.310193],[-56.201025,-21.305582],[-56.201992,-21.304089],[-56.20255,-21.303296],[-56.203096,-21.302688],[-56.203632,-21.302176],[-56.204195,-21.30171],[-56.205349,-21.30076],[-56.207658,-21.298909],[-56.209967,-21.297049],[-56.212242,-21.295182],[-56.213713,-21.293976],[-56.215282,-21.292869],[-56.216147,-21.292464],[-56.217036,-21.292157],[-56.219528,-21.29188],[-56.221499,-21.291695],[-56.221989,-21.291649],[-56.222734,-21.291597],[-56.22348,-21.291521],[-56.224112,-21.291279],[-56.224557,-21.290966],[-56.224926,-21.290582],[-56.225193,-21.290111],[-56.22534,-21.289566],[-56.225646,-21.288215],[-56.225821,-21.28753],[-56.226398,-21.285168],[-56.227235,-21.281865],[-56.227597,-21.280404],[-56.227843,-21.279685],[-56.228164,-21.279039],[-56.228394,-21.278686],[-56.228669,-21.278355],[-56.229266,-21.277747],[-56.229951,-21.277253],[-56.230687,-21.276836],[-56.234379,-21.275298],[-56.236237,-21.274546],[-56.237189,-21.274154],[-56.238152,-21.273777],[-56.239723,-21.273135],[-56.24128,-21.272635],[-56.242333,-21.272527],[-56.243359,-21.272534],[-56.249321,-21.272675],[-56.255278,-21.272909],[-56.26199,-21.273206],[-56.262564,-21.273266],[-56.263224,-21.273409],[-56.264232,-21.27377],[-56.264792,-21.274067],[-56.265633,-21.274658],[-56.275532,-21.28249],[-56.276179,-21.282963],[-56.276707,-21.283296],[-56.277797,-21.283848],[-56.27871,-21.284186],[-56.279733,-21.284462],[-56.294674,-21.287467],[-56.295103,-21.287554],[-56.304711,-21.289486],[-56.306256,-21.289762],[-56.318818,-21.291049],[-56.320069,-21.291143],[-56.322107,-21.291193],[-56.324139,-21.29132],[-56.330168,-21.29192],[-56.33041,-21.291954],[-56.330637,-21.291964],[-56.338365,-21.292772],[-56.339214,-21.29279],[-56.33999,-21.292699],[-56.34064,-21.292534],[-56.341366,-21.292253],[-56.34225,-21.291752],[-56.343319,-21.290903],[-56.36005,-21.277002],[-56.378464,-21.261575],[-56.383747,-21.257217],[-56.384302,-21.256848],[-56.38502,-21.256449],[-56.386382,-21.255881],[-56.392851,-21.253914],[-56.393752,-21.253607],[-56.394441,-21.253258],[-56.395175,-21.252702],[-56.395692,-21.252135],[-56.395923,-21.251809],[-56.396245,-21.251194],[-56.397849,-21.247139],[-56.398075,-21.24622],[-56.398143,-21.24567],[-56.398198,-21.242881],[-56.39823,-21.242499],[-56.398285,-21.242062],[-56.398452,-21.241657],[-56.398736,-21.241098],[-56.398996,-21.240729],[-56.399247,-21.240425],[-56.399583,-21.240194],[-56.399951,-21.239929],[-56.400325,-21.239729],[-56.401004,-21.239451],[-56.402637,-21.23887],[-56.413664,-21.234987],[-56.415449,-21.234344],[-56.424673,-21.231024],[-56.428535,-21.229677],[-56.429595,-21.22943],[-56.430664,-21.229373],[-56.431733,-21.229468],[-56.432731,-21.229745],[-56.440487,-21.232727],[-56.441137,-21.232937],[-56.441734,-21.233062],[-56.4424,-21.233112],[-56.443043,-21.233094],[-56.443735,-21.23295],[-56.444378,-21.232741],[-56.444948,-21.232471],[-56.445403,-21.232185],[-56.446259,-21.231581],[-56.453503,-21.226382],[-56.453715,-21.226191],[-56.453821,-21.226062],[-56.45389,-21.225954],[-56.453937,-21.225872],[-56.45401,-21.225731],[-56.454047,-21.225646],[-56.454075,-21.225555],[-56.454088,-21.225457],[-56.454093,-21.225306],[-56.453848,-21.221478],[-56.453837,-21.220975],[-56.453854,-21.220476],[-56.453879,-21.220118],[-56.453918,-21.219767],[-56.453975,-21.219403],[-56.454043,-21.219049],[-56.454128,-21.218721],[-56.454471,-21.217551],[-56.454584,-21.217084],[-56.454673,-21.216612],[-56.454733,-21.216131],[-56.454773,-21.215621],[-56.454782,-21.21512],[-56.454434,-21.206986],[-56.454391,-21.206476],[-56.454319,-21.205968],[-56.454206,-21.205463],[-56.454067,-21.20496],[-56.452692,-21.200614],[-56.452531,-21.199893],[-56.452417,-21.199165],[-56.452344,-21.198424],[-56.452319,-21.197687],[-56.452575,-21.189619],[-56.452523,-21.188485],[-56.452423,-21.187742],[-56.45237,-21.187355],[-56.452112,-21.186231],[-56.451745,-21.185127],[-56.449173,-21.178702],[-56.448794,-21.177754],[-56.448653,-21.177401],[-56.448551,-21.177078],[-56.448516,-21.176909],[-56.448499,-21.176742],[-56.448493,-21.17657],[-56.448498,-21.1764],[-56.448519,-21.176231],[-56.448551,-21.176065],[-56.448602,-21.175893],[-56.448667,-21.175727],[-56.448746,-21.175566],[-56.448837,-21.175412],[-56.448943,-21.175264],[-56.449063,-21.175125],[-56.449187,-21.174999],[-56.449324,-21.174877],[-56.450093,-21.174244],[-56.45034,-21.17404],[-56.451201,-21.173338],[-56.452415,-21.172347],[-56.452667,-21.17214],[-56.452974,-21.171889],[-56.453055,-21.171799],[-56.453122,-21.171708],[-56.453159,-21.171622],[-56.45318,-21.171509],[-56.453194,-21.171436],[-56.453231,-21.17137],[-56.453289,-21.171319],[-56.453361,-21.171287],[-56.453439,-21.171278],[-56.453597,-21.171229],[-56.453751,-21.17115],[-56.453987,-21.170989],[-56.465013,-21.159867],[-56.466652,-21.157674],[-56.46687,-21.15737],[-56.469037,-21.154511],[-56.469964,-21.153366],[-56.470368,-21.152789],[-56.471185,-21.151488],[-56.472633,-21.149149],[-56.472689,-21.14905],[-56.472871,-21.148697],[-56.473015,-21.148367],[-56.473133,-21.148039],[-56.473229,-21.147721],[-56.473902,-21.1449],[-56.474127,-21.143954],[-56.474761,-21.141297],[-56.474896,-21.140855],[-56.475054,-21.14042],[-56.475235,-21.139988],[-56.475412,-21.139617],[-56.476971,-21.136721],[-56.477095,-21.13649],[-56.477287,-21.136132],[-56.477629,-21.135497],[-56.477736,-21.135298],[-56.478046,-21.134722],[-56.478297,-21.134255],[-56.478401,-21.134061],[-56.47863,-21.133636],[-56.478962,-21.133019],[-56.479105,-21.132753],[-56.479243,-21.132496],[-56.479292,-21.132405],[-56.479608,-21.131817],[-56.47963,-21.131785],[-56.479726,-21.131645],[-56.479857,-21.131479],[-56.47994,-21.131392],[-56.48001,-21.131318],[-56.480145,-21.131201],[-56.480225,-21.131144],[-56.480305,-21.131086],[-56.480584,-21.13091],[-56.480936,-21.130697],[-56.480997,-21.130659],[-56.481015,-21.130647],[-56.481119,-21.130584],[-56.481177,-21.130548],[-56.481195,-21.130537],[-56.481308,-21.130467],[-56.481772,-21.130181],[-56.48224,-21.129893],[-56.482393,-21.129798],[-56.482744,-21.129611],[-56.483245,-21.129359],[-56.483365,-21.129298],[-56.483787,-21.129085],[-56.484184,-21.128883],[-56.484269,-21.128843],[-56.484382,-21.128786],[-56.485224,-21.128362],[-56.485283,-21.128332],[-56.485445,-21.12825],[-56.486221,-21.12786],[-56.486299,-21.12782],[-56.486543,-21.127697],[-56.48726,-21.127335],[-56.487334,-21.127298],[-56.487529,-21.1272],[-56.48827,-21.126826],[-56.488345,-21.126788],[-56.48846,-21.12673],[-56.489297,-21.126308],[-56.489383,-21.126264],[-56.489527,-21.126192],[-56.490305,-21.125799],[-56.490386,-21.125758],[-56.490552,-21.125675],[-56.491345,-21.125275],[-56.491418,-21.125238],[-56.492271,-21.124808],[-56.49242,-21.124733],[-56.493443,-21.124216],[-56.494485,-21.123712],[-56.495137,-21.123386],[-56.495385,-21.123267],[-56.496388,-21.122745],[-56.496508,-21.122683],[-56.496901,-21.122485],[-56.497413,-21.122232],[-56.49842,-21.121725],[-56.498942,-21.121454],[-56.499316,-21.121254],[-56.49947,-21.121176],[-56.499969,-21.120924],[-56.500478,-21.120667],[-56.501362,-21.120222],[-56.501505,-21.120149],[-56.502508,-21.119643],[-56.502962,-21.11941],[-56.503397,-21.119195],[-56.503532,-21.119127],[-56.504569,-21.118604],[-56.505573,-21.118116],[-56.505742,-21.118036],[-56.5059,-21.117871],[-56.505997,-21.117673],[-56.506053,-21.117557],[-56.506052,-21.117519],[-56.506058,-21.117481],[-56.50607,-21.117445],[-56.506088,-21.117413],[-56.506112,-21.117385],[-56.506241,-21.116992],[-56.506449,-21.116415],[-56.506633,-21.115892],[-56.506779,-21.115476],[-56.506813,-21.115381],[-56.506946,-21.115004],[-56.507132,-21.1145],[-56.507396,-21.113769],[-56.509735,-21.10764],[-56.51071,-21.105029],[-56.510865,-21.104584],[-56.511003,-21.10414],[-56.511215,-21.103493],[-56.512143,-21.100212],[-56.512753,-21.098113],[-56.514078,-21.093548],[-56.516461,-21.08534],[-56.516546,-21.085068],[-56.516641,-21.0848],[-56.516747,-21.084534],[-56.516858,-21.084272],[-56.523429,-21.07057],[-56.523592,-21.07023],[-56.524504,-21.068335],[-56.525948,-21.065339],[-56.529951,-21.056964],[-56.534114,-21.048285],[-56.53448,-21.047521],[-56.534596,-21.047212],[-56.534697,-21.046904],[-56.534784,-21.046588],[-56.534855,-21.04627],[-56.534908,-21.045949],[-56.534948,-21.045629],[-56.534975,-21.045307],[-56.534985,-21.044986],[-56.535071,-21.033196],[-56.535141,-21.023528],[-56.535157,-21.02146],[-56.535197,-21.015872],[-56.535206,-21.01472],[-56.535278,-21.004806],[-56.535296,-21.004513],[-56.535325,-21.004222],[-56.535369,-21.003937],[-56.535427,-21.003652],[-56.535498,-21.003366],[-56.53558,-21.003085],[-56.535677,-21.002807],[-56.535787,-21.002532],[-56.538991,-20.99499],[-56.54701,-20.976112],[-56.547158,-20.975682],[-56.547272,-20.975254],[-56.547352,-20.974813],[-56.547388,-20.974372],[-56.547399,-20.973917],[-56.54733,-20.97258],[-56.547316,-20.972295],[-56.547094,-20.968305],[-56.54708,-20.96795],[-56.546869,-20.963769],[-56.546586,-20.958165],[-56.546592,-20.957757],[-56.546627,-20.957357],[-56.546692,-20.956957],[-56.546775,-20.956572],[-56.546905,-20.956179],[-56.547065,-20.955793],[-56.547257,-20.955417],[-56.547492,-20.955048],[-56.561838,-20.93778],[-56.561988,-20.9376],[-56.562136,-20.937422],[-56.562477,-20.937064],[-56.562856,-20.936705],[-56.563267,-20.936365],[-56.572668,-20.929737],[-56.572817,-20.929632],[-56.572956,-20.929521],[-56.573089,-20.929424],[-56.573278,-20.929285],[-56.581041,-20.92374],[-56.581621,-20.923252],[-56.582142,-20.922722],[-56.582553,-20.922106],[-56.582846,-20.921467],[-56.589426,-20.900044],[-56.589612,-20.899456],[-56.589824,-20.898875],[-56.590095,-20.898311],[-56.590193,-20.8981],[-56.590415,-20.897759],[-56.604868,-20.877461],[-56.605069,-20.877177],[-56.628417,-20.844471],[-56.628599,-20.844216],[-56.62902,-20.843626],[-56.629464,-20.842932],[-56.629856,-20.842204],[-56.630086,-20.841479],[-56.630253,-20.840715],[-56.630259,-20.839952],[-56.630137,-20.839204],[-56.629947,-20.838469],[-56.629644,-20.837398],[-56.622739,-20.813169],[-56.622697,-20.812996],[-56.622106,-20.81095],[-56.621918,-20.810261],[-56.621769,-20.809561],[-56.621697,-20.808886],[-56.621694,-20.808318],[-56.621664,-20.80304],[-56.621665,-20.802846],[-56.621642,-20.79598],[-56.621632,-20.787199],[-56.621605,-20.778245],[-56.621627,-20.777715],[-56.621714,-20.777115],[-56.621857,-20.776559],[-56.622113,-20.775917],[-56.630124,-20.757841],[-56.630368,-20.757182],[-56.630525,-20.756509],[-56.630601,-20.755821],[-56.630581,-20.755141],[-56.628758,-20.736755],[-56.628721,-20.736379],[-56.628103,-20.729639],[-56.628036,-20.728993],[-56.627718,-20.7259],[-56.627319,-20.721669],[-56.627336,-20.720649],[-56.627568,-20.717782],[-56.627906,-20.714582],[-56.628099,-20.711716],[-56.628786,-20.704208],[-56.631221,-20.67568],[-56.631594,-20.672211],[-56.631982,-20.66648],[-56.632649,-20.658835],[-56.632982,-20.655003],[-56.633314,-20.651203],[-56.633587,-20.648302],[-56.633787,-20.645879],[-56.634002,-20.643514],[-56.63404,-20.643176],[-56.634111,-20.642867],[-56.634206,-20.642483],[-56.634306,-20.642136],[-56.634471,-20.641749],[-56.634502,-20.641679],[-56.634635,-20.641378],[-56.634882,-20.640971],[-56.635146,-20.640607],[-56.635471,-20.640254],[-56.635915,-20.639813],[-56.636159,-20.639611],[-56.636388,-20.639432],[-56.639992,-20.637314],[-56.642467,-20.635857],[-56.64318,-20.635421],[-56.643887,-20.635008],[-56.648618,-20.632269],[-56.650544,-20.63116],[-56.652429,-20.630039],[-56.652861,-20.629797],[-56.653267,-20.629564],[-56.653635,-20.629319],[-56.653983,-20.629062],[-56.654296,-20.628803],[-56.654679,-20.62849],[-56.655568,-20.627653],[-56.656182,-20.62711],[-56.656803,-20.626561],[-56.658023,-20.625461],[-56.660475,-20.623257],[-56.662933,-20.621046],[-56.664308,-20.619799],[-56.665372,-20.618833],[-56.666112,-20.618164],[-56.666533,-20.617773],[-56.667164,-20.617199],[-56.667831,-20.616609],[-56.669161,-20.61543],[-56.670547,-20.61417],[-56.673397,-20.611659],[-56.675911,-20.609437],[-56.676491,-20.608875],[-56.677919,-20.60766],[-56.678572,-20.607028],[-56.68133,-20.604563],[-56.684546,-20.601689],[-56.685635,-20.600764],[-56.686397,-20.599974],[-56.687001,-20.599255],[-56.687501,-20.59836],[-56.687725,-20.597678],[-56.687911,-20.596726],[-56.687912,-20.596441],[-56.687971,-20.595762],[-56.687855,-20.59488],[-56.687565,-20.593257],[-56.687523,-20.593042],[-56.687461,-20.592697],[-56.687415,-20.592434],[-56.687302,-20.591817],[-56.686996,-20.58996],[-56.686889,-20.588958],[-56.686933,-20.588023],[-56.687145,-20.587052],[-56.68762,-20.585948],[-56.688685,-20.583754],[-56.692889,-20.57566],[-56.69529,-20.571111],[-56.695939,-20.569838],[-56.696562,-20.568681],[-56.696734,-20.568189],[-56.697023,-20.566887],[-56.697047,-20.566431],[-56.696994,-20.565058],[-56.696724,-20.561094],[-56.696606,-20.558834],[-56.696312,-20.554884],[-56.696209,-20.553111],[-56.696101,-20.552866],[-56.695964,-20.552639],[-56.695887,-20.552561],[-56.695846,-20.552476],[-56.695833,-20.552383],[-56.695851,-20.55229],[-56.69587,-20.55225],[-56.695919,-20.552183],[-56.695984,-20.55213],[-56.696062,-20.552095],[-56.696147,-20.552079],[-56.696239,-20.552086],[-56.696326,-20.552117],[-56.6964,-20.552168],[-56.696586,-20.552273],[-56.696778,-20.552335],[-56.697063,-20.552403],[-56.699192,-20.552381],[-56.69981,-20.552356],[-56.70043,-20.552237],[-56.700531,-20.552189],[-56.700942,-20.551997],[-56.701401,-20.551699],[-56.701755,-20.551228],[-56.701975,-20.550831],[-56.702841,-20.547772],[-56.703682,-20.545405],[-56.704115,-20.544294],[-56.704358,-20.543797],[-56.704696,-20.543306],[-56.70512,-20.542885],[-56.705701,-20.542482],[-56.706269,-20.542195],[-56.706893,-20.542014],[-56.707443,-20.541926],[-56.708042,-20.541938],[-56.709668,-20.542106],[-56.710702,-20.542213],[-56.71112,-20.542213],[-56.711526,-20.542142],[-56.711901,-20.542002],[-56.712244,-20.541821],[-56.712369,-20.54175],[-56.712439,-20.541686],[-56.712619,-20.541523],[-56.712723,-20.5414],[-56.712862,-20.541236],[-56.713062,-20.540921],[-56.713199,-20.540476],[-56.713255,-20.540073],[-56.713531,-20.537079],[-56.713566,-20.536382],[-56.713566,-20.535704],[-56.713529,-20.534956],[-56.713466,-20.534418],[-56.713674,-20.534351],[-56.713837,-20.534304],[-56.713961,-20.534201],[-56.714017,-20.534037],[-56.714038,-20.533842],[-56.714092,-20.533686],[-56.714489,-20.533472],[-56.714722,-20.533445],[-56.714878,-20.533505],[-56.715066,-20.533678],[-56.715237,-20.533852],[-56.71542,-20.533907],[-56.715548,-20.533849],[-56.715602,-20.533744],[-56.715597,-20.533588],[-56.715522,-20.533309],[-56.715484,-20.533146],[-56.715503,-20.533068],[-56.71595,-20.532771],[-56.716486,-20.532456],[-56.717036,-20.532199],[-56.717305,-20.532105],[-56.718281,-20.531977],[-56.718438,-20.531979],[-56.71857,-20.532034],[-56.718811,-20.532219],[-56.718975,-20.532472],[-56.719111,-20.532726],[-56.719177,-20.532979],[-56.719222,-20.533207],[-56.719257,-20.533612],[-56.719272,-20.533661],[-56.719145,-20.53371],[-56.718828,-20.533743],[-56.71853,-20.533718],[-56.718279,-20.533622],[-56.71789,-20.533439],[-56.717747,-20.533417],[-56.717678,-20.533424],[-56.717632,-20.533435],[-56.717576,-20.533457],[-56.717547,-20.533491],[-56.717488,-20.533588],[-56.717435,-20.533729],[-56.717418,-20.533746],[-56.717403,-20.533757],[-56.717315,-20.533801],[-56.717164,-20.533843],[-56.717103,-20.533848],[-56.717048,-20.533849],[-56.716729,-20.53383],[-56.716599,-20.533807],[-56.716531,-20.533746],[-56.71649,-20.533692],[-56.715981,-20.532825],[-56.71595,-20.532771],[-56.715503,-20.533068],[-56.715484,-20.533146],[-56.715522,-20.533309],[-56.715597,-20.533588],[-56.715602,-20.533744],[-56.715548,-20.533849],[-56.71542,-20.533907],[-56.715237,-20.533852],[-56.715066,-20.533678],[-56.714878,-20.533505],[-56.714722,-20.533445],[-56.714489,-20.533472],[-56.714092,-20.533686],[-56.714038,-20.533842],[-56.714017,-20.534037],[-56.713961,-20.534201],[-56.713837,-20.534304],[-56.713674,-20.534351],[-56.713466,-20.534418],[-56.713529,-20.534956],[-56.713566,-20.535704],[-56.713566,-20.536382],[-56.713533,-20.537037]]},"properties":{"id_trecho":"ACESS-ROTA-EST-024-02","id_rota":"ROTA-EST-024","nome_rota":"Rota de Aviturismo da Serra da Bodoquena","ordem_trecho":2,"origem":"Jardim","destino":"Bodoquena","tipo_registro_rota":"Proposta autoral baseada em produto turístico institucional consolidado","status_institucional_rota":"Produto turístico territorial consolidado, sem rota formal identificada com esta denominação","classe_base_acessibilidade":"Base híbrida","natureza":"Estimativa científica de acessibilidade pela rede viária contemporânea","distancia_rodoviaria_km":146.5,"duracao_estimada_sem_trafego_min":145,"resumo_vias":"MS-382, MS-178","perfil_roteamento":"driving","motor_roteamento":"OSRM route service","endpoint_consultado":"https://router.project-osrm.org","fonte_rede":"OpenStreetMap contributors","licenca_rede":"ODbL 1.0","data_materializacao":"2026-08-12T03:43:51.108Z","corte_base_joaju":"2026-08-10","data_versao_rede":"Não informada","origem_solicitada_lon":-56.1489,"origem_solicitada_lat":-21.4799,"destino_solicitado_lon":-56.7127,"destino_solicitado_lat":-20.537,"origem_ajustada_lon":-56.148909,"origem_ajustada_lat":-21.47993,"destino_ajustado_lon":-56.713533,"destino_ajustado_lat":-20.537037,"distancia_ajuste_origem_m":3.5,"distancia_ajuste_destino_m":87,"status_revisao":"Não validado em campo","nota_especifica":"Estimativa viária contemporânea entre referências da proposta metodológica. Não substitui validação logística ou de campo.","limitacoes":"Tempo sem trânsito em tempo real. O resultado pode incluir vias privadas, sazonais, não pavimentadas, interrompidas ou com restrições ausentes na base.","uso_operacional":"Não representa o traçado cultural, histórico, aquático ou oficialmente aprovado da rota. Não constitui recomendação de viagem, autorização de acesso ou validação das condições da via.","natureza_projeto":"Projeto de pesquisa científica","referencial_metodologico":"Aplicação e adaptação experimental do marco PRICI"}},{"type":"Feature","geometry":{"type":"LineString","coordinates":[[-56.713533,-20.537037],[-56.713531,-20.537079],[-56.713255,-20.540073],[-56.713199,-20.540476],[-56.713062,-20.540921],[-56.712862,-20.541236],[-56.712723,-20.5414],[-56.712619,-20.541523],[-56.712439,-20.541686],[-56.712369,-20.54175],[-56.712244,-20.541821],[-56.711901,-20.542002],[-56.711526,-20.542142],[-56.71112,-20.542213],[-56.710702,-20.542213],[-56.709668,-20.542106],[-56.708042,-20.541938],[-56.707443,-20.541926],[-56.706893,-20.542014],[-56.706269,-20.542195],[-56.705701,-20.542482],[-56.70512,-20.542885],[-56.704696,-20.543306],[-56.704358,-20.543797],[-56.704115,-20.544294],[-56.703682,-20.545405],[-56.702841,-20.547772],[-56.701975,-20.550831],[-56.701755,-20.551228],[-56.701401,-20.551699],[-56.700942,-20.551997],[-56.700531,-20.552189],[-56.70043,-20.552237],[-56.69981,-20.552356],[-56.699192,-20.552381],[-56.697063,-20.552403],[-56.696793,-20.552425],[-56.696579,-20.552495],[-56.696467,-20.552528],[-56.696408,-20.552607],[-56.696331,-20.552663],[-56.696241,-20.552696],[-56.696144,-20.552703],[-56.696049,-20.552683],[-56.695964,-20.552639],[-56.695887,-20.552561],[-56.695846,-20.552476],[-56.695833,-20.552383],[-56.695851,-20.55229],[-56.69587,-20.55225],[-56.695809,-20.552138],[-56.695738,-20.552016],[-56.695572,-20.551766],[-56.695199,-20.551353],[-56.692207,-20.548407],[-56.691564,-20.547861],[-56.690675,-20.547287],[-56.689661,-20.546811],[-56.688115,-20.546362],[-56.686699,-20.545943],[-56.68582,-20.545547],[-56.68498,-20.545045],[-56.681934,-20.542563],[-56.681333,-20.541841],[-56.680959,-20.541188],[-56.680496,-20.540055],[-56.680223,-20.539568],[-56.679847,-20.539161],[-56.67943,-20.538848],[-56.678904,-20.538641],[-56.678105,-20.538485],[-56.676204,-20.5383],[-56.669724,-20.53767],[-56.669348,-20.537634],[-56.668177,-20.537524],[-56.667981,-20.537506],[-56.667843,-20.537584],[-56.667768,-20.537657],[-56.667714,-20.537737],[-56.667686,-20.537801],[-56.667624,-20.537842],[-56.667546,-20.537887],[-56.667466,-20.537915],[-56.667324,-20.537947],[-56.667245,-20.537937],[-56.667156,-20.537908],[-56.667046,-20.537838],[-56.666944,-20.537749],[-56.666839,-20.537671],[-56.666761,-20.537613],[-56.666707,-20.537535],[-56.666679,-20.537446],[-56.666682,-20.537353],[-56.666714,-20.537265],[-56.666755,-20.537087],[-56.666774,-20.536926],[-56.666778,-20.536747],[-56.665609,-20.533189],[-56.665485,-20.532579],[-56.665464,-20.531915],[-56.665825,-20.528485],[-56.666043,-20.526822],[-56.666062,-20.526198],[-56.665949,-20.525398],[-56.665799,-20.524669],[-56.665758,-20.524024],[-56.665823,-20.523487],[-56.666141,-20.522447],[-56.666217,-20.521771],[-56.666155,-20.521136],[-56.665907,-20.520488],[-56.665355,-20.519446],[-56.665086,-20.51874],[-56.664888,-20.517737],[-56.664275,-20.512748],[-56.664168,-20.511679],[-56.664139,-20.506008],[-56.66405,-20.505099],[-56.662472,-20.49592],[-56.661265,-20.488768],[-56.661066,-20.487997],[-56.660596,-20.487124],[-56.658834,-20.484881],[-56.658515,-20.484349],[-56.658243,-20.483652],[-56.657757,-20.480482],[-56.657669,-20.47972],[-56.657661,-20.479226],[-56.657734,-20.478619],[-56.659021,-20.472123],[-56.659111,-20.47167],[-56.659059,-20.471013],[-56.65879,-20.470303],[-56.658389,-20.469663],[-56.657806,-20.46911],[-56.65713,-20.468747],[-56.656394,-20.468511],[-56.655116,-20.468216],[-56.654285,-20.468126],[-56.653431,-20.468155],[-56.652702,-20.468404],[-56.651653,-20.468937],[-56.651008,-20.469273],[-56.649989,-20.469803],[-56.645582,-20.472097],[-56.644764,-20.472674],[-56.644128,-20.473231],[-56.639031,-20.479477],[-56.638483,-20.480132],[-56.637602,-20.48095],[-56.636777,-20.48153],[-56.635793,-20.482044],[-56.63493,-20.482355],[-56.633203,-20.482888],[-56.629685,-20.483967],[-56.628624,-20.48423],[-56.628201,-20.484301],[-56.628007,-20.484322],[-56.627806,-20.484343],[-56.627407,-20.484379],[-56.626352,-20.484361],[-56.623774,-20.484235],[-56.622791,-20.484248],[-56.603393,-20.485097],[-56.599373,-20.485273],[-56.598373,-20.485225],[-56.597678,-20.485147],[-56.596638,-20.484841],[-56.595811,-20.48446],[-56.594865,-20.483906],[-56.582294,-20.474911],[-56.581457,-20.474158],[-56.580824,-20.473419],[-56.58027,-20.472591],[-56.579767,-20.471554],[-56.577565,-20.466014],[-56.57737,-20.465287],[-56.57721,-20.464441],[-56.577198,-20.463413],[-56.577355,-20.462138],[-56.578195,-20.456143],[-56.57837,-20.454966],[-56.578506,-20.454046],[-56.578564,-20.453043],[-56.578505,-20.452016],[-56.578337,-20.450984],[-56.574602,-20.439313],[-56.574225,-20.438334],[-56.57376,-20.437488],[-56.573222,-20.436771],[-56.572549,-20.436043],[-56.564638,-20.428392],[-56.563886,-20.427788],[-56.562962,-20.42726],[-56.561893,-20.426834],[-56.560694,-20.42659],[-56.559997,-20.426534],[-56.559179,-20.426549],[-56.554932,-20.426785],[-56.538983,-20.427436],[-56.536359,-20.427543],[-56.53544,-20.427574],[-56.534921,-20.427552],[-56.534042,-20.42744],[-56.533589,-20.427297],[-56.532806,-20.427063],[-56.531943,-20.42666],[-56.518608,-20.419944],[-56.512771,-20.416986],[-56.511704,-20.416522],[-56.510648,-20.416195],[-56.499474,-20.413575],[-56.497904,-20.413146],[-56.496313,-20.412404],[-56.489888,-20.409345],[-56.486376,-20.407595],[-56.485908,-20.407263],[-56.485227,-20.40658],[-56.483032,-20.404396],[-56.481019,-20.40221],[-56.473149,-20.393988],[-56.472334,-20.393185],[-56.47098,-20.392302],[-56.465425,-20.38961],[-56.45759,-20.38579],[-56.456793,-20.385404],[-56.455599,-20.384605],[-56.446989,-20.377645],[-56.446236,-20.376762],[-56.445751,-20.376125],[-56.445436,-20.375489],[-56.444942,-20.374059],[-56.441637,-20.3613],[-56.439784,-20.354082],[-56.435624,-20.338403],[-56.434979,-20.336796],[-56.434162,-20.33523],[-56.412653,-20.299784],[-56.409746,-20.294939],[-56.409414,-20.294111],[-56.409339,-20.29374],[-56.409288,-20.293375],[-56.408784,-20.285518],[-56.407642,-20.266355],[-56.407306,-20.261104],[-56.407169,-20.259145],[-56.407051,-20.258609],[-56.406901,-20.258254],[-56.406518,-20.25759],[-56.406131,-20.257134],[-56.405611,-20.256682],[-56.40504,-20.256337],[-56.404176,-20.255952],[-56.402724,-20.255362],[-56.402552,-20.255248],[-56.402332,-20.255081],[-56.402052,-20.254784],[-56.401832,-20.254439],[-56.401719,-20.254155],[-56.401656,-20.253858],[-56.401644,-20.253506],[-56.401586,-20.250627],[-56.401579,-20.250267],[-56.40155,-20.248407],[-56.401544,-20.24817],[-56.401509,-20.244768],[-56.401496,-20.244338],[-56.401487,-20.2439],[-56.401428,-20.242059],[-56.401408,-20.241734],[-56.401371,-20.241598],[-56.401303,-20.241451],[-56.401117,-20.241237],[-56.400939,-20.241114],[-56.400652,-20.241012],[-56.400367,-20.240958],[-56.400314,-20.240947],[-56.398986,-20.24078],[-56.398004,-20.240654],[-56.397858,-20.240634],[-56.397632,-20.240636],[-56.397448,-20.240654],[-56.397349,-20.240678],[-56.397191,-20.240742],[-56.397105,-20.240799],[-56.397005,-20.240827],[-56.396899,-20.240824],[-56.396801,-20.240789],[-56.39672,-20.240726],[-56.396661,-20.240634],[-56.396641,-20.240528],[-56.396661,-20.240422],[-56.396719,-20.240329],[-56.396744,-20.240305],[-56.396772,-20.240283],[-56.396805,-20.240058],[-56.396827,-20.239796],[-56.396661,-20.239081],[-56.396442,-20.238443],[-56.396021,-20.237565],[-56.39531,-20.236386],[-56.394057,-20.234393],[-56.39375,-20.233758],[-56.393484,-20.233086],[-56.393049,-20.231905],[-56.392632,-20.230776],[-56.392471,-20.230592],[-56.392237,-20.230415],[-56.392065,-20.230373],[-56.391848,-20.230358],[-56.39147,-20.230417],[-56.387875,-20.231329],[-56.382734,-20.232684],[-56.381404,-20.233039],[-56.38133,-20.233058],[-56.380516,-20.233269],[-56.379279,-20.23359],[-56.378293,-20.233837],[-56.378212,-20.233881],[-56.378135,-20.23392],[-56.378076,-20.233946],[-56.378019,-20.23399],[-56.377956,-20.234049],[-56.377917,-20.234117],[-56.377916,-20.234191],[-56.377926,-20.234244],[-56.377946,-20.234287],[-56.378043,-20.234443],[-56.378594,-20.235148],[-56.378734,-20.235329],[-56.378804,-20.235419],[-56.379058,-20.235749],[-56.379296,-20.236056],[-56.379311,-20.236122],[-56.379308,-20.236167],[-56.379293,-20.2362],[-56.379263,-20.236233],[-56.379211,-20.236242],[-56.379171,-20.236236],[-56.379131,-20.236228],[-56.37908,-20.236207],[-56.378504,-20.235442],[-56.37829,-20.23545],[-56.3782,-20.23548],[-56.377684,-20.235825],[-56.377536,-20.235941],[-56.377522,-20.235828],[-56.377469,-20.235725],[-56.377383,-20.235645],[-56.377273,-20.235596],[-56.377152,-20.235584],[-56.376979,-20.235634],[-56.376647,-20.235595],[-56.376249,-20.235524],[-56.375926,-20.235475],[-56.375782,-20.235464],[-56.375634,-20.235468],[-56.375501,-20.235488],[-56.375362,-20.235529],[-56.374939,-20.235743],[-56.374859,-20.235801]]},"properties":{"id_trecho":"ACESS-ROTA-EST-024-03","id_rota":"ROTA-EST-024","nome_rota":"Rota de Aviturismo da Serra da Bodoquena","ordem_trecho":3,"origem":"Bodoquena","destino":"Miranda","tipo_registro_rota":"Proposta autoral baseada em produto turístico institucional consolidado","status_institucional_rota":"Produto turístico territorial consolidado, sem rota formal identificada com esta denominação","classe_base_acessibilidade":"Base híbrida","natureza":"Estimativa científica de acessibilidade pela rede viária contemporânea","distancia_rodoviaria_km":63.7,"duracao_estimada_sem_trafego_min":63,"resumo_vias":"MS-339, BR-262","perfil_roteamento":"driving","motor_roteamento":"OSRM route service","endpoint_consultado":"https://router.project-osrm.org","fonte_rede":"OpenStreetMap contributors","licenca_rede":"ODbL 1.0","data_materializacao":"2026-08-12T03:43:51.108Z","corte_base_joaju":"2026-08-10","data_versao_rede":"Não informada","origem_solicitada_lon":-56.7127,"origem_solicitada_lat":-20.537,"destino_solicitado_lon":-56.3746,"destino_solicitado_lat":-20.2355,"origem_ajustada_lon":-56.713533,"origem_ajustada_lat":-20.537037,"destino_ajustado_lon":-56.374859,"destino_ajustado_lat":-20.235801,"distancia_ajuste_origem_m":87,"distancia_ajuste_destino_m":42.9,"status_revisao":"Não validado em campo","nota_especifica":"Estimativa viária contemporânea entre referências da proposta metodológica. Não substitui validação logística ou de campo.","limitacoes":"Tempo sem trânsito em tempo real. O resultado pode incluir vias privadas, sazonais, não pavimentadas, interrompidas ou com restrições ausentes na base.","uso_operacional":"Não representa o traçado cultural, histórico, aquático ou oficialmente aprovado da rota. Não constitui recomendação de viagem, autorização de acesso ou validação das condições da via.","natureza_projeto":"Projeto de pesquisa científica","referencial_metodologico":"Aplicação e adaptação experimental do marco PRICI"}},{"type":"Feature","geometry":{"type":"LineString","coordinates":[[-54.629706,-20.44855],[-54.629874,-20.449152],[-54.630579,-20.448994],[-54.631311,-20.448795],[-54.632197,-20.448548],[-54.632409,-20.449221],[-54.632597,-20.449815],[-54.632744,-20.450271],[-54.632998,-20.451058],[-54.633434,-20.452469],[-54.633457,-20.452589],[-54.633511,-20.45334],[-54.633519,-20.45344],[-54.633527,-20.453544],[-54.633595,-20.45462],[-54.633599,-20.454668],[-54.633648,-20.455297],[-54.633687,-20.455891],[-54.63374,-20.456562],[-54.633781,-20.457109],[-54.633852,-20.458029],[-54.633868,-20.45822],[-54.633918,-20.458616],[-54.633953,-20.459276],[-54.633976,-20.459761],[-54.634007,-20.460152],[-54.634073,-20.46048],[-54.634098,-20.4606],[-54.634128,-20.460694],[-54.634153,-20.460769],[-54.634178,-20.460825],[-54.634513,-20.461588],[-54.634587,-20.461756],[-54.634616,-20.461827],[-54.63471,-20.462043],[-54.635064,-20.462857],[-54.635161,-20.462924],[-54.635617,-20.463177],[-54.636001,-20.464128],[-54.636304,-20.464859],[-54.636547,-20.465456],[-54.636677,-20.465805],[-54.636816,-20.466135],[-54.63689,-20.466278],[-54.636972,-20.466269],[-54.637248,-20.466224],[-54.637573,-20.466131],[-54.638003,-20.465987],[-54.642529,-20.464312],[-54.642595,-20.464293],[-54.642749,-20.464276],[-54.643705,-20.463914],[-54.644046,-20.463798],[-54.644307,-20.46375],[-54.644785,-20.463712],[-54.6449,-20.463703],[-54.645029,-20.463683],[-54.645354,-20.463611],[-54.64613,-20.463552],[-54.646249,-20.46355],[-54.647028,-20.463538],[-54.647153,-20.463536],[-54.647301,-20.463536],[-54.647951,-20.463517],[-54.648488,-20.463501],[-54.649066,-20.463488],[-54.64921,-20.463481],[-54.649978,-20.463457],[-54.650143,-20.463448],[-54.650337,-20.463446],[-54.650537,-20.463411],[-54.650735,-20.463353],[-54.650895,-20.463296],[-54.651076,-20.463218],[-54.651374,-20.463078],[-54.65146,-20.463038],[-54.651597,-20.462969],[-54.651749,-20.462893],[-54.652069,-20.462691],[-54.65211,-20.462663],[-54.652778,-20.462191],[-54.652974,-20.462077],[-54.653163,-20.46198],[-54.653527,-20.461828],[-54.654058,-20.461628],[-54.654216,-20.461567],[-54.654362,-20.461514],[-54.655311,-20.461164],[-54.655672,-20.461021],[-54.656104,-20.460827],[-54.656785,-20.460485],[-54.657,-20.460398],[-54.657178,-20.460343],[-54.657353,-20.460307],[-54.657556,-20.460257],[-54.657736,-20.460232],[-54.657864,-20.460227],[-54.658,-20.460225],[-54.658396,-20.460223],[-54.658554,-20.460246],[-54.658738,-20.460276],[-54.658839,-20.460274],[-54.658929,-20.460272],[-54.659139,-20.460264],[-54.659579,-20.460191],[-54.65983,-20.460129],[-54.660076,-20.460068],[-54.660543,-20.459918],[-54.660802,-20.459813],[-54.660921,-20.459765],[-54.66133,-20.459522],[-54.66164,-20.459275],[-54.661922,-20.458978],[-54.662274,-20.45858],[-54.662523,-20.458322],[-54.662739,-20.458134],[-54.66298,-20.457965],[-54.663276,-20.457809],[-54.663678,-20.457626],[-54.665416,-20.456801],[-54.665978,-20.45655],[-54.66647,-20.456379],[-54.666849,-20.45629],[-54.667185,-20.456212],[-54.667236,-20.4562],[-54.667844,-20.456069],[-54.668606,-20.455903],[-54.668862,-20.455843],[-54.669394,-20.455785],[-54.66975,-20.455746],[-54.669832,-20.455743],[-54.670302,-20.455728],[-54.671006,-20.455746],[-54.67629,-20.455441],[-54.677291,-20.455404],[-54.67774,-20.45537],[-54.678632,-20.455336],[-54.67869,-20.455335],[-54.679076,-20.455324],[-54.679663,-20.455259],[-54.680186,-20.455247],[-54.680805,-20.455215],[-54.681215,-20.455195],[-54.68163,-20.455162],[-54.682898,-20.455091],[-54.684203,-20.455049],[-54.684896,-20.454999],[-54.685179,-20.454999],[-54.685762,-20.454946],[-54.686324,-20.454922],[-54.689258,-20.454719],[-54.689516,-20.454704],[-54.691495,-20.454588],[-54.691769,-20.454563],[-54.691907,-20.454522],[-54.692137,-20.454414],[-54.692281,-20.454315],[-54.692429,-20.454186],[-54.692552,-20.454028],[-54.69265,-20.453941],[-54.692775,-20.453858],[-54.692911,-20.453798],[-54.693185,-20.453702],[-54.693341,-20.453669],[-54.693493,-20.453642],[-54.693808,-20.453619],[-54.693965,-20.453622],[-54.694123,-20.453635],[-54.694433,-20.453684],[-54.694583,-20.453728],[-54.694729,-20.453791],[-54.694956,-20.453954],[-54.694988,-20.453984],[-54.695057,-20.454017],[-54.695129,-20.454055],[-54.695279,-20.45413],[-54.695381,-20.454167],[-54.695442,-20.45419],[-54.695766,-20.454274],[-54.695931,-20.4543],[-54.6961,-20.454312],[-54.697297,-20.454251],[-54.697471,-20.454242],[-54.701377,-20.45405],[-54.702119,-20.454018],[-54.704685,-20.453888],[-54.70527,-20.453848],[-54.705586,-20.453863],[-54.705656,-20.453863],[-54.705752,-20.453864],[-54.705821,-20.453871],[-54.706125,-20.453908],[-54.70635,-20.453967],[-54.706489,-20.45401],[-54.706679,-20.454086],[-54.706842,-20.454178],[-54.706976,-20.454264],[-54.707151,-20.454396],[-54.707266,-20.454482],[-54.70763,-20.454911],[-54.708123,-20.455512],[-54.708372,-20.455824],[-54.708506,-20.455993],[-54.709532,-20.457215],[-54.711449,-20.459514],[-54.712248,-20.460473],[-54.713427,-20.461882],[-54.713875,-20.462419],[-54.714209,-20.46282],[-54.714597,-20.463218],[-54.715007,-20.463553],[-54.715654,-20.463961],[-54.716303,-20.464309],[-54.72557,-20.468749],[-54.72699,-20.469422],[-54.727108,-20.469466],[-54.727227,-20.469513],[-54.72739,-20.469562],[-54.727493,-20.46959],[-54.727577,-20.469654],[-54.7277,-20.469735],[-54.727794,-20.469798],[-54.72789,-20.469852],[-54.739211,-20.475291],[-54.7419,-20.476555],[-54.742175,-20.476677],[-54.742459,-20.476788],[-54.742735,-20.476883],[-54.74302,-20.476965],[-54.743336,-20.477045],[-54.743641,-20.477099],[-54.744261,-20.477175],[-54.745271,-20.477257],[-54.747348,-20.477427],[-54.749358,-20.477593],[-54.749512,-20.477585],[-54.749648,-20.477568],[-54.749772,-20.47754],[-54.749897,-20.4775],[-54.750062,-20.477466],[-54.750244,-20.477342],[-54.750361,-20.477312],[-54.750482,-20.47731],[-54.7506,-20.477335],[-54.750707,-20.477388],[-54.750833,-20.477497],[-54.750879,-20.477585],[-54.750944,-20.477653],[-54.751031,-20.477719],[-54.751153,-20.477789],[-54.751321,-20.477848],[-54.751571,-20.47791],[-54.752359,-20.477967],[-54.752747,-20.478006],[-54.753361,-20.478056],[-54.753709,-20.478073],[-54.754054,-20.478095],[-54.755258,-20.478153],[-54.75584,-20.478178],[-54.756358,-20.47823],[-54.757173,-20.478317],[-54.757686,-20.478349],[-54.758525,-20.478402],[-54.759845,-20.478502],[-54.760435,-20.478547],[-54.760801,-20.478575],[-54.761703,-20.478643],[-54.761876,-20.478656],[-54.762041,-20.478669],[-54.762964,-20.478739],[-54.763865,-20.478808],[-54.763926,-20.478812],[-54.765245,-20.478912],[-54.765934,-20.478965],[-54.766609,-20.479016],[-54.767887,-20.479113],[-54.768287,-20.47918],[-54.768726,-20.479284],[-54.769084,-20.479391],[-54.769442,-20.479526],[-54.769806,-20.479685],[-54.770032,-20.479801],[-54.77357,-20.481643],[-54.774395,-20.481944],[-54.775023,-20.482079],[-54.775666,-20.482168],[-54.786953,-20.483008],[-54.793132,-20.483547],[-54.795176,-20.483702],[-54.799584,-20.484037],[-54.800969,-20.484267],[-54.802046,-20.484619],[-54.803042,-20.485084],[-54.803699,-20.485544],[-54.804352,-20.48606],[-54.805048,-20.486753],[-54.806905,-20.489207],[-54.807228,-20.489626],[-54.807714,-20.490035],[-54.808068,-20.490215],[-54.808519,-20.490364],[-54.809101,-20.49043],[-54.809682,-20.490415],[-54.81042,-20.490184],[-54.810906,-20.489869],[-54.811186,-20.489591],[-54.812298,-20.488401],[-54.813068,-20.487795],[-54.813619,-20.48739],[-54.814527,-20.486871],[-54.8158,-20.48645],[-54.816799,-20.486363],[-54.817832,-20.486486],[-54.818683,-20.486727],[-54.819367,-20.487016],[-54.82341,-20.488925],[-54.824476,-20.489275],[-54.82522,-20.489364],[-54.825847,-20.489352],[-54.826385,-20.489227],[-54.82685,-20.489065],[-54.82749,-20.48874],[-54.827925,-20.488376],[-54.828278,-20.487982],[-54.828667,-20.487373],[-54.831864,-20.481012],[-54.832058,-20.480717],[-54.832289,-20.480435],[-54.832533,-20.480188],[-54.832927,-20.479877],[-54.833143,-20.479753],[-54.833359,-20.479648],[-54.833948,-20.47944],[-54.836377,-20.47882],[-54.836949,-20.478615],[-54.837149,-20.478512],[-54.837334,-20.478399],[-54.837613,-20.478171],[-54.837859,-20.477941],[-54.83993,-20.4759],[-54.840493,-20.475361],[-54.841035,-20.47484],[-54.84132,-20.474544],[-54.841544,-20.474275],[-54.841733,-20.473995],[-54.841818,-20.473838],[-54.841893,-20.473682],[-54.841973,-20.473488],[-54.842027,-20.473304],[-54.842071,-20.473053],[-54.842072,-20.472683],[-54.84204,-20.472328],[-54.841946,-20.472029],[-54.841873,-20.471818],[-54.841789,-20.471642],[-54.841414,-20.470913],[-54.841237,-20.470546],[-54.841095,-20.470182],[-54.841008,-20.469909],[-54.840948,-20.46964],[-54.840899,-20.469099],[-54.840939,-20.468755],[-54.84101,-20.468417],[-54.841132,-20.468008],[-54.841248,-20.467586],[-54.843206,-20.461032],[-54.845423,-20.453375],[-54.845648,-20.452851],[-54.845915,-20.452344],[-54.84611,-20.452037],[-54.846273,-20.451806],[-54.846433,-20.451603],[-54.846818,-20.451126],[-54.847317,-20.450436],[-54.847957,-20.449677],[-54.847999,-20.44963],[-54.852989,-20.443321],[-54.853685,-20.442451],[-54.85583,-20.439766],[-54.856083,-20.439483],[-54.856314,-20.439246],[-54.856607,-20.438963],[-54.856895,-20.438708],[-54.857318,-20.43839],[-54.857676,-20.438139],[-54.858061,-20.437889],[-54.858491,-20.437639],[-54.859046,-20.437355],[-54.859679,-20.437107],[-54.860446,-20.436832],[-54.860684,-20.436738],[-54.860865,-20.436662],[-54.861123,-20.436504],[-54.861362,-20.436345],[-54.861578,-20.436194],[-54.861663,-20.436124],[-54.861768,-20.436067],[-54.861877,-20.436025],[-54.86203,-20.436001],[-54.862109,-20.436001],[-54.862371,-20.435967],[-54.862657,-20.435932],[-54.862918,-20.435887],[-54.864906,-20.435178],[-54.865261,-20.435064],[-54.866157,-20.434853],[-54.866607,-20.434775],[-54.86685,-20.434734],[-54.867399,-20.43469],[-54.868049,-20.434665],[-54.868983,-20.434686],[-54.871569,-20.434867],[-54.872088,-20.434879],[-54.872582,-20.434845],[-54.872978,-20.434807],[-54.873853,-20.434659],[-54.874505,-20.434532],[-54.876224,-20.434196],[-54.876502,-20.434148],[-54.87682,-20.434091],[-54.87709,-20.434041],[-54.878163,-20.433851],[-54.879723,-20.433521],[-54.881349,-20.433211],[-54.881467,-20.433186],[-54.88169,-20.43309],[-54.88202,-20.43303],[-54.882326,-20.432975],[-54.882612,-20.432982],[-54.882745,-20.432951],[-54.882912,-20.432919],[-54.884516,-20.432637],[-54.888306,-20.431867],[-54.894686,-20.430638],[-54.901971,-20.429228],[-54.912712,-20.427156],[-54.914123,-20.426887],[-54.914883,-20.426742],[-54.917057,-20.42635],[-54.917623,-20.426307],[-54.918275,-20.426285],[-54.918901,-20.426318],[-54.919523,-20.426394],[-54.920276,-20.426546],[-54.920974,-20.426757],[-54.922759,-20.42742],[-54.928999,-20.429738],[-54.92983,-20.429976],[-54.930839,-20.43015],[-54.932526,-20.430166],[-54.933693,-20.429979],[-54.934834,-20.429647],[-54.936025,-20.429074],[-54.945032,-20.424014],[-54.946098,-20.423425],[-54.947436,-20.422687],[-54.948218,-20.422346],[-54.948961,-20.422065],[-54.950043,-20.421743],[-54.950434,-20.421627],[-54.950727,-20.421562],[-54.953723,-20.420862],[-54.9545,-20.420709],[-54.955144,-20.420642],[-54.955766,-20.420618],[-54.956426,-20.420633],[-54.957175,-20.420716],[-54.957946,-20.420879],[-54.958686,-20.421126],[-54.959468,-20.421454],[-54.960198,-20.421844],[-54.960526,-20.422037],[-54.962919,-20.423452],[-54.964263,-20.424247],[-54.96563,-20.42481],[-54.966987,-20.425145],[-54.968467,-20.42528],[-54.970212,-20.425163],[-54.974584,-20.424664],[-54.986347,-20.423323],[-54.986628,-20.423291],[-54.986688,-20.423284],[-54.986925,-20.423257],[-54.987932,-20.423142],[-54.988176,-20.423113],[-54.988411,-20.423087],[-55.00527,-20.421165],[-55.013231,-20.420257],[-55.015014,-20.420053],[-55.015496,-20.419998],[-55.015853,-20.419958],[-55.016692,-20.419904],[-55.017117,-20.419877],[-55.017198,-20.419872],[-55.017808,-20.419871],[-55.018519,-20.419932],[-55.019947,-20.420147],[-55.024931,-20.421201],[-55.028788,-20.422017],[-55.03961,-20.424306],[-55.060054,-20.42863],[-55.061965,-20.429035],[-55.062611,-20.42916],[-55.063332,-20.4293],[-55.06345,-20.429323],[-55.084796,-20.43386],[-55.088843,-20.43472],[-55.093132,-20.435576],[-55.118369,-20.44096],[-55.123066,-20.441962],[-55.157416,-20.449191],[-55.161804,-20.450107],[-55.169624,-20.451768],[-55.170513,-20.452107],[-55.176534,-20.455056],[-55.187192,-20.460271],[-55.201897,-20.467508],[-55.204627,-20.468903],[-55.20575,-20.469291],[-55.206701,-20.469519],[-55.209708,-20.469988],[-55.211663,-20.470263],[-55.214568,-20.470673],[-55.215737,-20.470655],[-55.21655,-20.470535],[-55.21733,-20.470329],[-55.218175,-20.469972],[-55.219226,-20.469392],[-55.222013,-20.467742],[-55.222202,-20.46763],[-55.223025,-20.467143],[-55.233875,-20.46072],[-55.237044,-20.458846],[-55.237765,-20.458391],[-55.238194,-20.458112],[-55.238489,-20.45791],[-55.240344,-20.456597],[-55.241641,-20.4557],[-55.24266,-20.45499],[-55.244628,-20.45361],[-55.245475,-20.453036],[-55.245931,-20.452747],[-55.246177,-20.452609],[-55.246692,-20.452349],[-55.247266,-20.452099],[-55.248096,-20.451835],[-55.248851,-20.451651],[-55.249501,-20.451542],[-55.250087,-20.451478],[-55.250529,-20.451454],[-55.251121,-20.451466],[-55.251631,-20.451509],[-55.252107,-20.451571],[-55.252439,-20.451632],[-55.2526,-20.451657],[-55.25279,-20.451693],[-55.253242,-20.451791],[-55.253891,-20.451993],[-55.254231,-20.452116],[-55.254911,-20.452415],[-55.255417,-20.45268],[-55.255674,-20.452826],[-55.256093,-20.453097],[-55.256555,-20.453442],[-55.256997,-20.453805],[-55.257423,-20.45421],[-55.257752,-20.454546],[-55.257976,-20.454805],[-55.258251,-20.455162],[-55.258445,-20.455443],[-55.259357,-20.456761],[-55.261719,-20.460179],[-55.262371,-20.46112],[-55.264019,-20.463501],[-55.265797,-20.466083],[-55.271737,-20.474741],[-55.271984,-20.4751],[-55.279094,-20.485406],[-55.27987,-20.48653],[-55.280635,-20.487402],[-55.281695,-20.488253],[-55.28301,-20.488896],[-55.285259,-20.489636],[-55.301189,-20.494821],[-55.328727,-20.503783],[-55.337157,-20.506575],[-55.338879,-20.507084],[-55.36804,-20.516507],[-55.383111,-20.521341],[-55.383644,-20.521509],[-55.383894,-20.521586],[-55.384445,-20.521769],[-55.398739,-20.526354],[-55.399,-20.526408],[-55.399243,-20.526447],[-55.399652,-20.52648],[-55.400061,-20.526506],[-55.400152,-20.526516],[-55.400203,-20.526521],[-55.400348,-20.52655],[-55.40049,-20.526602],[-55.400635,-20.526685],[-55.400906,-20.526856],[-55.401037,-20.526941],[-55.401184,-20.527024],[-55.401321,-20.527094],[-55.401476,-20.527169],[-55.401669,-20.527263],[-55.402007,-20.527379],[-55.402143,-20.527443],[-55.405512,-20.528504],[-55.419395,-20.53302],[-55.419614,-20.53309],[-55.420085,-20.533242],[-55.420338,-20.533327],[-55.421992,-20.533885],[-55.453924,-20.544286],[-55.498625,-20.558845],[-55.498961,-20.558938],[-55.499303,-20.559013],[-55.499653,-20.559069],[-55.499996,-20.55911],[-55.500345,-20.559136],[-55.500693,-20.55915],[-55.50104,-20.559155],[-55.501385,-20.559145],[-55.501741,-20.55912],[-55.502088,-20.559081],[-55.50244,-20.559027],[-55.502779,-20.558967],[-55.503125,-20.558891],[-55.503456,-20.558804],[-55.504093,-20.558583],[-55.510925,-20.555825],[-55.512633,-20.55526],[-55.524332,-20.552088],[-55.524991,-20.551892],[-55.534434,-20.548523],[-55.535218,-20.548336],[-55.535898,-20.548224],[-55.536577,-20.548189],[-55.53732,-20.548189],[-55.538051,-20.548249],[-55.539422,-20.548585],[-55.5407,-20.549082],[-55.546534,-20.552238],[-55.546897,-20.552417],[-55.547435,-20.552604],[-55.547974,-20.552754],[-55.548516,-20.552831],[-55.549059,-20.55286],[-55.550033,-20.55283],[-55.551108,-20.552512],[-55.552102,-20.551962],[-55.552818,-20.551332],[-55.553403,-20.550588],[-55.553817,-20.549748],[-55.554057,-20.548853],[-55.554102,-20.54793],[-55.553857,-20.546295],[-55.55386,-20.545057],[-55.554073,-20.544055],[-55.55448,-20.543082],[-55.555218,-20.542018],[-55.556042,-20.541223],[-55.556474,-20.540926],[-55.55669,-20.540792],[-55.55784,-20.540238],[-55.573767,-20.534462],[-55.576092,-20.533359],[-55.576612,-20.533112],[-55.587942,-20.527735],[-55.607402,-20.518372],[-55.616735,-20.513324],[-55.620098,-20.511505],[-55.620645,-20.511233],[-55.621218,-20.511045],[-55.621899,-20.510831],[-55.622587,-20.510717],[-55.623935,-20.510603],[-55.632872,-20.510679],[-55.637492,-20.510677],[-55.639907,-20.510691],[-55.64123,-20.510669],[-55.64224,-20.510626],[-55.643241,-20.510571],[-55.645374,-20.510405],[-55.64966,-20.510127],[-55.652061,-20.509937],[-55.654344,-20.509772],[-55.655863,-20.509662],[-55.657477,-20.509557],[-55.658923,-20.509468],[-55.661094,-20.509306],[-55.662063,-20.509246],[-55.664283,-20.509087],[-55.664962,-20.509031],[-55.666031,-20.508968],[-55.66687,-20.508918],[-55.667975,-20.508815],[-55.668957,-20.508742],[-55.669675,-20.508717],[-55.670599,-20.508668],[-55.671131,-20.508622],[-55.671891,-20.508552],[-55.673326,-20.50845],[-55.675349,-20.508315],[-55.676125,-20.508259],[-55.676679,-20.50822],[-55.677475,-20.508158],[-55.67884,-20.508058],[-55.679899,-20.507999],[-55.681397,-20.507903],[-55.682415,-20.507835],[-55.683162,-20.507785],[-55.68615,-20.50757],[-55.688475,-20.507413],[-55.690122,-20.507306],[-55.69537,-20.506944],[-55.701577,-20.506517],[-55.725661,-20.504947],[-55.737833,-20.504118],[-55.738359,-20.504089],[-55.739656,-20.504017],[-55.740246,-20.503985],[-55.741043,-20.503927],[-55.752112,-20.503224],[-55.752375,-20.503208],[-55.752869,-20.503178],[-55.753198,-20.503158],[-55.754668,-20.503015],[-55.756373,-20.502861],[-55.75712,-20.502767],[-55.759994,-20.502407],[-55.760148,-20.502387],[-55.762861,-20.502053],[-55.774901,-20.500569],[-55.780039,-20.499919],[-55.78057,-20.49986],[-55.782514,-20.499579],[-55.783843,-20.499413],[-55.786125,-20.499126],[-55.786475,-20.499035],[-55.787008,-20.49892],[-55.787293,-20.498865],[-55.788203,-20.498696],[-55.788435,-20.498537],[-55.788527,-20.498449],[-55.788593,-20.49835],[-55.788645,-20.498241],[-55.788738,-20.498042],[-55.788776,-20.497982],[-55.788776,-20.497942],[-55.788788,-20.497904],[-55.788804,-20.497853],[-55.788912,-20.497627],[-55.789015,-20.497157],[-55.789113,-20.496783],[-55.789623,-20.495735],[-55.790005,-20.494838],[-55.790062,-20.494703],[-55.790478,-20.493713],[-55.790484,-20.493695],[-55.79109,-20.492018],[-55.791216,-20.491749],[-55.79134,-20.491583],[-55.791431,-20.491486],[-55.791531,-20.491388],[-55.791737,-20.491204],[-55.793177,-20.489899],[-55.793507,-20.489599],[-55.793899,-20.489244],[-55.794857,-20.488375],[-55.795787,-20.487532],[-55.795916,-20.487415],[-55.79682,-20.486596],[-55.797539,-20.485948],[-55.797673,-20.485823],[-55.797594,-20.485693],[-55.797333,-20.485262],[-55.797123,-20.484918],[-55.796407,-20.483741],[-55.795778,-20.482687],[-55.795062,-20.481484],[-55.794778,-20.481006],[-55.794167,-20.479979],[-55.794104,-20.479874],[-55.794029,-20.479747],[-55.793487,-20.478837],[-55.793418,-20.478721],[-55.793363,-20.478629],[-55.792799,-20.477681],[-55.792739,-20.47758],[-55.792686,-20.477491],[-55.792109,-20.476521],[-55.79206,-20.476438],[-55.792155,-20.476388],[-55.793298,-20.475785],[-55.794356,-20.475227],[-55.794488,-20.475157],[-55.794265,-20.474776],[-55.794116,-20.474522],[-55.794098,-20.47449],[-55.793794,-20.473971],[-55.793144,-20.472859],[-55.792511,-20.471802],[-55.792452,-20.471703],[-55.791767,-20.470559],[-55.791085,-20.469421],[-55.790742,-20.468848],[-55.790389,-20.468258],[-55.789715,-20.467134],[-55.789383,-20.466579],[-55.789053,-20.466029],[-55.788363,-20.464877],[-55.78772,-20.46522],[-55.787046,-20.465579],[-55.786403,-20.465921],[-55.786733,-20.466461],[-55.786814,-20.466593]]},"properties":{"id_trecho":"ACESS-ROTA-EST-026-01","id_rota":"ROTA-EST-026","nome_rota":"Rota Pantanal Bonito","ordem_trecho":1,"origem":"Campo Grande","destino":"Aquidauana","tipo_registro_rota":"Produto turístico institucional incorporado ao estudo","status_institucional_rota":"Produto turístico promovido institucionalmente","classe_base_acessibilidade":"Base institucional ou documental direta","natureza":"Estimativa científica de acessibilidade pela rede viária contemporânea","distancia_rodoviaria_km":140.6,"duracao_estimada_sem_trafego_min":109,"resumo_vias":"Avenida Duque de Caxias, BR-262","perfil_roteamento":"driving","motor_roteamento":"OSRM route service","endpoint_consultado":"https://router.project-osrm.org","fonte_rede":"OpenStreetMap contributors","licenca_rede":"ODbL 1.0","data_materializacao":"2026-08-12T03:43:51.108Z","corte_base_joaju":"2026-08-10","data_versao_rede":"Não informada","origem_solicitada_lon":-54.6295,"origem_solicitada_lat":-20.4486,"destino_solicitado_lon":-55.7868,"destino_solicitado_lat":-20.4666,"origem_ajustada_lon":-54.629706,"origem_ajustada_lat":-20.44855,"destino_ajustado_lon":-55.786814,"destino_ajustado_lat":-20.466593,"distancia_ajuste_origem_m":22.2,"distancia_ajuste_destino_m":1.7,"status_revisao":"Não validado em campo","nota_especifica":"Estimativa viária contemporânea entre referências da proposta metodológica. Não substitui validação logística ou de campo.","limitacoes":"Tempo sem trânsito em tempo real. O resultado pode incluir vias privadas, sazonais, não pavimentadas, interrompidas ou com restrições ausentes na base.","uso_operacional":"Não representa o traçado cultural, histórico, aquático ou oficialmente aprovado da rota. Não constitui recomendação de viagem, autorização de acesso ou validação das condições da via.","natureza_projeto":"Projeto de pesquisa científica","referencial_metodologico":"Aplicação e adaptação experimental do marco PRICI"}},{"type":"Feature","geometry":{"type":"LineString","coordinates":[[-55.786814,-20.466593],[-55.787099,-20.46706],[-55.787725,-20.46673],[-55.787808,-20.466687],[-55.788381,-20.466384],[-55.78844,-20.466353],[-55.789053,-20.466029],[-55.789628,-20.465726],[-55.790254,-20.465395],[-55.790436,-20.465697],[-55.790858,-20.466408],[-55.790923,-20.46651],[-55.791593,-20.467625],[-55.792289,-20.468785],[-55.792976,-20.469931],[-55.793574,-20.470927],[-55.793638,-20.471034],[-55.793663,-20.471076],[-55.79401,-20.471671],[-55.794342,-20.472239],[-55.794554,-20.472602],[-55.794882,-20.473163],[-55.79498,-20.47333],[-55.795009,-20.473378],[-55.795142,-20.473598],[-55.795178,-20.473657],[-55.795337,-20.473919],[-55.795363,-20.473961],[-55.795431,-20.474072],[-55.795471,-20.474138],[-55.795507,-20.474194],[-55.795688,-20.474497],[-55.796386,-20.475651],[-55.796993,-20.476657],[-55.797063,-20.476773],[-55.797187,-20.476708],[-55.798278,-20.476135],[-55.799488,-20.4755],[-55.799935,-20.475232],[-55.800645,-20.476347],[-55.800683,-20.476411],[-55.801328,-20.477475],[-55.801286,-20.477706],[-55.801287,-20.477953],[-55.801351,-20.478076],[-55.801696,-20.478704],[-55.801886,-20.479038],[-55.802459,-20.480069],[-55.802675,-20.480294],[-55.802686,-20.480294],[-55.802714,-20.48031],[-55.802731,-20.480336],[-55.802734,-20.480366],[-55.802744,-20.480412],[-55.802781,-20.480642],[-55.803,-20.481008],[-55.802603,-20.481362],[-55.803327,-20.482072],[-55.803448,-20.482193],[-55.804006,-20.48275],[-55.804323,-20.483062],[-55.804799,-20.48353],[-55.805474,-20.484162],[-55.805576,-20.484319],[-55.805687,-20.484563],[-55.805706,-20.484604],[-55.805904,-20.485039],[-55.807222,-20.487788],[-55.807662,-20.488675],[-55.807906,-20.489217],[-55.808094,-20.489592],[-55.808266,-20.489962],[-55.808991,-20.491426],[-55.809108,-20.491664],[-55.80949,-20.492436],[-55.809896,-20.49326],[-55.810205,-20.49394],[-55.81077,-20.495077],[-55.81169,-20.496993],[-55.81176,-20.497171],[-55.811805,-20.497231],[-55.811919,-20.497461],[-55.811951,-20.497533],[-55.812104,-20.49788],[-55.812367,-20.498406],[-55.812419,-20.49851],[-55.812541,-20.498652],[-55.812678,-20.498787],[-55.812816,-20.498903],[-55.812958,-20.499006],[-55.81307,-20.499069],[-55.813171,-20.499112],[-55.813309,-20.499161],[-55.813447,-20.499194],[-55.813645,-20.499234],[-55.813831,-20.499269],[-55.814971,-20.499205],[-55.816545,-20.499117],[-55.816962,-20.499123],[-55.817344,-20.49915],[-55.817871,-20.499245],[-55.818348,-20.499332],[-55.819175,-20.499524],[-55.822767,-20.500553],[-55.823183,-20.50065],[-55.823218,-20.500663],[-55.823922,-20.500859],[-55.824227,-20.500944],[-55.825614,-20.501316],[-55.827257,-20.501757],[-55.829994,-20.502516],[-55.84087,-20.505543],[-55.841476,-20.505703],[-55.842209,-20.505855],[-55.843481,-20.505869],[-55.844703,-20.505752],[-55.845612,-20.505578],[-55.84652,-20.505404],[-55.849076,-20.504882],[-55.849576,-20.50478],[-55.854028,-20.503872],[-55.856122,-20.503445],[-55.858162,-20.503262],[-55.881935,-20.502082],[-55.888478,-20.501732],[-55.892353,-20.501525],[-55.903617,-20.500923],[-55.913654,-20.500403],[-55.924295,-20.499838],[-55.924621,-20.499803],[-55.925874,-20.499594],[-55.927195,-20.499142],[-55.928513,-20.498392],[-55.989303,-20.460965],[-56.00781,-20.44952],[-56.011078,-20.447499],[-56.023522,-20.439855],[-56.031116,-20.43519],[-56.038389,-20.430722],[-56.048289,-20.424659],[-56.049761,-20.423603],[-56.050087,-20.42339],[-56.05658,-20.418812],[-56.065146,-20.412771],[-56.078721,-20.403169],[-56.07966,-20.402446],[-56.080425,-20.401752],[-56.081056,-20.400903],[-56.082301,-20.398657],[-56.082918,-20.397584],[-56.083319,-20.397042],[-56.083932,-20.39667],[-56.084613,-20.396509],[-56.085054,-20.396523],[-56.085483,-20.396618],[-56.086324,-20.396762],[-56.08735,-20.396738],[-56.088327,-20.396547],[-56.092278,-20.395114],[-56.093435,-20.39449],[-56.093915,-20.394091],[-56.094341,-20.393738],[-56.106139,-20.382554],[-56.117892,-20.371469],[-56.118738,-20.370634],[-56.119371,-20.369902],[-56.119997,-20.368865],[-56.122354,-20.36301],[-56.122621,-20.362492],[-56.123141,-20.36158],[-56.123861,-20.360823],[-56.129242,-20.355924],[-56.129481,-20.355706],[-56.129671,-20.355524],[-56.129834,-20.355378],[-56.130019,-20.355189],[-56.130304,-20.354935],[-56.133218,-20.352362],[-56.13372,-20.351908],[-56.133898,-20.351759],[-56.134119,-20.351572],[-56.134697,-20.351245],[-56.13571,-20.350817],[-56.136885,-20.350581],[-56.137766,-20.350551],[-56.139079,-20.350583],[-56.141576,-20.350658],[-56.147655,-20.350829],[-56.148055,-20.35084],[-56.151894,-20.350946],[-56.15283,-20.350833],[-56.153816,-20.350543],[-56.154004,-20.350473],[-56.154915,-20.349984],[-56.155495,-20.349613],[-56.15636,-20.349025],[-56.15647,-20.34895],[-56.157297,-20.348399],[-56.165561,-20.343002],[-56.166126,-20.342683],[-56.167501,-20.3421],[-56.179803,-20.33719],[-56.181432,-20.33654],[-56.181805,-20.33639],[-56.184478,-20.335303],[-56.185051,-20.335036],[-56.185203,-20.334965],[-56.185559,-20.334802],[-56.190988,-20.332309],[-56.193042,-20.33137],[-56.199112,-20.328598],[-56.209728,-20.323749],[-56.21302,-20.322245],[-56.21384,-20.32187],[-56.215121,-20.321302],[-56.215268,-20.321247],[-56.215476,-20.321172],[-56.216057,-20.320986],[-56.216599,-20.32087],[-56.217135,-20.320755],[-56.22275,-20.319892],[-56.223893,-20.319582],[-56.23118,-20.316928],[-56.231366,-20.31686],[-56.234695,-20.315647],[-56.247081,-20.309681],[-56.248854,-20.308827],[-56.249014,-20.308759],[-56.249356,-20.308597],[-56.249487,-20.308531],[-56.249691,-20.308421],[-56.250101,-20.308211],[-56.254038,-20.306331],[-56.254152,-20.306277],[-56.269213,-20.299139],[-56.269974,-20.298796],[-56.270704,-20.298446],[-56.271567,-20.298032],[-56.271863,-20.29789],[-56.280426,-20.293784],[-56.283671,-20.29224],[-56.283748,-20.292204],[-56.288894,-20.289756],[-56.289903,-20.289276],[-56.293837,-20.287413],[-56.2955,-20.286626],[-56.301432,-20.283819],[-56.308563,-20.280444],[-56.32336,-20.27344],[-56.326955,-20.271738],[-56.330868,-20.269887],[-56.334926,-20.267968],[-56.336934,-20.267018],[-56.337918,-20.266547],[-56.338399,-20.266283],[-56.338597,-20.266158],[-56.339014,-20.265882],[-56.339328,-20.265632],[-56.339612,-20.265384],[-56.339845,-20.265163],[-56.340046,-20.26495],[-56.341196,-20.263739],[-56.343208,-20.26162],[-56.344191,-20.260575],[-56.344866,-20.259869],[-56.345483,-20.259202],[-56.345979,-20.258683],[-56.34724,-20.257366],[-56.347638,-20.256939],[-56.34966,-20.254798],[-56.350451,-20.253947],[-56.350544,-20.253861],[-56.351742,-20.252634],[-56.352271,-20.252034],[-56.352375,-20.251905],[-56.352487,-20.251776],[-56.353034,-20.251201],[-56.353671,-20.250573],[-56.354022,-20.25027],[-56.35408,-20.250219],[-56.361035,-20.24465],[-56.361274,-20.244457],[-56.363279,-20.242902],[-56.365145,-20.24136],[-56.366309,-20.240471],[-56.366438,-20.240368],[-56.3668,-20.240045],[-56.368129,-20.238985],[-56.368959,-20.238372],[-56.369101,-20.238253],[-56.372033,-20.23587],[-56.372258,-20.235703],[-56.372488,-20.235555],[-56.372735,-20.235411],[-56.372984,-20.23528],[-56.373223,-20.23517],[-56.373456,-20.235075],[-56.373678,-20.234995],[-56.373915,-20.234923],[-56.376902,-20.234183],[-56.377052,-20.234117],[-56.377127,-20.234076],[-56.377186,-20.234034],[-56.377264,-20.233968],[-56.37733,-20.233884],[-56.37734,-20.233874],[-56.377407,-20.233829],[-56.37749,-20.233792],[-56.377582,-20.233765],[-56.377678,-20.233752],[-56.37777,-20.233763],[-56.377857,-20.2338],[-56.377909,-20.233848],[-56.377955,-20.233921],[-56.377967,-20.233977],[-56.377956,-20.234049],[-56.377917,-20.234117],[-56.377916,-20.234191],[-56.377926,-20.234244],[-56.377946,-20.234287],[-56.378043,-20.234443],[-56.378594,-20.235148],[-56.378734,-20.235329],[-56.378804,-20.235419],[-56.379058,-20.235749],[-56.379296,-20.236056],[-56.379311,-20.236122],[-56.379308,-20.236167],[-56.379293,-20.2362],[-56.379263,-20.236233],[-56.379211,-20.236242],[-56.379171,-20.236236],[-56.379131,-20.236228],[-56.37908,-20.236207],[-56.378504,-20.235442],[-56.37829,-20.23545],[-56.3782,-20.23548],[-56.377684,-20.235825],[-56.377536,-20.235941],[-56.377512,-20.236044],[-56.377455,-20.236135],[-56.377372,-20.236205],[-56.377269,-20.236248],[-56.377157,-20.236259],[-56.376733,-20.236699],[-56.376654,-20.236801],[-56.376586,-20.236895],[-56.376522,-20.237023],[-56.376098,-20.237215],[-56.376011,-20.237273],[-56.375515,-20.236687],[-56.375369,-20.236539],[-56.375329,-20.236497],[-56.375273,-20.236461],[-56.375221,-20.236439],[-56.375145,-20.236432],[-56.375045,-20.236424],[-56.374951,-20.236416],[-56.374888,-20.236391],[-56.374802,-20.236331],[-56.374756,-20.236254],[-56.374721,-20.236158],[-56.374715,-20.236063],[-56.374746,-20.235951],[-56.3748,-20.235864],[-56.374859,-20.235801]]},"properties":{"id_trecho":"ACESS-ROTA-EST-026-02","id_rota":"ROTA-EST-026","nome_rota":"Rota Pantanal Bonito","ordem_trecho":2,"origem":"Aquidauana","destino":"Miranda","tipo_registro_rota":"Produto turístico institucional incorporado ao estudo","status_institucional_rota":"Produto turístico promovido institucionalmente","classe_base_acessibilidade":"Base institucional ou documental direta","natureza":"Estimativa científica de acessibilidade pela rede viária contemporânea","distancia_rodoviaria_km":74.9,"duracao_estimada_sem_trafego_min":60,"resumo_vias":"Avenida Juscelino Kubitschek, BR-262","perfil_roteamento":"driving","motor_roteamento":"OSRM route service","endpoint_consultado":"https://router.project-osrm.org","fonte_rede":"OpenStreetMap contributors","licenca_rede":"ODbL 1.0","data_materializacao":"2026-08-12T03:43:51.108Z","corte_base_joaju":"2026-08-10","data_versao_rede":"Não informada","origem_solicitada_lon":-55.7868,"origem_solicitada_lat":-20.4666,"destino_solicitado_lon":-56.3746,"destino_solicitado_lat":-20.2355,"origem_ajustada_lon":-55.786814,"origem_ajustada_lat":-20.466593,"destino_ajustado_lon":-56.374859,"destino_ajustado_lat":-20.235801,"distancia_ajuste_origem_m":1.7,"distancia_ajuste_destino_m":42.9,"status_revisao":"Não validado em campo","nota_especifica":"Estimativa viária contemporânea entre referências da proposta metodológica. Não substitui validação logística ou de campo.","limitacoes":"Tempo sem trânsito em tempo real. O resultado pode incluir vias privadas, sazonais, não pavimentadas, interrompidas ou com restrições ausentes na base.","uso_operacional":"Não representa o traçado cultural, histórico, aquático ou oficialmente aprovado da rota. Não constitui recomendação de viagem, autorização de acesso ou validação das condições da via.","natureza_projeto":"Projeto de pesquisa científica","referencial_metodologico":"Aplicação e adaptação experimental do marco PRICI"}},{"type":"Feature","geometry":{"type":"LineString","coordinates":[[-56.374859,-20.235801],[-56.374939,-20.235743],[-56.375362,-20.235529],[-56.375501,-20.235488],[-56.375634,-20.235468],[-56.375782,-20.235464],[-56.375926,-20.235475],[-56.376249,-20.235524],[-56.376647,-20.235595],[-56.376979,-20.235634],[-56.377152,-20.235584],[-56.377273,-20.235596],[-56.377628,-20.235363],[-56.377885,-20.235192],[-56.377994,-20.235091],[-56.378086,-20.234921],[-56.377831,-20.234577],[-56.377728,-20.234405],[-56.377673,-20.234342],[-56.377604,-20.234301],[-56.377562,-20.234291],[-56.377455,-20.234293],[-56.377416,-20.234285],[-56.377352,-20.234257],[-56.377299,-20.234212],[-56.377264,-20.234153],[-56.377246,-20.23409],[-56.377241,-20.23403],[-56.377264,-20.233968],[-56.37733,-20.233884],[-56.37734,-20.233874],[-56.377407,-20.233829],[-56.37749,-20.233792],[-56.377582,-20.233765],[-56.377678,-20.233752],[-56.37777,-20.233763],[-56.377857,-20.2338],[-56.377927,-20.23383],[-56.377996,-20.233845],[-56.378084,-20.233848],[-56.378171,-20.233842],[-56.378293,-20.233837],[-56.379279,-20.23359],[-56.380516,-20.233269],[-56.38133,-20.233058],[-56.381404,-20.233039],[-56.382734,-20.232684],[-56.387875,-20.231329],[-56.39147,-20.230417],[-56.391864,-20.230189],[-56.392148,-20.229974],[-56.392214,-20.229911],[-56.392297,-20.229869],[-56.392417,-20.229851],[-56.392505,-20.229865],[-56.392576,-20.229894],[-56.392655,-20.229957],[-56.392693,-20.230009],[-56.39272,-20.230069],[-56.392733,-20.230171],[-56.392711,-20.230268],[-56.392636,-20.230542],[-56.392632,-20.230776],[-56.393049,-20.231905],[-56.393484,-20.233086],[-56.39375,-20.233758],[-56.394057,-20.234393],[-56.39531,-20.236386],[-56.396021,-20.237565],[-56.396442,-20.238443],[-56.396661,-20.239081],[-56.396827,-20.239796],[-56.397127,-20.240266],[-56.397165,-20.240291],[-56.3972,-20.24032],[-56.397229,-20.240355],[-56.397355,-20.240422],[-56.397553,-20.240513],[-56.397858,-20.240634],[-56.398004,-20.240654],[-56.398986,-20.24078],[-56.400314,-20.240947],[-56.400367,-20.240958],[-56.400652,-20.241012],[-56.400939,-20.241114],[-56.401117,-20.241237],[-56.401303,-20.241451],[-56.401371,-20.241598],[-56.401408,-20.241734],[-56.401428,-20.242059],[-56.401487,-20.2439],[-56.401496,-20.244338],[-56.401509,-20.244768],[-56.401544,-20.24817],[-56.40155,-20.248407],[-56.401579,-20.250267],[-56.401586,-20.250627],[-56.401644,-20.253506],[-56.401656,-20.253858],[-56.401719,-20.254155],[-56.401832,-20.254439],[-56.402052,-20.254784],[-56.402332,-20.255081],[-56.402552,-20.255248],[-56.402724,-20.255362],[-56.404176,-20.255952],[-56.40504,-20.256337],[-56.405611,-20.256682],[-56.406131,-20.257134],[-56.406518,-20.25759],[-56.406901,-20.258254],[-56.407051,-20.258609],[-56.407169,-20.259145],[-56.407306,-20.261104],[-56.407642,-20.266355],[-56.408784,-20.285518],[-56.409288,-20.293375],[-56.409339,-20.29374],[-56.409414,-20.294111],[-56.409746,-20.294939],[-56.412653,-20.299784],[-56.434162,-20.33523],[-56.434979,-20.336796],[-56.435624,-20.338403],[-56.439784,-20.354082],[-56.441637,-20.3613],[-56.444942,-20.374059],[-56.445436,-20.375489],[-56.445751,-20.376125],[-56.446236,-20.376762],[-56.446989,-20.377645],[-56.455599,-20.384605],[-56.456793,-20.385404],[-56.45759,-20.38579],[-56.465425,-20.38961],[-56.47098,-20.392302],[-56.472334,-20.393185],[-56.473149,-20.393988],[-56.481019,-20.40221],[-56.483032,-20.404396],[-56.485227,-20.40658],[-56.485908,-20.407263],[-56.486376,-20.407595],[-56.489888,-20.409345],[-56.496313,-20.412404],[-56.497904,-20.413146],[-56.499474,-20.413575],[-56.510648,-20.416195],[-56.511704,-20.416522],[-56.512771,-20.416986],[-56.518608,-20.419944],[-56.531943,-20.42666],[-56.532806,-20.427063],[-56.533589,-20.427297],[-56.534042,-20.42744],[-56.534921,-20.427552],[-56.53544,-20.427574],[-56.536359,-20.427543],[-56.538983,-20.427436],[-56.554932,-20.426785],[-56.559179,-20.426549],[-56.559997,-20.426534],[-56.560694,-20.42659],[-56.561893,-20.426834],[-56.562962,-20.42726],[-56.563886,-20.427788],[-56.564638,-20.428392],[-56.572549,-20.436043],[-56.573222,-20.436771],[-56.57376,-20.437488],[-56.574225,-20.438334],[-56.574602,-20.439313],[-56.578337,-20.450984],[-56.578505,-20.452016],[-56.578564,-20.453043],[-56.578506,-20.454046],[-56.57837,-20.454966],[-56.578195,-20.456143],[-56.577355,-20.462138],[-56.577198,-20.463413],[-56.57721,-20.464441],[-56.57737,-20.465287],[-56.577565,-20.466014],[-56.579767,-20.471554],[-56.58027,-20.472591],[-56.580824,-20.473419],[-56.581457,-20.474158],[-56.582294,-20.474911],[-56.594865,-20.483906],[-56.595811,-20.48446],[-56.596638,-20.484841],[-56.597678,-20.485147],[-56.598373,-20.485225],[-56.599373,-20.485273],[-56.603393,-20.485097],[-56.622791,-20.484248],[-56.623774,-20.484235],[-56.626352,-20.484361],[-56.627407,-20.484379],[-56.627806,-20.484343],[-56.628007,-20.484322],[-56.628201,-20.484301],[-56.628624,-20.48423],[-56.629685,-20.483967],[-56.633203,-20.482888],[-56.63493,-20.482355],[-56.635793,-20.482044],[-56.636777,-20.48153],[-56.637602,-20.48095],[-56.638483,-20.480132],[-56.639031,-20.479477],[-56.644128,-20.473231],[-56.644764,-20.472674],[-56.645582,-20.472097],[-56.649989,-20.469803],[-56.651008,-20.469273],[-56.651653,-20.468937],[-56.652702,-20.468404],[-56.653431,-20.468155],[-56.654285,-20.468126],[-56.655116,-20.468216],[-56.656394,-20.468511],[-56.65713,-20.468747],[-56.657806,-20.46911],[-56.658389,-20.469663],[-56.65879,-20.470303],[-56.659059,-20.471013],[-56.659111,-20.47167],[-56.659021,-20.472123],[-56.657734,-20.478619],[-56.657661,-20.479226],[-56.657669,-20.47972],[-56.657757,-20.480482],[-56.658243,-20.483652],[-56.658515,-20.484349],[-56.658834,-20.484881],[-56.660596,-20.487124],[-56.661066,-20.487997],[-56.661265,-20.488768],[-56.662472,-20.49592],[-56.66405,-20.505099],[-56.664139,-20.506008],[-56.664168,-20.511679],[-56.664275,-20.512748],[-56.664888,-20.517737],[-56.665086,-20.51874],[-56.665355,-20.519446],[-56.665907,-20.520488],[-56.666155,-20.521136],[-56.666217,-20.521771],[-56.666141,-20.522447],[-56.665823,-20.523487],[-56.665758,-20.524024],[-56.665799,-20.524669],[-56.665949,-20.525398],[-56.666062,-20.526198],[-56.666043,-20.526822],[-56.665825,-20.528485],[-56.665464,-20.531915],[-56.665485,-20.532579],[-56.665609,-20.533189],[-56.666778,-20.536747],[-56.666887,-20.536913],[-56.667017,-20.537043],[-56.667086,-20.537113],[-56.667146,-20.537154],[-56.667238,-20.537229],[-56.667381,-20.537349],[-56.667538,-20.53741],[-56.667764,-20.537468],[-56.667981,-20.537506],[-56.668177,-20.537524],[-56.669348,-20.537634],[-56.669724,-20.53767],[-56.676204,-20.5383],[-56.678105,-20.538485],[-56.678904,-20.538641],[-56.67943,-20.538848],[-56.679847,-20.539161],[-56.680223,-20.539568],[-56.680496,-20.540055],[-56.680959,-20.541188],[-56.681333,-20.541841],[-56.681934,-20.542563],[-56.68498,-20.545045],[-56.68582,-20.545547],[-56.686699,-20.545943],[-56.688115,-20.546362],[-56.689661,-20.546811],[-56.690675,-20.547287],[-56.691564,-20.547861],[-56.692207,-20.548407],[-56.695199,-20.551353],[-56.695572,-20.551766],[-56.695739,-20.551885],[-56.695921,-20.55199],[-56.696147,-20.552079],[-56.696239,-20.552086],[-56.696326,-20.552117],[-56.6964,-20.552168],[-56.696462,-20.552246],[-56.696496,-20.552338],[-56.696497,-20.552435],[-56.696467,-20.552528],[-56.696408,-20.552607],[-56.696306,-20.552767],[-56.696249,-20.552892],[-56.696209,-20.553111],[-56.696312,-20.554884],[-56.696606,-20.558834],[-56.696724,-20.561094],[-56.696994,-20.565058],[-56.697047,-20.566431],[-56.697023,-20.566887],[-56.696734,-20.568189],[-56.696562,-20.568681],[-56.695939,-20.569838],[-56.69529,-20.571111],[-56.692889,-20.57566],[-56.688685,-20.583754],[-56.68762,-20.585948],[-56.687145,-20.587052],[-56.686933,-20.588023],[-56.686889,-20.588958],[-56.686996,-20.58996],[-56.687302,-20.591817],[-56.687415,-20.592434],[-56.687461,-20.592697],[-56.687523,-20.593042],[-56.687565,-20.593257],[-56.687855,-20.59488],[-56.687971,-20.595762],[-56.687912,-20.596441],[-56.687911,-20.596726],[-56.687725,-20.597678],[-56.687501,-20.59836],[-56.687001,-20.599255],[-56.686397,-20.599974],[-56.685635,-20.600764],[-56.684546,-20.601689],[-56.68133,-20.604563],[-56.678572,-20.607028],[-56.677919,-20.60766],[-56.676491,-20.608875],[-56.675911,-20.609437],[-56.673397,-20.611659],[-56.670547,-20.61417],[-56.669161,-20.61543],[-56.667831,-20.616609],[-56.667164,-20.617199],[-56.666533,-20.617773],[-56.666112,-20.618164],[-56.665372,-20.618833],[-56.664308,-20.619799],[-56.662933,-20.621046],[-56.660475,-20.623257],[-56.658023,-20.625461],[-56.656803,-20.626561],[-56.656182,-20.62711],[-56.655568,-20.627653],[-56.654679,-20.62849],[-56.654296,-20.628803],[-56.653983,-20.629062],[-56.653635,-20.629319],[-56.653267,-20.629564],[-56.652861,-20.629797],[-56.652429,-20.630039],[-56.650544,-20.63116],[-56.648618,-20.632269],[-56.643887,-20.635008],[-56.64318,-20.635421],[-56.642467,-20.635857],[-56.639992,-20.637314],[-56.636388,-20.639432],[-56.636159,-20.639611],[-56.635915,-20.639813],[-56.635471,-20.640254],[-56.635146,-20.640607],[-56.634882,-20.640971],[-56.634635,-20.641378],[-56.634502,-20.641679],[-56.634471,-20.641749],[-56.634306,-20.642136],[-56.634206,-20.642483],[-56.634111,-20.642867],[-56.63404,-20.643176],[-56.634002,-20.643514],[-56.633787,-20.645879],[-56.633587,-20.648302],[-56.633314,-20.651203],[-56.632982,-20.655003],[-56.632649,-20.658835],[-56.631982,-20.66648],[-56.631594,-20.672211],[-56.631221,-20.67568],[-56.628786,-20.704208],[-56.628099,-20.711716],[-56.627906,-20.714582],[-56.627568,-20.717782],[-56.627336,-20.720649],[-56.627319,-20.721669],[-56.627718,-20.7259],[-56.628036,-20.728993],[-56.628103,-20.729639],[-56.628721,-20.736379],[-56.628758,-20.736755],[-56.630581,-20.755141],[-56.630601,-20.755821],[-56.630525,-20.756509],[-56.630368,-20.757182],[-56.630124,-20.757841],[-56.622113,-20.775917],[-56.621857,-20.776559],[-56.621714,-20.777115],[-56.621627,-20.777715],[-56.621605,-20.778245],[-56.621632,-20.787199],[-56.621642,-20.79598],[-56.621665,-20.802846],[-56.621664,-20.80304],[-56.621694,-20.808318],[-56.621697,-20.808886],[-56.621769,-20.809561],[-56.621918,-20.810261],[-56.622106,-20.81095],[-56.622697,-20.812996],[-56.622739,-20.813169],[-56.629644,-20.837398],[-56.629947,-20.838469],[-56.630137,-20.839204],[-56.630259,-20.839952],[-56.630253,-20.840715],[-56.630086,-20.841479],[-56.629856,-20.842204],[-56.629464,-20.842932],[-56.62902,-20.843626],[-56.628599,-20.844216],[-56.628417,-20.844471],[-56.605069,-20.877177],[-56.604868,-20.877461],[-56.590415,-20.897759],[-56.590193,-20.8981],[-56.590095,-20.898311],[-56.589824,-20.898875],[-56.589612,-20.899456],[-56.589426,-20.900044],[-56.582846,-20.921467],[-56.582553,-20.922106],[-56.582142,-20.922722],[-56.581621,-20.923252],[-56.581041,-20.92374],[-56.573278,-20.929285],[-56.573089,-20.929424],[-56.572956,-20.929521],[-56.572817,-20.929632],[-56.572668,-20.929737],[-56.563267,-20.936365],[-56.562856,-20.936705],[-56.562477,-20.937064],[-56.562136,-20.937422],[-56.561988,-20.9376],[-56.561838,-20.93778],[-56.547492,-20.955048],[-56.547257,-20.955417],[-56.547065,-20.955793],[-56.546905,-20.956179],[-56.546775,-20.956572],[-56.546692,-20.956957],[-56.546627,-20.957357],[-56.546592,-20.957757],[-56.546586,-20.958165],[-56.546869,-20.963769],[-56.54708,-20.96795],[-56.547094,-20.968305],[-56.547316,-20.972295],[-56.54733,-20.97258],[-56.547399,-20.973917],[-56.547388,-20.974372],[-56.547352,-20.974813],[-56.547272,-20.975254],[-56.547158,-20.975682],[-56.54701,-20.976112],[-56.538991,-20.99499],[-56.535787,-21.002532],[-56.535677,-21.002807],[-56.53558,-21.003085],[-56.535498,-21.003366],[-56.535427,-21.003652],[-56.535369,-21.003937],[-56.535325,-21.004222],[-56.535296,-21.004513],[-56.535278,-21.004806],[-56.535206,-21.01472],[-56.535197,-21.015872],[-56.535157,-21.02146],[-56.535141,-21.023528],[-56.535071,-21.033196],[-56.534985,-21.044986],[-56.534975,-21.045307],[-56.534948,-21.045629],[-56.534908,-21.045949],[-56.534855,-21.04627],[-56.534784,-21.046588],[-56.534697,-21.046904],[-56.534596,-21.047212],[-56.53448,-21.047521],[-56.534114,-21.048285],[-56.529951,-21.056964],[-56.525948,-21.065339],[-56.524504,-21.068335],[-56.523592,-21.07023],[-56.523429,-21.07057],[-56.516858,-21.084272],[-56.516747,-21.084534],[-56.516641,-21.0848],[-56.516546,-21.085068],[-56.516461,-21.08534],[-56.514078,-21.093548],[-56.512753,-21.098113],[-56.512143,-21.100212],[-56.511215,-21.103493],[-56.511003,-21.10414],[-56.510865,-21.104584],[-56.51071,-21.105029],[-56.509735,-21.10764],[-56.507396,-21.113769],[-56.507132,-21.1145],[-56.506946,-21.115004],[-56.506813,-21.115381],[-56.506779,-21.115476],[-56.506633,-21.115892],[-56.506449,-21.116415],[-56.506241,-21.116992],[-56.506261,-21.117114],[-56.50629,-21.117189],[-56.506326,-21.117261],[-56.506371,-21.117327],[-56.506447,-21.117372],[-56.506491,-21.117425],[-56.506516,-21.117487],[-56.506519,-21.117554],[-56.506501,-21.117619],[-56.506463,-21.117675],[-56.506408,-21.117718],[-56.506396,-21.117725],[-56.506384,-21.11773],[-56.505979,-21.117944],[-56.505742,-21.118036],[-56.505573,-21.118116],[-56.504569,-21.118604],[-56.503532,-21.119127],[-56.503397,-21.119195],[-56.502962,-21.11941],[-56.502508,-21.119643],[-56.501505,-21.120149],[-56.501362,-21.120222],[-56.500478,-21.120667],[-56.499969,-21.120924],[-56.49947,-21.121176],[-56.499316,-21.121254],[-56.498942,-21.121454],[-56.49842,-21.121725],[-56.497413,-21.122232],[-56.496901,-21.122485],[-56.496508,-21.122683],[-56.496388,-21.122745],[-56.495385,-21.123267],[-56.495137,-21.123386],[-56.494485,-21.123712],[-56.493443,-21.124216],[-56.49242,-21.124733],[-56.492271,-21.124808],[-56.491418,-21.125238],[-56.490896,-21.124395],[-56.489878,-21.124918],[-56.48885,-21.125442],[-56.487813,-21.12595],[-56.486789,-21.12646],[-56.485764,-21.126979],[-56.485161,-21.126071],[-56.484598,-21.125104],[-56.483595,-21.125599],[-56.483821,-21.125988]]},"properties":{"id_trecho":"ACESS-ROTA-EST-026-03","id_rota":"ROTA-EST-026","nome_rota":"Rota Pantanal Bonito","ordem_trecho":3,"origem":"Miranda","destino":"Bonito","tipo_registro_rota":"Produto turístico institucional incorporado ao estudo","status_institucional_rota":"Produto turístico promovido institucionalmente","classe_base_acessibilidade":"Base institucional ou documental direta","natureza":"Estimativa científica de acessibilidade pela rede viária contemporânea","distancia_rodoviaria_km":132.8,"duracao_estimada_sem_trafego_min":127,"resumo_vias":"MS-339, MS-178","perfil_roteamento":"driving","motor_roteamento":"OSRM route service","endpoint_consultado":"https://router.project-osrm.org","fonte_rede":"OpenStreetMap contributors","licenca_rede":"ODbL 1.0","data_materializacao":"2026-08-12T03:43:51.108Z","corte_base_joaju":"2026-08-10","data_versao_rede":"Não informada","origem_solicitada_lon":-56.3746,"origem_solicitada_lat":-20.2355,"destino_solicitado_lon":-56.4836,"destino_solicitado_lat":-21.1261,"origem_ajustada_lon":-56.374859,"origem_ajustada_lat":-20.235801,"destino_ajustado_lon":-56.483821,"destino_ajustado_lat":-21.125988,"distancia_ajuste_origem_m":42.9,"distancia_ajuste_destino_m":26.1,"status_revisao":"Não validado em campo","nota_especifica":"Estimativa viária contemporânea entre referências da proposta metodológica. Não substitui validação logística ou de campo.","limitacoes":"Tempo sem trânsito em tempo real. O resultado pode incluir vias privadas, sazonais, não pavimentadas, interrompidas ou com restrições ausentes na base.","uso_operacional":"Não representa o traçado cultural, histórico, aquático ou oficialmente aprovado da rota. Não constitui recomendação de viagem, autorização de acesso ou validação das condições da via.","natureza_projeto":"Projeto de pesquisa científica","referencial_metodologico":"Aplicação e adaptação experimental do marco PRICI"}},{"type":"Feature","geometry":{"type":"LineString","coordinates":[[-56.483821,-21.125988],[-56.484158,-21.126569],[-56.483124,-21.127082],[-56.482114,-21.127581],[-56.481095,-21.128083],[-56.481692,-21.129011],[-56.48224,-21.129893],[-56.481772,-21.130181],[-56.481308,-21.130467],[-56.481195,-21.130537],[-56.481177,-21.130548],[-56.481119,-21.130584],[-56.481015,-21.130647],[-56.480997,-21.130659],[-56.480936,-21.130697],[-56.480584,-21.13091],[-56.480305,-21.131086],[-56.480225,-21.131144],[-56.480145,-21.131201],[-56.48001,-21.131318],[-56.47994,-21.131392],[-56.479857,-21.131479],[-56.479726,-21.131645],[-56.47963,-21.131785],[-56.479608,-21.131817],[-56.479292,-21.132405],[-56.479243,-21.132496],[-56.479105,-21.132753],[-56.478962,-21.133019],[-56.47863,-21.133636],[-56.478401,-21.134061],[-56.478297,-21.134255],[-56.478046,-21.134722],[-56.477736,-21.135298],[-56.477629,-21.135497],[-56.477287,-21.136132],[-56.477095,-21.13649],[-56.476971,-21.136721],[-56.475412,-21.139617],[-56.475235,-21.139988],[-56.475054,-21.14042],[-56.474896,-21.140855],[-56.474761,-21.141297],[-56.474127,-21.143954],[-56.473902,-21.1449],[-56.473229,-21.147721],[-56.473133,-21.148039],[-56.473015,-21.148367],[-56.472871,-21.148697],[-56.472689,-21.14905],[-56.472633,-21.149149],[-56.471185,-21.151488],[-56.470368,-21.152789],[-56.469964,-21.153366],[-56.469037,-21.154511],[-56.46687,-21.15737],[-56.466652,-21.157674],[-56.465013,-21.159867],[-56.453987,-21.170989],[-56.453903,-21.171104],[-56.453797,-21.171277],[-56.453731,-21.17141],[-56.453678,-21.171561],[-56.453648,-21.171631],[-56.453596,-21.171689],[-56.453527,-21.171729],[-56.453448,-21.171746],[-56.453328,-21.171765],[-56.453208,-21.171792],[-56.453091,-21.171834],[-56.452974,-21.171889],[-56.452667,-21.17214],[-56.452415,-21.172347],[-56.451201,-21.173338],[-56.45034,-21.17404],[-56.450093,-21.174244],[-56.449324,-21.174877],[-56.449187,-21.174999],[-56.449063,-21.175125],[-56.448943,-21.175264],[-56.448837,-21.175412],[-56.448746,-21.175566],[-56.448667,-21.175727],[-56.448602,-21.175893],[-56.448551,-21.176065],[-56.448519,-21.176231],[-56.448498,-21.1764],[-56.448493,-21.17657],[-56.448499,-21.176742],[-56.448516,-21.176909],[-56.448551,-21.177078],[-56.448653,-21.177401],[-56.448794,-21.177754],[-56.449173,-21.178702],[-56.451745,-21.185127],[-56.452112,-21.186231],[-56.45237,-21.187355],[-56.452423,-21.187742],[-56.452523,-21.188485],[-56.452575,-21.189619],[-56.452319,-21.197687],[-56.452344,-21.198424],[-56.452417,-21.199165],[-56.452531,-21.199893],[-56.452692,-21.200614],[-56.454067,-21.20496],[-56.454206,-21.205463],[-56.454319,-21.205968],[-56.454391,-21.206476],[-56.454434,-21.206986],[-56.454782,-21.21512],[-56.454773,-21.215621],[-56.454733,-21.216131],[-56.454673,-21.216612],[-56.454584,-21.217084],[-56.454471,-21.217551],[-56.454128,-21.218721],[-56.454043,-21.219049],[-56.453975,-21.219403],[-56.453918,-21.219767],[-56.453879,-21.220118],[-56.453854,-21.220476],[-56.453837,-21.220975],[-56.453848,-21.221478],[-56.454093,-21.225306],[-56.454118,-21.225453],[-56.454153,-21.22556],[-56.454204,-21.225665],[-56.454245,-21.22573],[-56.454364,-21.225911],[-56.454393,-21.226],[-56.454383,-21.226094],[-56.454336,-21.226176],[-56.454258,-21.226236],[-56.454162,-21.226263],[-56.454061,-21.226254],[-56.453973,-21.22621],[-56.453919,-21.226221],[-56.453863,-21.226232],[-56.453794,-21.226247],[-56.453734,-21.226272],[-56.453503,-21.226382],[-56.446259,-21.231581],[-56.445403,-21.232185],[-56.444948,-21.232471],[-56.444378,-21.232741],[-56.443735,-21.23295],[-56.443043,-21.233094],[-56.4424,-21.233112],[-56.441734,-21.233062],[-56.441137,-21.232937],[-56.440487,-21.232727],[-56.432731,-21.229745],[-56.431733,-21.229468],[-56.430664,-21.229373],[-56.429595,-21.22943],[-56.428535,-21.229677],[-56.424673,-21.231024],[-56.415449,-21.234344],[-56.413664,-21.234987],[-56.402637,-21.23887],[-56.401004,-21.239451],[-56.400325,-21.239729],[-56.399951,-21.239929],[-56.399583,-21.240194],[-56.399247,-21.240425],[-56.398996,-21.240729],[-56.398736,-21.241098],[-56.398452,-21.241657],[-56.398285,-21.242062],[-56.39823,-21.242499],[-56.398198,-21.242881],[-56.398143,-21.24567],[-56.398075,-21.24622],[-56.397849,-21.247139],[-56.396245,-21.251194],[-56.395923,-21.251809],[-56.395692,-21.252135],[-56.395175,-21.252702],[-56.394441,-21.253258],[-56.393752,-21.253607],[-56.392851,-21.253914],[-56.386382,-21.255881],[-56.38502,-21.256449],[-56.384302,-21.256848],[-56.383747,-21.257217],[-56.378464,-21.261575],[-56.36005,-21.277002],[-56.343319,-21.290903],[-56.34225,-21.291752],[-56.341366,-21.292253],[-56.34064,-21.292534],[-56.33999,-21.292699],[-56.339214,-21.29279],[-56.338365,-21.292772],[-56.330637,-21.291964],[-56.33041,-21.291954],[-56.330168,-21.29192],[-56.324139,-21.29132],[-56.322107,-21.291193],[-56.320069,-21.291143],[-56.318818,-21.291049],[-56.306256,-21.289762],[-56.304711,-21.289486],[-56.295103,-21.287554],[-56.294674,-21.287467],[-56.279733,-21.284462],[-56.27871,-21.284186],[-56.277797,-21.283848],[-56.276707,-21.283296],[-56.276179,-21.282963],[-56.275532,-21.28249],[-56.265633,-21.274658],[-56.264792,-21.274067],[-56.264232,-21.27377],[-56.263224,-21.273409],[-56.262564,-21.273266],[-56.26199,-21.273206],[-56.255278,-21.272909],[-56.249321,-21.272675],[-56.243359,-21.272534],[-56.242333,-21.272527],[-56.24128,-21.272635],[-56.239723,-21.273135],[-56.238152,-21.273777],[-56.237189,-21.274154],[-56.236237,-21.274546],[-56.234379,-21.275298],[-56.230687,-21.276836],[-56.229951,-21.277253],[-56.229266,-21.277747],[-56.228669,-21.278355],[-56.228394,-21.278686],[-56.228164,-21.279039],[-56.227843,-21.279685],[-56.227597,-21.280404],[-56.227235,-21.281865],[-56.226398,-21.285168],[-56.225821,-21.28753],[-56.225646,-21.288215],[-56.22534,-21.289566],[-56.225193,-21.290111],[-56.224926,-21.290582],[-56.224557,-21.290966],[-56.224112,-21.291279],[-56.22348,-21.291521],[-56.222734,-21.291597],[-56.221989,-21.291649],[-56.221499,-21.291695],[-56.219528,-21.29188],[-56.217036,-21.292157],[-56.216147,-21.292464],[-56.215282,-21.292869],[-56.213713,-21.293976],[-56.212242,-21.295182],[-56.209967,-21.297049],[-56.207658,-21.298909],[-56.205349,-21.30076],[-56.204195,-21.30171],[-56.203632,-21.302176],[-56.203096,-21.302688],[-56.20255,-21.303296],[-56.201992,-21.304089],[-56.201025,-21.305582],[-56.19798,-21.310193],[-56.194933,-21.314844],[-56.194763,-21.315131],[-56.194607,-21.315424],[-56.194474,-21.31565],[-56.194253,-21.316108],[-56.193666,-21.317636],[-56.190674,-21.32564],[-56.190217,-21.326566],[-56.189678,-21.327489],[-56.18905,-21.328241],[-56.188211,-21.328923],[-56.187308,-21.329527],[-56.18507,-21.330769],[-56.182858,-21.332028],[-56.178427,-21.334536],[-56.175585,-21.335756],[-56.172747,-21.336983],[-56.172027,-21.337443],[-56.171677,-21.337732],[-56.171375,-21.338027],[-56.171102,-21.338299],[-56.17082,-21.338616],[-56.170538,-21.339008],[-56.170289,-21.339437],[-56.169919,-21.340222],[-56.16967,-21.341063],[-56.169439,-21.343913],[-56.169371,-21.344378],[-56.169238,-21.344831],[-56.168945,-21.345739],[-56.168415,-21.34663],[-56.167847,-21.347505],[-56.166651,-21.349215],[-56.161539,-21.356486],[-56.160546,-21.357553],[-56.15942,-21.358602],[-56.157278,-21.360635],[-56.156805,-21.361149],[-56.15639,-21.361725],[-56.155835,-21.362561],[-56.155491,-21.363242],[-56.15531,-21.363619],[-56.153794,-21.36824],[-56.153512,-21.369205],[-56.15339,-21.369892],[-56.153369,-21.370702],[-56.153415,-21.371369],[-56.153503,-21.371892],[-56.154117,-21.37441],[-56.154726,-21.376978],[-56.15528,-21.379288],[-56.155837,-21.381615],[-56.156093,-21.382703],[-56.156181,-21.383376],[-56.15624,-21.384075],[-56.156098,-21.385427],[-56.155898,-21.386404],[-56.155646,-21.387361],[-56.155058,-21.389702],[-56.154444,-21.392097],[-56.154256,-21.392839],[-56.1531,-21.395536],[-56.152892,-21.39621],[-56.152748,-21.396811],[-56.152735,-21.396862],[-56.152617,-21.397955],[-56.152399,-21.400151],[-56.152177,-21.402347],[-56.151824,-21.406714],[-56.151137,-21.414325],[-56.151026,-21.415473],[-56.15074,-21.418589],[-56.150257,-21.424075],[-56.149865,-21.428506],[-56.149639,-21.430833],[-56.149573,-21.43143],[-56.149552,-21.431616],[-56.149413,-21.432118],[-56.149152,-21.432634],[-56.148666,-21.433346],[-56.148107,-21.434098],[-56.147494,-21.434891],[-56.145435,-21.437588],[-56.143506,-21.440177],[-56.143197,-21.440594],[-56.142942,-21.440917],[-56.142551,-21.44127],[-56.142197,-21.441558],[-56.141798,-21.441808],[-56.14136,-21.441987],[-56.139299,-21.442683],[-56.138823,-21.442878],[-56.138283,-21.443134],[-56.137893,-21.443402],[-56.137504,-21.443744],[-56.136151,-21.445333],[-56.135764,-21.445829],[-56.135289,-21.446322],[-56.134874,-21.446671],[-56.134373,-21.446995],[-56.133723,-21.44732],[-56.127892,-21.449913],[-56.126892,-21.450452],[-56.126246,-21.450864],[-56.125693,-21.451274],[-56.123787,-21.453114],[-56.122336,-21.454514],[-56.12199,-21.454854],[-56.121837,-21.455022],[-56.121652,-21.455227],[-56.121453,-21.455501],[-56.121248,-21.455811],[-56.120995,-21.456443],[-56.120579,-21.457838],[-56.120549,-21.458036],[-56.120544,-21.458101],[-56.120584,-21.458223],[-56.12067,-21.458344],[-56.120989,-21.458555],[-56.121213,-21.458691],[-56.121873,-21.459312],[-56.121953,-21.459364],[-56.122406,-21.459647],[-56.122731,-21.45984],[-56.123714,-21.460448],[-56.124001,-21.460625],[-56.125503,-21.461548],[-56.125564,-21.461586],[-56.125948,-21.461858],[-56.126286,-21.46212],[-56.126589,-21.462387],[-56.126828,-21.462624],[-56.127074,-21.462894],[-56.127249,-21.463121],[-56.128579,-21.464886],[-56.129391,-21.465981],[-56.130014,-21.466821],[-56.132134,-21.469659],[-56.132686,-21.470384],[-56.133325,-21.471261],[-56.134155,-21.472355],[-56.135132,-21.473643],[-56.135424,-21.474028],[-56.135877,-21.474614],[-56.136156,-21.475014],[-56.136467,-21.475435],[-56.136818,-21.475911],[-56.138842,-21.478679],[-56.138854,-21.478701],[-56.138875,-21.478744],[-56.139048,-21.479089],[-56.13909,-21.479142],[-56.139324,-21.479439],[-56.13945,-21.479613],[-56.14003,-21.480411],[-56.140384,-21.480871],[-56.140781,-21.481322],[-56.141214,-21.481683],[-56.141703,-21.481997],[-56.142212,-21.482267],[-56.142757,-21.482507],[-56.143445,-21.482787],[-56.145517,-21.483054],[-56.145585,-21.483048],[-56.145653,-21.483057],[-56.146211,-21.483113],[-56.146629,-21.483113],[-56.147552,-21.483047],[-56.148328,-21.482929],[-56.148706,-21.482837],[-56.149319,-21.482672],[-56.149268,-21.482487],[-56.150454,-21.482168],[-56.150224,-21.481355],[-56.149989,-21.480556],[-56.149756,-21.479719],[-56.148909,-21.47993]]},"properties":{"id_trecho":"ACESS-ROTA-EST-026-04","id_rota":"ROTA-EST-026","nome_rota":"Rota Pantanal Bonito","ordem_trecho":4,"origem":"Bonito","destino":"Jardim","tipo_registro_rota":"Produto turístico institucional incorporado ao estudo","status_institucional_rota":"Produto turístico promovido institucionalmente","classe_base_acessibilidade":"Base institucional ou documental direta","natureza":"Estimativa científica de acessibilidade pela rede viária contemporânea","distancia_rodoviaria_km":69.6,"duracao_estimada_sem_trafego_min":66,"resumo_vias":"MS-178; MS-382, MS-382","perfil_roteamento":"driving","motor_roteamento":"OSRM route service","endpoint_consultado":"https://router.project-osrm.org","fonte_rede":"OpenStreetMap contributors","licenca_rede":"ODbL 1.0","data_materializacao":"2026-08-12T03:43:51.108Z","corte_base_joaju":"2026-08-10","data_versao_rede":"Não informada","origem_solicitada_lon":-56.4836,"origem_solicitada_lat":-21.1261,"destino_solicitado_lon":-56.1489,"destino_solicitado_lat":-21.4799,"origem_ajustada_lon":-56.483821,"origem_ajustada_lat":-21.125988,"destino_ajustado_lon":-56.148909,"destino_ajustado_lat":-21.47993,"distancia_ajuste_origem_m":26.1,"distancia_ajuste_destino_m":3.5,"status_revisao":"Não validado em campo","nota_especifica":"Estimativa viária contemporânea entre referências da proposta metodológica. Não substitui validação logística ou de campo.","limitacoes":"Tempo sem trânsito em tempo real. O resultado pode incluir vias privadas, sazonais, não pavimentadas, interrompidas ou com restrições ausentes na base.","uso_operacional":"Não representa o traçado cultural, histórico, aquático ou oficialmente aprovado da rota. Não constitui recomendação de viagem, autorização de acesso ou validação das condições da via.","natureza_projeto":"Projeto de pesquisa científica","referencial_metodologico":"Aplicação e adaptação experimental do marco PRICI"}},{"type":"Feature","geometry":{"type":"LineString","coordinates":[[-56.148909,-21.47993],[-56.148156,-21.480118],[-56.148182,-21.481036],[-56.148184,-21.481089],[-56.148206,-21.48187],[-56.148227,-21.482569],[-56.148232,-21.482741],[-56.147783,-21.48283],[-56.147305,-21.48288],[-56.146711,-21.4829],[-56.146307,-21.482918],[-56.146303,-21.482945],[-56.146288,-21.48297],[-56.146264,-21.482987],[-56.146235,-21.482995],[-56.146205,-21.482991],[-56.146179,-21.482977],[-56.14533,-21.482921],[-56.14455,-21.482815],[-56.144035,-21.482708],[-56.143454,-21.482565],[-56.142873,-21.482365],[-56.142757,-21.482507],[-56.142212,-21.482267],[-56.141703,-21.481997],[-56.141214,-21.481683],[-56.140781,-21.481322],[-56.140384,-21.480871],[-56.14003,-21.480411],[-56.13945,-21.479613],[-56.139324,-21.479439],[-56.13909,-21.479142],[-56.139048,-21.479089],[-56.138875,-21.478744],[-56.138854,-21.478701],[-56.138842,-21.478679],[-56.136818,-21.475911],[-56.136467,-21.475435],[-56.136156,-21.475014],[-56.135877,-21.474614],[-56.135424,-21.474028],[-56.135132,-21.473643],[-56.134155,-21.472355],[-56.133325,-21.471261],[-56.132686,-21.470384],[-56.132134,-21.469659],[-56.130014,-21.466821],[-56.129391,-21.465981],[-56.128579,-21.464886],[-56.127249,-21.463121],[-56.127074,-21.462894],[-56.126828,-21.462624],[-56.126589,-21.462387],[-56.126286,-21.46212],[-56.125948,-21.461858],[-56.125564,-21.461586],[-56.125503,-21.461548],[-56.124001,-21.460625],[-56.123714,-21.460448],[-56.122731,-21.45984],[-56.122406,-21.459647],[-56.121953,-21.459364],[-56.121873,-21.459312],[-56.121034,-21.45894],[-56.120809,-21.458838],[-56.120331,-21.458562],[-56.119928,-21.458329],[-56.1197,-21.458184],[-56.119704,-21.458124],[-56.119719,-21.458065],[-56.119747,-21.458011],[-56.119786,-21.457963],[-56.119835,-21.457923],[-56.119891,-21.457892],[-56.120175,-21.45806],[-56.120314,-21.458049],[-56.120398,-21.458026],[-56.120472,-21.457976],[-56.120579,-21.457838],[-56.120995,-21.456443],[-56.121248,-21.455811],[-56.121453,-21.455501],[-56.121652,-21.455227],[-56.121837,-21.455022],[-56.12199,-21.454854],[-56.122336,-21.454514],[-56.123787,-21.453114],[-56.125693,-21.451274],[-56.126246,-21.450864],[-56.126892,-21.450452],[-56.127892,-21.449913],[-56.133723,-21.44732],[-56.134373,-21.446995],[-56.134874,-21.446671],[-56.135289,-21.446322],[-56.135764,-21.445829],[-56.136151,-21.445333],[-56.137504,-21.443744],[-56.137893,-21.443402],[-56.138283,-21.443134],[-56.138823,-21.442878],[-56.139299,-21.442683],[-56.14136,-21.441987],[-56.141798,-21.441808],[-56.142197,-21.441558],[-56.142551,-21.44127],[-56.142942,-21.440917],[-56.143197,-21.440594],[-56.143506,-21.440177],[-56.145435,-21.437588],[-56.147494,-21.434891],[-56.148107,-21.434098],[-56.148666,-21.433346],[-56.149152,-21.432634],[-56.149413,-21.432118],[-56.149552,-21.431616],[-56.149573,-21.43143],[-56.149639,-21.430833],[-56.149865,-21.428506],[-56.150257,-21.424075],[-56.15074,-21.418589],[-56.151026,-21.415473],[-56.151137,-21.414325],[-56.151824,-21.406714],[-56.152177,-21.402347],[-56.152399,-21.400151],[-56.152617,-21.397955],[-56.152735,-21.396862],[-56.152748,-21.396811],[-56.152892,-21.39621],[-56.1531,-21.395536],[-56.154256,-21.392839],[-56.154444,-21.392097],[-56.155058,-21.389702],[-56.155646,-21.387361],[-56.155898,-21.386404],[-56.156098,-21.385427],[-56.15624,-21.384075],[-56.156181,-21.383376],[-56.156093,-21.382703],[-56.155837,-21.381615],[-56.15528,-21.379288],[-56.154726,-21.376978],[-56.154117,-21.37441],[-56.153503,-21.371892],[-56.153415,-21.371369],[-56.153369,-21.370702],[-56.15339,-21.369892],[-56.153512,-21.369205],[-56.153794,-21.36824],[-56.15531,-21.363619],[-56.155491,-21.363242],[-56.155835,-21.362561],[-56.15639,-21.361725],[-56.156805,-21.361149],[-56.157278,-21.360635],[-56.15942,-21.358602],[-56.160546,-21.357553],[-56.161539,-21.356486],[-56.166651,-21.349215],[-56.167847,-21.347505],[-56.168415,-21.34663],[-56.168945,-21.345739],[-56.169238,-21.344831],[-56.169371,-21.344378],[-56.169439,-21.343913],[-56.16967,-21.341063],[-56.169919,-21.340222],[-56.170289,-21.339437],[-56.170538,-21.339008],[-56.17082,-21.338616],[-56.171102,-21.338299],[-56.171375,-21.338027],[-56.171677,-21.337732],[-56.172027,-21.337443],[-56.172747,-21.336983],[-56.175585,-21.335756],[-56.178427,-21.334536],[-56.182858,-21.332028],[-56.18507,-21.330769],[-56.187308,-21.329527],[-56.188211,-21.328923],[-56.18905,-21.328241],[-56.189678,-21.327489],[-56.190217,-21.326566],[-56.190674,-21.32564],[-56.193666,-21.317636],[-56.194253,-21.316108],[-56.194474,-21.31565],[-56.194607,-21.315424],[-56.194763,-21.315131],[-56.194933,-21.314844],[-56.19798,-21.310193],[-56.201025,-21.305582],[-56.201992,-21.304089],[-56.20255,-21.303296],[-56.203096,-21.302688],[-56.203632,-21.302176],[-56.204195,-21.30171],[-56.205349,-21.30076],[-56.207658,-21.298909],[-56.209967,-21.297049],[-56.212242,-21.295182],[-56.213713,-21.293976],[-56.215282,-21.292869],[-56.216147,-21.292464],[-56.217036,-21.292157],[-56.219528,-21.29188],[-56.221499,-21.291695],[-56.221989,-21.291649],[-56.222734,-21.291597],[-56.22348,-21.291521],[-56.224112,-21.291279],[-56.224557,-21.290966],[-56.224926,-21.290582],[-56.225193,-21.290111],[-56.22534,-21.289566],[-56.225646,-21.288215],[-56.225821,-21.28753],[-56.226398,-21.285168],[-56.227235,-21.281865],[-56.227597,-21.280404],[-56.227843,-21.279685],[-56.228164,-21.279039],[-56.228394,-21.278686],[-56.228669,-21.278355],[-56.229266,-21.277747],[-56.229951,-21.277253],[-56.230687,-21.276836],[-56.234379,-21.275298],[-56.236237,-21.274546],[-56.237189,-21.274154],[-56.238152,-21.273777],[-56.239723,-21.273135],[-56.24128,-21.272635],[-56.242333,-21.272527],[-56.243359,-21.272534],[-56.249321,-21.272675],[-56.255278,-21.272909],[-56.26199,-21.273206],[-56.262564,-21.273266],[-56.263224,-21.273409],[-56.264232,-21.27377],[-56.264792,-21.274067],[-56.265633,-21.274658],[-56.275532,-21.28249],[-56.276179,-21.282963],[-56.276707,-21.283296],[-56.277797,-21.283848],[-56.27871,-21.284186],[-56.279733,-21.284462],[-56.294674,-21.287467],[-56.295103,-21.287554],[-56.304711,-21.289486],[-56.306256,-21.289762],[-56.318818,-21.291049],[-56.320069,-21.291143],[-56.322107,-21.291193],[-56.324139,-21.29132],[-56.330168,-21.29192],[-56.33041,-21.291954],[-56.330637,-21.291964],[-56.338365,-21.292772],[-56.339214,-21.29279],[-56.33999,-21.292699],[-56.34064,-21.292534],[-56.341366,-21.292253],[-56.34225,-21.291752],[-56.343319,-21.290903],[-56.36005,-21.277002],[-56.378464,-21.261575],[-56.383747,-21.257217],[-56.384302,-21.256848],[-56.38502,-21.256449],[-56.386382,-21.255881],[-56.392851,-21.253914],[-56.393752,-21.253607],[-56.394441,-21.253258],[-56.395175,-21.252702],[-56.395692,-21.252135],[-56.395923,-21.251809],[-56.396245,-21.251194],[-56.397849,-21.247139],[-56.398075,-21.24622],[-56.398143,-21.24567],[-56.398198,-21.242881],[-56.39823,-21.242499],[-56.398285,-21.242062],[-56.398452,-21.241657],[-56.398736,-21.241098],[-56.398996,-21.240729],[-56.399247,-21.240425],[-56.399583,-21.240194],[-56.399951,-21.239929],[-56.400325,-21.239729],[-56.401004,-21.239451],[-56.402637,-21.23887],[-56.413664,-21.234987],[-56.415449,-21.234344],[-56.424673,-21.231024],[-56.428535,-21.229677],[-56.429595,-21.22943],[-56.430664,-21.229373],[-56.431733,-21.229468],[-56.432731,-21.229745],[-56.440487,-21.232727],[-56.441137,-21.232937],[-56.441734,-21.233062],[-56.4424,-21.233112],[-56.443043,-21.233094],[-56.443735,-21.23295],[-56.444378,-21.232741],[-56.444948,-21.232471],[-56.445403,-21.232185],[-56.446259,-21.231581],[-56.453503,-21.226382],[-56.453715,-21.226191],[-56.453821,-21.226062],[-56.45389,-21.225954],[-56.453937,-21.225872],[-56.45401,-21.225731],[-56.454047,-21.225646],[-56.454075,-21.225555],[-56.454088,-21.225457],[-56.454093,-21.225306],[-56.453848,-21.221478],[-56.453837,-21.220975],[-56.453854,-21.220476],[-56.453879,-21.220118],[-56.453918,-21.219767],[-56.453975,-21.219403],[-56.454043,-21.219049],[-56.454128,-21.218721],[-56.454471,-21.217551],[-56.454584,-21.217084],[-56.454673,-21.216612],[-56.454733,-21.216131],[-56.454773,-21.215621],[-56.454782,-21.21512],[-56.454434,-21.206986],[-56.454391,-21.206476],[-56.454319,-21.205968],[-56.454206,-21.205463],[-56.454067,-21.20496],[-56.452692,-21.200614],[-56.452531,-21.199893],[-56.452417,-21.199165],[-56.452344,-21.198424],[-56.452319,-21.197687],[-56.452575,-21.189619],[-56.452523,-21.188485],[-56.452423,-21.187742],[-56.45237,-21.187355],[-56.452112,-21.186231],[-56.451745,-21.185127],[-56.449173,-21.178702],[-56.448794,-21.177754],[-56.448653,-21.177401],[-56.448551,-21.177078],[-56.448516,-21.176909],[-56.448499,-21.176742],[-56.448493,-21.17657],[-56.448498,-21.1764],[-56.448519,-21.176231],[-56.448551,-21.176065],[-56.448602,-21.175893],[-56.448667,-21.175727],[-56.448746,-21.175566],[-56.448837,-21.175412],[-56.448943,-21.175264],[-56.449063,-21.175125],[-56.449187,-21.174999],[-56.449324,-21.174877],[-56.450093,-21.174244],[-56.45034,-21.17404],[-56.451201,-21.173338],[-56.452415,-21.172347],[-56.452667,-21.17214],[-56.452974,-21.171889],[-56.453055,-21.171799],[-56.453122,-21.171708],[-56.453159,-21.171622],[-56.45318,-21.171509],[-56.453194,-21.171436],[-56.453231,-21.17137],[-56.453289,-21.171319],[-56.453361,-21.171287],[-56.453439,-21.171278],[-56.453597,-21.171229],[-56.453751,-21.17115],[-56.453987,-21.170989],[-56.465013,-21.159867],[-56.466652,-21.157674],[-56.46687,-21.15737],[-56.469037,-21.154511],[-56.469964,-21.153366],[-56.470368,-21.152789],[-56.471185,-21.151488],[-56.472633,-21.149149],[-56.472689,-21.14905],[-56.472871,-21.148697],[-56.473015,-21.148367],[-56.473133,-21.148039],[-56.473229,-21.147721],[-56.473902,-21.1449],[-56.474127,-21.143954],[-56.474761,-21.141297],[-56.474896,-21.140855],[-56.475054,-21.14042],[-56.475235,-21.139988],[-56.475412,-21.139617],[-56.476971,-21.136721],[-56.477095,-21.13649],[-56.477287,-21.136132],[-56.477629,-21.135497],[-56.477736,-21.135298],[-56.478046,-21.134722],[-56.478297,-21.134255],[-56.478401,-21.134061],[-56.47863,-21.133636],[-56.478962,-21.133019],[-56.479105,-21.132753],[-56.479243,-21.132496],[-56.479292,-21.132405],[-56.479608,-21.131817],[-56.47963,-21.131785],[-56.479726,-21.131645],[-56.479857,-21.131479],[-56.47994,-21.131392],[-56.48001,-21.131318],[-56.480145,-21.131201],[-56.480225,-21.131144],[-56.480305,-21.131086],[-56.480584,-21.13091],[-56.480936,-21.130697],[-56.480997,-21.130659],[-56.481015,-21.130647],[-56.481119,-21.130584],[-56.481177,-21.130548],[-56.481195,-21.130537],[-56.481308,-21.130467],[-56.481772,-21.130181],[-56.48224,-21.129893],[-56.482393,-21.129798],[-56.482744,-21.129611],[-56.483245,-21.129359],[-56.483365,-21.129298],[-56.483787,-21.129085],[-56.484184,-21.128883],[-56.484269,-21.128843],[-56.484382,-21.128786],[-56.485224,-21.128362],[-56.485283,-21.128332],[-56.485445,-21.12825],[-56.486221,-21.12786],[-56.486299,-21.12782],[-56.486543,-21.127697],[-56.48726,-21.127335],[-56.487334,-21.127298],[-56.487529,-21.1272],[-56.48827,-21.126826],[-56.488345,-21.126788],[-56.48846,-21.12673],[-56.489297,-21.126308],[-56.489383,-21.126264],[-56.489527,-21.126192],[-56.490305,-21.125799],[-56.490386,-21.125758],[-56.490552,-21.125675],[-56.491345,-21.125275],[-56.491418,-21.125238],[-56.492271,-21.124808],[-56.49242,-21.124733],[-56.493443,-21.124216],[-56.494485,-21.123712],[-56.495137,-21.123386],[-56.495385,-21.123267],[-56.496388,-21.122745],[-56.496508,-21.122683],[-56.496901,-21.122485],[-56.497413,-21.122232],[-56.49842,-21.121725],[-56.498942,-21.121454],[-56.499316,-21.121254],[-56.49947,-21.121176],[-56.499969,-21.120924],[-56.500478,-21.120667],[-56.501362,-21.120222],[-56.501505,-21.120149],[-56.502508,-21.119643],[-56.502962,-21.11941],[-56.503397,-21.119195],[-56.503532,-21.119127],[-56.504569,-21.118604],[-56.505573,-21.118116],[-56.505742,-21.118036],[-56.5059,-21.117871],[-56.505997,-21.117673],[-56.506053,-21.117557],[-56.506052,-21.117519],[-56.506058,-21.117481],[-56.50607,-21.117445],[-56.506088,-21.117413],[-56.506112,-21.117385],[-56.506241,-21.116992],[-56.506449,-21.116415],[-56.506633,-21.115892],[-56.506779,-21.115476],[-56.506813,-21.115381],[-56.506946,-21.115004],[-56.507132,-21.1145],[-56.507396,-21.113769],[-56.509735,-21.10764],[-56.51071,-21.105029],[-56.510865,-21.104584],[-56.511003,-21.10414],[-56.511215,-21.103493],[-56.512143,-21.100212],[-56.512753,-21.098113],[-56.514078,-21.093548],[-56.516461,-21.08534],[-56.516546,-21.085068],[-56.516641,-21.0848],[-56.516747,-21.084534],[-56.516858,-21.084272],[-56.523429,-21.07057],[-56.523592,-21.07023],[-56.524504,-21.068335],[-56.525948,-21.065339],[-56.529951,-21.056964],[-56.534114,-21.048285],[-56.53448,-21.047521],[-56.534596,-21.047212],[-56.534697,-21.046904],[-56.534784,-21.046588],[-56.534855,-21.04627],[-56.534908,-21.045949],[-56.534948,-21.045629],[-56.534975,-21.045307],[-56.534985,-21.044986],[-56.535071,-21.033196],[-56.535141,-21.023528],[-56.535157,-21.02146],[-56.535197,-21.015872],[-56.535206,-21.01472],[-56.535278,-21.004806],[-56.535296,-21.004513],[-56.535325,-21.004222],[-56.535369,-21.003937],[-56.535427,-21.003652],[-56.535498,-21.003366],[-56.53558,-21.003085],[-56.535677,-21.002807],[-56.535787,-21.002532],[-56.538991,-20.99499],[-56.54701,-20.976112],[-56.547158,-20.975682],[-56.547272,-20.975254],[-56.547352,-20.974813],[-56.547388,-20.974372],[-56.547399,-20.973917],[-56.54733,-20.97258],[-56.547316,-20.972295],[-56.547094,-20.968305],[-56.54708,-20.96795],[-56.546869,-20.963769],[-56.546586,-20.958165],[-56.546592,-20.957757],[-56.546627,-20.957357],[-56.546692,-20.956957],[-56.546775,-20.956572],[-56.546905,-20.956179],[-56.547065,-20.955793],[-56.547257,-20.955417],[-56.547492,-20.955048],[-56.561838,-20.93778],[-56.561988,-20.9376],[-56.562136,-20.937422],[-56.562477,-20.937064],[-56.562856,-20.936705],[-56.563267,-20.936365],[-56.572668,-20.929737],[-56.572817,-20.929632],[-56.572956,-20.929521],[-56.573089,-20.929424],[-56.573278,-20.929285],[-56.581041,-20.92374],[-56.581621,-20.923252],[-56.582142,-20.922722],[-56.582553,-20.922106],[-56.582846,-20.921467],[-56.589426,-20.900044],[-56.589612,-20.899456],[-56.589824,-20.898875],[-56.590095,-20.898311],[-56.590193,-20.8981],[-56.590415,-20.897759],[-56.604868,-20.877461],[-56.605069,-20.877177],[-56.628417,-20.844471],[-56.628599,-20.844216],[-56.62902,-20.843626],[-56.629464,-20.842932],[-56.629856,-20.842204],[-56.630086,-20.841479],[-56.630253,-20.840715],[-56.630259,-20.839952],[-56.630137,-20.839204],[-56.629947,-20.838469],[-56.629644,-20.837398],[-56.622739,-20.813169],[-56.622697,-20.812996],[-56.622106,-20.81095],[-56.621918,-20.810261],[-56.621769,-20.809561],[-56.621697,-20.808886],[-56.621694,-20.808318],[-56.621664,-20.80304],[-56.621665,-20.802846],[-56.621642,-20.79598],[-56.621632,-20.787199],[-56.621605,-20.778245],[-56.621627,-20.777715],[-56.621714,-20.777115],[-56.621857,-20.776559],[-56.622113,-20.775917],[-56.630124,-20.757841],[-56.630368,-20.757182],[-56.630525,-20.756509],[-56.630601,-20.755821],[-56.630581,-20.755141],[-56.628758,-20.736755],[-56.628721,-20.736379],[-56.628103,-20.729639],[-56.628036,-20.728993],[-56.627718,-20.7259],[-56.627319,-20.721669],[-56.627336,-20.720649],[-56.627568,-20.717782],[-56.627906,-20.714582],[-56.628099,-20.711716],[-56.628786,-20.704208],[-56.631221,-20.67568],[-56.631594,-20.672211],[-56.631982,-20.66648],[-56.632649,-20.658835],[-56.632982,-20.655003],[-56.633314,-20.651203],[-56.633587,-20.648302],[-56.633787,-20.645879],[-56.634002,-20.643514],[-56.63404,-20.643176],[-56.634111,-20.642867],[-56.634206,-20.642483],[-56.634306,-20.642136],[-56.634471,-20.641749],[-56.634502,-20.641679],[-56.634635,-20.641378],[-56.634882,-20.640971],[-56.635146,-20.640607],[-56.635471,-20.640254],[-56.635915,-20.639813],[-56.636159,-20.639611],[-56.636388,-20.639432],[-56.639992,-20.637314],[-56.642467,-20.635857],[-56.64318,-20.635421],[-56.643887,-20.635008],[-56.648618,-20.632269],[-56.650544,-20.63116],[-56.652429,-20.630039],[-56.652861,-20.629797],[-56.653267,-20.629564],[-56.653635,-20.629319],[-56.653983,-20.629062],[-56.654296,-20.628803],[-56.654679,-20.62849],[-56.655568,-20.627653],[-56.656182,-20.62711],[-56.656803,-20.626561],[-56.658023,-20.625461],[-56.660475,-20.623257],[-56.662933,-20.621046],[-56.664308,-20.619799],[-56.665372,-20.618833],[-56.666112,-20.618164],[-56.666533,-20.617773],[-56.667164,-20.617199],[-56.667831,-20.616609],[-56.669161,-20.61543],[-56.670547,-20.61417],[-56.673397,-20.611659],[-56.675911,-20.609437],[-56.676491,-20.608875],[-56.677919,-20.60766],[-56.678572,-20.607028],[-56.68133,-20.604563],[-56.684546,-20.601689],[-56.685635,-20.600764],[-56.686397,-20.599974],[-56.687001,-20.599255],[-56.687501,-20.59836],[-56.687725,-20.597678],[-56.687911,-20.596726],[-56.687912,-20.596441],[-56.687971,-20.595762],[-56.687855,-20.59488],[-56.687565,-20.593257],[-56.687523,-20.593042],[-56.687461,-20.592697],[-56.687415,-20.592434],[-56.687302,-20.591817],[-56.686996,-20.58996],[-56.686889,-20.588958],[-56.686933,-20.588023],[-56.687145,-20.587052],[-56.68762,-20.585948],[-56.688685,-20.583754],[-56.692889,-20.57566],[-56.69529,-20.571111],[-56.695939,-20.569838],[-56.696562,-20.568681],[-56.696734,-20.568189],[-56.697023,-20.566887],[-56.697047,-20.566431],[-56.696994,-20.565058],[-56.696724,-20.561094],[-56.696606,-20.558834],[-56.696312,-20.554884],[-56.696209,-20.553111],[-56.696101,-20.552866],[-56.695964,-20.552639],[-56.695887,-20.552561],[-56.695846,-20.552476],[-56.695833,-20.552383],[-56.695851,-20.55229],[-56.69587,-20.55225],[-56.695919,-20.552183],[-56.695984,-20.55213],[-56.696062,-20.552095],[-56.696147,-20.552079],[-56.696239,-20.552086],[-56.696326,-20.552117],[-56.6964,-20.552168],[-56.696586,-20.552273],[-56.696778,-20.552335],[-56.697063,-20.552403],[-56.699192,-20.552381],[-56.69981,-20.552356],[-56.70043,-20.552237],[-56.700531,-20.552189],[-56.700942,-20.551997],[-56.701401,-20.551699],[-56.701755,-20.551228],[-56.701975,-20.550831],[-56.702841,-20.547772],[-56.703682,-20.545405],[-56.704115,-20.544294],[-56.704358,-20.543797],[-56.704696,-20.543306],[-56.70512,-20.542885],[-56.705701,-20.542482],[-56.706269,-20.542195],[-56.706893,-20.542014],[-56.707443,-20.541926],[-56.708042,-20.541938],[-56.709668,-20.542106],[-56.710702,-20.542213],[-56.71112,-20.542213],[-56.711526,-20.542142],[-56.711901,-20.542002],[-56.712244,-20.541821],[-56.712369,-20.54175],[-56.712439,-20.541686],[-56.712619,-20.541523],[-56.712723,-20.5414],[-56.712862,-20.541236],[-56.713062,-20.540921],[-56.713199,-20.540476],[-56.713255,-20.540073],[-56.713531,-20.537079],[-56.713566,-20.536382],[-56.713566,-20.535704],[-56.713529,-20.534956],[-56.713466,-20.534418],[-56.713674,-20.534351],[-56.713837,-20.534304],[-56.713961,-20.534201],[-56.714017,-20.534037],[-56.714038,-20.533842],[-56.714092,-20.533686],[-56.714489,-20.533472],[-56.714722,-20.533445],[-56.714878,-20.533505],[-56.715066,-20.533678],[-56.715237,-20.533852],[-56.71542,-20.533907],[-56.715548,-20.533849],[-56.715602,-20.533744],[-56.715597,-20.533588],[-56.715522,-20.533309],[-56.715484,-20.533146],[-56.715503,-20.533068],[-56.71595,-20.532771],[-56.716486,-20.532456],[-56.717036,-20.532199],[-56.717305,-20.532105],[-56.718281,-20.531977],[-56.718438,-20.531979],[-56.71857,-20.532034],[-56.718811,-20.532219],[-56.718975,-20.532472],[-56.719111,-20.532726],[-56.719177,-20.532979],[-56.719222,-20.533207],[-56.719257,-20.533612],[-56.719272,-20.533661],[-56.719145,-20.53371],[-56.718828,-20.533743],[-56.71853,-20.533718],[-56.718279,-20.533622],[-56.71789,-20.533439],[-56.717747,-20.533417],[-56.717678,-20.533424],[-56.717632,-20.533435],[-56.717576,-20.533457],[-56.717547,-20.533491],[-56.717488,-20.533588],[-56.717435,-20.533729],[-56.717418,-20.533746],[-56.717403,-20.533757],[-56.717315,-20.533801],[-56.717164,-20.533843],[-56.717103,-20.533848],[-56.717048,-20.533849],[-56.716729,-20.53383],[-56.716599,-20.533807],[-56.716531,-20.533746],[-56.71649,-20.533692],[-56.715981,-20.532825],[-56.71595,-20.532771],[-56.715503,-20.533068],[-56.715484,-20.533146],[-56.715522,-20.533309],[-56.715597,-20.533588],[-56.715602,-20.533744],[-56.715548,-20.533849],[-56.71542,-20.533907],[-56.715237,-20.533852],[-56.715066,-20.533678],[-56.714878,-20.533505],[-56.714722,-20.533445],[-56.714489,-20.533472],[-56.714092,-20.533686],[-56.714038,-20.533842],[-56.714017,-20.534037],[-56.713961,-20.534201],[-56.713837,-20.534304],[-56.713674,-20.534351],[-56.713466,-20.534418],[-56.713529,-20.534956],[-56.713566,-20.535704],[-56.713566,-20.536382],[-56.713533,-20.537037]]},"properties":{"id_trecho":"ACESS-ROTA-EST-026-05","id_rota":"ROTA-EST-026","nome_rota":"Rota Pantanal Bonito","ordem_trecho":5,"origem":"Jardim","destino":"Bodoquena","tipo_registro_rota":"Produto turístico institucional incorporado ao estudo","status_institucional_rota":"Produto turístico promovido institucionalmente","classe_base_acessibilidade":"Base institucional ou documental direta","natureza":"Estimativa científica de acessibilidade pela rede viária contemporânea","distancia_rodoviaria_km":146.5,"duracao_estimada_sem_trafego_min":145,"resumo_vias":"MS-382, MS-178","perfil_roteamento":"driving","motor_roteamento":"OSRM route service","endpoint_consultado":"https://router.project-osrm.org","fonte_rede":"OpenStreetMap contributors","licenca_rede":"ODbL 1.0","data_materializacao":"2026-08-12T03:43:51.108Z","corte_base_joaju":"2026-08-10","data_versao_rede":"Não informada","origem_solicitada_lon":-56.1489,"origem_solicitada_lat":-21.4799,"destino_solicitado_lon":-56.7127,"destino_solicitado_lat":-20.537,"origem_ajustada_lon":-56.148909,"origem_ajustada_lat":-21.47993,"destino_ajustado_lon":-56.713533,"destino_ajustado_lat":-20.537037,"distancia_ajuste_origem_m":3.5,"distancia_ajuste_destino_m":87,"status_revisao":"Não validado em campo","nota_especifica":"Estimativa viária contemporânea entre referências da proposta metodológica. Não substitui validação logística ou de campo.","limitacoes":"Tempo sem trânsito em tempo real. O resultado pode incluir vias privadas, sazonais, não pavimentadas, interrompidas ou com restrições ausentes na base.","uso_operacional":"Não representa o traçado cultural, histórico, aquático ou oficialmente aprovado da rota. Não constitui recomendação de viagem, autorização de acesso ou validação das condições da via.","natureza_projeto":"Projeto de pesquisa científica","referencial_metodologico":"Aplicação e adaptação experimental do marco PRICI"}},{"type":"Feature","geometry":{"type":"LineString","coordinates":[[-56.713533,-20.537037],[-56.713531,-20.537079],[-56.713255,-20.540073],[-56.713199,-20.540476],[-56.713062,-20.540921],[-56.712862,-20.541236],[-56.712723,-20.5414],[-56.712619,-20.541523],[-56.712439,-20.541686],[-56.712369,-20.54175],[-56.712244,-20.541821],[-56.711901,-20.542002],[-56.711526,-20.542142],[-56.71112,-20.542213],[-56.710702,-20.542213],[-56.709668,-20.542106],[-56.708042,-20.541938],[-56.707443,-20.541926],[-56.706893,-20.542014],[-56.706269,-20.542195],[-56.705701,-20.542482],[-56.70512,-20.542885],[-56.704696,-20.543306],[-56.704358,-20.543797],[-56.704115,-20.544294],[-56.703682,-20.545405],[-56.702841,-20.547772],[-56.701975,-20.550831],[-56.701755,-20.551228],[-56.701401,-20.551699],[-56.700942,-20.551997],[-56.700531,-20.552189],[-56.70043,-20.552237],[-56.69981,-20.552356],[-56.699192,-20.552381],[-56.697063,-20.552403],[-56.696793,-20.552425],[-56.696579,-20.552495],[-56.696467,-20.552528],[-56.696408,-20.552607],[-56.696331,-20.552663],[-56.696241,-20.552696],[-56.696144,-20.552703],[-56.696049,-20.552683],[-56.695964,-20.552639],[-56.695887,-20.552561],[-56.695846,-20.552476],[-56.695833,-20.552383],[-56.695851,-20.55229],[-56.69587,-20.55225],[-56.695809,-20.552138],[-56.695738,-20.552016],[-56.695572,-20.551766],[-56.695199,-20.551353],[-56.692207,-20.548407],[-56.691564,-20.547861],[-56.690675,-20.547287],[-56.689661,-20.546811],[-56.688115,-20.546362],[-56.686699,-20.545943],[-56.68582,-20.545547],[-56.68498,-20.545045],[-56.681934,-20.542563],[-56.681333,-20.541841],[-56.680959,-20.541188],[-56.680496,-20.540055],[-56.680223,-20.539568],[-56.679847,-20.539161],[-56.67943,-20.538848],[-56.678904,-20.538641],[-56.678105,-20.538485],[-56.676204,-20.5383],[-56.669724,-20.53767],[-56.669348,-20.537634],[-56.668177,-20.537524],[-56.667981,-20.537506],[-56.667843,-20.537584],[-56.667768,-20.537657],[-56.667714,-20.537737],[-56.667686,-20.537801],[-56.667624,-20.537842],[-56.667546,-20.537887],[-56.667466,-20.537915],[-56.667324,-20.537947],[-56.667245,-20.537937],[-56.667156,-20.537908],[-56.667046,-20.537838],[-56.666944,-20.537749],[-56.666839,-20.537671],[-56.666761,-20.537613],[-56.666707,-20.537535],[-56.666679,-20.537446],[-56.666682,-20.537353],[-56.666714,-20.537265],[-56.666755,-20.537087],[-56.666774,-20.536926],[-56.666778,-20.536747],[-56.665609,-20.533189],[-56.665485,-20.532579],[-56.665464,-20.531915],[-56.665825,-20.528485],[-56.666043,-20.526822],[-56.666062,-20.526198],[-56.665949,-20.525398],[-56.665799,-20.524669],[-56.665758,-20.524024],[-56.665823,-20.523487],[-56.666141,-20.522447],[-56.666217,-20.521771],[-56.666155,-20.521136],[-56.665907,-20.520488],[-56.665355,-20.519446],[-56.665086,-20.51874],[-56.664888,-20.517737],[-56.664275,-20.512748],[-56.664168,-20.511679],[-56.664139,-20.506008],[-56.66405,-20.505099],[-56.662472,-20.49592],[-56.661265,-20.488768],[-56.661066,-20.487997],[-56.660596,-20.487124],[-56.658834,-20.484881],[-56.658515,-20.484349],[-56.658243,-20.483652],[-56.657757,-20.480482],[-56.657669,-20.47972],[-56.657661,-20.479226],[-56.657734,-20.478619],[-56.659021,-20.472123],[-56.659111,-20.47167],[-56.659059,-20.471013],[-56.65879,-20.470303],[-56.658389,-20.469663],[-56.657806,-20.46911],[-56.65713,-20.468747],[-56.656394,-20.468511],[-56.655116,-20.468216],[-56.654285,-20.468126],[-56.653431,-20.468155],[-56.652702,-20.468404],[-56.651653,-20.468937],[-56.651008,-20.469273],[-56.649989,-20.469803],[-56.645582,-20.472097],[-56.644764,-20.472674],[-56.644128,-20.473231],[-56.639031,-20.479477],[-56.638483,-20.480132],[-56.637602,-20.48095],[-56.636777,-20.48153],[-56.635793,-20.482044],[-56.63493,-20.482355],[-56.633203,-20.482888],[-56.629685,-20.483967],[-56.628624,-20.48423],[-56.628201,-20.484301],[-56.628007,-20.484322],[-56.627806,-20.484343],[-56.627407,-20.484379],[-56.626352,-20.484361],[-56.623774,-20.484235],[-56.622791,-20.484248],[-56.603393,-20.485097],[-56.599373,-20.485273],[-56.598373,-20.485225],[-56.597678,-20.485147],[-56.596638,-20.484841],[-56.595811,-20.48446],[-56.594865,-20.483906],[-56.582294,-20.474911],[-56.581457,-20.474158],[-56.580824,-20.473419],[-56.58027,-20.472591],[-56.579767,-20.471554],[-56.577565,-20.466014],[-56.57737,-20.465287],[-56.57721,-20.464441],[-56.577198,-20.463413],[-56.577355,-20.462138],[-56.578195,-20.456143],[-56.57837,-20.454966],[-56.578506,-20.454046],[-56.578564,-20.453043],[-56.578505,-20.452016],[-56.578337,-20.450984],[-56.574602,-20.439313],[-56.574225,-20.438334],[-56.57376,-20.437488],[-56.573222,-20.436771],[-56.572549,-20.436043],[-56.564638,-20.428392],[-56.563886,-20.427788],[-56.562962,-20.42726],[-56.561893,-20.426834],[-56.560694,-20.42659],[-56.559997,-20.426534],[-56.559179,-20.426549],[-56.554932,-20.426785],[-56.538983,-20.427436],[-56.536359,-20.427543],[-56.53544,-20.427574],[-56.534921,-20.427552],[-56.534042,-20.42744],[-56.533589,-20.427297],[-56.532806,-20.427063],[-56.531943,-20.42666],[-56.518608,-20.419944],[-56.512771,-20.416986],[-56.511704,-20.416522],[-56.510648,-20.416195],[-56.499474,-20.413575],[-56.497904,-20.413146],[-56.496313,-20.412404],[-56.489888,-20.409345],[-56.486376,-20.407595],[-56.485908,-20.407263],[-56.485227,-20.40658],[-56.483032,-20.404396],[-56.481019,-20.40221],[-56.473149,-20.393988],[-56.472334,-20.393185],[-56.47098,-20.392302],[-56.465425,-20.38961],[-56.45759,-20.38579],[-56.456793,-20.385404],[-56.455599,-20.384605],[-56.446989,-20.377645],[-56.446236,-20.376762],[-56.445751,-20.376125],[-56.445436,-20.375489],[-56.444942,-20.374059],[-56.441637,-20.3613],[-56.439784,-20.354082],[-56.435624,-20.338403],[-56.434979,-20.336796],[-56.434162,-20.33523],[-56.412653,-20.299784],[-56.409746,-20.294939],[-56.409414,-20.294111],[-56.409339,-20.29374],[-56.409288,-20.293375],[-56.408784,-20.285518],[-56.407642,-20.266355],[-56.407306,-20.261104],[-56.407169,-20.259145],[-56.407051,-20.258609],[-56.406901,-20.258254],[-56.406518,-20.25759],[-56.406131,-20.257134],[-56.405611,-20.256682],[-56.40504,-20.256337],[-56.404176,-20.255952],[-56.402724,-20.255362],[-56.402552,-20.255248],[-56.402332,-20.255081],[-56.402052,-20.254784],[-56.401832,-20.254439],[-56.401719,-20.254155],[-56.401656,-20.253858],[-56.401644,-20.253506],[-56.401586,-20.250627],[-56.401579,-20.250267],[-56.40155,-20.248407],[-56.401544,-20.24817],[-56.401509,-20.244768],[-56.401496,-20.244338],[-56.401487,-20.2439],[-56.401428,-20.242059],[-56.401408,-20.241734],[-56.401371,-20.241598],[-56.401303,-20.241451],[-56.401117,-20.241237],[-56.400939,-20.241114],[-56.400652,-20.241012],[-56.400367,-20.240958],[-56.400314,-20.240947],[-56.398986,-20.24078],[-56.398004,-20.240654],[-56.397858,-20.240634],[-56.397632,-20.240636],[-56.397448,-20.240654],[-56.397349,-20.240678],[-56.397191,-20.240742],[-56.397105,-20.240799],[-56.397005,-20.240827],[-56.396899,-20.240824],[-56.396801,-20.240789],[-56.39672,-20.240726],[-56.396661,-20.240634],[-56.396641,-20.240528],[-56.396661,-20.240422],[-56.396719,-20.240329],[-56.396744,-20.240305],[-56.396772,-20.240283],[-56.396805,-20.240058],[-56.396827,-20.239796],[-56.396661,-20.239081],[-56.396442,-20.238443],[-56.396021,-20.237565],[-56.39531,-20.236386],[-56.394057,-20.234393],[-56.39375,-20.233758],[-56.393484,-20.233086],[-56.393049,-20.231905],[-56.392632,-20.230776],[-56.392471,-20.230592],[-56.392237,-20.230415],[-56.392171,-20.230365],[-56.392125,-20.230306],[-56.392106,-20.230269],[-56.39209,-20.23022],[-56.392083,-20.230172],[-56.392101,-20.230056],[-56.392148,-20.229974],[-56.392214,-20.229911],[-56.392297,-20.229869],[-56.392417,-20.229851],[-56.392728,-20.229797],[-56.39315,-20.22967],[-56.398314,-20.226154],[-56.405595,-20.221258],[-56.407985,-20.219591],[-56.416466,-20.213853],[-56.424968,-20.208089],[-56.450695,-20.190697],[-56.45181,-20.190123],[-56.453017,-20.189737],[-56.454188,-20.189567],[-56.456437,-20.189558],[-56.476938,-20.190062],[-56.479816,-20.190132],[-56.4984,-20.190624],[-56.502842,-20.190698],[-56.504591,-20.190741],[-56.505953,-20.190772],[-56.5078,-20.190814],[-56.508216,-20.190802],[-56.508626,-20.190758],[-56.509025,-20.190677],[-56.509408,-20.190562],[-56.50967,-20.19046],[-56.509921,-20.190335],[-56.51016,-20.190195],[-56.510379,-20.190043],[-56.510597,-20.189875],[-56.510792,-20.189693],[-56.510975,-20.189501],[-56.511145,-20.189302],[-56.514665,-20.184848],[-56.514921,-20.184554],[-56.515199,-20.184275],[-56.515494,-20.184009],[-56.51581,-20.183768],[-56.516133,-20.183548],[-56.51647,-20.183349],[-56.516857,-20.183154],[-56.517201,-20.183012],[-56.526228,-20.179488],[-56.53449,-20.176267],[-56.55699,-20.167483],[-56.557091,-20.167444],[-56.581805,-20.157795],[-56.585106,-20.156506],[-56.58841,-20.155216],[-56.613765,-20.145316],[-56.621537,-20.14228],[-56.6308,-20.138661],[-56.637193,-20.136163],[-56.638608,-20.135717],[-56.639893,-20.135533],[-56.64936,-20.135017],[-56.691813,-20.132705],[-56.692934,-20.132645],[-56.693595,-20.132613],[-56.701695,-20.132167],[-56.70272,-20.131887],[-56.703685,-20.131433],[-56.704655,-20.13072],[-56.708592,-20.126933],[-56.71174,-20.123905],[-56.716638,-20.11917],[-56.724161,-20.111897],[-56.739273,-20.097284],[-56.739333,-20.097229],[-56.743004,-20.093676],[-56.744369,-20.092355],[-56.760343,-20.076897],[-56.760761,-20.076493],[-56.76094,-20.076315],[-56.761069,-20.07619],[-56.761584,-20.075633],[-56.762082,-20.075062],[-56.791082,-20.039468],[-56.800597,-20.027253],[-56.806151,-20.020126],[-56.806225,-20.020031],[-56.815002,-20.008633],[-56.819492,-19.999902],[-56.830008,-19.980225],[-56.831525,-19.97705],[-56.838798,-19.961287],[-56.844119,-19.949753],[-56.85053,-19.935855],[-56.855807,-19.924077],[-56.868422,-19.895585],[-56.87041,-19.891093],[-56.884335,-19.859628],[-56.885052,-19.858007],[-56.897594,-19.829203],[-56.899812,-19.824108],[-56.900395,-19.823248],[-56.901127,-19.82252],[-56.902007,-19.821945],[-56.904232,-19.820873],[-56.937385,-19.805267],[-56.938523,-19.804437],[-56.939252,-19.80368],[-56.940038,-19.802545],[-56.9635,-19.760861],[-56.963815,-19.760296],[-56.964231,-19.759553],[-56.975623,-19.73921],[-56.988074,-19.717367],[-56.988427,-19.716747],[-57.00457,-19.688304],[-57.014725,-19.670441],[-57.025631,-19.651334],[-57.025855,-19.650933],[-57.02615,-19.650397],[-57.026252,-19.650022],[-57.026406,-19.649466],[-57.026493,-19.649253],[-57.026582,-19.649097],[-57.026758,-19.648866],[-57.026962,-19.648655],[-57.027335,-19.648416],[-57.027654,-19.648268],[-57.027933,-19.648187],[-57.028261,-19.648107],[-57.028648,-19.648031],[-57.029042,-19.64793],[-57.029459,-19.647793],[-57.033749,-19.645605],[-57.03421,-19.64537],[-57.0424,-19.641195],[-57.042864,-19.640956],[-57.110395,-19.606333],[-57.177918,-19.571708],[-57.205625,-19.557687],[-57.211335,-19.554718],[-57.231004,-19.547804],[-57.232499,-19.54751],[-57.233822,-19.547397],[-57.235227,-19.547541],[-57.237175,-19.547958],[-57.241857,-19.550262],[-57.276253,-19.56818],[-57.277878,-19.568634],[-57.279294,-19.568816],[-57.281011,-19.568796],[-57.284869,-19.568194],[-57.31185,-19.564061],[-57.336627,-19.560108],[-57.337783,-19.560154],[-57.342358,-19.561093],[-57.34355,-19.561192],[-57.34706,-19.560781],[-57.364164,-19.559128],[-57.377333,-19.557687],[-57.378416,-19.557584],[-57.37941,-19.557489],[-57.380304,-19.557404],[-57.386356,-19.556759],[-57.387624,-19.556444],[-57.388582,-19.556137],[-57.38934,-19.555776],[-57.390199,-19.555129],[-57.390893,-19.554442],[-57.393473,-19.551489],[-57.398897,-19.545282],[-57.413428,-19.528555],[-57.418394,-19.522931],[-57.420367,-19.520677],[-57.426195,-19.514017],[-57.431189,-19.508381],[-57.431481,-19.508005],[-57.431825,-19.507489],[-57.432076,-19.506956],[-57.432191,-19.506614],[-57.432276,-19.50626],[-57.432315,-19.50582],[-57.432349,-19.505422],[-57.432349,-19.505369],[-57.432347,-19.505278],[-57.432346,-19.505195],[-57.432345,-19.505161],[-57.432274,-19.504345],[-57.432223,-19.503386],[-57.432212,-19.503169],[-57.432334,-19.501459],[-57.432315,-19.500916],[-57.432173,-19.500322],[-57.431996,-19.49997],[-57.431767,-19.49953],[-57.431237,-19.498987],[-57.430285,-19.498253],[-57.429869,-19.497775],[-57.429676,-19.497459],[-57.429493,-19.497083],[-57.429335,-19.49662],[-57.429279,-19.496248],[-57.429112,-19.494949],[-57.429091,-19.494781],[-57.429059,-19.494089],[-57.42909,-19.493866],[-57.429315,-19.492252],[-57.429305,-19.491343],[-57.429155,-19.490513],[-57.427941,-19.487373],[-57.42776,-19.48671],[-57.427122,-19.483079],[-57.4265,-19.47917],[-57.42613,-19.478079],[-57.425544,-19.476947],[-57.425121,-19.476083],[-57.423848,-19.473557],[-57.421403,-19.4687],[-57.420447,-19.466602],[-57.420315,-19.465995],[-57.420257,-19.465016],[-57.420443,-19.464113],[-57.420652,-19.463592],[-57.42095,-19.463084],[-57.421264,-19.46259],[-57.422111,-19.461616],[-57.422619,-19.460906],[-57.427521,-19.45535],[-57.428196,-19.454557],[-57.445324,-19.434477],[-57.446574,-19.433197],[-57.447549,-19.432393],[-57.461966,-19.421072],[-57.463509,-19.419849],[-57.463673,-19.419726],[-57.463741,-19.419672],[-57.46389,-19.419555],[-57.475882,-19.410099],[-57.477864,-19.408591],[-57.479816,-19.407057],[-57.483708,-19.40399],[-57.490323,-19.398797],[-57.491509,-19.397867],[-57.492093,-19.397394],[-57.492662,-19.396941],[-57.493251,-19.396506],[-57.493547,-19.39629],[-57.493839,-19.396089],[-57.494286,-19.395821],[-57.494724,-19.39556],[-57.495607,-19.395059],[-57.50043,-19.392256],[-57.502844,-19.390862],[-57.505255,-19.389477],[-57.506571,-19.388727],[-57.507861,-19.387964],[-57.510074,-19.38669],[-57.511897,-19.385641],[-57.515429,-19.383609],[-57.517573,-19.38235],[-57.519181,-19.381407],[-57.520353,-19.380927],[-57.521554,-19.380632],[-57.524354,-19.380103],[-57.52517,-19.379795],[-57.525686,-19.379527],[-57.52681,-19.378708],[-57.530546,-19.376321],[-57.531511,-19.375707],[-57.532133,-19.375293],[-57.536039,-19.37269],[-57.5409,-19.369452],[-57.547077,-19.365336],[-57.549596,-19.363704],[-57.561896,-19.355732],[-57.568523,-19.351323],[-57.570498,-19.349919],[-57.571206,-19.349114],[-57.571621,-19.34834],[-57.57182,-19.346992],[-57.573158,-19.331418],[-57.573431,-19.329855],[-57.573703,-19.329062],[-57.57415,-19.328355],[-57.575198,-19.327041],[-57.577005,-19.325051],[-57.577809,-19.324304],[-57.578589,-19.323783],[-57.579297,-19.323419],[-57.580228,-19.323076],[-57.581904,-19.322804],[-57.582214,-19.322758],[-57.584734,-19.322348],[-57.58592,-19.322105],[-57.586867,-19.321791],[-57.587222,-19.321637],[-57.587343,-19.321565],[-57.587581,-19.321415],[-57.59075,-19.319423],[-57.592648,-19.318182],[-57.593198,-19.317742],[-57.593577,-19.317438],[-57.593667,-19.317366],[-57.593906,-19.317175],[-57.59403,-19.317076],[-57.59553,-19.315233],[-57.598502,-19.311257],[-57.599354,-19.310309],[-57.60014,-19.309583],[-57.612953,-19.297516],[-57.616746,-19.293937],[-57.625366,-19.287855],[-57.627106,-19.286628],[-57.633153,-19.282226],[-57.633854,-19.281466],[-57.634497,-19.280566],[-57.634783,-19.280007],[-57.63501,-19.279434],[-57.641947,-19.258918],[-57.64212,-19.258113],[-57.642208,-19.257187],[-57.642257,-19.256311],[-57.642298,-19.255577],[-57.642311,-19.255284],[-57.642813,-19.245163],[-57.643606,-19.235334],[-57.643705,-19.234135],[-57.64461,-19.22698],[-57.645063,-19.220013],[-57.645214,-19.21523],[-57.645794,-19.202952],[-57.645716,-19.201831],[-57.645673,-19.20103],[-57.645028,-19.196518],[-57.644362,-19.192036],[-57.644048,-19.189575],[-57.642158,-19.176101],[-57.641334,-19.170355],[-57.641238,-19.169687],[-57.641085,-19.1692],[-57.640817,-19.16863],[-57.640347,-19.168075],[-57.64002,-19.167789],[-57.639679,-19.167503],[-57.639108,-19.167034],[-57.637125,-19.165397],[-57.636692,-19.164974],[-57.636079,-19.164221],[-57.635779,-19.163688],[-57.635594,-19.163497],[-57.63527,-19.163073],[-57.634908,-19.162377],[-57.634755,-19.162083],[-57.634243,-19.161057],[-57.634111,-19.160791],[-57.633947,-19.160295],[-57.633025,-19.158516],[-57.631108,-19.154935],[-57.629803,-19.15245],[-57.62946,-19.15177],[-57.625828,-19.144917],[-57.624938,-19.143214],[-57.624689,-19.14258],[-57.624468,-19.141863],[-57.6243,-19.140735],[-57.623936,-19.132636],[-57.623715,-19.127296],[-57.623567,-19.124015],[-57.623533,-19.123272],[-57.623501,-19.122298],[-57.623476,-19.121748],[-57.623283,-19.118028],[-57.622314,-19.097195],[-57.622254,-19.095845],[-57.622441,-19.095551],[-57.622505,-19.095452],[-57.622562,-19.095256],[-57.622572,-19.094537],[-57.622511,-19.094364],[-57.622419,-19.094224],[-57.622164,-19.093837],[-57.622039,-19.091012],[-57.621997,-19.090782],[-57.621927,-19.090393],[-57.621887,-19.090129],[-57.621851,-19.089766],[-57.621813,-19.088725],[-57.621752,-19.087613],[-57.621711,-19.086896],[-57.621711,-19.086559],[-57.621729,-19.086217],[-57.621803,-19.085761],[-57.621682,-19.083612],[-57.621242,-19.075803],[-57.621202,-19.074639],[-57.621154,-19.073259],[-57.621184,-19.073205],[-57.621226,-19.073178],[-57.621277,-19.073166],[-57.621336,-19.073168],[-57.621384,-19.07319],[-57.621433,-19.073237],[-57.621446,-19.07328],[-57.621474,-19.073563],[-57.621474,-19.073841],[-57.621514,-19.073904],[-57.621594,-19.073941],[-57.621683,-19.073957],[-57.621779,-19.073921],[-57.621852,-19.073865],[-57.621929,-19.073667],[-57.622358,-19.072834],[-57.623904,-19.070348],[-57.624231,-19.069806],[-57.625328,-19.067948],[-57.627501,-19.064266],[-57.631032,-19.058444],[-57.631627,-19.057461],[-57.633944,-19.053646],[-57.634566,-19.052635],[-57.635492,-19.05113],[-57.636324,-19.049736],[-57.636364,-19.049668],[-57.636623,-19.049232],[-57.636855,-19.04885],[-57.637106,-19.048435],[-57.637684,-19.047506],[-57.637925,-19.047118],[-57.637977,-19.047034],[-57.638338,-19.046454],[-57.638599,-19.046022],[-57.638822,-19.045669],[-57.63889,-19.045563],[-57.638943,-19.045473],[-57.639631,-19.044352],[-57.640454,-19.042988],[-57.641279,-19.041648],[-57.642011,-19.040577],[-57.642089,-19.04046],[-57.642133,-19.0404],[-57.642347,-19.040129],[-57.64263,-19.039856],[-57.643614,-19.039122],[-57.644679,-19.03841],[-57.645048,-19.038173],[-57.645084,-19.038146],[-57.645566,-19.037841],[-57.646794,-19.037075],[-57.646885,-19.037019],[-57.647293,-19.03676],[-57.64819,-19.036205],[-57.649563,-19.035376],[-57.649785,-19.035246],[-57.650261,-19.034883],[-57.650545,-19.034627],[-57.650768,-19.034387],[-57.650799,-19.034356],[-57.650929,-19.034204],[-57.651209,-19.033814],[-57.651431,-19.03319],[-57.65168,-19.032486],[-57.651942,-19.03175],[-57.652209,-19.031035],[-57.652468,-19.030306],[-57.652713,-19.029614],[-57.652965,-19.028902],[-57.653221,-19.028178],[-57.653469,-19.02745],[-57.653716,-19.026724],[-57.653942,-19.026007],[-57.654167,-19.025304],[-57.654403,-19.024572],[-57.654657,-19.023801],[-57.655129,-19.022478],[-57.65566,-19.021011],[-57.656164,-19.019607],[-57.656632,-19.018385],[-57.656654,-19.018252],[-57.656636,-19.01823],[-57.656628,-19.018203],[-57.656634,-19.018171],[-57.656654,-19.018145],[-57.656685,-19.018129],[-57.656775,-19.018],[-57.65719,-19.016789],[-57.657434,-19.016146],[-57.657756,-19.015298],[-57.657861,-19.015049],[-57.657973,-19.014801],[-57.658458,-19.013465],[-57.658476,-19.013328],[-57.658462,-19.013309],[-57.658455,-19.013287],[-57.658321,-19.013241],[-57.658016,-19.013138],[-57.657475,-19.01298],[-57.656983,-19.012833],[-57.655957,-19.012538],[-57.655471,-19.012401],[-57.655434,-19.012401],[-57.655414,-19.012391],[-57.655399,-19.012374],[-57.654783,-19.012166],[-57.653868,-19.011878],[-57.653262,-19.011702],[-57.652528,-19.011489],[-57.652371,-19.011449],[-57.652349,-19.01146],[-57.652324,-19.011464],[-57.652293,-19.011458],[-57.652268,-19.01144],[-57.652252,-19.011415],[-57.651577,-19.011207],[-57.651427,-19.011158],[-57.65078,-19.010944],[-57.649582,-19.010582],[-57.649435,-19.010535],[-57.649314,-19.010499],[-57.649287,-19.010511],[-57.649258,-19.010513],[-57.64923,-19.010504],[-57.649208,-19.010487],[-57.649193,-19.010463],[-57.64919,-19.010451],[-57.649189,-19.010428],[-57.649196,-19.010406],[-57.64921,-19.010387],[-57.649233,-19.010371],[-57.649265,-19.010313],[-57.649348,-19.010181],[-57.649773,-19.008973],[-57.650301,-19.007536],[-57.650982,-19.007751]]},"properties":{"id_trecho":"ACESS-ROTA-EST-026-06","id_rota":"ROTA-EST-026","nome_rota":"Rota Pantanal Bonito","ordem_trecho":6,"origem":"Bodoquena","destino":"Corumbá","tipo_registro_rota":"Produto turístico institucional incorporado ao estudo","status_institucional_rota":"Produto turístico promovido institucionalmente","classe_base_acessibilidade":"Base institucional ou documental direta","natureza":"Estimativa científica de acessibilidade pela rede viária contemporânea","distancia_rodoviaria_km":279.3,"duracao_estimada_sem_trafego_min":214,"resumo_vias":"MS-339, BR-262","perfil_roteamento":"driving","motor_roteamento":"OSRM route service","endpoint_consultado":"https://router.project-osrm.org","fonte_rede":"OpenStreetMap contributors","licenca_rede":"ODbL 1.0","data_materializacao":"2026-08-12T03:43:51.108Z","corte_base_joaju":"2026-08-10","data_versao_rede":"Não informada","origem_solicitada_lon":-56.7127,"origem_solicitada_lat":-20.537,"destino_solicitado_lon":-57.651,"destino_solicitado_lat":-19.0077,"origem_ajustada_lon":-56.713533,"origem_ajustada_lat":-20.537037,"destino_ajustado_lon":-57.650982,"destino_ajustado_lat":-19.007751,"distancia_ajuste_origem_m":87,"distancia_ajuste_destino_m":6,"status_revisao":"Não validado em campo","nota_especifica":"Estimativa viária contemporânea entre referências da proposta metodológica. Não substitui validação logística ou de campo.","limitacoes":"Tempo sem trânsito em tempo real. O resultado pode incluir vias privadas, sazonais, não pavimentadas, interrompidas ou com restrições ausentes na base.","uso_operacional":"Não representa o traçado cultural, histórico, aquático ou oficialmente aprovado da rota. Não constitui recomendação de viagem, autorização de acesso ou validação das condições da via.","natureza_projeto":"Projeto de pesquisa científica","referencial_metodologico":"Aplicação e adaptação experimental do marco PRICI"}}],"atlas_metadata":{"produto":"Acessibilidade rodoviária estimada das rotas com base externa","corte_base_joaju":"2026-08-10","data_materializacao":"2026-08-12T03:43:51.108Z","rotas_priorizadas":9,"trechos":37,"motor":"OSRM route service","rede":"OpenStreetMap","licenca_rede":"ODbL 1.0","natureza":"estimativa técnica não validada em campo","nota_temporal":"A base de propostas corresponde ao corte JOAJU de 10/08/2026. A rede viária é a disponibilizada pelo endpoint OSRM na data de materialização."}}