{"type":"FeatureCollection","name":"cavidades_proximas_rotas_estudo","features":[{"type":"Feature","geometry":{"type":"Point","coordinates":[-57.793195,-19.88733701]},"properties":{"ogc_fid":108,"num_canie":"005578.00001.50.03207","nome":"Gruta do Paiol","estado":"Mato Grosso do Sul","municipio":"Corumbá","longitude":"-57.793195","latitude":"-19.887337","nvl_valida":"Nível 1","__atlas_fonte_oficial":"CANIE/CECAV/ICMBio","__atlas_metodo_captura":"WFS oficial ICMBio/INDE","__atlas_tipo_servico":"ICMBio:canie_052026_p","__atlas_capturado_em":"2026-08-10T12:53:17.009Z","__atlas_recorte":"Mato Grosso do Sul por atributo ou interseção com envelope estadual","__atlas_aviso":"Cadastro não representa todo o universo de cavernas e não substitui validação de campo ou autorização de visitação.","id_rota_mais_proxima":"ROTA-EST-019","rota_mais_proxima":"Rota dos Portos e das Culturas do Rio Paraguai","distancia_minima_rota_km":6.901,"limiar_exploratorio_km":50,"metodo":"menor distância euclidiana local aproximada entre ponto CANIE e segmentos das rotas esquemáticas","fonte_cavidade":"CANIE/CECAV/ICMBio · snapshot local capturado em 10/08/2026","fonte_rotas":"JOAJU MS · propostas metodológicas de rotas · corte 10/08/2026","data_corte":"2026-08-10","natureza_resultado":"análise espacial derivada","limitacoes":"Proximidade cartográfica não implica acesso, visitação, segurança, integração cultural ou autorização."}},{"type":"Feature","geometry":{"type":"Point","coordinates":[-57.792095,-19.88743701]},"properties":{"ogc_fid":109,"num_canie":"005579.00002.50.03207","nome":"Gruta Ricardo Franco","estado":"Mato Grosso do Sul","municipio":"Corumbá","longitude":"-57.792095","latitude":"-19.887437","nvl_valida":"Nível 1","__atlas_fonte_oficial":"CANIE/CECAV/ICMBio","__atlas_metodo_captura":"WFS oficial ICMBio/INDE","__atlas_tipo_servico":"ICMBio:canie_052026_p","__atlas_capturado_em":"2026-08-10T12:53:17.009Z","__atlas_recorte":"Mato Grosso do Sul por atributo ou interseção com envelope estadual","__atlas_aviso":"Cadastro não representa todo o universo de cavernas e não substitui validação de campo ou autorização de visitação.","id_rota_mais_proxima":"ROTA-EST-019","rota_mais_proxima":"Rota dos Portos e das Culturas do Rio Paraguai","distancia_minima_rota_km":6.785,"limiar_exploratorio_km":50,"metodo":"menor distância euclidiana local aproximada entre ponto CANIE e segmentos das rotas esquemáticas","fonte_cavidade":"CANIE/CECAV/ICMBio · snapshot local capturado em 10/08/2026","fonte_rotas":"JOAJU MS · propostas metodológicas de rotas · corte 10/08/2026","data_corte":"2026-08-10","natureza_resultado":"análise espacial derivada","limitacoes":"Proximidade cartográfica não implica acesso, visitação, segurança, integração cultural ou autorização."}},{"type":"Feature","geometry":{"type":"Point","coordinates":[-57.790895,-19.91793701]},"properties":{"ogc_fid":110,"num_canie":"005580.00003.50.03207","nome":"Caverna Paiol Velho","estado":"Mato Grosso do Sul","municipio":"Corumbá","longitude":"-57.790895","latitude":"-19.917937","nvl_valida":"Nível 1","__atlas_fonte_oficial":"CANIE/CECAV/ICMBio","__atlas_metodo_captura":"WFS oficial ICMBio/INDE","__atlas_tipo_servico":"ICMBio:canie_052026_p","__atlas_capturado_em":"2026-08-10T12:53:17.009Z","__atlas_recorte":"Mato Grosso do Sul por atributo ou interseção com envelope estadual","__atlas_aviso":"Cadastro não representa todo o universo de cavernas e não substitui validação de campo ou autorização de visitação.","id_rota_mais_proxima":"ROTA-EST-019","rota_mais_proxima":"Rota dos Portos e das Culturas do Rio Paraguai","distancia_minima_rota_km":6.384,"limiar_exploratorio_km":50,"metodo":"menor distância euclidiana local aproximada entre ponto CANIE e segmentos das rotas esquemáticas","fonte_cavidade":"CANIE/CECAV/ICMBio · snapshot local capturado em 10/08/2026","fonte_rotas":"JOAJU MS · propostas metodológicas de rotas · corte 10/08/2026","data_corte":"2026-08-10","natureza_resultado":"análise espacial derivada","limitacoes":"Proximidade cartográfica não implica acesso, visitação, segurança, integração cultural ou autorização."}},{"type":"Feature","geometry":{"type":"Point","coordinates":[-57.785595,-19.88053701]},"properties":{"ogc_fid":111,"num_canie":"005581.00004.50.03207","nome":"Caverna Morro da Onça 1S","estado":"Mato Grosso do Sul","municipio":"Corumbá","longitude":"-57.785595","latitude":"-19.880537","nvl_valida":"Nível 1","__atlas_fonte_oficial":"CANIE/CECAV/ICMBio","__atlas_metodo_captura":"WFS oficial ICMBio/INDE","__atlas_tipo_servico":"ICMBio:canie_052026_p","__atlas_capturado_em":"2026-08-10T12:53:17.009Z","__atlas_recorte":"Mato Grosso do Sul por atributo ou interseção com envelope estadual","__atlas_aviso":"Cadastro não representa todo o universo de cavernas e não substitui validação de campo ou autorização de visitação.","id_rota_mais_proxima":"ROTA-EST-019","rota_mais_proxima":"Rota dos Portos e das Culturas do Rio Paraguai","distancia_minima_rota_km":6.17,"limiar_exploratorio_km":50,"metodo":"menor distância euclidiana local aproximada entre ponto CANIE e segmentos das rotas esquemáticas","fonte_cavidade":"CANIE/CECAV/ICMBio · snapshot local capturado em 10/08/2026","fonte_rotas":"JOAJU MS · propostas metodológicas de rotas · corte 10/08/2026","data_corte":"2026-08-10","natureza_resultado":"análise espacial derivada","limitacoes":"Proximidade cartográfica não implica acesso, visitação, segurança, integração cultural ou autorização."}},{"type":"Feature","geometry":{"type":"Point","coordinates":[-57.785195,-19.88073701]},"properties":{"ogc_fid":112,"num_canie":"005582.00005.50.03207","nome":"Caverna Morro da Onça 2S","estado":"Mato Grosso do Sul","municipio":"Corumbá","longitude":"-57.785195","latitude":"-19.880737","nvl_valida":"Nível 1","__atlas_fonte_oficial":"CANIE/CECAV/ICMBio","__atlas_metodo_captura":"WFS oficial ICMBio/INDE","__atlas_tipo_servico":"ICMBio:canie_052026_p","__atlas_capturado_em":"2026-08-10T12:53:17.009Z","__atlas_recorte":"Mato Grosso do Sul por atributo ou interseção com envelope estadual","__atlas_aviso":"Cadastro não representa todo o universo de cavernas e não substitui validação de campo ou autorização de visitação.","id_rota_mais_proxima":"ROTA-EST-019","rota_mais_proxima":"Rota dos Portos e das Culturas do Rio Paraguai","distancia_minima_rota_km":6.126,"limiar_exploratorio_km":50,"metodo":"menor distância euclidiana local aproximada entre ponto CANIE e segmentos das rotas esquemáticas","fonte_cavidade":"CANIE/CECAV/ICMBio · snapshot local capturado em 10/08/2026","fonte_rotas":"JOAJU MS · propostas metodológicas de rotas · corte 10/08/2026","data_corte":"2026-08-10","natureza_resultado":"análise espacial derivada","limitacoes":"Proximidade cartográfica não implica acesso, visitação, segurança, integração cultural ou autorização."}},{"type":"Feature","geometry":{"type":"Point","coordinates":[-57.784795,-19.88093701]},"properties":{"ogc_fid":113,"num_canie":"005583.00006.50.03207","nome":"Caverna Morro da Onça 3S","estado":"Mato Grosso do Sul","municipio":"Corumbá","longitude":"-57.784795","latitude":"-19.880937","nvl_valida":"Nível 1","__atlas_fonte_oficial":"CANIE/CECAV/ICMBio","__atlas_metodo_captura":"WFS oficial ICMBio/INDE","__atlas_tipo_servico":"ICMBio:canie_052026_p","__atlas_capturado_em":"2026-08-10T12:53:17.009Z","__atlas_recorte":"Mato Grosso do Sul por atributo ou interseção com envelope estadual","__atlas_aviso":"Cadastro não representa todo o universo de cavernas e não substitui validação de campo ou autorização de visitação.","id_rota_mais_proxima":"ROTA-EST-019","rota_mais_proxima":"Rota dos Portos e das Culturas do Rio Paraguai","distancia_minima_rota_km":6.083,"limiar_exploratorio_km":50,"metodo":"menor distância euclidiana local aproximada entre ponto CANIE e segmentos das rotas esquemáticas","fonte_cavidade":"CANIE/CECAV/ICMBio · snapshot local capturado em 10/08/2026","fonte_rotas":"JOAJU MS · propostas metodológicas de rotas · corte 10/08/2026","data_corte":"2026-08-10","natureza_resultado":"análise espacial derivada","limitacoes":"Proximidade cartográfica não implica acesso, visitação, segurança, integração cultural ou autorização."}},{"type":"Feature","geometry":{"type":"Point","coordinates":[-57.636139,-18.99676001]},"properties":{"ogc_fid":115,"num_canie":"005585.00008.50.03207","nome":"Caverna Forte Junqueira","estado":"Mato Grosso do Sul","municipio":"Corumbá","longitude":"-57.636139","latitude":"-18.99676","nvl_valida":"Nível 1","__atlas_fonte_oficial":"CANIE/CECAV/ICMBio","__atlas_metodo_captura":"WFS oficial ICMBio/INDE","__atlas_tipo_servico":"ICMBio:canie_052026_p","__atlas_capturado_em":"2026-08-10T12:53:17.009Z","__atlas_recorte":"Mato Grosso do Sul por atributo ou interseção com envelope estadual","__atlas_aviso":"Cadastro não representa todo o universo de cavernas e não substitui validação de campo ou autorização de visitação.","id_rota_mais_proxima":"ROTA-PROP-001","rota_mais_proxima":"Rota Pantaneira do Banho de São João e da Viola de Cocho","distancia_minima_rota_km":1.246,"limiar_exploratorio_km":50,"metodo":"menor distância euclidiana local aproximada entre ponto CANIE e segmentos das rotas esquemáticas","fonte_cavidade":"CANIE/CECAV/ICMBio · snapshot local capturado em 10/08/2026","fonte_rotas":"JOAJU MS · propostas metodológicas de rotas · corte 10/08/2026","data_corte":"2026-08-10","natureza_resultado":"análise espacial derivada","limitacoes":"Proximidade cartográfica não implica acesso, visitação, segurança, integração cultural ou autorização."}},{"type":"Feature","geometry":{"type":"Point","coordinates":[-56.864693,-20.62564101]},"properties":{"ogc_fid":174,"num_canie":"005646.00009.50.02159","nome":"Gruta do Antenor","estado":"Mato Grosso do Sul","municipio":"Bodoquena","longitude":"-56.864693","latitude":"-20.625641","nvl_valida":"Nível 1","__atlas_fonte_oficial":"CANIE/CECAV/ICMBio","__atlas_metodo_captura":"WFS oficial ICMBio/INDE","__atlas_tipo_servico":"ICMBio:canie_052026_p","__atlas_capturado_em":"2026-08-10T12:53:17.009Z","__atlas_recorte":"Mato Grosso do Sul por atributo ou interseção com envelope estadual","__atlas_aviso":"Cadastro não representa todo o universo de cavernas e não substitui validação de campo ou autorização de visitação.","id_rota_mais_proxima":"ROTA-EST-027","rota_mais_proxima":"Rota do Artesanato e das Cerâmicas de Mato Grosso do Sul","distancia_minima_rota_km":4.728,"limiar_exploratorio_km":50,"metodo":"menor distância euclidiana local aproximada entre ponto CANIE e segmentos das rotas esquemáticas","fonte_cavidade":"CANIE/CECAV/ICMBio · snapshot local capturado em 10/08/2026","fonte_rotas":"JOAJU MS · propostas metodológicas de rotas · corte 10/08/2026","data_corte":"2026-08-10","natureza_resultado":"análise espacial derivada","limitacoes":"Proximidade cartográfica não implica acesso, visitação, segurança, integração cultural ou autorização."}},{"type":"Feature","geometry":{"type":"Point","coordinates":[-56.861084,-20.93518801]},"properties":{"ogc_fid":175,"num_canie":"005647.00010.50.02209","nome":"Gruta do Haroldo (Caverna Lote 530)","estado":"Mato Grosso do Sul","municipio":"Bonito","longitude":"-56.861084","latitude":"-20.935188","nvl_valida":"Nível 1","__atlas_fonte_oficial":"CANIE/CECAV/ICMBio","__atlas_metodo_captura":"WFS oficial ICMBio/INDE","__atlas_tipo_servico":"ICMBio:canie_052026_p","__atlas_capturado_em":"2026-08-10T12:53:17.009Z","__atlas_recorte":"Mato Grosso do Sul por atributo ou interseção com envelope estadual","__atlas_aviso":"Cadastro não representa todo o universo de cavernas e não substitui validação de campo ou autorização de visitação.","id_rota_mais_proxima":"ROTA-EST-027","rota_mais_proxima":"Rota do Artesanato e das Cerâmicas de Mato Grosso do Sul","distancia_minima_rota_km":19.1,"limiar_exploratorio_km":50,"metodo":"menor distância euclidiana local aproximada entre ponto CANIE e segmentos das rotas esquemáticas","fonte_cavidade":"CANIE/CECAV/ICMBio · snapshot local capturado em 10/08/2026","fonte_rotas":"JOAJU MS · propostas metodológicas de rotas · corte 10/08/2026","data_corte":"2026-08-10","natureza_resultado":"análise espacial derivada","limitacoes":"Proximidade cartográfica não implica acesso, visitação, segurança, integração cultural ou autorização."}},{"type":"Feature","geometry":{"type":"Point","coordinates":[-56.857128,-20.68404301]},"properties":{"ogc_fid":176,"num_canie":"005648.00011.50.02159","nome":"Gruta Beija-Flor","estado":"Mato Grosso do Sul","municipio":"Bodoquena","longitude":"-56.857128","latitude":"-20.684043","nvl_valida":"Nível 1","__atlas_fonte_oficial":"CANIE/CECAV/ICMBio","__atlas_metodo_captura":"WFS oficial ICMBio/INDE","__atlas_tipo_servico":"ICMBio:canie_052026_p","__atlas_capturado_em":"2026-08-10T12:53:17.009Z","__atlas_recorte":"Mato Grosso do Sul por atributo ou interseção com envelope estadual","__atlas_aviso":"Cadastro não representa todo o universo de cavernas e não substitui validação de campo ou autorização de visitação.","id_rota_mais_proxima":"ROTA-EST-027","rota_mais_proxima":"Rota do Artesanato e das Cerâmicas de Mato Grosso do Sul","distancia_minima_rota_km":0.291,"limiar_exploratorio_km":50,"metodo":"menor distância euclidiana local aproximada entre ponto CANIE e segmentos das rotas esquemáticas","fonte_cavidade":"CANIE/CECAV/ICMBio · snapshot local capturado em 10/08/2026","fonte_rotas":"JOAJU MS · propostas metodológicas de rotas · corte 10/08/2026","data_corte":"2026-08-10","natureza_resultado":"análise espacial derivada","limitacoes":"Proximidade cartográfica não implica acesso, visitação, segurança, integração cultural ou autorização."}},{"type":"Feature","geometry":{"type":"Point","coordinates":[-56.852694,-20.49193301]},"properties":{"ogc_fid":177,"num_canie":"005649.00012.50.02159","nome":"Gruta Urubu Rei","estado":"Mato Grosso do Sul","municipio":"Bodoquena","longitude":"-56.852694","latitude":"-20.491933","nvl_valida":"Nível 1","__atlas_fonte_oficial":"CANIE/CECAV/ICMBio","__atlas_metodo_captura":"WFS oficial ICMBio/INDE","__atlas_tipo_servico":"ICMBio:canie_052026_p","__atlas_capturado_em":"2026-08-10T12:53:17.009Z","__atlas_recorte":"Mato Grosso do Sul por atributo ou interseção com envelope estadual","__atlas_aviso":"Cadastro não representa todo o universo de cavernas e não substitui validação de campo ou autorização de visitação.","id_rota_mais_proxima":"ROTA-EST-030","rota_mais_proxima":"Rota dos Museus, Memórias e Centros Históricos Urbanos","distancia_minima_rota_km":1.422,"limiar_exploratorio_km":50,"metodo":"menor distância euclidiana local aproximada entre ponto CANIE e segmentos das rotas esquemáticas","fonte_cavidade":"CANIE/CECAV/ICMBio · snapshot local capturado em 10/08/2026","fonte_rotas":"JOAJU MS · propostas metodológicas de rotas · corte 10/08/2026","data_corte":"2026-08-10","natureza_resultado":"análise espacial derivada","limitacoes":"Proximidade cartográfica não implica acesso, visitação, segurança, integração cultural ou autorização."}},{"type":"Feature","geometry":{"type":"Point","coordinates":[-56.85049,-20.60044501]},"properties":{"ogc_fid":178,"num_canie":"005650.00013.50.02159","nome":"Gruta da Pelada Caída","estado":"Mato Grosso do Sul","municipio":"Bodoquena","longitude":"-56.85049","latitude":"-20.600445","nvl_valida":"Nível 1","__atlas_fonte_oficial":"CANIE/CECAV/ICMBio","__atlas_metodo_captura":"WFS oficial ICMBio/INDE","__atlas_tipo_servico":"ICMBio:canie_052026_p","__atlas_capturado_em":"2026-08-10T12:53:17.009Z","__atlas_recorte":"Mato Grosso do Sul por atributo ou interseção com envelope estadual","__atlas_aviso":"Cadastro não representa todo o universo de cavernas e não substitui validação de campo ou autorização de visitação.","id_rota_mais_proxima":"ROTA-EST-027","rota_mais_proxima":"Rota do Artesanato e das Cerâmicas de Mato Grosso do Sul","distancia_minima_rota_km":5.575,"limiar_exploratorio_km":50,"metodo":"menor distância euclidiana local aproximada entre ponto CANIE e segmentos das rotas esquemáticas","fonte_cavidade":"CANIE/CECAV/ICMBio · snapshot local capturado em 10/08/2026","fonte_rotas":"JOAJU MS · propostas metodológicas de rotas · corte 10/08/2026","data_corte":"2026-08-10","natureza_resultado":"análise espacial derivada","limitacoes":"Proximidade cartográfica não implica acesso, visitação, segurança, integração cultural ou autorização."}},{"type":"Feature","geometry":{"type":"Point","coordinates":[-56.850489,-20.60044501]},"properties":{"ogc_fid":179,"num_canie":"005651.00014.50.02159","nome":"Gruta das Duas Peladas","estado":"Mato Grosso do Sul","municipio":"Bodoquena","longitude":"-56.850489","latitude":"-20.600445","nvl_valida":"Nível 1","__atlas_fonte_oficial":"CANIE/CECAV/ICMBio","__atlas_metodo_captura":"WFS oficial ICMBio/INDE","__atlas_tipo_servico":"ICMBio:canie_052026_p","__atlas_capturado_em":"2026-08-10T12:53:17.009Z","__atlas_recorte":"Mato Grosso do Sul por atributo ou interseção com envelope estadual","__atlas_aviso":"Cadastro não representa todo o universo de cavernas e não substitui validação de campo ou autorização de visitação.","id_rota_mais_proxima":"ROTA-EST-027","rota_mais_proxima":"Rota do Artesanato e das Cerâmicas de Mato Grosso do Sul","distancia_minima_rota_km":5.575,"limiar_exploratorio_km":50,"metodo":"menor distância euclidiana local aproximada entre ponto CANIE e segmentos das rotas esquemáticas","fonte_cavidade":"CANIE/CECAV/ICMBio · snapshot local capturado em 10/08/2026","fonte_rotas":"JOAJU MS · propostas metodológicas de rotas · corte 10/08/2026","data_corte":"2026-08-10","natureza_resultado":"análise espacial derivada","limitacoes":"Proximidade cartográfica não implica acesso, visitação, segurança, integração cultural ou autorização."}},{"type":"Feature","geometry":{"type":"Point","coordinates":[-56.850488,-20.60044001]},"properties":{"ogc_fid":180,"num_canie":"005652.00015.50.02159","nome":"Gruta do Tamboré","estado":"Mato Grosso do Sul","municipio":"Bodoquena","longitude":"-56.850488","latitude":"-20.60044","nvl_valida":"Nível 1","__atlas_fonte_oficial":"CANIE/CECAV/ICMBio","__atlas_metodo_captura":"WFS oficial ICMBio/INDE","__atlas_tipo_servico":"ICMBio:canie_052026_p","__atlas_capturado_em":"2026-08-10T12:53:17.009Z","__atlas_recorte":"Mato Grosso do Sul por atributo ou interseção com envelope estadual","__atlas_aviso":"Cadastro não representa todo o universo de cavernas e não substitui validação de campo ou autorização de visitação.","id_rota_mais_proxima":"ROTA-EST-027","rota_mais_proxima":"Rota do Artesanato e das Cerâmicas de Mato Grosso do Sul","distancia_minima_rota_km":5.575,"limiar_exploratorio_km":50,"metodo":"menor distância euclidiana local aproximada entre ponto CANIE e segmentos das rotas esquemáticas","fonte_cavidade":"CANIE/CECAV/ICMBio · snapshot local capturado em 10/08/2026","fonte_rotas":"JOAJU MS · propostas metodológicas de rotas · corte 10/08/2026","data_corte":"2026-08-10","natureza_resultado":"análise espacial derivada","limitacoes":"Proximidade cartográfica não implica acesso, visitação, segurança, integração cultural ou autorização."}},{"type":"Feature","geometry":{"type":"Point","coordinates":[-56.850488,-20.60045001]},"properties":{"ogc_fid":181,"num_canie":"005653.00016.50.02159","nome":"Gruta Rapel do Pau","estado":"Mato Grosso do Sul","municipio":"Bodoquena","longitude":"-56.850488","latitude":"-20.60045","nvl_valida":"Nível 1","__atlas_fonte_oficial":"CANIE/CECAV/ICMBio","__atlas_metodo_captura":"WFS oficial ICMBio/INDE","__atlas_tipo_servico":"ICMBio:canie_052026_p","__atlas_capturado_em":"2026-08-10T12:53:17.009Z","__atlas_recorte":"Mato Grosso do Sul por atributo ou interseção com envelope estadual","__atlas_aviso":"Cadastro não representa todo o universo de cavernas e não substitui validação de campo ou autorização de visitação.","id_rota_mais_proxima":"ROTA-EST-027","rota_mais_proxima":"Rota do Artesanato e das Cerâmicas de Mato Grosso do Sul","distancia_minima_rota_km":5.575,"limiar_exploratorio_km":50,"metodo":"menor distância euclidiana local aproximada entre ponto CANIE e segmentos das rotas esquemáticas","fonte_cavidade":"CANIE/CECAV/ICMBio · snapshot local capturado em 10/08/2026","fonte_rotas":"JOAJU MS · propostas metodológicas de rotas · corte 10/08/2026","data_corte":"2026-08-10","natureza_resultado":"análise espacial derivada","limitacoes":"Proximidade cartográfica não implica acesso, visitação, segurança, integração cultural ou autorização."}},{"type":"Feature","geometry":{"type":"Point","coordinates":[-56.850488,-20.60044501]},"properties":{"ogc_fid":182,"num_canie":"005654.00017.50.02159","nome":"Gruta Vazada","estado":"Mato Grosso do Sul","municipio":"Bodoquena","longitude":"-56.850488","latitude":"-20.600445","nvl_valida":"Nível 1","__atlas_fonte_oficial":"CANIE/CECAV/ICMBio","__atlas_metodo_captura":"WFS oficial ICMBio/INDE","__atlas_tipo_servico":"ICMBio:canie_052026_p","__atlas_capturado_em":"2026-08-10T12:53:17.009Z","__atlas_recorte":"Mato Grosso do Sul por atributo ou interseção com envelope estadual","__atlas_aviso":"Cadastro não representa todo o universo de cavernas e não substitui validação de campo ou autorização de visitação.","id_rota_mais_proxima":"ROTA-EST-027","rota_mais_proxima":"Rota do Artesanato e das Cerâmicas de Mato Grosso do Sul","distancia_minima_rota_km":5.575,"limiar_exploratorio_km":50,"metodo":"menor distância euclidiana local aproximada entre ponto CANIE e segmentos das rotas esquemáticas","fonte_cavidade":"CANIE/CECAV/ICMBio · snapshot local capturado em 10/08/2026","fonte_rotas":"JOAJU MS · propostas metodológicas de rotas · corte 10/08/2026","data_corte":"2026-08-10","natureza_resultado":"análise espacial derivada","limitacoes":"Proximidade cartográfica não implica acesso, visitação, segurança, integração cultural ou autorização."}},{"type":"Feature","geometry":{"type":"Point","coordinates":[-56.850751,-20.58365601]},"properties":{"ogc_fid":183,"num_canie":"005655.00018.50.02159","nome":"Gruta do Seu Nicodemo","estado":"Mato Grosso do Sul","municipio":"Bodoquena","longitude":"-56.850751","latitude":"-20.583656","nvl_valida":"Nível 1","__atlas_fonte_oficial":"CANIE/CECAV/ICMBio","__atlas_metodo_captura":"WFS oficial ICMBio/INDE","__atlas_tipo_servico":"ICMBio:canie_052026_p","__atlas_capturado_em":"2026-08-10T12:53:17.009Z","__atlas_recorte":"Mato Grosso do Sul por atributo ou interseção com envelope estadual","__atlas_aviso":"Cadastro não representa todo o universo de cavernas e não substitui validação de campo ou autorização de visitação.","id_rota_mais_proxima":"ROTA-EST-030","rota_mais_proxima":"Rota dos Museus, Memórias e Centros Históricos Urbanos","distancia_minima_rota_km":5.897,"limiar_exploratorio_km":50,"metodo":"menor distância euclidiana local aproximada entre ponto CANIE e segmentos das rotas esquemáticas","fonte_cavidade":"CANIE/CECAV/ICMBio · snapshot local capturado em 10/08/2026","fonte_rotas":"JOAJU MS · propostas metodológicas de rotas · corte 10/08/2026","data_corte":"2026-08-10","natureza_resultado":"análise espacial derivada","limitacoes":"Proximidade cartográfica não implica acesso, visitação, segurança, integração cultural ou autorização."}},{"type":"Feature","geometry":{"type":"Point","coordinates":[-56.845501,-20.70185201]},"properties":{"ogc_fid":184,"num_canie":"005656.00019.50.02159","nome":"Gruta Califórnia","estado":"Mato Grosso do Sul","municipio":"Bodoquena","longitude":"-56.845501","latitude":"-20.701852","nvl_valida":"Nível 1","__atlas_fonte_oficial":"CANIE/CECAV/ICMBio","__atlas_metodo_captura":"WFS oficial ICMBio/INDE","__atlas_tipo_servico":"ICMBio:canie_052026_p","__atlas_capturado_em":"2026-08-10T12:53:17.009Z","__atlas_recorte":"Mato Grosso do Sul por atributo ou interseção com envelope estadual","__atlas_aviso":"Cadastro não representa todo o universo de cavernas e não substitui validação de campo ou autorização de visitação.","id_rota_mais_proxima":"ROTA-EST-027","rota_mais_proxima":"Rota do Artesanato e das Cerâmicas de Mato Grosso do Sul","distancia_minima_rota_km":2.525,"limiar_exploratorio_km":50,"metodo":"menor distância euclidiana local aproximada entre ponto CANIE e segmentos das rotas esquemáticas","fonte_cavidade":"CANIE/CECAV/ICMBio · snapshot local capturado em 10/08/2026","fonte_rotas":"JOAJU MS · propostas metodológicas de rotas · corte 10/08/2026","data_corte":"2026-08-10","natureza_resultado":"análise espacial derivada","limitacoes":"Proximidade cartográfica não implica acesso, visitação, segurança, integração cultural ou autorização."}},{"type":"Feature","geometry":{"type":"Point","coordinates":[-56.846337,-20.93829201]},"properties":{"ogc_fid":185,"num_canie":"005657.00020.50.02209","nome":"Caverna Lote 56 (Gruta Guaicurus)","estado":"Mato Grosso do Sul","municipio":"Bonito","longitude":"-56.846337","latitude":"-20.938292","nvl_valida":"Nível 1","__atlas_fonte_oficial":"CANIE/CECAV/ICMBio","__atlas_metodo_captura":"WFS oficial ICMBio/INDE","__atlas_tipo_servico":"ICMBio:canie_052026_p","__atlas_capturado_em":"2026-08-10T12:53:17.009Z","__atlas_recorte":"Mato Grosso do Sul por atributo ou interseção com envelope estadual","__atlas_aviso":"Cadastro não representa todo o universo de cavernas e não substitui validação de campo ou autorização de visitação.","id_rota_mais_proxima":"ROTA-EST-027","rota_mais_proxima":"Rota do Artesanato e das Cerâmicas de Mato Grosso do Sul","distancia_minima_rota_km":20.449,"limiar_exploratorio_km":50,"metodo":"menor distância euclidiana local aproximada entre ponto CANIE e segmentos das rotas esquemáticas","fonte_cavidade":"CANIE/CECAV/ICMBio · snapshot local capturado em 10/08/2026","fonte_rotas":"JOAJU MS · propostas metodológicas de rotas · corte 10/08/2026","data_corte":"2026-08-10","natureza_resultado":"análise espacial derivada","limitacoes":"Proximidade cartográfica não implica acesso, visitação, segurança, integração cultural ou autorização."}},{"type":"Feature","geometry":{"type":"Point","coordinates":[-56.838693,-20.72934101]},"properties":{"ogc_fid":189,"num_canie":"005661.00021.50.02159","nome":"Gruta Ouro Verde II (Caverna da Procura)","estado":"Mato Grosso do Sul","municipio":"Bodoquena","longitude":"-56.838693","latitude":"-20.729341","nvl_valida":"Nível 1","__atlas_fonte_oficial":"CANIE/CECAV/ICMBio","__atlas_metodo_captura":"WFS oficial ICMBio/INDE","__atlas_tipo_servico":"ICMBio:canie_052026_p","__atlas_capturado_em":"2026-08-10T12:53:17.009Z","__atlas_recorte":"Mato Grosso do Sul por atributo ou interseção com envelope estadual","__atlas_aviso":"Cadastro não representa todo o universo de cavernas e não substitui validação de campo ou autorização de visitação.","id_rota_mais_proxima":"ROTA-EST-027","rota_mais_proxima":"Rota do Artesanato e das Cerâmicas de Mato Grosso do Sul","distancia_minima_rota_km":5.132,"limiar_exploratorio_km":50,"metodo":"menor distância euclidiana local aproximada entre ponto CANIE e segmentos das rotas esquemáticas","fonte_cavidade":"CANIE/CECAV/ICMBio · snapshot local capturado em 10/08/2026","fonte_rotas":"JOAJU MS · propostas metodológicas de rotas · corte 10/08/2026","data_corte":"2026-08-10","natureza_resultado":"análise espacial derivada","limitacoes":"Proximidade cartográfica não implica acesso, visitação, segurança, integração cultural ou autorização."}},{"type":"Feature","geometry":{"type":"Point","coordinates":[-56.838493,-20.73004101]},"properties":{"ogc_fid":190,"num_canie":"005662.00022.50.02159","nome":"Gruta Ouro Verde III (Caverna Parda)","estado":"Mato Grosso do Sul","municipio":"Bodoquena","longitude":"-56.838493","latitude":"-20.730041","nvl_valida":"Nível 1","__atlas_fonte_oficial":"CANIE/CECAV/ICMBio","__atlas_metodo_captura":"WFS oficial ICMBio/INDE","__atlas_tipo_servico":"ICMBio:canie_052026_p","__atlas_capturado_em":"2026-08-10T12:53:17.009Z","__atlas_recorte":"Mato Grosso do Sul por atributo ou interseção com envelope estadual","__atlas_aviso":"Cadastro não representa todo o universo de cavernas e não substitui validação de campo ou autorização de visitação.","id_rota_mais_proxima":"ROTA-EST-027","rota_mais_proxima":"Rota do Artesanato e das Cerâmicas de Mato Grosso do Sul","distancia_minima_rota_km":5.2,"limiar_exploratorio_km":50,"metodo":"menor distância euclidiana local aproximada entre ponto CANIE e segmentos das rotas esquemáticas","fonte_cavidade":"CANIE/CECAV/ICMBio · snapshot local capturado em 10/08/2026","fonte_rotas":"JOAJU MS · propostas metodológicas de rotas · corte 10/08/2026","data_corte":"2026-08-10","natureza_resultado":"análise espacial derivada","limitacoes":"Proximidade cartográfica não implica acesso, visitação, segurança, integração cultural ou autorização."}},{"type":"Feature","geometry":{"type":"Point","coordinates":[-56.837659,-20.54405301]},"properties":{"ogc_fid":191,"num_canie":"005663.00023.50.02159","nome":"Gruta da Mina do Véio","estado":"Mato Grosso do Sul","municipio":"Bodoquena","longitude":"-56.837659","latitude":"-20.544053","nvl_valida":"Nível 1","__atlas_fonte_oficial":"CANIE/CECAV/ICMBio","__atlas_metodo_captura":"WFS oficial ICMBio/INDE","__atlas_tipo_servico":"ICMBio:canie_052026_p","__atlas_capturado_em":"2026-08-10T12:53:17.009Z","__atlas_recorte":"Mato Grosso do Sul por atributo ou interseção com envelope estadual","__atlas_aviso":"Cadastro não representa todo o universo de cavernas e não substitui validação de campo ou autorização de visitação.","id_rota_mais_proxima":"ROTA-EST-030","rota_mais_proxima":"Rota dos Museus, Memórias e Centros Históricos Urbanos","distancia_minima_rota_km":2.675,"limiar_exploratorio_km":50,"metodo":"menor distância euclidiana local aproximada entre ponto CANIE e segmentos das rotas esquemáticas","fonte_cavidade":"CANIE/CECAV/ICMBio · snapshot local capturado em 10/08/2026","fonte_rotas":"JOAJU MS · propostas metodológicas de rotas · corte 10/08/2026","data_corte":"2026-08-10","natureza_resultado":"análise espacial derivada","limitacoes":"Proximidade cartográfica não implica acesso, visitação, segurança, integração cultural ou autorização."}},{"type":"Feature","geometry":{"type":"Point","coordinates":[-56.833793,-20.91314201]},"properties":{"ogc_fid":192,"num_canie":"005664.00024.50.02209","nome":"Caverna Assentamento Guaicurus I (Caverna Lote 120 II)","estado":"Mato Grosso do Sul","municipio":"Bonito","longitude":"-56.833793","latitude":"-20.913142","nvl_valida":"Nível 1","__atlas_fonte_oficial":"CANIE/CECAV/ICMBio","__atlas_metodo_captura":"WFS oficial ICMBio/INDE","__atlas_tipo_servico":"ICMBio:canie_052026_p","__atlas_capturado_em":"2026-08-10T12:53:17.009Z","__atlas_recorte":"Mato Grosso do Sul por atributo ou interseção com envelope estadual","__atlas_aviso":"Cadastro não representa todo o universo de cavernas e não substitui validação de campo ou autorização de visitação.","id_rota_mais_proxima":"ROTA-EST-027","rota_mais_proxima":"Rota do Artesanato e das Cerâmicas de Mato Grosso do Sul","distancia_minima_rota_km":19.483,"limiar_exploratorio_km":50,"metodo":"menor distância euclidiana local aproximada entre ponto CANIE e segmentos das rotas esquemáticas","fonte_cavidade":"CANIE/CECAV/ICMBio · snapshot local capturado em 10/08/2026","fonte_rotas":"JOAJU MS · propostas metodológicas de rotas · corte 10/08/2026","data_corte":"2026-08-10","natureza_resultado":"análise espacial derivada","limitacoes":"Proximidade cartográfica não implica acesso, visitação, segurança, integração cultural ou autorização."}},{"type":"Feature","geometry":{"type":"Point","coordinates":[-56.84651,-20.70274501]},"properties":{"ogc_fid":193,"num_canie":"005665.00025.50.02159","nome":"Gruta da Fazenda Califórnia","estado":"Mato Grosso do Sul","municipio":"Bodoquena","longitude":"-56.84651","latitude":"-20.702745","nvl_valida":"Nível 1","__atlas_fonte_oficial":"CANIE/CECAV/ICMBio","__atlas_metodo_captura":"WFS oficial ICMBio/INDE","__atlas_tipo_servico":"ICMBio:canie_052026_p","__atlas_capturado_em":"2026-08-10T12:53:17.009Z","__atlas_recorte":"Mato Grosso do Sul por atributo ou interseção com envelope estadual","__atlas_aviso":"Cadastro não representa todo o universo de cavernas e não substitui validação de campo ou autorização de visitação.","id_rota_mais_proxima":"ROTA-EST-027","rota_mais_proxima":"Rota do Artesanato e das Cerâmicas de Mato Grosso do Sul","distancia_minima_rota_km":2.517,"limiar_exploratorio_km":50,"metodo":"menor distância euclidiana local aproximada entre ponto CANIE e segmentos das rotas esquemáticas","fonte_cavidade":"CANIE/CECAV/ICMBio · snapshot local capturado em 10/08/2026","fonte_rotas":"JOAJU MS · propostas metodológicas de rotas · corte 10/08/2026","data_corte":"2026-08-10","natureza_resultado":"análise espacial derivada","limitacoes":"Proximidade cartográfica não implica acesso, visitação, segurança, integração cultural ou autorização."}},{"type":"Feature","geometry":{"type":"Point","coordinates":[-56.833828,-20.60043901]},"properties":{"ogc_fid":194,"num_canie":"005666.00026.50.02159","nome":"Gruta do Cateto Sumido","estado":"Mato Grosso do Sul","municipio":"Bodoquena","longitude":"-56.833828","latitude":"-20.600439","nvl_valida":"Nível 1","__atlas_fonte_oficial":"CANIE/CECAV/ICMBio","__atlas_metodo_captura":"WFS oficial ICMBio/INDE","__atlas_tipo_servico":"ICMBio:canie_052026_p","__atlas_capturado_em":"2026-08-10T12:53:17.009Z","__atlas_recorte":"Mato Grosso do Sul por atributo ou interseção com envelope estadual","__atlas_aviso":"Cadastro não representa todo o universo de cavernas e não substitui validação de campo ou autorização de visitação.","id_rota_mais_proxima":"ROTA-EST-027","rota_mais_proxima":"Rota do Artesanato e das Cerâmicas de Mato Grosso do Sul","distancia_minima_rota_km":4.317,"limiar_exploratorio_km":50,"metodo":"menor distância euclidiana local aproximada entre ponto CANIE e segmentos das rotas esquemáticas","fonte_cavidade":"CANIE/CECAV/ICMBio · snapshot local capturado em 10/08/2026","fonte_rotas":"JOAJU MS · propostas metodológicas de rotas · corte 10/08/2026","data_corte":"2026-08-10","natureza_resultado":"análise espacial derivada","limitacoes":"Proximidade cartográfica não implica acesso, visitação, segurança, integração cultural ou autorização."}},{"type":"Feature","geometry":{"type":"Point","coordinates":[-56.833193,-20.90964201]},"properties":{"ogc_fid":196,"num_canie":"005668.00027.50.02209","nome":"Caverna Assentamento Guaicurus II (Caverna Lote 120)","estado":"Mato Grosso do Sul","municipio":"Bonito","longitude":"-56.833193","latitude":"-20.909642","nvl_valida":"Nível 1","__atlas_fonte_oficial":"CANIE/CECAV/ICMBio","__atlas_metodo_captura":"WFS oficial ICMBio/INDE","__atlas_tipo_servico":"ICMBio:canie_052026_p","__atlas_capturado_em":"2026-08-10T12:53:17.009Z","__atlas_recorte":"Mato Grosso do Sul por atributo ou interseção com envelope estadual","__atlas_aviso":"Cadastro não representa todo o universo de cavernas e não substitui validação de campo ou autorização de visitação.","id_rota_mais_proxima":"ROTA-EST-027","rota_mais_proxima":"Rota do Artesanato e das Cerâmicas de Mato Grosso do Sul","distancia_minima_rota_km":19.263,"limiar_exploratorio_km":50,"metodo":"menor distância euclidiana local aproximada entre ponto CANIE e segmentos das rotas esquemáticas","fonte_cavidade":"CANIE/CECAV/ICMBio · snapshot local capturado em 10/08/2026","fonte_rotas":"JOAJU MS · propostas metodológicas de rotas · corte 10/08/2026","data_corte":"2026-08-10","natureza_resultado":"análise espacial derivada","limitacoes":"Proximidade cartográfica não implica acesso, visitação, segurança, integração cultural ou autorização."}},{"type":"Feature","geometry":{"type":"Point","coordinates":[-56.830293,-20.73174101]},"properties":{"ogc_fid":197,"num_canie":"005669.00028.50.02159","nome":"Gruta Ouro Verde I (Caverna Ouro Verde)","estado":"Mato Grosso do Sul","municipio":"Bodoquena","longitude":"-56.830293","latitude":"-20.731741","nvl_valida":"Nível 1","__atlas_fonte_oficial":"CANIE/CECAV/ICMBio","__atlas_metodo_captura":"WFS oficial ICMBio/INDE","__atlas_tipo_servico":"ICMBio:canie_052026_p","__atlas_capturado_em":"2026-08-10T12:53:17.009Z","__atlas_recorte":"Mato Grosso do Sul por atributo ou interseção com envelope estadual","__atlas_aviso":"Cadastro não representa todo o universo de cavernas e não substitui validação de campo ou autorização de visitação.","id_rota_mais_proxima":"ROTA-EST-027","rota_mais_proxima":"Rota do Artesanato e das Cerâmicas de Mato Grosso do Sul","distancia_minima_rota_km":5.949,"limiar_exploratorio_km":50,"metodo":"menor distância euclidiana local aproximada entre ponto CANIE e segmentos das rotas esquemáticas","fonte_cavidade":"CANIE/CECAV/ICMBio · snapshot local capturado em 10/08/2026","fonte_rotas":"JOAJU MS · propostas metodológicas de rotas · corte 10/08/2026","data_corte":"2026-08-10","natureza_resultado":"análise espacial derivada","limitacoes":"Proximidade cartográfica não implica acesso, visitação, segurança, integração cultural ou autorização."}},{"type":"Feature","geometry":{"type":"Point","coordinates":[-56.828743,-20.79022101]},"properties":{"ogc_fid":198,"num_canie":"005670.00029.50.02159","nome":"Gruta da Mina da Fazenda","estado":"Mato Grosso do Sul","municipio":"Bodoquena","longitude":"-56.828743","latitude":"-20.790221","nvl_valida":"Nível 1","__atlas_fonte_oficial":"CANIE/CECAV/ICMBio","__atlas_metodo_captura":"WFS oficial ICMBio/INDE","__atlas_tipo_servico":"ICMBio:canie_052026_p","__atlas_capturado_em":"2026-08-10T12:53:17.009Z","__atlas_recorte":"Mato Grosso do Sul por atributo ou interseção com envelope estadual","__atlas_aviso":"Cadastro não representa todo o universo de cavernas e não substitui validação de campo ou autorização de visitação.","id_rota_mais_proxima":"ROTA-EST-027","rota_mais_proxima":"Rota do Artesanato e das Cerâmicas de Mato Grosso do Sul","distancia_minima_rota_km":10.516,"limiar_exploratorio_km":50,"metodo":"menor distância euclidiana local aproximada entre ponto CANIE e segmentos das rotas esquemáticas","fonte_cavidade":"CANIE/CECAV/ICMBio · snapshot local capturado em 10/08/2026","fonte_rotas":"JOAJU MS · propostas metodológicas de rotas · corte 10/08/2026","data_corte":"2026-08-10","natureza_resultado":"análise espacial derivada","limitacoes":"Proximidade cartográfica não implica acesso, visitação, segurança, integração cultural ou autorização."}},{"type":"Feature","geometry":{"type":"Point","coordinates":[-56.827093,-20.89124201]},"properties":{"ogc_fid":199,"num_canie":"005671.00030.50.02209","nome":"Gruta Três Cochilo I","estado":"Mato Grosso do Sul","municipio":"Bonito","longitude":"-56.827093","latitude":"-20.891242","nvl_valida":"Nível 1","__atlas_fonte_oficial":"CANIE/CECAV/ICMBio","__atlas_metodo_captura":"WFS oficial ICMBio/INDE","__atlas_tipo_servico":"ICMBio:canie_052026_p","__atlas_capturado_em":"2026-08-10T12:53:17.009Z","__atlas_recorte":"Mato Grosso do Sul por atributo ou interseção com envelope estadual","__atlas_aviso":"Cadastro não representa todo o universo de cavernas e não substitui validação de campo ou autorização de visitação.","id_rota_mais_proxima":"ROTA-EST-027","rota_mais_proxima":"Rota do Artesanato e das Cerâmicas de Mato Grosso do Sul","distancia_minima_rota_km":18.324,"limiar_exploratorio_km":50,"metodo":"menor distância euclidiana local aproximada entre ponto CANIE e segmentos das rotas esquemáticas","fonte_cavidade":"CANIE/CECAV/ICMBio · snapshot local capturado em 10/08/2026","fonte_rotas":"JOAJU MS · propostas metodológicas de rotas · corte 10/08/2026","data_corte":"2026-08-10","natureza_resultado":"análise espacial derivada","limitacoes":"Proximidade cartográfica não implica acesso, visitação, segurança, integração cultural ou autorização."}},{"type":"Feature","geometry":{"type":"Point","coordinates":[-56.826493,-20.88904201]},"properties":{"ogc_fid":200,"num_canie":"005672.00031.50.02209","nome":"Gruta Três Cochilo III","estado":"Mato Grosso do Sul","municipio":"Bonito","longitude":"-56.826493","latitude":"-20.889042","nvl_valida":"Nível 1","__atlas_fonte_oficial":"CANIE/CECAV/ICMBio","__atlas_metodo_captura":"WFS oficial ICMBio/INDE","__atlas_tipo_servico":"ICMBio:canie_052026_p","__atlas_capturado_em":"2026-08-10T12:53:17.009Z","__atlas_recorte":"Mato Grosso do Sul por atributo ou interseção com envelope estadual","__atlas_aviso":"Cadastro não representa todo o universo de cavernas e não substitui validação de campo ou autorização de visitação.","id_rota_mais_proxima":"ROTA-EST-027","rota_mais_proxima":"Rota do Artesanato e das Cerâmicas de Mato Grosso do Sul","distancia_minima_rota_km":18.202,"limiar_exploratorio_km":50,"metodo":"menor distância euclidiana local aproximada entre ponto CANIE e segmentos das rotas esquemáticas","fonte_cavidade":"CANIE/CECAV/ICMBio · snapshot local capturado em 10/08/2026","fonte_rotas":"JOAJU MS · propostas metodológicas de rotas · corte 10/08/2026","data_corte":"2026-08-10","natureza_resultado":"análise espacial derivada","limitacoes":"Proximidade cartográfica não implica acesso, visitação, segurança, integração cultural ou autorização."}},{"type":"Feature","geometry":{"type":"Point","coordinates":[-56.825193,-20.89354301]},"properties":{"ogc_fid":202,"num_canie":"005674.00032.50.02209","nome":"Gruta Três Cochilo IV","estado":"Mato Grosso do Sul","municipio":"Bonito","longitude":"-56.825193","latitude":"-20.893543","nvl_valida":"Nível 1","__atlas_fonte_oficial":"CANIE/CECAV/ICMBio","__atlas_metodo_captura":"WFS oficial ICMBio/INDE","__atlas_tipo_servico":"ICMBio:canie_052026_p","__atlas_capturado_em":"2026-08-10T12:53:17.009Z","__atlas_recorte":"Mato Grosso do Sul por atributo ou interseção com envelope estadual","__atlas_aviso":"Cadastro não representa todo o universo de cavernas e não substitui validação de campo ou autorização de visitação.","id_rota_mais_proxima":"ROTA-EST-027","rota_mais_proxima":"Rota do Artesanato e das Cerâmicas de Mato Grosso do Sul","distancia_minima_rota_km":18.642,"limiar_exploratorio_km":50,"metodo":"menor distância euclidiana local aproximada entre ponto CANIE e segmentos das rotas esquemáticas","fonte_cavidade":"CANIE/CECAV/ICMBio · snapshot local capturado em 10/08/2026","fonte_rotas":"JOAJU MS · propostas metodológicas de rotas · corte 10/08/2026","data_corte":"2026-08-10","natureza_resultado":"análise espacial derivada","limitacoes":"Proximidade cartográfica não implica acesso, visitação, segurança, integração cultural ou autorização."}},{"type":"Feature","geometry":{"type":"Point","coordinates":[-56.825193,-20.89354201]},"properties":{"ogc_fid":203,"num_canie":"005675.00033.50.02209","nome":"Caverna Três Cochilos II","estado":"Mato Grosso do Sul","municipio":"Bonito","longitude":"-56.825193","latitude":"-20.893542","nvl_valida":"Nível 1","__atlas_fonte_oficial":"CANIE/CECAV/ICMBio","__atlas_metodo_captura":"WFS oficial ICMBio/INDE","__atlas_tipo_servico":"ICMBio:canie_052026_p","__atlas_capturado_em":"2026-08-10T12:53:17.009Z","__atlas_recorte":"Mato Grosso do Sul por atributo ou interseção com envelope estadual","__atlas_aviso":"Cadastro não representa todo o universo de cavernas e não substitui validação de campo ou autorização de visitação.","id_rota_mais_proxima":"ROTA-EST-027","rota_mais_proxima":"Rota do Artesanato e das Cerâmicas de Mato Grosso do Sul","distancia_minima_rota_km":18.642,"limiar_exploratorio_km":50,"metodo":"menor distância euclidiana local aproximada entre ponto CANIE e segmentos das rotas esquemáticas","fonte_cavidade":"CANIE/CECAV/ICMBio · snapshot local capturado em 10/08/2026","fonte_rotas":"JOAJU MS · propostas metodológicas de rotas · corte 10/08/2026","data_corte":"2026-08-10","natureza_resultado":"análise espacial derivada","limitacoes":"Proximidade cartográfica não implica acesso, visitação, segurança, integração cultural ou autorização."}},{"type":"Feature","geometry":{"type":"Point","coordinates":[-56.824193,-20.88324201]},"properties":{"ogc_fid":204,"num_canie":"005676.00034.50.02159","nome":"Gruta II Jairo Aguelo","estado":"Mato Grosso do Sul","municipio":"Bodoquena","longitude":"-56.824193","latitude":"-20.883242","nvl_valida":"Nível 1","__atlas_fonte_oficial":"CANIE/CECAV/ICMBio","__atlas_metodo_captura":"WFS oficial ICMBio/INDE","__atlas_tipo_servico":"ICMBio:canie_052026_p","__atlas_capturado_em":"2026-08-10T12:53:17.009Z","__atlas_recorte":"Mato Grosso do Sul por atributo ou interseção com envelope estadual","__atlas_aviso":"Cadastro não representa todo o universo de cavernas e não substitui validação de campo ou autorização de visitação.","id_rota_mais_proxima":"ROTA-EST-027","rota_mais_proxima":"Rota do Artesanato e das Cerâmicas de Mato Grosso do Sul","distancia_minima_rota_km":17.935,"limiar_exploratorio_km":50,"metodo":"menor distância euclidiana local aproximada entre ponto CANIE e segmentos das rotas esquemáticas","fonte_cavidade":"CANIE/CECAV/ICMBio · snapshot local capturado em 10/08/2026","fonte_rotas":"JOAJU MS · propostas metodológicas de rotas · corte 10/08/2026","data_corte":"2026-08-10","natureza_resultado":"análise espacial derivada","limitacoes":"Proximidade cartográfica não implica acesso, visitação, segurança, integração cultural ou autorização."}},{"type":"Feature","geometry":{"type":"Point","coordinates":[-56.823993,-20.88304201]},"properties":{"ogc_fid":205,"num_canie":"005677.00035.50.02159","nome":"Gruta I Jairo Aguelo","estado":"Mato Grosso do Sul","municipio":"Bodoquena","longitude":"-56.823993","latitude":"-20.883042","nvl_valida":"Nível 1","__atlas_fonte_oficial":"CANIE/CECAV/ICMBio","__atlas_metodo_captura":"WFS oficial ICMBio/INDE","__atlas_tipo_servico":"ICMBio:canie_052026_p","__atlas_capturado_em":"2026-08-10T12:53:17.009Z","__atlas_recorte":"Mato Grosso do Sul por atributo ou interseção com envelope estadual","__atlas_aviso":"Cadastro não representa todo o universo de cavernas e não substitui validação de campo ou autorização de visitação.","id_rota_mais_proxima":"ROTA-EST-027","rota_mais_proxima":"Rota do Artesanato e das Cerâmicas de Mato Grosso do Sul","distancia_minima_rota_km":17.935,"limiar_exploratorio_km":50,"metodo":"menor distância euclidiana local aproximada entre ponto CANIE e segmentos das rotas esquemáticas","fonte_cavidade":"CANIE/CECAV/ICMBio · snapshot local capturado em 10/08/2026","fonte_rotas":"JOAJU MS · propostas metodológicas de rotas · corte 10/08/2026","data_corte":"2026-08-10","natureza_resultado":"análise espacial derivada","limitacoes":"Proximidade cartográfica não implica acesso, visitação, segurança, integração cultural ou autorização."}},{"type":"Feature","geometry":{"type":"Point","coordinates":[-56.823677,-20.93017401]},"properties":{"ogc_fid":206,"num_canie":"005678.00036.50.02209","nome":"Caverna Lote 108","estado":"Mato Grosso do Sul","municipio":"Bonito","longitude":"-56.823677","latitude":"-20.930174","nvl_valida":"Nível 1","__atlas_fonte_oficial":"CANIE/CECAV/ICMBio","__atlas_metodo_captura":"WFS oficial ICMBio/INDE","__atlas_tipo_servico":"ICMBio:canie_052026_p","__atlas_capturado_em":"2026-08-10T12:53:17.009Z","__atlas_recorte":"Mato Grosso do Sul por atributo ou interseção com envelope estadual","__atlas_aviso":"Cadastro não representa todo o universo de cavernas e não substitui validação de campo ou autorização de visitação.","id_rota_mais_proxima":"ROTA-EST-030","rota_mais_proxima":"Rota dos Museus, Memórias e Centros Históricos Urbanos","distancia_minima_rota_km":20.94,"limiar_exploratorio_km":50,"metodo":"menor distância euclidiana local aproximada entre ponto CANIE e segmentos das rotas esquemáticas","fonte_cavidade":"CANIE/CECAV/ICMBio · snapshot local capturado em 10/08/2026","fonte_rotas":"JOAJU MS · propostas metodológicas de rotas · corte 10/08/2026","data_corte":"2026-08-10","natureza_resultado":"análise espacial derivada","limitacoes":"Proximidade cartográfica não implica acesso, visitação, segurança, integração cultural ou autorização."}},{"type":"Feature","geometry":{"type":"Point","coordinates":[-56.8192,-20.80200001]},"properties":{"ogc_fid":207,"num_canie":"005679.00037.50.02159","nome":"Gruta do Bebedouro","estado":"Mato Grosso do Sul","municipio":"Bodoquena","longitude":"-56.8192","latitude":"-20.802","nvl_valida":"Nível 1","__atlas_fonte_oficial":"CANIE/CECAV/ICMBio","__atlas_metodo_captura":"WFS oficial ICMBio/INDE","__atlas_tipo_servico":"ICMBio:canie_052026_p","__atlas_capturado_em":"2026-08-10T12:53:17.009Z","__atlas_recorte":"Mato Grosso do Sul por atributo ou interseção com envelope estadual","__atlas_aviso":"Cadastro não representa todo o universo de cavernas e não substitui validação de campo ou autorização de visitação.","id_rota_mais_proxima":"ROTA-EST-027","rota_mais_proxima":"Rota do Artesanato e das Cerâmicas de Mato Grosso do Sul","distancia_minima_rota_km":12.133,"limiar_exploratorio_km":50,"metodo":"menor distância euclidiana local aproximada entre ponto CANIE e segmentos das rotas esquemáticas","fonte_cavidade":"CANIE/CECAV/ICMBio · snapshot local capturado em 10/08/2026","fonte_rotas":"JOAJU MS · propostas metodológicas de rotas · corte 10/08/2026","data_corte":"2026-08-10","natureza_resultado":"análise espacial derivada","limitacoes":"Proximidade cartográfica não implica acesso, visitação, segurança, integração cultural ou autorização."}},{"type":"Feature","geometry":{"type":"Point","coordinates":[-56.810801,-20.72566401]},"properties":{"ogc_fid":209,"num_canie":"005681.00038.50.02159","nome":"Gruta Toca da Onça","estado":"Mato Grosso do Sul","municipio":"Bodoquena","longitude":"-56.810801","latitude":"-20.725664","nvl_valida":"Nível 1","__atlas_fonte_oficial":"CANIE/CECAV/ICMBio","__atlas_metodo_captura":"WFS oficial ICMBio/INDE","__atlas_tipo_servico":"ICMBio:canie_052026_p","__atlas_capturado_em":"2026-08-10T12:53:17.009Z","__atlas_recorte":"Mato Grosso do Sul por atributo ou interseção com envelope estadual","__atlas_aviso":"Cadastro não representa todo o universo de cavernas e não substitui validação de campo ou autorização de visitação.","id_rota_mais_proxima":"ROTA-EST-027","rota_mais_proxima":"Rota do Artesanato e das Cerâmicas de Mato Grosso do Sul","distancia_minima_rota_km":6.958,"limiar_exploratorio_km":50,"metodo":"menor distância euclidiana local aproximada entre ponto CANIE e segmentos das rotas esquemáticas","fonte_cavidade":"CANIE/CECAV/ICMBio · snapshot local capturado em 10/08/2026","fonte_rotas":"JOAJU MS · propostas metodológicas de rotas · corte 10/08/2026","data_corte":"2026-08-10","natureza_resultado":"análise espacial derivada","limitacoes":"Proximidade cartográfica não implica acesso, visitação, segurança, integração cultural ou autorização."}},{"type":"Feature","geometry":{"type":"Point","coordinates":[-56.808485,-20.93476601]},"properties":{"ogc_fid":210,"num_canie":"005682.00039.50.02209","nome":"Caverna Poçao Lote 102","estado":"Mato Grosso do Sul","municipio":"Bonito","longitude":"-56.808485","latitude":"-20.934766","nvl_valida":"Nível 1","__atlas_fonte_oficial":"CANIE/CECAV/ICMBio","__atlas_metodo_captura":"WFS oficial ICMBio/INDE","__atlas_tipo_servico":"ICMBio:canie_052026_p","__atlas_capturado_em":"2026-08-10T12:53:17.009Z","__atlas_recorte":"Mato Grosso do Sul por atributo ou interseção com envelope estadual","__atlas_aviso":"Cadastro não representa todo o universo de cavernas e não substitui validação de campo ou autorização de visitação.","id_rota_mais_proxima":"ROTA-EST-030","rota_mais_proxima":"Rota dos Museus, Memórias e Centros Históricos Urbanos","distancia_minima_rota_km":19.768,"limiar_exploratorio_km":50,"metodo":"menor distância euclidiana local aproximada entre ponto CANIE e segmentos das rotas esquemáticas","fonte_cavidade":"CANIE/CECAV/ICMBio · snapshot local capturado em 10/08/2026","fonte_rotas":"JOAJU MS · propostas metodológicas de rotas · corte 10/08/2026","data_corte":"2026-08-10","natureza_resultado":"análise espacial derivada","limitacoes":"Proximidade cartográfica não implica acesso, visitação, segurança, integração cultural ou autorização."}},{"type":"Feature","geometry":{"type":"Point","coordinates":[-56.807843,-20.72820301]},"properties":{"ogc_fid":211,"num_canie":"005683.00040.50.02159","nome":"Gruta do Senhor Valdemar","estado":"Mato Grosso do Sul","municipio":"Bodoquena","longitude":"-56.807843","latitude":"-20.728203","nvl_valida":"Nível 1","__atlas_fonte_oficial":"CANIE/CECAV/ICMBio","__atlas_metodo_captura":"WFS oficial ICMBio/INDE","__atlas_tipo_servico":"ICMBio:canie_052026_p","__atlas_capturado_em":"2026-08-10T12:53:17.009Z","__atlas_recorte":"Mato Grosso do Sul por atributo ou interseção com envelope estadual","__atlas_aviso":"Cadastro não representa todo o universo de cavernas e não substitui validação de campo ou autorização de visitação.","id_rota_mais_proxima":"ROTA-EST-027","rota_mais_proxima":"Rota do Artesanato e das Cerâmicas de Mato Grosso do Sul","distancia_minima_rota_km":7.374,"limiar_exploratorio_km":50,"metodo":"menor distância euclidiana local aproximada entre ponto CANIE e segmentos das rotas esquemáticas","fonte_cavidade":"CANIE/CECAV/ICMBio · snapshot local capturado em 10/08/2026","fonte_rotas":"JOAJU MS · propostas metodológicas de rotas · corte 10/08/2026","data_corte":"2026-08-10","natureza_resultado":"análise espacial derivada","limitacoes":"Proximidade cartográfica não implica acesso, visitação, segurança, integração cultural ou autorização."}},{"type":"Feature","geometry":{"type":"Point","coordinates":[-56.807193,-20.72754101]},"properties":{"ogc_fid":213,"num_canie":"005685.00041.50.02159","nome":"Caverna do Carlinhos (Fenda II do Carlinhos)","estado":"Mato Grosso do Sul","municipio":"Bodoquena","longitude":"-56.807193","latitude":"-20.727541","nvl_valida":"Nível 1","__atlas_fonte_oficial":"CANIE/CECAV/ICMBio","__atlas_metodo_captura":"WFS oficial ICMBio/INDE","__atlas_tipo_servico":"ICMBio:canie_052026_p","__atlas_capturado_em":"2026-08-10T12:53:17.009Z","__atlas_recorte":"Mato Grosso do Sul por atributo ou interseção com envelope estadual","__atlas_aviso":"Cadastro não representa todo o universo de cavernas e não substitui validação de campo ou autorização de visitação.","id_rota_mais_proxima":"ROTA-EST-027","rota_mais_proxima":"Rota do Artesanato e das Cerâmicas de Mato Grosso do Sul","distancia_minima_rota_km":7.373,"limiar_exploratorio_km":50,"metodo":"menor distância euclidiana local aproximada entre ponto CANIE e segmentos das rotas esquemáticas","fonte_cavidade":"CANIE/CECAV/ICMBio · snapshot local capturado em 10/08/2026","fonte_rotas":"JOAJU MS · propostas metodológicas de rotas · corte 10/08/2026","data_corte":"2026-08-10","natureza_resultado":"análise espacial derivada","limitacoes":"Proximidade cartográfica não implica acesso, visitação, segurança, integração cultural ou autorização."}},{"type":"Feature","geometry":{"type":"Point","coordinates":[-56.804093,-20.76334101]},"properties":{"ogc_fid":214,"num_canie":"005686.00042.50.02159","nome":"Gruta da Cachoeirinha III","estado":"Mato Grosso do Sul","municipio":"Bodoquena","longitude":"-56.804093","latitude":"-20.763341","nvl_valida":"Nível 1","__atlas_fonte_oficial":"CANIE/CECAV/ICMBio","__atlas_metodo_captura":"WFS oficial ICMBio/INDE","__atlas_tipo_servico":"ICMBio:canie_052026_p","__atlas_capturado_em":"2026-08-10T12:53:17.009Z","__atlas_recorte":"Mato Grosso do Sul por atributo ou interseção com envelope estadual","__atlas_aviso":"Cadastro não representa todo o universo de cavernas e não substitui validação de campo ou autorização de visitação.","id_rota_mais_proxima":"ROTA-EST-027","rota_mais_proxima":"Rota do Artesanato e das Cerâmicas de Mato Grosso do Sul","distancia_minima_rota_km":10.332,"limiar_exploratorio_km":50,"metodo":"menor distância euclidiana local aproximada entre ponto CANIE e segmentos das rotas esquemáticas","fonte_cavidade":"CANIE/CECAV/ICMBio · snapshot local capturado em 10/08/2026","fonte_rotas":"JOAJU MS · propostas metodológicas de rotas · corte 10/08/2026","data_corte":"2026-08-10","natureza_resultado":"análise espacial derivada","limitacoes":"Proximidade cartográfica não implica acesso, visitação, segurança, integração cultural ou autorização."}},{"type":"Feature","geometry":{"type":"Point","coordinates":[-56.803693,-20.75904101]},"properties":{"ogc_fid":215,"num_canie":"005687.00043.50.02159","nome":"Abismo da Estrada","estado":"Mato Grosso do Sul","municipio":"Bodoquena","longitude":"-56.803693","latitude":"-20.759041","nvl_valida":"Nível 1","__atlas_fonte_oficial":"CANIE/CECAV/ICMBio","__atlas_metodo_captura":"WFS oficial ICMBio/INDE","__atlas_tipo_servico":"ICMBio:canie_052026_p","__atlas_capturado_em":"2026-08-10T12:53:17.009Z","__atlas_recorte":"Mato Grosso do Sul por atributo ou interseção com envelope estadual","__atlas_aviso":"Cadastro não representa todo o universo de cavernas e não substitui validação de campo ou autorização de visitação.","id_rota_mais_proxima":"ROTA-EST-027","rota_mais_proxima":"Rota do Artesanato e das Cerâmicas de Mato Grosso do Sul","distancia_minima_rota_km":10.035,"limiar_exploratorio_km":50,"metodo":"menor distância euclidiana local aproximada entre ponto CANIE e segmentos das rotas esquemáticas","fonte_cavidade":"CANIE/CECAV/ICMBio · snapshot local capturado em 10/08/2026","fonte_rotas":"JOAJU MS · propostas metodológicas de rotas · corte 10/08/2026","data_corte":"2026-08-10","natureza_resultado":"análise espacial derivada","limitacoes":"Proximidade cartográfica não implica acesso, visitação, segurança, integração cultural ou autorização."}},{"type":"Feature","geometry":{"type":"Point","coordinates":[-56.802907,-20.76454901]},"properties":{"ogc_fid":216,"num_canie":"005688.00044.50.02159","nome":"Gruta Flor da Bodoquena","estado":"Mato Grosso do Sul","municipio":"Bodoquena","longitude":"-56.802907","latitude":"-20.764549","nvl_valida":"Nível 1","__atlas_fonte_oficial":"CANIE/CECAV/ICMBio","__atlas_metodo_captura":"WFS oficial ICMBio/INDE","__atlas_tipo_servico":"ICMBio:canie_052026_p","__atlas_capturado_em":"2026-08-10T12:53:17.009Z","__atlas_recorte":"Mato Grosso do Sul por atributo ou interseção com envelope estadual","__atlas_aviso":"Cadastro não representa todo o universo de cavernas e não substitui validação de campo ou autorização de visitação.","id_rota_mais_proxima":"ROTA-EST-027","rota_mais_proxima":"Rota do Artesanato e das Cerâmicas de Mato Grosso do Sul","distancia_minima_rota_km":10.513,"limiar_exploratorio_km":50,"metodo":"menor distância euclidiana local aproximada entre ponto CANIE e segmentos das rotas esquemáticas","fonte_cavidade":"CANIE/CECAV/ICMBio · snapshot local capturado em 10/08/2026","fonte_rotas":"JOAJU MS · propostas metodológicas de rotas · corte 10/08/2026","data_corte":"2026-08-10","natureza_resultado":"análise espacial derivada","limitacoes":"Proximidade cartográfica não implica acesso, visitação, segurança, integração cultural ou autorização."}},{"type":"Feature","geometry":{"type":"Point","coordinates":[-56.802293,-20.76364101]},"properties":{"ogc_fid":217,"num_canie":"005689.00045.50.02159","nome":"Gruta da Cachoeirinha II","estado":"Mato Grosso do Sul","municipio":"Bodoquena","longitude":"-56.802293","latitude":"-20.763641","nvl_valida":"Nível 1","__atlas_fonte_oficial":"CANIE/CECAV/ICMBio","__atlas_metodo_captura":"WFS oficial ICMBio/INDE","__atlas_tipo_servico":"ICMBio:canie_052026_p","__atlas_capturado_em":"2026-08-10T12:53:17.009Z","__atlas_recorte":"Mato Grosso do Sul por atributo ou interseção com envelope estadual","__atlas_aviso":"Cadastro não representa todo o universo de cavernas e não substitui validação de campo ou autorização de visitação.","id_rota_mais_proxima":"ROTA-EST-027","rota_mais_proxima":"Rota do Artesanato e das Cerâmicas de Mato Grosso do Sul","distancia_minima_rota_km":10.49,"limiar_exploratorio_km":50,"metodo":"menor distância euclidiana local aproximada entre ponto CANIE e segmentos das rotas esquemáticas","fonte_cavidade":"CANIE/CECAV/ICMBio · snapshot local capturado em 10/08/2026","fonte_rotas":"JOAJU MS · propostas metodológicas de rotas · corte 10/08/2026","data_corte":"2026-08-10","natureza_resultado":"análise espacial derivada","limitacoes":"Proximidade cartográfica não implica acesso, visitação, segurança, integração cultural ou autorização."}},{"type":"Feature","geometry":{"type":"Point","coordinates":[-56.801993,-20.76364101]},"properties":{"ogc_fid":218,"num_canie":"005690.00046.50.02159","nome":"Gruta da Cachoeirinha I","estado":"Mato Grosso do Sul","municipio":"Bodoquena","longitude":"-56.801993","latitude":"-20.763641","nvl_valida":"Nível 1","__atlas_fonte_oficial":"CANIE/CECAV/ICMBio","__atlas_metodo_captura":"WFS oficial ICMBio/INDE","__atlas_tipo_servico":"ICMBio:canie_052026_p","__atlas_capturado_em":"2026-08-10T12:53:17.009Z","__atlas_recorte":"Mato Grosso do Sul por atributo ou interseção com envelope estadual","__atlas_aviso":"Cadastro não representa todo o universo de cavernas e não substitui validação de campo ou autorização de visitação.","id_rota_mais_proxima":"ROTA-EST-030","rota_mais_proxima":"Rota dos Museus, Memórias e Centros Históricos Urbanos","distancia_minima_rota_km":10.508,"limiar_exploratorio_km":50,"metodo":"menor distância euclidiana local aproximada entre ponto CANIE e segmentos das rotas esquemáticas","fonte_cavidade":"CANIE/CECAV/ICMBio · snapshot local capturado em 10/08/2026","fonte_rotas":"JOAJU MS · propostas metodológicas de rotas · corte 10/08/2026","data_corte":"2026-08-10","natureza_resultado":"análise espacial derivada","limitacoes":"Proximidade cartográfica não implica acesso, visitação, segurança, integração cultural ou autorização."}},{"type":"Feature","geometry":{"type":"Point","coordinates":[-56.799713,-21.32941601]},"properties":{"ogc_fid":221,"num_canie":"005693.00047.50.06903","nome":"Gruta Curvelo II (Gruta Curvelinho II)","estado":"Mato Grosso do Sul","municipio":"Porto Murtinho","longitude":"-56.799713","latitude":"-21.329416","nvl_valida":"Nível 1","__atlas_fonte_oficial":"CANIE/CECAV/ICMBio","__atlas_metodo_captura":"WFS oficial ICMBio/INDE","__atlas_tipo_servico":"ICMBio:canie_052026_p","__atlas_capturado_em":"2026-08-10T12:53:17.009Z","__atlas_recorte":"Mato Grosso do Sul por atributo ou interseção com envelope estadual","__atlas_aviso":"Cadastro não representa todo o universo de cavernas e não substitui validação de campo ou autorização de visitação.","id_rota_mais_proxima":"ROTA-EST-022","rota_mais_proxima":"Rota de Aviturismo da Rota Bioceânica","distancia_minima_rota_km":7.518,"limiar_exploratorio_km":50,"metodo":"menor distância euclidiana local aproximada entre ponto CANIE e segmentos das rotas esquemáticas","fonte_cavidade":"CANIE/CECAV/ICMBio · snapshot local capturado em 10/08/2026","fonte_rotas":"JOAJU MS · propostas metodológicas de rotas · corte 10/08/2026","data_corte":"2026-08-10","natureza_resultado":"análise espacial derivada","limitacoes":"Proximidade cartográfica não implica acesso, visitação, segurança, integração cultural ou autorização."}},{"type":"Feature","geometry":{"type":"Point","coordinates":[-56.799608,-21.32874701]},"properties":{"ogc_fid":222,"num_canie":"005694.00048.50.06903","nome":"Gruta Curvelo I","estado":"Mato Grosso do Sul","municipio":"Porto Murtinho","longitude":"-56.799608","latitude":"-21.328747","nvl_valida":"Nível 1","__atlas_fonte_oficial":"CANIE/CECAV/ICMBio","__atlas_metodo_captura":"WFS oficial ICMBio/INDE","__atlas_tipo_servico":"ICMBio:canie_052026_p","__atlas_capturado_em":"2026-08-10T12:53:17.009Z","__atlas_recorte":"Mato Grosso do Sul por atributo ou interseção com envelope estadual","__atlas_aviso":"Cadastro não representa todo o universo de cavernas e não substitui validação de campo ou autorização de visitação.","id_rota_mais_proxima":"ROTA-EST-022","rota_mais_proxima":"Rota de Aviturismo da Rota Bioceânica","distancia_minima_rota_km":7.454,"limiar_exploratorio_km":50,"metodo":"menor distância euclidiana local aproximada entre ponto CANIE e segmentos das rotas esquemáticas","fonte_cavidade":"CANIE/CECAV/ICMBio · snapshot local capturado em 10/08/2026","fonte_rotas":"JOAJU MS · propostas metodológicas de rotas · corte 10/08/2026","data_corte":"2026-08-10","natureza_resultado":"análise espacial derivada","limitacoes":"Proximidade cartográfica não implica acesso, visitação, segurança, integração cultural ou autorização."}},{"type":"Feature","geometry":{"type":"Point","coordinates":[-56.796193,-20.74884101]},"properties":{"ogc_fid":223,"num_canie":"005695.00049.50.02159","nome":"Gruta do Imbé","estado":"Mato Grosso do Sul","municipio":"Bodoquena","longitude":"-56.796193","latitude":"-20.748841","nvl_valida":"Nível 1","__atlas_fonte_oficial":"CANIE/CECAV/ICMBio","__atlas_metodo_captura":"WFS oficial ICMBio/INDE","__atlas_tipo_servico":"ICMBio:canie_052026_p","__atlas_capturado_em":"2026-08-10T12:53:17.009Z","__atlas_recorte":"Mato Grosso do Sul por atributo ou interseção com envelope estadual","__atlas_aviso":"Cadastro não representa todo o universo de cavernas e não substitui validação de campo ou autorização de visitação.","id_rota_mais_proxima":"ROTA-EST-030","rota_mais_proxima":"Rota dos Museus, Memórias e Centros Históricos Urbanos","distancia_minima_rota_km":9.221,"limiar_exploratorio_km":50,"metodo":"menor distância euclidiana local aproximada entre ponto CANIE e segmentos das rotas esquemáticas","fonte_cavidade":"CANIE/CECAV/ICMBio · snapshot local capturado em 10/08/2026","fonte_rotas":"JOAJU MS · propostas metodológicas de rotas · corte 10/08/2026","data_corte":"2026-08-10","natureza_resultado":"análise espacial derivada","limitacoes":"Proximidade cartográfica não implica acesso, visitação, segurança, integração cultural ou autorização."}},{"type":"Feature","geometry":{"type":"Point","coordinates":[-56.79538,-20.74686101]},"properties":{"ogc_fid":224,"num_canie":"005696.00050.50.02159","nome":"Abismo do Lote II","estado":"Mato Grosso do Sul","municipio":"Bodoquena","longitude":"-56.79538","latitude":"-20.746861","nvl_valida":"Nível 1","__atlas_fonte_oficial":"CANIE/CECAV/ICMBio","__atlas_metodo_captura":"WFS oficial ICMBio/INDE","__atlas_tipo_servico":"ICMBio:canie_052026_p","__atlas_capturado_em":"2026-08-10T12:53:17.009Z","__atlas_recorte":"Mato Grosso do Sul por atributo ou interseção com envelope estadual","__atlas_aviso":"Cadastro não representa todo o universo de cavernas e não substitui validação de campo ou autorização de visitação.","id_rota_mais_proxima":"ROTA-EST-030","rota_mais_proxima":"Rota dos Museus, Memórias e Centros Históricos Urbanos","distancia_minima_rota_km":9.046,"limiar_exploratorio_km":50,"metodo":"menor distância euclidiana local aproximada entre ponto CANIE e segmentos das rotas esquemáticas","fonte_cavidade":"CANIE/CECAV/ICMBio · snapshot local capturado em 10/08/2026","fonte_rotas":"JOAJU MS · propostas metodológicas de rotas · corte 10/08/2026","data_corte":"2026-08-10","natureza_resultado":"análise espacial derivada","limitacoes":"Proximidade cartográfica não implica acesso, visitação, segurança, integração cultural ou autorização."}},{"type":"Feature","geometry":{"type":"Point","coordinates":[-56.795193,-20.74774101]},"properties":{"ogc_fid":225,"num_canie":"005697.00051.50.02159","nome":"Abismo do Lote I","estado":"Mato Grosso do Sul","municipio":"Bodoquena","longitude":"-56.795193","latitude":"-20.747741","nvl_valida":"Nível 1","__atlas_fonte_oficial":"CANIE/CECAV/ICMBio","__atlas_metodo_captura":"WFS oficial ICMBio/INDE","__atlas_tipo_servico":"ICMBio:canie_052026_p","__atlas_capturado_em":"2026-08-10T12:53:17.009Z","__atlas_recorte":"Mato Grosso do Sul por atributo ou interseção com envelope estadual","__atlas_aviso":"Cadastro não representa todo o universo de cavernas e não substitui validação de campo ou autorização de visitação.","id_rota_mais_proxima":"ROTA-EST-030","rota_mais_proxima":"Rota dos Museus, Memórias e Centros Históricos Urbanos","distancia_minima_rota_km":9.073,"limiar_exploratorio_km":50,"metodo":"menor distância euclidiana local aproximada entre ponto CANIE e segmentos das rotas esquemáticas","fonte_cavidade":"CANIE/CECAV/ICMBio · snapshot local capturado em 10/08/2026","fonte_rotas":"JOAJU MS · propostas metodológicas de rotas · corte 10/08/2026","data_corte":"2026-08-10","natureza_resultado":"análise espacial derivada","limitacoes":"Proximidade cartográfica não implica acesso, visitação, segurança, integração cultural ou autorização."}},{"type":"Feature","geometry":{"type":"Point","coordinates":[-56.791893,-20.74734101]},"properties":{"ogc_fid":226,"num_canie":"005698.00052.50.02159","nome":"Abismo Dente de Cão","estado":"Mato Grosso do Sul","municipio":"Bodoquena","longitude":"-56.791893","latitude":"-20.747341","nvl_valida":"Nível 1","__atlas_fonte_oficial":"CANIE/CECAV/ICMBio","__atlas_metodo_captura":"WFS oficial ICMBio/INDE","__atlas_tipo_servico":"ICMBio:canie_052026_p","__atlas_capturado_em":"2026-08-10T12:53:17.009Z","__atlas_recorte":"Mato Grosso do Sul por atributo ou interseção com envelope estadual","__atlas_aviso":"Cadastro não representa todo o universo de cavernas e não substitui validação de campo ou autorização de visitação.","id_rota_mais_proxima":"ROTA-EST-030","rota_mais_proxima":"Rota dos Museus, Memórias e Centros Históricos Urbanos","distancia_minima_rota_km":8.748,"limiar_exploratorio_km":50,"metodo":"menor distância euclidiana local aproximada entre ponto CANIE e segmentos das rotas esquemáticas","fonte_cavidade":"CANIE/CECAV/ICMBio · snapshot local capturado em 10/08/2026","fonte_rotas":"JOAJU MS · propostas metodológicas de rotas · corte 10/08/2026","data_corte":"2026-08-10","natureza_resultado":"análise espacial derivada","limitacoes":"Proximidade cartográfica não implica acesso, visitação, segurança, integração cultural ou autorização."}},{"type":"Feature","geometry":{"type":"Point","coordinates":[-56.791192,-20.68854101]},"properties":{"ogc_fid":227,"num_canie":"005699.00053.50.02159","nome":"Gruta do Vertedouro","estado":"Mato Grosso do Sul","municipio":"Bodoquena","longitude":"-56.791192","latitude":"-20.688541","nvl_valida":"Nível 1","__atlas_fonte_oficial":"CANIE/CECAV/ICMBio","__atlas_metodo_captura":"WFS oficial ICMBio/INDE","__atlas_tipo_servico":"ICMBio:canie_052026_p","__atlas_capturado_em":"2026-08-10T12:53:17.009Z","__atlas_recorte":"Mato Grosso do Sul por atributo ou interseção com envelope estadual","__atlas_aviso":"Cadastro não representa todo o universo de cavernas e não substitui validação de campo ou autorização de visitação.","id_rota_mais_proxima":"ROTA-EST-027","rota_mais_proxima":"Rota do Artesanato e das Cerâmicas de Mato Grosso do Sul","distancia_minima_rota_km":5.613,"limiar_exploratorio_km":50,"metodo":"menor distância euclidiana local aproximada entre ponto CANIE e segmentos das rotas esquemáticas","fonte_cavidade":"CANIE/CECAV/ICMBio · snapshot local capturado em 10/08/2026","fonte_rotas":"JOAJU MS · propostas metodológicas de rotas · corte 10/08/2026","data_corte":"2026-08-10","natureza_resultado":"análise espacial derivada","limitacoes":"Proximidade cartográfica não implica acesso, visitação, segurança, integração cultural ou autorização."}},{"type":"Feature","geometry":{"type":"Point","coordinates":[-56.791192,-20.68164101]},"properties":{"ogc_fid":228,"num_canie":"005700.00054.50.02159","nome":"Caverna Córrego Santa Maria I","estado":"Mato Grosso do Sul","municipio":"Bodoquena","longitude":"-56.791192","latitude":"-20.681641","nvl_valida":"Nível 1","__atlas_fonte_oficial":"CANIE/CECAV/ICMBio","__atlas_metodo_captura":"WFS oficial ICMBio/INDE","__atlas_tipo_servico":"ICMBio:canie_052026_p","__atlas_capturado_em":"2026-08-10T12:53:17.009Z","__atlas_recorte":"Mato Grosso do Sul por atributo ou interseção com envelope estadual","__atlas_aviso":"Cadastro não representa todo o universo de cavernas e não substitui validação de campo ou autorização de visitação.","id_rota_mais_proxima":"ROTA-EST-027","rota_mais_proxima":"Rota do Artesanato e das Cerâmicas de Mato Grosso do Sul","distancia_minima_rota_km":5.087,"limiar_exploratorio_km":50,"metodo":"menor distância euclidiana local aproximada entre ponto CANIE e segmentos das rotas esquemáticas","fonte_cavidade":"CANIE/CECAV/ICMBio · snapshot local capturado em 10/08/2026","fonte_rotas":"JOAJU MS · propostas metodológicas de rotas · corte 10/08/2026","data_corte":"2026-08-10","natureza_resultado":"análise espacial derivada","limitacoes":"Proximidade cartográfica não implica acesso, visitação, segurança, integração cultural ou autorização."}},{"type":"Feature","geometry":{"type":"Point","coordinates":[-56.790692,-20.68184101]},"properties":{"ogc_fid":229,"num_canie":"005701.00055.50.02159","nome":"Caverna Córrego Santa Maria II","estado":"Mato Grosso do Sul","municipio":"Bodoquena","longitude":"-56.790692","latitude":"-20.681841","nvl_valida":"Nível 1","__atlas_fonte_oficial":"CANIE/CECAV/ICMBio","__atlas_metodo_captura":"WFS oficial ICMBio/INDE","__atlas_tipo_servico":"ICMBio:canie_052026_p","__atlas_capturado_em":"2026-08-10T12:53:17.009Z","__atlas_recorte":"Mato Grosso do Sul por atributo ou interseção com envelope estadual","__atlas_aviso":"Cadastro não representa todo o universo de cavernas e não substitui validação de campo ou autorização de visitação.","id_rota_mais_proxima":"ROTA-EST-027","rota_mais_proxima":"Rota do Artesanato e das Cerâmicas de Mato Grosso do Sul","distancia_minima_rota_km":5.14,"limiar_exploratorio_km":50,"metodo":"menor distância euclidiana local aproximada entre ponto CANIE e segmentos das rotas esquemáticas","fonte_cavidade":"CANIE/CECAV/ICMBio · snapshot local capturado em 10/08/2026","fonte_rotas":"JOAJU MS · propostas metodológicas de rotas · corte 10/08/2026","data_corte":"2026-08-10","natureza_resultado":"análise espacial derivada","limitacoes":"Proximidade cartográfica não implica acesso, visitação, segurança, integração cultural ou autorização."}},{"type":"Feature","geometry":{"type":"Point","coordinates":[-56.790492,-20.73394101]},"properties":{"ogc_fid":230,"num_canie":"005702.00056.50.02159","nome":"Abrigo Pai Adao V","estado":"Mato Grosso do Sul","municipio":"Bodoquena","longitude":"-56.790492","latitude":"-20.733941","nvl_valida":"Nível 1","__atlas_fonte_oficial":"CANIE/CECAV/ICMBio","__atlas_metodo_captura":"WFS oficial ICMBio/INDE","__atlas_tipo_servico":"ICMBio:canie_052026_p","__atlas_capturado_em":"2026-08-10T12:53:17.009Z","__atlas_recorte":"Mato Grosso do Sul por atributo ou interseção com envelope estadual","__atlas_aviso":"Cadastro não representa todo o universo de cavernas e não substitui validação de campo ou autorização de visitação.","id_rota_mais_proxima":"ROTA-EST-030","rota_mais_proxima":"Rota dos Museus, Memórias e Centros Históricos Urbanos","distancia_minima_rota_km":7.939,"limiar_exploratorio_km":50,"metodo":"menor distância euclidiana local aproximada entre ponto CANIE e segmentos das rotas esquemáticas","fonte_cavidade":"CANIE/CECAV/ICMBio · snapshot local capturado em 10/08/2026","fonte_rotas":"JOAJU MS · propostas metodológicas de rotas · corte 10/08/2026","data_corte":"2026-08-10","natureza_resultado":"análise espacial derivada","limitacoes":"Proximidade cartográfica não implica acesso, visitação, segurança, integração cultural ou autorização."}},{"type":"Feature","geometry":{"type":"Point","coordinates":[-56.790461,-20.73391601]},"properties":{"ogc_fid":231,"num_canie":"005703.00057.50.02159","nome":"Caverna Pai Adão IV","estado":"Mato Grosso do Sul","municipio":"Bodoquena","longitude":"-56.790461","latitude":"-20.733916","nvl_valida":"Nível 1","__atlas_fonte_oficial":"CANIE/CECAV/ICMBio","__atlas_metodo_captura":"WFS oficial ICMBio/INDE","__atlas_tipo_servico":"ICMBio:canie_052026_p","__atlas_capturado_em":"2026-08-10T12:53:17.009Z","__atlas_recorte":"Mato Grosso do Sul por atributo ou interseção com envelope estadual","__atlas_aviso":"Cadastro não representa todo o universo de cavernas e não substitui validação de campo ou autorização de visitação.","id_rota_mais_proxima":"ROTA-EST-030","rota_mais_proxima":"Rota dos Museus, Memórias e Centros Históricos Urbanos","distancia_minima_rota_km":7.935,"limiar_exploratorio_km":50,"metodo":"menor distância euclidiana local aproximada entre ponto CANIE e segmentos das rotas esquemáticas","fonte_cavidade":"CANIE/CECAV/ICMBio · snapshot local capturado em 10/08/2026","fonte_rotas":"JOAJU MS · propostas metodológicas de rotas · corte 10/08/2026","data_corte":"2026-08-10","natureza_resultado":"análise espacial derivada","limitacoes":"Proximidade cartográfica não implica acesso, visitação, segurança, integração cultural ou autorização."}},{"type":"Feature","geometry":{"type":"Point","coordinates":[-56.790393,-20.73514101]},"properties":{"ogc_fid":232,"num_canie":"005704.00058.50.02159","nome":"Gruta Paiadao IV","estado":"Mato Grosso do Sul","municipio":"Bodoquena","longitude":"-56.790393","latitude":"-20.735141","nvl_valida":"Nível 1","__atlas_fonte_oficial":"CANIE/CECAV/ICMBio","__atlas_metodo_captura":"WFS oficial ICMBio/INDE","__atlas_tipo_servico":"ICMBio:canie_052026_p","__atlas_capturado_em":"2026-08-10T12:53:17.009Z","__atlas_recorte":"Mato Grosso do Sul por atributo ou interseção com envelope estadual","__atlas_aviso":"Cadastro não representa todo o universo de cavernas e não substitui validação de campo ou autorização de visitação.","id_rota_mais_proxima":"ROTA-EST-030","rota_mais_proxima":"Rota dos Museus, Memórias e Centros Históricos Urbanos","distancia_minima_rota_km":7.991,"limiar_exploratorio_km":50,"metodo":"menor distância euclidiana local aproximada entre ponto CANIE e segmentos das rotas esquemáticas","fonte_cavidade":"CANIE/CECAV/ICMBio · snapshot local capturado em 10/08/2026","fonte_rotas":"JOAJU MS · propostas metodológicas de rotas · corte 10/08/2026","data_corte":"2026-08-10","natureza_resultado":"análise espacial derivada","limitacoes":"Proximidade cartográfica não implica acesso, visitação, segurança, integração cultural ou autorização."}},{"type":"Feature","geometry":{"type":"Point","coordinates":[-56.789886,-20.73721301]},"properties":{"ogc_fid":233,"num_canie":"005705.00059.50.02159","nome":"Gruta Senhor Natal","estado":"Mato Grosso do Sul","municipio":"Bodoquena","longitude":"-56.789886","latitude":"-20.737213","nvl_valida":"Nível 1","__atlas_fonte_oficial":"CANIE/CECAV/ICMBio","__atlas_metodo_captura":"WFS oficial ICMBio/INDE","__atlas_tipo_servico":"ICMBio:canie_052026_p","__atlas_capturado_em":"2026-08-10T12:53:17.009Z","__atlas_recorte":"Mato Grosso do Sul por atributo ou interseção com envelope estadual","__atlas_aviso":"Cadastro não representa todo o universo de cavernas e não substitui validação de campo ou autorização de visitação.","id_rota_mais_proxima":"ROTA-EST-030","rota_mais_proxima":"Rota dos Museus, Memórias e Centros Históricos Urbanos","distancia_minima_rota_km":8.049,"limiar_exploratorio_km":50,"metodo":"menor distância euclidiana local aproximada entre ponto CANIE e segmentos das rotas esquemáticas","fonte_cavidade":"CANIE/CECAV/ICMBio · snapshot local capturado em 10/08/2026","fonte_rotas":"JOAJU MS · propostas metodológicas de rotas · corte 10/08/2026","data_corte":"2026-08-10","natureza_resultado":"análise espacial derivada","limitacoes":"Proximidade cartográfica não implica acesso, visitação, segurança, integração cultural ou autorização."}},{"type":"Feature","geometry":{"type":"Point","coordinates":[-56.789092,-20.73354101]},"properties":{"ogc_fid":234,"num_canie":"005706.00060.50.02159","nome":"Abismo Paiadao VI","estado":"Mato Grosso do Sul","municipio":"Bodoquena","longitude":"-56.789092","latitude":"-20.733541","nvl_valida":"Nível 1","__atlas_fonte_oficial":"CANIE/CECAV/ICMBio","__atlas_metodo_captura":"WFS oficial ICMBio/INDE","__atlas_tipo_servico":"ICMBio:canie_052026_p","__atlas_capturado_em":"2026-08-10T12:53:17.009Z","__atlas_recorte":"Mato Grosso do Sul por atributo ou interseção com envelope estadual","__atlas_aviso":"Cadastro não representa todo o universo de cavernas e não substitui validação de campo ou autorização de visitação.","id_rota_mais_proxima":"ROTA-EST-030","rota_mais_proxima":"Rota dos Museus, Memórias e Centros Históricos Urbanos","distancia_minima_rota_km":7.789,"limiar_exploratorio_km":50,"metodo":"menor distância euclidiana local aproximada entre ponto CANIE e segmentos das rotas esquemáticas","fonte_cavidade":"CANIE/CECAV/ICMBio · snapshot local capturado em 10/08/2026","fonte_rotas":"JOAJU MS · propostas metodológicas de rotas · corte 10/08/2026","data_corte":"2026-08-10","natureza_resultado":"análise espacial derivada","limitacoes":"Proximidade cartográfica não implica acesso, visitação, segurança, integração cultural ou autorização."}},{"type":"Feature","geometry":{"type":"Point","coordinates":[-56.788993,-20.73694101]},"properties":{"ogc_fid":235,"num_canie":"005707.00061.50.02159","nome":"Caverna Pai Adão III","estado":"Mato Grosso do Sul","municipio":"Bodoquena","longitude":"-56.788993","latitude":"-20.736941","nvl_valida":"Nível 1","__atlas_fonte_oficial":"CANIE/CECAV/ICMBio","__atlas_metodo_captura":"WFS oficial ICMBio/INDE","__atlas_tipo_servico":"ICMBio:canie_052026_p","__atlas_capturado_em":"2026-08-10T12:53:17.009Z","__atlas_recorte":"Mato Grosso do Sul por atributo ou interseção com envelope estadual","__atlas_aviso":"Cadastro não representa todo o universo de cavernas e não substitui validação de campo ou autorização de visitação.","id_rota_mais_proxima":"ROTA-EST-030","rota_mais_proxima":"Rota dos Museus, Memórias e Centros Históricos Urbanos","distancia_minima_rota_km":7.952,"limiar_exploratorio_km":50,"metodo":"menor distância euclidiana local aproximada entre ponto CANIE e segmentos das rotas esquemáticas","fonte_cavidade":"CANIE/CECAV/ICMBio · snapshot local capturado em 10/08/2026","fonte_rotas":"JOAJU MS · propostas metodológicas de rotas · corte 10/08/2026","data_corte":"2026-08-10","natureza_resultado":"análise espacial derivada","limitacoes":"Proximidade cartográfica não implica acesso, visitação, segurança, integração cultural ou autorização."}},{"type":"Feature","geometry":{"type":"Point","coordinates":[-56.783692,-20.73484101]},"properties":{"ogc_fid":238,"num_canie":"005710.00062.50.02159","nome":"Caverna Pai Adão II","estado":"Mato Grosso do Sul","municipio":"Bodoquena","longitude":"-56.783692","latitude":"-20.734841","nvl_valida":"Nível 1","__atlas_fonte_oficial":"CANIE/CECAV/ICMBio","__atlas_metodo_captura":"WFS oficial ICMBio/INDE","__atlas_tipo_servico":"ICMBio:canie_052026_p","__atlas_capturado_em":"2026-08-10T12:53:17.009Z","__atlas_recorte":"Mato Grosso do Sul por atributo ou interseção com envelope estadual","__atlas_aviso":"Cadastro não representa todo o universo de cavernas e não substitui validação de campo ou autorização de visitação.","id_rota_mais_proxima":"ROTA-EST-030","rota_mais_proxima":"Rota dos Museus, Memórias e Centros Históricos Urbanos","distancia_minima_rota_km":7.356,"limiar_exploratorio_km":50,"metodo":"menor distância euclidiana local aproximada entre ponto CANIE e segmentos das rotas esquemáticas","fonte_cavidade":"CANIE/CECAV/ICMBio · snapshot local capturado em 10/08/2026","fonte_rotas":"JOAJU MS · propostas metodológicas de rotas · corte 10/08/2026","data_corte":"2026-08-10","natureza_resultado":"análise espacial derivada","limitacoes":"Proximidade cartográfica não implica acesso, visitação, segurança, integração cultural ou autorização."}},{"type":"Feature","geometry":{"type":"Point","coordinates":[-56.783592,-20.73454101]},"properties":{"ogc_fid":239,"num_canie":"005711.00063.50.02159","nome":"Abrigo Pai Adão","estado":"Mato Grosso do Sul","municipio":"Bodoquena","longitude":"-56.783592","latitude":"-20.734541","nvl_valida":"Nível 1","__atlas_fonte_oficial":"CANIE/CECAV/ICMBio","__atlas_metodo_captura":"WFS oficial ICMBio/INDE","__atlas_tipo_servico":"ICMBio:canie_052026_p","__atlas_capturado_em":"2026-08-10T12:53:17.009Z","__atlas_recorte":"Mato Grosso do Sul por atributo ou interseção com envelope estadual","__atlas_aviso":"Cadastro não representa todo o universo de cavernas e não substitui validação de campo ou autorização de visitação.","id_rota_mais_proxima":"ROTA-EST-030","rota_mais_proxima":"Rota dos Museus, Memórias e Centros Históricos Urbanos","distancia_minima_rota_km":7.331,"limiar_exploratorio_km":50,"metodo":"menor distância euclidiana local aproximada entre ponto CANIE e segmentos das rotas esquemáticas","fonte_cavidade":"CANIE/CECAV/ICMBio · snapshot local capturado em 10/08/2026","fonte_rotas":"JOAJU MS · propostas metodológicas de rotas · corte 10/08/2026","data_corte":"2026-08-10","natureza_resultado":"análise espacial derivada","limitacoes":"Proximidade cartográfica não implica acesso, visitação, segurança, integração cultural ou autorização."}},{"type":"Feature","geometry":{"type":"Point","coordinates":[-56.726407,-20.58282701]},"properties":{"ogc_fid":240,"num_canie":"005712.00064.50.02159","nome":"Caverna Santa Luzia (Caverna 5)","estado":"Mato Grosso do Sul","municipio":"Bodoquena","longitude":"-56.726407","latitude":"-20.582827","nvl_valida":"Nível 1","__atlas_fonte_oficial":"CANIE/CECAV/ICMBio","__atlas_metodo_captura":"WFS oficial ICMBio/INDE","__atlas_tipo_servico":"ICMBio:canie_052026_p","__atlas_capturado_em":"2026-08-10T12:53:17.009Z","__atlas_recorte":"Mato Grosso do Sul por atributo ou interseção com envelope estadual","__atlas_aviso":"Cadastro não representa todo o universo de cavernas e não substitui validação de campo ou autorização de visitação.","id_rota_mais_proxima":"ROTA-EST-027","rota_mais_proxima":"Rota do Artesanato e das Cerâmicas de Mato Grosso do Sul","distancia_minima_rota_km":2.456,"limiar_exploratorio_km":50,"metodo":"menor distância euclidiana local aproximada entre ponto CANIE e segmentos das rotas esquemáticas","fonte_cavidade":"CANIE/CECAV/ICMBio · snapshot local capturado em 10/08/2026","fonte_rotas":"JOAJU MS · propostas metodológicas de rotas · corte 10/08/2026","data_corte":"2026-08-10","natureza_resultado":"análise espacial derivada","limitacoes":"Proximidade cartográfica não implica acesso, visitação, segurança, integração cultural ou autorização."}},{"type":"Feature","geometry":{"type":"Point","coordinates":[-56.778352,-20.70514001]},"properties":{"ogc_fid":241,"num_canie":"005713.00065.50.02159","nome":"Gruta Nascente do Salobrinha","estado":"Mato Grosso do Sul","municipio":"Bodoquena","longitude":"-56.778352","latitude":"-20.70514","nvl_valida":"Nível 1","__atlas_fonte_oficial":"CANIE/CECAV/ICMBio","__atlas_metodo_captura":"WFS oficial ICMBio/INDE","__atlas_tipo_servico":"ICMBio:canie_052026_p","__atlas_capturado_em":"2026-08-10T12:53:17.009Z","__atlas_recorte":"Mato Grosso do Sul por atributo ou interseção com envelope estadual","__atlas_aviso":"Cadastro não representa todo o universo de cavernas e não substitui validação de campo ou autorização de visitação.","id_rota_mais_proxima":"ROTA-EST-030","rota_mais_proxima":"Rota dos Museus, Memórias e Centros Históricos Urbanos","distancia_minima_rota_km":5.356,"limiar_exploratorio_km":50,"metodo":"menor distância euclidiana local aproximada entre ponto CANIE e segmentos das rotas esquemáticas","fonte_cavidade":"CANIE/CECAV/ICMBio · snapshot local capturado em 10/08/2026","fonte_rotas":"JOAJU MS · propostas metodológicas de rotas · corte 10/08/2026","data_corte":"2026-08-10","natureza_resultado":"análise espacial derivada","limitacoes":"Proximidade cartográfica não implica acesso, visitação, segurança, integração cultural ou autorização."}},{"type":"Feature","geometry":{"type":"Point","coordinates":[-56.77769,-20.72477401]},"properties":{"ogc_fid":242,"num_canie":"005714.00066.50.02159","nome":"Caverna Nova Aliança","estado":"Mato Grosso do Sul","municipio":"Bodoquena","longitude":"-56.77769","latitude":"-20.724774","nvl_valida":"Nível 1","__atlas_fonte_oficial":"CANIE/CECAV/ICMBio","__atlas_metodo_captura":"WFS oficial ICMBio/INDE","__atlas_tipo_servico":"ICMBio:canie_052026_p","__atlas_capturado_em":"2026-08-10T12:53:17.009Z","__atlas_recorte":"Mato Grosso do Sul por atributo ou interseção com envelope estadual","__atlas_aviso":"Cadastro não representa todo o universo de cavernas e não substitui validação de campo ou autorização de visitação.","id_rota_mais_proxima":"ROTA-EST-030","rota_mais_proxima":"Rota dos Museus, Memórias e Centros Históricos Urbanos","distancia_minima_rota_km":6.29,"limiar_exploratorio_km":50,"metodo":"menor distância euclidiana local aproximada entre ponto CANIE e segmentos das rotas esquemáticas","fonte_cavidade":"CANIE/CECAV/ICMBio · snapshot local capturado em 10/08/2026","fonte_rotas":"JOAJU MS · propostas metodológicas de rotas · corte 10/08/2026","data_corte":"2026-08-10","natureza_resultado":"análise espacial derivada","limitacoes":"Proximidade cartográfica não implica acesso, visitação, segurança, integração cultural ou autorização."}},{"type":"Feature","geometry":{"type":"Point","coordinates":[-56.77558,-21.42827501]},"properties":{"ogc_fid":243,"num_canie":"005715.00067.50.06903","nome":"Gruta do Bezerro","estado":"Mato Grosso do Sul","municipio":"Porto Murtinho","longitude":"-56.77558","latitude":"-21.428275","nvl_valida":"Nível 1","__atlas_fonte_oficial":"CANIE/CECAV/ICMBio","__atlas_metodo_captura":"WFS oficial ICMBio/INDE","__atlas_tipo_servico":"ICMBio:canie_052026_p","__atlas_capturado_em":"2026-08-10T12:53:17.009Z","__atlas_recorte":"Mato Grosso do Sul por atributo ou interseção com envelope estadual","__atlas_aviso":"Cadastro não representa todo o universo de cavernas e não substitui validação de campo ou autorização de visitação.","id_rota_mais_proxima":"ROTA-EST-014","rota_mais_proxima":"Rota Bioceânica das Culturas de Fronteira","distancia_minima_rota_km":14.296,"limiar_exploratorio_km":50,"metodo":"menor distância euclidiana local aproximada entre ponto CANIE e segmentos das rotas esquemáticas","fonte_cavidade":"CANIE/CECAV/ICMBio · snapshot local capturado em 10/08/2026","fonte_rotas":"JOAJU MS · propostas metodológicas de rotas · corte 10/08/2026","data_corte":"2026-08-10","natureza_resultado":"análise espacial derivada","limitacoes":"Proximidade cartográfica não implica acesso, visitação, segurança, integração cultural ou autorização."}},{"type":"Feature","geometry":{"type":"Point","coordinates":[-56.773195,-21.40584301]},"properties":{"ogc_fid":245,"num_canie":"005717.00068.50.06903","nome":"Caverna 4 (Gruta Campo Verde  IV)","estado":"Mato Grosso do Sul","municipio":"Porto Murtinho","longitude":"-56.773195","latitude":"-21.405843","nvl_valida":"Nível 1","__atlas_fonte_oficial":"CANIE/CECAV/ICMBio","__atlas_metodo_captura":"WFS oficial ICMBio/INDE","__atlas_tipo_servico":"ICMBio:canie_052026_p","__atlas_capturado_em":"2026-08-10T12:53:17.009Z","__atlas_recorte":"Mato Grosso do Sul por atributo ou interseção com envelope estadual","__atlas_aviso":"Cadastro não representa todo o universo de cavernas e não substitui validação de campo ou autorização de visitação.","id_rota_mais_proxima":"ROTA-EST-022","rota_mais_proxima":"Rota de Aviturismo da Rota Bioceânica","distancia_minima_rota_km":16.362,"limiar_exploratorio_km":50,"metodo":"menor distância euclidiana local aproximada entre ponto CANIE e segmentos das rotas esquemáticas","fonte_cavidade":"CANIE/CECAV/ICMBio · snapshot local capturado em 10/08/2026","fonte_rotas":"JOAJU MS · propostas metodológicas de rotas · corte 10/08/2026","data_corte":"2026-08-10","natureza_resultado":"análise espacial derivada","limitacoes":"Proximidade cartográfica não implica acesso, visitação, segurança, integração cultural ou autorização."}},{"type":"Feature","geometry":{"type":"Point","coordinates":[-56.773186,-20.75615901]},"properties":{"ogc_fid":246,"num_canie":"005718.00069.50.02159","nome":"Gruta do Bacuri","estado":"Mato Grosso do Sul","municipio":"Bodoquena","longitude":"-56.773186","latitude":"-20.756159","nvl_valida":"Nível 1","__atlas_fonte_oficial":"CANIE/CECAV/ICMBio","__atlas_metodo_captura":"WFS oficial ICMBio/INDE","__atlas_tipo_servico":"ICMBio:canie_052026_p","__atlas_capturado_em":"2026-08-10T12:53:17.009Z","__atlas_recorte":"Mato Grosso do Sul por atributo ou interseção com envelope estadual","__atlas_aviso":"Cadastro não representa todo o universo de cavernas e não substitui validação de campo ou autorização de visitação.","id_rota_mais_proxima":"ROTA-EST-030","rota_mais_proxima":"Rota dos Museus, Memórias e Centros Históricos Urbanos","distancia_minima_rota_km":7.464,"limiar_exploratorio_km":50,"metodo":"menor distância euclidiana local aproximada entre ponto CANIE e segmentos das rotas esquemáticas","fonte_cavidade":"CANIE/CECAV/ICMBio · snapshot local capturado em 10/08/2026","fonte_rotas":"JOAJU MS · propostas metodológicas de rotas · corte 10/08/2026","data_corte":"2026-08-10","natureza_resultado":"análise espacial derivada","limitacoes":"Proximidade cartográfica não implica acesso, visitação, segurança, integração cultural ou autorização."}},{"type":"Feature","geometry":{"type":"Point","coordinates":[-56.773095,-21.40564301]},"properties":{"ogc_fid":247,"num_canie":"005719.00070.50.06903","nome":"Caverna 3 (Gruta Campo Verde III)","estado":"Mato Grosso do Sul","municipio":"Porto Murtinho","longitude":"-56.773095","latitude":"-21.405643","nvl_valida":"Nível 1","__atlas_fonte_oficial":"CANIE/CECAV/ICMBio","__atlas_metodo_captura":"WFS oficial ICMBio/INDE","__atlas_tipo_servico":"ICMBio:canie_052026_p","__atlas_capturado_em":"2026-08-10T12:53:17.009Z","__atlas_recorte":"Mato Grosso do Sul por atributo ou interseção com envelope estadual","__atlas_aviso":"Cadastro não representa todo o universo de cavernas e não substitui validação de campo ou autorização de visitação.","id_rota_mais_proxima":"ROTA-EST-022","rota_mais_proxima":"Rota de Aviturismo da Rota Bioceânica","distancia_minima_rota_km":16.346,"limiar_exploratorio_km":50,"metodo":"menor distância euclidiana local aproximada entre ponto CANIE e segmentos das rotas esquemáticas","fonte_cavidade":"CANIE/CECAV/ICMBio · snapshot local capturado em 10/08/2026","fonte_rotas":"JOAJU MS · propostas metodológicas de rotas · corte 10/08/2026","data_corte":"2026-08-10","natureza_resultado":"análise espacial derivada","limitacoes":"Proximidade cartográfica não implica acesso, visitação, segurança, integração cultural ou autorização."}},{"type":"Feature","geometry":{"type":"Point","coordinates":[-56.772295,-21.40534301]},"properties":{"ogc_fid":248,"num_canie":"005720.00071.50.06903","nome":"Caverna 2 (Gruta Campo Verde II)","estado":"Mato Grosso do Sul","municipio":"Porto Murtinho","longitude":"-56.772295","latitude":"-21.405343","nvl_valida":"Nível 1","__atlas_fonte_oficial":"CANIE/CECAV/ICMBio","__atlas_metodo_captura":"WFS oficial ICMBio/INDE","__atlas_tipo_servico":"ICMBio:canie_052026_p","__atlas_capturado_em":"2026-08-10T12:53:17.009Z","__atlas_recorte":"Mato Grosso do Sul por atributo ou interseção com envelope estadual","__atlas_aviso":"Cadastro não representa todo o universo de cavernas e não substitui validação de campo ou autorização de visitação.","id_rota_mais_proxima":"ROTA-EST-022","rota_mais_proxima":"Rota de Aviturismo da Rota Bioceânica","distancia_minima_rota_km":16.349,"limiar_exploratorio_km":50,"metodo":"menor distância euclidiana local aproximada entre ponto CANIE e segmentos das rotas esquemáticas","fonte_cavidade":"CANIE/CECAV/ICMBio · snapshot local capturado em 10/08/2026","fonte_rotas":"JOAJU MS · propostas metodológicas de rotas · corte 10/08/2026","data_corte":"2026-08-10","natureza_resultado":"análise espacial derivada","limitacoes":"Proximidade cartográfica não implica acesso, visitação, segurança, integração cultural ou autorização."}},{"type":"Feature","geometry":{"type":"Point","coordinates":[-56.772095,-21.40494301]},"properties":{"ogc_fid":249,"num_canie":"005721.00072.50.06903","nome":"Caverna 1 (Gruta Campo Verde I)","estado":"Mato Grosso do Sul","municipio":"Porto Murtinho","longitude":"-56.772095","latitude":"-21.404943","nvl_valida":"Nível 1","__atlas_fonte_oficial":"CANIE/CECAV/ICMBio","__atlas_metodo_captura":"WFS oficial ICMBio/INDE","__atlas_tipo_servico":"ICMBio:canie_052026_p","__atlas_capturado_em":"2026-08-10T12:53:17.009Z","__atlas_recorte":"Mato Grosso do Sul por atributo ou interseção com envelope estadual","__atlas_aviso":"Cadastro não representa todo o universo de cavernas e não substitui validação de campo ou autorização de visitação.","id_rota_mais_proxima":"ROTA-EST-022","rota_mais_proxima":"Rota de Aviturismo da Rota Bioceânica","distancia_minima_rota_km":16.317,"limiar_exploratorio_km":50,"metodo":"menor distância euclidiana local aproximada entre ponto CANIE e segmentos das rotas esquemáticas","fonte_cavidade":"CANIE/CECAV/ICMBio · snapshot local capturado em 10/08/2026","fonte_rotas":"JOAJU MS · propostas metodológicas de rotas · corte 10/08/2026","data_corte":"2026-08-10","natureza_resultado":"análise espacial derivada","limitacoes":"Proximidade cartográfica não implica acesso, visitação, segurança, integração cultural ou autorização."}},{"type":"Feature","geometry":{"type":"Point","coordinates":[-56.771995,-21.40624301]},"properties":{"ogc_fid":250,"num_canie":"005722.00073.50.06903","nome":"Caverna 5 (Gruta Campo Verde  V)","estado":"Mato Grosso do Sul","municipio":"Porto Murtinho","longitude":"-56.771995","latitude":"-21.406243","nvl_valida":"Nível 1","__atlas_fonte_oficial":"CANIE/CECAV/ICMBio","__atlas_metodo_captura":"WFS oficial ICMBio/INDE","__atlas_tipo_servico":"ICMBio:canie_052026_p","__atlas_capturado_em":"2026-08-10T12:53:17.009Z","__atlas_recorte":"Mato Grosso do Sul por atributo ou interseção com envelope estadual","__atlas_aviso":"Cadastro não representa todo o universo de cavernas e não substitui validação de campo ou autorização de visitação.","id_rota_mais_proxima":"ROTA-EST-022","rota_mais_proxima":"Rota de Aviturismo da Rota Bioceânica","distancia_minima_rota_km":16.452,"limiar_exploratorio_km":50,"metodo":"menor distância euclidiana local aproximada entre ponto CANIE e segmentos das rotas esquemáticas","fonte_cavidade":"CANIE/CECAV/ICMBio · snapshot local capturado em 10/08/2026","fonte_rotas":"JOAJU MS · propostas metodológicas de rotas · corte 10/08/2026","data_corte":"2026-08-10","natureza_resultado":"análise espacial derivada","limitacoes":"Proximidade cartográfica não implica acesso, visitação, segurança, integração cultural ou autorização."}},{"type":"Feature","geometry":{"type":"Point","coordinates":[-56.771326,-20.74732801]},"properties":{"ogc_fid":251,"num_canie":"005723.00074.50.02159","nome":"Caverna Córrego Seco 2","estado":"Mato Grosso do Sul","municipio":"Bodoquena","longitude":"-56.771326","latitude":"-20.747328","nvl_valida":"Nível 1","__atlas_fonte_oficial":"CANIE/CECAV/ICMBio","__atlas_metodo_captura":"WFS oficial ICMBio/INDE","__atlas_tipo_servico":"ICMBio:canie_052026_p","__atlas_capturado_em":"2026-08-10T12:53:17.009Z","__atlas_recorte":"Mato Grosso do Sul por atributo ou interseção com envelope estadual","__atlas_aviso":"Cadastro não representa todo o universo de cavernas e não substitui validação de campo ou autorização de visitação.","id_rota_mais_proxima":"ROTA-EST-030","rota_mais_proxima":"Rota dos Museus, Memórias e Centros Históricos Urbanos","distancia_minima_rota_km":6.844,"limiar_exploratorio_km":50,"metodo":"menor distância euclidiana local aproximada entre ponto CANIE e segmentos das rotas esquemáticas","fonte_cavidade":"CANIE/CECAV/ICMBio · snapshot local capturado em 10/08/2026","fonte_rotas":"JOAJU MS · propostas metodológicas de rotas · corte 10/08/2026","data_corte":"2026-08-10","natureza_resultado":"análise espacial derivada","limitacoes":"Proximidade cartográfica não implica acesso, visitação, segurança, integração cultural ou autorização."}},{"type":"Feature","geometry":{"type":"Point","coordinates":[-56.768395,-21.42904301]},"properties":{"ogc_fid":252,"num_canie":"005724.00075.50.06903","nome":"Gruta da Ponte de Pedra","estado":"Mato Grosso do Sul","municipio":"Porto Murtinho","longitude":"-56.768395","latitude":"-21.429043","nvl_valida":"Nível 1","__atlas_fonte_oficial":"CANIE/CECAV/ICMBio","__atlas_metodo_captura":"WFS oficial ICMBio/INDE","__atlas_tipo_servico":"ICMBio:canie_052026_p","__atlas_capturado_em":"2026-08-10T12:53:17.009Z","__atlas_recorte":"Mato Grosso do Sul por atributo ou interseção com envelope estadual","__atlas_aviso":"Cadastro não representa todo o universo de cavernas e não substitui validação de campo ou autorização de visitação.","id_rota_mais_proxima":"ROTA-EST-014","rota_mais_proxima":"Rota Bioceânica das Culturas de Fronteira","distancia_minima_rota_km":14.113,"limiar_exploratorio_km":50,"metodo":"menor distância euclidiana local aproximada entre ponto CANIE e segmentos das rotas esquemáticas","fonte_cavidade":"CANIE/CECAV/ICMBio · snapshot local capturado em 10/08/2026","fonte_rotas":"JOAJU MS · propostas metodológicas de rotas · corte 10/08/2026","data_corte":"2026-08-10","natureza_resultado":"análise espacial derivada","limitacoes":"Proximidade cartográfica não implica acesso, visitação, segurança, integração cultural ou autorização."}},{"type":"Feature","geometry":{"type":"Point","coordinates":[-56.767192,-20.74504101]},"properties":{"ogc_fid":253,"num_canie":"005725.00076.50.02159","nome":"Gruta Mina do Seu Jesus","estado":"Mato Grosso do Sul","municipio":"Bodoquena","longitude":"-56.767192","latitude":"-20.745041","nvl_valida":"Nível 1","__atlas_fonte_oficial":"CANIE/CECAV/ICMBio","__atlas_metodo_captura":"WFS oficial ICMBio/INDE","__atlas_tipo_servico":"ICMBio:canie_052026_p","__atlas_capturado_em":"2026-08-10T12:53:17.009Z","__atlas_recorte":"Mato Grosso do Sul por atributo ou interseção com envelope estadual","__atlas_aviso":"Cadastro não representa todo o universo de cavernas e não substitui validação de campo ou autorização de visitação.","id_rota_mais_proxima":"ROTA-EST-030","rota_mais_proxima":"Rota dos Museus, Memórias e Centros Históricos Urbanos","distancia_minima_rota_km":6.346,"limiar_exploratorio_km":50,"metodo":"menor distância euclidiana local aproximada entre ponto CANIE e segmentos das rotas esquemáticas","fonte_cavidade":"CANIE/CECAV/ICMBio · snapshot local capturado em 10/08/2026","fonte_rotas":"JOAJU MS · propostas metodológicas de rotas · corte 10/08/2026","data_corte":"2026-08-10","natureza_resultado":"análise espacial derivada","limitacoes":"Proximidade cartográfica não implica acesso, visitação, segurança, integração cultural ou autorização."}},{"type":"Feature","geometry":{"type":"Point","coordinates":[-56.764939,-21.21434301]},"properties":{"ogc_fid":254,"num_canie":"005726.00077.50.06903","nome":"Abrigo II","estado":"Mato Grosso do Sul","municipio":"Porto Murtinho","longitude":"-56.764939","latitude":"-21.214343","nvl_valida":"Nível 1","__atlas_fonte_oficial":"CANIE/CECAV/ICMBio","__atlas_metodo_captura":"WFS oficial ICMBio/INDE","__atlas_tipo_servico":"ICMBio:canie_052026_p","__atlas_capturado_em":"2026-08-10T12:53:17.009Z","__atlas_recorte":"Mato Grosso do Sul por atributo ou interseção com envelope estadual","__atlas_aviso":"Cadastro não representa todo o universo de cavernas e não substitui validação de campo ou autorização de visitação.","id_rota_mais_proxima":"ROTA-EST-022","rota_mais_proxima":"Rota de Aviturismo da Rota Bioceânica","distancia_minima_rota_km":2.707,"limiar_exploratorio_km":50,"metodo":"menor distância euclidiana local aproximada entre ponto CANIE e segmentos das rotas esquemáticas","fonte_cavidade":"CANIE/CECAV/ICMBio · snapshot local capturado em 10/08/2026","fonte_rotas":"JOAJU MS · propostas metodológicas de rotas · corte 10/08/2026","data_corte":"2026-08-10","natureza_resultado":"análise espacial derivada","limitacoes":"Proximidade cartográfica não implica acesso, visitação, segurança, integração cultural ou autorização."}},{"type":"Feature","geometry":{"type":"Point","coordinates":[-56.76491,-21.21453201]},"properties":{"ogc_fid":255,"num_canie":"005727.00078.50.06903","nome":"Abrigo I","estado":"Mato Grosso do Sul","municipio":"Porto Murtinho","longitude":"-56.76491","latitude":"-21.214532","nvl_valida":"Nível 1","__atlas_fonte_oficial":"CANIE/CECAV/ICMBio","__atlas_metodo_captura":"WFS oficial ICMBio/INDE","__atlas_tipo_servico":"ICMBio:canie_052026_p","__atlas_capturado_em":"2026-08-10T12:53:17.009Z","__atlas_recorte":"Mato Grosso do Sul por atributo ou interseção com envelope estadual","__atlas_aviso":"Cadastro não representa todo o universo de cavernas e não substitui validação de campo ou autorização de visitação.","id_rota_mais_proxima":"ROTA-EST-022","rota_mais_proxima":"Rota de Aviturismo da Rota Bioceânica","distancia_minima_rota_km":2.687,"limiar_exploratorio_km":50,"metodo":"menor distância euclidiana local aproximada entre ponto CANIE e segmentos das rotas esquemáticas","fonte_cavidade":"CANIE/CECAV/ICMBio · snapshot local capturado em 10/08/2026","fonte_rotas":"JOAJU MS · propostas metodológicas de rotas · corte 10/08/2026","data_corte":"2026-08-10","natureza_resultado":"análise espacial derivada","limitacoes":"Proximidade cartográfica não implica acesso, visitação, segurança, integração cultural ou autorização."}},{"type":"Feature","geometry":{"type":"Point","coordinates":[-56.764074,-21.20717601]},"properties":{"ogc_fid":256,"num_canie":"005728.00079.50.06903","nome":"Gruta da Figueira I","estado":"Mato Grosso do Sul","municipio":"Porto Murtinho","longitude":"-56.764074","latitude":"-21.207176","nvl_valida":"Nível 1","__atlas_fonte_oficial":"CANIE/CECAV/ICMBio","__atlas_metodo_captura":"WFS oficial ICMBio/INDE","__atlas_tipo_servico":"ICMBio:canie_052026_p","__atlas_capturado_em":"2026-08-10T12:53:17.009Z","__atlas_recorte":"Mato Grosso do Sul por atributo ou interseção com envelope estadual","__atlas_aviso":"Cadastro não representa todo o universo de cavernas e não substitui validação de campo ou autorização de visitação.","id_rota_mais_proxima":"ROTA-EST-022","rota_mais_proxima":"Rota de Aviturismo da Rota Bioceânica","distancia_minima_rota_km":3.398,"limiar_exploratorio_km":50,"metodo":"menor distância euclidiana local aproximada entre ponto CANIE e segmentos das rotas esquemáticas","fonte_cavidade":"CANIE/CECAV/ICMBio · snapshot local capturado em 10/08/2026","fonte_rotas":"JOAJU MS · propostas metodológicas de rotas · corte 10/08/2026","data_corte":"2026-08-10","natureza_resultado":"análise espacial derivada","limitacoes":"Proximidade cartográfica não implica acesso, visitação, segurança, integração cultural ou autorização."}},{"type":"Feature","geometry":{"type":"Point","coordinates":[-56.763881,-21.20705901]},"properties":{"ogc_fid":257,"num_canie":"005729.00080.50.06903","nome":"Gruta da Figueira II","estado":"Mato Grosso do Sul","municipio":"Porto Murtinho","longitude":"-56.763881","latitude":"-21.207059","nvl_valida":"Nível 1","__atlas_fonte_oficial":"CANIE/CECAV/ICMBio","__atlas_metodo_captura":"WFS oficial ICMBio/INDE","__atlas_tipo_servico":"ICMBio:canie_052026_p","__atlas_capturado_em":"2026-08-10T12:53:17.009Z","__atlas_recorte":"Mato Grosso do Sul por atributo ou interseção com envelope estadual","__atlas_aviso":"Cadastro não representa todo o universo de cavernas e não substitui validação de campo ou autorização de visitação.","id_rota_mais_proxima":"ROTA-EST-022","rota_mais_proxima":"Rota de Aviturismo da Rota Bioceânica","distancia_minima_rota_km":3.402,"limiar_exploratorio_km":50,"metodo":"menor distância euclidiana local aproximada entre ponto CANIE e segmentos das rotas esquemáticas","fonte_cavidade":"CANIE/CECAV/ICMBio · snapshot local capturado em 10/08/2026","fonte_rotas":"JOAJU MS · propostas metodológicas de rotas · corte 10/08/2026","data_corte":"2026-08-10","natureza_resultado":"análise espacial derivada","limitacoes":"Proximidade cartográfica não implica acesso, visitação, segurança, integração cultural ou autorização."}},{"type":"Feature","geometry":{"type":"Point","coordinates":[-56.761692,-20.70644101]},"properties":{"ogc_fid":258,"num_canie":"005730.00081.50.02159","nome":"Gruta do Salobrinha","estado":"Mato Grosso do Sul","municipio":"Bodoquena","longitude":"-56.761692","latitude":"-20.706441","nvl_valida":"Nível 1","__atlas_fonte_oficial":"CANIE/CECAV/ICMBio","__atlas_metodo_captura":"WFS oficial ICMBio/INDE","__atlas_tipo_servico":"ICMBio:canie_052026_p","__atlas_capturado_em":"2026-08-10T12:53:17.009Z","__atlas_recorte":"Mato Grosso do Sul por atributo ou interseção com envelope estadual","__atlas_aviso":"Cadastro não representa todo o universo de cavernas e não substitui validação de campo ou autorização de visitação.","id_rota_mais_proxima":"ROTA-EST-030","rota_mais_proxima":"Rota dos Museus, Memórias e Centros Históricos Urbanos","distancia_minima_rota_km":3.88,"limiar_exploratorio_km":50,"metodo":"menor distância euclidiana local aproximada entre ponto CANIE e segmentos das rotas esquemáticas","fonte_cavidade":"CANIE/CECAV/ICMBio · snapshot local capturado em 10/08/2026","fonte_rotas":"JOAJU MS · propostas metodológicas de rotas · corte 10/08/2026","data_corte":"2026-08-10","natureza_resultado":"análise espacial derivada","limitacoes":"Proximidade cartográfica não implica acesso, visitação, segurança, integração cultural ou autorização."}},{"type":"Feature","geometry":{"type":"Point","coordinates":[-56.757563,-21.49308601]},"properties":{"ogc_fid":259,"num_canie":"005731.00082.50.05004","nome":"Gruta da Onça","estado":"Mato Grosso do Sul","municipio":"Jardim","longitude":"-56.757563","latitude":"-21.493086","nvl_valida":"Nível 1","__atlas_fonte_oficial":"CANIE/CECAV/ICMBio","__atlas_metodo_captura":"WFS oficial ICMBio/INDE","__atlas_tipo_servico":"ICMBio:canie_052026_p","__atlas_capturado_em":"2026-08-10T12:53:17.009Z","__atlas_recorte":"Mato Grosso do Sul por atributo ou interseção com envelope estadual","__atlas_aviso":"Cadastro não representa todo o universo de cavernas e não substitui validação de campo ou autorização de visitação.","id_rota_mais_proxima":"ROTA-EST-014","rota_mais_proxima":"Rota Bioceânica das Culturas de Fronteira","distancia_minima_rota_km":6.945,"limiar_exploratorio_km":50,"metodo":"menor distância euclidiana local aproximada entre ponto CANIE e segmentos das rotas esquemáticas","fonte_cavidade":"CANIE/CECAV/ICMBio · snapshot local capturado em 10/08/2026","fonte_rotas":"JOAJU MS · propostas metodológicas de rotas · corte 10/08/2026","data_corte":"2026-08-10","natureza_resultado":"análise espacial derivada","limitacoes":"Proximidade cartográfica não implica acesso, visitação, segurança, integração cultural ou autorização."}},{"type":"Feature","geometry":{"type":"Point","coordinates":[-56.757292,-20.66954101]},"properties":{"ogc_fid":260,"num_canie":"005732.00083.50.02159","nome":"Gruta Cachoeira","estado":"Mato Grosso do Sul","municipio":"Bodoquena","longitude":"-56.757292","latitude":"-20.669541","nvl_valida":"Nível 1","__atlas_fonte_oficial":"CANIE/CECAV/ICMBio","__atlas_metodo_captura":"WFS oficial ICMBio/INDE","__atlas_tipo_servico":"ICMBio:canie_052026_p","__atlas_capturado_em":"2026-08-10T12:53:17.009Z","__atlas_recorte":"Mato Grosso do Sul por atributo ou interseção com envelope estadual","__atlas_aviso":"Cadastro não representa todo o universo de cavernas e não substitui validação de campo ou autorização de visitação.","id_rota_mais_proxima":"ROTA-EST-030","rota_mais_proxima":"Rota dos Museus, Memórias e Centros Históricos Urbanos","distancia_minima_rota_km":1.602,"limiar_exploratorio_km":50,"metodo":"menor distância euclidiana local aproximada entre ponto CANIE e segmentos das rotas esquemáticas","fonte_cavidade":"CANIE/CECAV/ICMBio · snapshot local capturado em 10/08/2026","fonte_rotas":"JOAJU MS · propostas metodológicas de rotas · corte 10/08/2026","data_corte":"2026-08-10","natureza_resultado":"análise espacial derivada","limitacoes":"Proximidade cartográfica não implica acesso, visitação, segurança, integração cultural ou autorização."}},{"type":"Feature","geometry":{"type":"Point","coordinates":[-56.756687,-21.22842601]},"properties":{"ogc_fid":261,"num_canie":"005733.00084.50.06903","nome":"Abismo da Lagoa","estado":"Mato Grosso do Sul","municipio":"Porto Murtinho","longitude":"-56.756687","latitude":"-21.228426","nvl_valida":"Nível 1","__atlas_fonte_oficial":"CANIE/CECAV/ICMBio","__atlas_metodo_captura":"WFS oficial ICMBio/INDE","__atlas_tipo_servico":"ICMBio:canie_052026_p","__atlas_capturado_em":"2026-08-10T12:53:17.009Z","__atlas_recorte":"Mato Grosso do Sul por atributo ou interseção com envelope estadual","__atlas_aviso":"Cadastro não representa todo o universo de cavernas e não substitui validação de campo ou autorização de visitação.","id_rota_mais_proxima":"ROTA-EST-022","rota_mais_proxima":"Rota de Aviturismo da Rota Bioceânica","distancia_minima_rota_km":0.938,"limiar_exploratorio_km":50,"metodo":"menor distância euclidiana local aproximada entre ponto CANIE e segmentos das rotas esquemáticas","fonte_cavidade":"CANIE/CECAV/ICMBio · snapshot local capturado em 10/08/2026","fonte_rotas":"JOAJU MS · propostas metodológicas de rotas · corte 10/08/2026","data_corte":"2026-08-10","natureza_resultado":"análise espacial derivada","limitacoes":"Proximidade cartográfica não implica acesso, visitação, segurança, integração cultural ou autorização."}},{"type":"Feature","geometry":{"type":"Point","coordinates":[-56.77302,-21.40433401]},"properties":{"ogc_fid":262,"num_canie":"005734.00085.50.06903","nome":"Caverna 6 (Gruta Campo Verde VI)","estado":"Mato Grosso do Sul","municipio":"Porto Murtinho","longitude":"-56.77302","latitude":"-21.404334","nvl_valida":"Nível 1","__atlas_fonte_oficial":"CANIE/CECAV/ICMBio","__atlas_metodo_captura":"WFS oficial ICMBio/INDE","__atlas_tipo_servico":"ICMBio:canie_052026_p","__atlas_capturado_em":"2026-08-10T12:53:17.009Z","__atlas_recorte":"Mato Grosso do Sul por atributo ou interseção com envelope estadual","__atlas_aviso":"Cadastro não representa todo o universo de cavernas e não substitui validação de campo ou autorização de visitação.","id_rota_mais_proxima":"ROTA-EST-022","rota_mais_proxima":"Rota de Aviturismo da Rota Bioceânica","distancia_minima_rota_km":16.217,"limiar_exploratorio_km":50,"metodo":"menor distância euclidiana local aproximada entre ponto CANIE e segmentos das rotas esquemáticas","fonte_cavidade":"CANIE/CECAV/ICMBio · snapshot local capturado em 10/08/2026","fonte_rotas":"JOAJU MS · propostas metodológicas de rotas · corte 10/08/2026","data_corte":"2026-08-10","natureza_resultado":"análise espacial derivada","limitacoes":"Proximidade cartográfica não implica acesso, visitação, segurança, integração cultural ou autorização."}},{"type":"Feature","geometry":{"type":"Point","coordinates":[-56.752792,-20.76304101]},"properties":{"ogc_fid":263,"num_canie":"005735.00086.50.02159","nome":"Gruta Córrego Azul I (Gruta 1)","estado":"Mato Grosso do Sul","municipio":"Bodoquena","longitude":"-56.752792","latitude":"-20.763041","nvl_valida":"Nível 1","__atlas_fonte_oficial":"CANIE/CECAV/ICMBio","__atlas_metodo_captura":"WFS oficial ICMBio/INDE","__atlas_tipo_servico":"ICMBio:canie_052026_p","__atlas_capturado_em":"2026-08-10T12:53:17.009Z","__atlas_recorte":"Mato Grosso do Sul por atributo ou interseção com envelope estadual","__atlas_aviso":"Cadastro não representa todo o universo de cavernas e não substitui validação de campo ou autorização de visitação.","id_rota_mais_proxima":"ROTA-EST-030","rota_mais_proxima":"Rota dos Museus, Memórias e Centros Históricos Urbanos","distancia_minima_rota_km":5.926,"limiar_exploratorio_km":50,"metodo":"menor distância euclidiana local aproximada entre ponto CANIE e segmentos das rotas esquemáticas","fonte_cavidade":"CANIE/CECAV/ICMBio · snapshot local capturado em 10/08/2026","fonte_rotas":"JOAJU MS · propostas metodológicas de rotas · corte 10/08/2026","data_corte":"2026-08-10","natureza_resultado":"análise espacial derivada","limitacoes":"Proximidade cartográfica não implica acesso, visitação, segurança, integração cultural ou autorização."}},{"type":"Feature","geometry":{"type":"Point","coordinates":[-56.752292,-20.76284101]},"properties":{"ogc_fid":264,"num_canie":"005736.00087.50.02159","nome":"Gruta Córrego Azul II (Gruta 2)","estado":"Mato Grosso do Sul","municipio":"Bodoquena","longitude":"-56.752292","latitude":"-20.762841","nvl_valida":"Nível 1","__atlas_fonte_oficial":"CANIE/CECAV/ICMBio","__atlas_metodo_captura":"WFS oficial ICMBio/INDE","__atlas_tipo_servico":"ICMBio:canie_052026_p","__atlas_capturado_em":"2026-08-10T12:53:17.009Z","__atlas_recorte":"Mato Grosso do Sul por atributo ou interseção com envelope estadual","__atlas_aviso":"Cadastro não representa todo o universo de cavernas e não substitui validação de campo ou autorização de visitação.","id_rota_mais_proxima":"ROTA-EST-030","rota_mais_proxima":"Rota dos Museus, Memórias e Centros Históricos Urbanos","distancia_minima_rota_km":5.87,"limiar_exploratorio_km":50,"metodo":"menor distância euclidiana local aproximada entre ponto CANIE e segmentos das rotas esquemáticas","fonte_cavidade":"CANIE/CECAV/ICMBio · snapshot local capturado em 10/08/2026","fonte_rotas":"JOAJU MS · propostas metodológicas de rotas · corte 10/08/2026","data_corte":"2026-08-10","natureza_resultado":"análise espacial derivada","limitacoes":"Proximidade cartográfica não implica acesso, visitação, segurança, integração cultural ou autorização."}},{"type":"Feature","geometry":{"type":"Point","coordinates":[-56.751492,-20.76214101]},"properties":{"ogc_fid":265,"num_canie":"005737.00088.50.02159","nome":"Gruta Córrego Azul III (Gruta 3)","estado":"Mato Grosso do Sul","municipio":"Bodoquena","longitude":"-56.751492","latitude":"-20.762141","nvl_valida":"Nível 1","__atlas_fonte_oficial":"CANIE/CECAV/ICMBio","__atlas_metodo_captura":"WFS oficial ICMBio/INDE","__atlas_tipo_servico":"ICMBio:canie_052026_p","__atlas_capturado_em":"2026-08-10T12:53:17.009Z","__atlas_recorte":"Mato Grosso do Sul por atributo ou interseção com envelope estadual","__atlas_aviso":"Cadastro não representa todo o universo de cavernas e não substitui validação de campo ou autorização de visitação.","id_rota_mais_proxima":"ROTA-EST-030","rota_mais_proxima":"Rota dos Museus, Memórias e Centros Históricos Urbanos","distancia_minima_rota_km":5.76,"limiar_exploratorio_km":50,"metodo":"menor distância euclidiana local aproximada entre ponto CANIE e segmentos das rotas esquemáticas","fonte_cavidade":"CANIE/CECAV/ICMBio · snapshot local capturado em 10/08/2026","fonte_rotas":"JOAJU MS · propostas metodológicas de rotas · corte 10/08/2026","data_corte":"2026-08-10","natureza_resultado":"análise espacial derivada","limitacoes":"Proximidade cartográfica não implica acesso, visitação, segurança, integração cultural ou autorização."}},{"type":"Feature","geometry":{"type":"Point","coordinates":[-56.749647,-20.77264101]},"properties":{"ogc_fid":270,"num_canie":"005742.00089.50.02159","nome":"Caverna do Morro do Jericó","estado":"Mato Grosso do Sul","municipio":"Bodoquena","longitude":"-56.749647","latitude":"-20.772641","nvl_valida":"Nível 1","__atlas_fonte_oficial":"CANIE/CECAV/ICMBio","__atlas_metodo_captura":"WFS oficial ICMBio/INDE","__atlas_tipo_servico":"ICMBio:canie_052026_p","__atlas_capturado_em":"2026-08-10T12:53:17.009Z","__atlas_recorte":"Mato Grosso do Sul por atributo ou interseção com envelope estadual","__atlas_aviso":"Cadastro não representa todo o universo de cavernas e não substitui validação de campo ou autorização de visitação.","id_rota_mais_proxima":"ROTA-EST-030","rota_mais_proxima":"Rota dos Museus, Memórias e Centros Históricos Urbanos","distancia_minima_rota_km":6.122,"limiar_exploratorio_km":50,"metodo":"menor distância euclidiana local aproximada entre ponto CANIE e segmentos das rotas esquemáticas","fonte_cavidade":"CANIE/CECAV/ICMBio · snapshot local capturado em 10/08/2026","fonte_rotas":"JOAJU MS · propostas metodológicas de rotas · corte 10/08/2026","data_corte":"2026-08-10","natureza_resultado":"análise espacial derivada","limitacoes":"Proximidade cartográfica não implica acesso, visitação, segurança, integração cultural ou autorização."}},{"type":"Feature","geometry":{"type":"Point","coordinates":[-56.748192,-20.77874201]},"properties":{"ogc_fid":271,"num_canie":"005743.00090.50.02159","nome":"Caverna Paredão do Salobra","estado":"Mato Grosso do Sul","municipio":"Bodoquena","longitude":"-56.748192","latitude":"-20.778742","nvl_valida":"Nível 1","__atlas_fonte_oficial":"CANIE/CECAV/ICMBio","__atlas_metodo_captura":"WFS oficial ICMBio/INDE","__atlas_tipo_servico":"ICMBio:canie_052026_p","__atlas_capturado_em":"2026-08-10T12:53:17.009Z","__atlas_recorte":"Mato Grosso do Sul por atributo ou interseção com envelope estadual","__atlas_aviso":"Cadastro não representa todo o universo de cavernas e não substitui validação de campo ou autorização de visitação.","id_rota_mais_proxima":"ROTA-EST-030","rota_mais_proxima":"Rota dos Museus, Memórias e Centros Históricos Urbanos","distancia_minima_rota_km":6.296,"limiar_exploratorio_km":50,"metodo":"menor distância euclidiana local aproximada entre ponto CANIE e segmentos das rotas esquemáticas","fonte_cavidade":"CANIE/CECAV/ICMBio · snapshot local capturado em 10/08/2026","fonte_rotas":"JOAJU MS · propostas metodológicas de rotas · corte 10/08/2026","data_corte":"2026-08-10","natureza_resultado":"análise espacial derivada","limitacoes":"Proximidade cartográfica não implica acesso, visitação, segurança, integração cultural ou autorização."}},{"type":"Feature","geometry":{"type":"Point","coordinates":[-56.744575,-21.42297301]},"properties":{"ogc_fid":272,"num_canie":"005744.00091.50.06903","nome":"Gruta do Panelão","estado":"Mato Grosso do Sul","municipio":"Porto Murtinho","longitude":"-56.744575","latitude":"-21.422973","nvl_valida":"Nível 1","__atlas_fonte_oficial":"CANIE/CECAV/ICMBio","__atlas_metodo_captura":"WFS oficial ICMBio/INDE","__atlas_tipo_servico":"ICMBio:canie_052026_p","__atlas_capturado_em":"2026-08-10T12:53:17.009Z","__atlas_recorte":"Mato Grosso do Sul por atributo ou interseção com envelope estadual","__atlas_aviso":"Cadastro não representa todo o universo de cavernas e não substitui validação de campo ou autorização de visitação.","id_rota_mais_proxima":"ROTA-EST-014","rota_mais_proxima":"Rota Bioceânica das Culturas de Fronteira","distancia_minima_rota_km":14.45,"limiar_exploratorio_km":50,"metodo":"menor distância euclidiana local aproximada entre ponto CANIE e segmentos das rotas esquemáticas","fonte_cavidade":"CANIE/CECAV/ICMBio · snapshot local capturado em 10/08/2026","fonte_rotas":"JOAJU MS · propostas metodológicas de rotas · corte 10/08/2026","data_corte":"2026-08-10","natureza_resultado":"análise espacial derivada","limitacoes":"Proximidade cartográfica não implica acesso, visitação, segurança, integração cultural ou autorização."}},{"type":"Feature","geometry":{"type":"Point","coordinates":[-56.741162,-21.43207501]},"properties":{"ogc_fid":273,"num_canie":"005745.00092.50.06903","nome":"Gruta Aroeirinha I","estado":"Mato Grosso do Sul","municipio":"Porto Murtinho","longitude":"-56.741162","latitude":"-21.432075","nvl_valida":"Nível 1","__atlas_fonte_oficial":"CANIE/CECAV/ICMBio","__atlas_metodo_captura":"WFS oficial ICMBio/INDE","__atlas_tipo_servico":"ICMBio:canie_052026_p","__atlas_capturado_em":"2026-08-10T12:53:17.009Z","__atlas_recorte":"Mato Grosso do Sul por atributo ou interseção com envelope estadual","__atlas_aviso":"Cadastro não representa todo o universo de cavernas e não substitui validação de campo ou autorização de visitação.","id_rota_mais_proxima":"ROTA-EST-014","rota_mais_proxima":"Rota Bioceânica das Culturas de Fronteira","distancia_minima_rota_km":13.406,"limiar_exploratorio_km":50,"metodo":"menor distância euclidiana local aproximada entre ponto CANIE e segmentos das rotas esquemáticas","fonte_cavidade":"CANIE/CECAV/ICMBio · snapshot local capturado em 10/08/2026","fonte_rotas":"JOAJU MS · propostas metodológicas de rotas · corte 10/08/2026","data_corte":"2026-08-10","natureza_resultado":"análise espacial derivada","limitacoes":"Proximidade cartográfica não implica acesso, visitação, segurança, integração cultural ou autorização."}},{"type":"Feature","geometry":{"type":"Point","coordinates":[-56.740967,-21.43358301]},"properties":{"ogc_fid":274,"num_canie":"005746.00093.50.06903","nome":"Abismo da Aroeirinha","estado":"Mato Grosso do Sul","municipio":"Porto Murtinho","longitude":"-56.740967","latitude":"-21.433583","nvl_valida":"Nível 1","__atlas_fonte_oficial":"CANIE/CECAV/ICMBio","__atlas_metodo_captura":"WFS oficial ICMBio/INDE","__atlas_tipo_servico":"ICMBio:canie_052026_p","__atlas_capturado_em":"2026-08-10T12:53:17.009Z","__atlas_recorte":"Mato Grosso do Sul por atributo ou interseção com envelope estadual","__atlas_aviso":"Cadastro não representa todo o universo de cavernas e não substitui validação de campo ou autorização de visitação.","id_rota_mais_proxima":"ROTA-EST-014","rota_mais_proxima":"Rota Bioceânica das Culturas de Fronteira","distancia_minima_rota_km":13.238,"limiar_exploratorio_km":50,"metodo":"menor distância euclidiana local aproximada entre ponto CANIE e segmentos das rotas esquemáticas","fonte_cavidade":"CANIE/CECAV/ICMBio · snapshot local capturado em 10/08/2026","fonte_rotas":"JOAJU MS · propostas metodológicas de rotas · corte 10/08/2026","data_corte":"2026-08-10","natureza_resultado":"análise espacial derivada","limitacoes":"Proximidade cartográfica não implica acesso, visitação, segurança, integração cultural ou autorização."}},{"type":"Feature","geometry":{"type":"Point","coordinates":[-56.739804,-21.43085301]},"properties":{"ogc_fid":275,"num_canie":"005747.00094.50.06903","nome":"Gruta Aroeirinha II","estado":"Mato Grosso do Sul","municipio":"Porto Murtinho","longitude":"-56.739804","latitude":"-21.430853","nvl_valida":"Nível 1","__atlas_fonte_oficial":"CANIE/CECAV/ICMBio","__atlas_metodo_captura":"WFS oficial ICMBio/INDE","__atlas_tipo_servico":"ICMBio:canie_052026_p","__atlas_capturado_em":"2026-08-10T12:53:17.009Z","__atlas_recorte":"Mato Grosso do Sul por atributo ou interseção com envelope estadual","__atlas_aviso":"Cadastro não representa todo o universo de cavernas e não substitui validação de campo ou autorização de visitação.","id_rota_mais_proxima":"ROTA-EST-014","rota_mais_proxima":"Rota Bioceânica das Culturas de Fronteira","distancia_minima_rota_km":13.521,"limiar_exploratorio_km":50,"metodo":"menor distância euclidiana local aproximada entre ponto CANIE e segmentos das rotas esquemáticas","fonte_cavidade":"CANIE/CECAV/ICMBio · snapshot local capturado em 10/08/2026","fonte_rotas":"JOAJU MS · propostas metodológicas de rotas · corte 10/08/2026","data_corte":"2026-08-10","natureza_resultado":"análise espacial derivada","limitacoes":"Proximidade cartográfica não implica acesso, visitação, segurança, integração cultural ou autorização."}},{"type":"Feature","geometry":{"type":"Point","coordinates":[-56.733161,-20.40068801]},"properties":{"ogc_fid":276,"num_canie":"005748.00095.50.05608","nome":"Abrigo da Bóia","estado":"Mato Grosso do Sul","municipio":"Miranda","longitude":"-56.733161","latitude":"-20.400688","nvl_valida":"Nível 1","__atlas_fonte_oficial":"CANIE/CECAV/ICMBio","__atlas_metodo_captura":"WFS oficial ICMBio/INDE","__atlas_tipo_servico":"ICMBio:canie_052026_p","__atlas_capturado_em":"2026-08-10T12:53:17.009Z","__atlas_recorte":"Mato Grosso do Sul por atributo ou interseção com envelope estadual","__atlas_aviso":"Cadastro não representa todo o universo de cavernas e não substitui validação de campo ou autorização de visitação.","id_rota_mais_proxima":"ROTA-EST-026","rota_mais_proxima":"Rota Pantanal Bonito","distancia_minima_rota_km":5.704,"limiar_exploratorio_km":50,"metodo":"menor distância euclidiana local aproximada entre ponto CANIE e segmentos das rotas esquemáticas","fonte_cavidade":"CANIE/CECAV/ICMBio · snapshot local capturado em 10/08/2026","fonte_rotas":"JOAJU MS · propostas metodológicas de rotas · corte 10/08/2026","data_corte":"2026-08-10","natureza_resultado":"análise espacial derivada","limitacoes":"Proximidade cartográfica não implica acesso, visitação, segurança, integração cultural ou autorização."}},{"type":"Feature","geometry":{"type":"Point","coordinates":[-56.730792,-20.57814101]},"properties":{"ogc_fid":277,"num_canie":"005749.00096.50.02159","nome":"Caverna 17","estado":"Mato Grosso do Sul","municipio":"Bodoquena","longitude":"-56.730792","latitude":"-20.578141","nvl_valida":"Nível 1","__atlas_fonte_oficial":"CANIE/CECAV/ICMBio","__atlas_metodo_captura":"WFS oficial ICMBio/INDE","__atlas_tipo_servico":"ICMBio:canie_052026_p","__atlas_capturado_em":"2026-08-10T12:53:17.009Z","__atlas_recorte":"Mato Grosso do Sul por atributo ou interseção com envelope estadual","__atlas_aviso":"Cadastro não representa todo o universo de cavernas e não substitui validação de campo ou autorização de visitação.","id_rota_mais_proxima":"ROTA-EST-027","rota_mais_proxima":"Rota do Artesanato e das Cerâmicas de Mato Grosso do Sul","distancia_minima_rota_km":1.767,"limiar_exploratorio_km":50,"metodo":"menor distância euclidiana local aproximada entre ponto CANIE e segmentos das rotas esquemáticas","fonte_cavidade":"CANIE/CECAV/ICMBio · snapshot local capturado em 10/08/2026","fonte_rotas":"JOAJU MS · propostas metodológicas de rotas · corte 10/08/2026","data_corte":"2026-08-10","natureza_resultado":"análise espacial derivada","limitacoes":"Proximidade cartográfica não implica acesso, visitação, segurança, integração cultural ou autorização."}},{"type":"Feature","geometry":{"type":"Point","coordinates":[-56.730556,-20.57111101]},"properties":{"ogc_fid":278,"num_canie":"005750.00097.50.02159","nome":"Abismo do Paquinha (Caverna 28)","estado":"Mato Grosso do Sul","municipio":"Bodoquena","longitude":"-56.730556","latitude":"-20.571111","nvl_valida":"Nível 1","__atlas_fonte_oficial":"CANIE/CECAV/ICMBio","__atlas_metodo_captura":"WFS oficial ICMBio/INDE","__atlas_tipo_servico":"ICMBio:canie_052026_p","__atlas_capturado_em":"2026-08-10T12:53:17.009Z","__atlas_recorte":"Mato Grosso do Sul por atributo ou interseção com envelope estadual","__atlas_aviso":"Cadastro não representa todo o universo de cavernas e não substitui validação de campo ou autorização de visitação.","id_rota_mais_proxima":"ROTA-EST-027","rota_mais_proxima":"Rota do Artesanato e das Cerâmicas de Mato Grosso do Sul","distancia_minima_rota_km":1.25,"limiar_exploratorio_km":50,"metodo":"menor distância euclidiana local aproximada entre ponto CANIE e segmentos das rotas esquemáticas","fonte_cavidade":"CANIE/CECAV/ICMBio · snapshot local capturado em 10/08/2026","fonte_rotas":"JOAJU MS · propostas metodológicas de rotas · corte 10/08/2026","data_corte":"2026-08-10","natureza_resultado":"análise espacial derivada","limitacoes":"Proximidade cartográfica não implica acesso, visitação, segurança, integração cultural ou autorização."}},{"type":"Feature","geometry":{"type":"Point","coordinates":[-56.72476,-20.57122201]},"properties":{"ogc_fid":279,"num_canie":"005751.00098.50.02159","nome":"Gruta Cerâmicas","estado":"Mato Grosso do Sul","municipio":"Bodoquena","longitude":"-56.72476","latitude":"-20.571222","nvl_valida":"Nível 1","__atlas_fonte_oficial":"CANIE/CECAV/ICMBio","__atlas_metodo_captura":"WFS oficial ICMBio/INDE","__atlas_tipo_servico":"ICMBio:canie_052026_p","__atlas_capturado_em":"2026-08-10T12:53:17.009Z","__atlas_recorte":"Mato Grosso do Sul por atributo ou interseção com envelope estadual","__atlas_aviso":"Cadastro não representa todo o universo de cavernas e não substitui validação de campo ou autorização de visitação.","id_rota_mais_proxima":"ROTA-EST-027","rota_mais_proxima":"Rota do Artesanato e das Cerâmicas de Mato Grosso do Sul","distancia_minima_rota_km":1.696,"limiar_exploratorio_km":50,"metodo":"menor distância euclidiana local aproximada entre ponto CANIE e segmentos das rotas esquemáticas","fonte_cavidade":"CANIE/CECAV/ICMBio · snapshot local capturado em 10/08/2026","fonte_rotas":"JOAJU MS · propostas metodológicas de rotas · corte 10/08/2026","data_corte":"2026-08-10","natureza_resultado":"análise espacial derivada","limitacoes":"Proximidade cartográfica não implica acesso, visitação, segurança, integração cultural ou autorização."}},{"type":"Feature","geometry":{"type":"Point","coordinates":[-56.728893,-21.08734201]},"properties":{"ogc_fid":280,"num_canie":"005752.00099.50.02209","nome":"Caverna Sta Tereza II","estado":"Mato Grosso do Sul","municipio":"Bonito","longitude":"-56.728893","latitude":"-21.087342","nvl_valida":"Nível 1","__atlas_fonte_oficial":"CANIE/CECAV/ICMBio","__atlas_metodo_captura":"WFS oficial ICMBio/INDE","__atlas_tipo_servico":"ICMBio:canie_052026_p","__atlas_capturado_em":"2026-08-10T12:53:17.009Z","__atlas_recorte":"Mato Grosso do Sul por atributo ou interseção com envelope estadual","__atlas_aviso":"Cadastro não representa todo o universo de cavernas e não substitui validação de campo ou autorização de visitação.","id_rota_mais_proxima":"ROTA-EST-022","rota_mais_proxima":"Rota de Aviturismo da Rota Bioceânica","distancia_minima_rota_km":14.092,"limiar_exploratorio_km":50,"metodo":"menor distância euclidiana local aproximada entre ponto CANIE e segmentos das rotas esquemáticas","fonte_cavidade":"CANIE/CECAV/ICMBio · snapshot local capturado em 10/08/2026","fonte_rotas":"JOAJU MS · propostas metodológicas de rotas · corte 10/08/2026","data_corte":"2026-08-10","natureza_resultado":"análise espacial derivada","limitacoes":"Proximidade cartográfica não implica acesso, visitação, segurança, integração cultural ou autorização."}},{"type":"Feature","geometry":{"type":"Point","coordinates":[-56.728893,-21.08724201]},"properties":{"ogc_fid":281,"num_canie":"005753.00100.50.02209","nome":"Caverna Sta Tereza I","estado":"Mato Grosso do Sul","municipio":"Bonito","longitude":"-56.728893","latitude":"-21.087242","nvl_valida":"Nível 1","__atlas_fonte_oficial":"CANIE/CECAV/ICMBio","__atlas_metodo_captura":"WFS oficial ICMBio/INDE","__atlas_tipo_servico":"ICMBio:canie_052026_p","__atlas_capturado_em":"2026-08-10T12:53:17.009Z","__atlas_recorte":"Mato Grosso do Sul por atributo ou interseção com envelope estadual","__atlas_aviso":"Cadastro não representa todo o universo de cavernas e não substitui validação de campo ou autorização de visitação.","id_rota_mais_proxima":"ROTA-EST-022","rota_mais_proxima":"Rota de Aviturismo da Rota Bioceânica","distancia_minima_rota_km":14.102,"limiar_exploratorio_km":50,"metodo":"menor distância euclidiana local aproximada entre ponto CANIE e segmentos das rotas esquemáticas","fonte_cavidade":"CANIE/CECAV/ICMBio · snapshot local capturado em 10/08/2026","fonte_rotas":"JOAJU MS · propostas metodológicas de rotas · corte 10/08/2026","data_corte":"2026-08-10","natureza_resultado":"análise espacial derivada","limitacoes":"Proximidade cartográfica não implica acesso, visitação, segurança, integração cultural ou autorização."}},{"type":"Feature","geometry":{"type":"Point","coordinates":[-56.727592,-20.60644101]},"properties":{"ogc_fid":282,"num_canie":"005754.00101.50.02159","nome":"Caverna 31 (Buraco da Vaca)","estado":"Mato Grosso do Sul","municipio":"Bodoquena","longitude":"-56.727592","latitude":"-20.606441","nvl_valida":"Nível 1","__atlas_fonte_oficial":"CANIE/CECAV/ICMBio","__atlas_metodo_captura":"WFS oficial ICMBio/INDE","__atlas_tipo_servico":"ICMBio:canie_052026_p","__atlas_capturado_em":"2026-08-10T12:53:17.009Z","__atlas_recorte":"Mato Grosso do Sul por atributo ou interseção com envelope estadual","__atlas_aviso":"Cadastro não representa todo o universo de cavernas e não substitui validação de campo ou autorização de visitação.","id_rota_mais_proxima":"ROTA-EST-018","rota_mais_proxima":"Rota das Festas de Fé e Devoção Popular","distancia_minima_rota_km":2.741,"limiar_exploratorio_km":50,"metodo":"menor distância euclidiana local aproximada entre ponto CANIE e segmentos das rotas esquemáticas","fonte_cavidade":"CANIE/CECAV/ICMBio · snapshot local capturado em 10/08/2026","fonte_rotas":"JOAJU MS · propostas metodológicas de rotas · corte 10/08/2026","data_corte":"2026-08-10","natureza_resultado":"análise espacial derivada","limitacoes":"Proximidade cartográfica não implica acesso, visitação, segurança, integração cultural ou autorização."}},{"type":"Feature","geometry":{"type":"Point","coordinates":[-56.727592,-20.57434101]},"properties":{"ogc_fid":283,"num_canie":"005755.00102.50.02159","nome":"Caverna 2","estado":"Mato Grosso do Sul","municipio":"Bodoquena","longitude":"-56.727592","latitude":"-20.574341","nvl_valida":"Nível 1","__atlas_fonte_oficial":"CANIE/CECAV/ICMBio","__atlas_metodo_captura":"WFS oficial ICMBio/INDE","__atlas_tipo_servico":"ICMBio:canie_052026_p","__atlas_capturado_em":"2026-08-10T12:53:17.009Z","__atlas_recorte":"Mato Grosso do Sul por atributo ou interseção com envelope estadual","__atlas_aviso":"Cadastro não representa todo o universo de cavernas e não substitui validação de campo ou autorização de visitação.","id_rota_mais_proxima":"ROTA-EST-027","rota_mais_proxima":"Rota do Artesanato e das Cerâmicas de Mato Grosso do Sul","distancia_minima_rota_km":1.72,"limiar_exploratorio_km":50,"metodo":"menor distância euclidiana local aproximada entre ponto CANIE e segmentos das rotas esquemáticas","fonte_cavidade":"CANIE/CECAV/ICMBio · snapshot local capturado em 10/08/2026","fonte_rotas":"JOAJU MS · propostas metodológicas de rotas · corte 10/08/2026","data_corte":"2026-08-10","natureza_resultado":"análise espacial derivada","limitacoes":"Proximidade cartográfica não implica acesso, visitação, segurança, integração cultural ou autorização."}},{"type":"Feature","geometry":{"type":"Point","coordinates":[-56.726361,-20.58063901]},"properties":{"ogc_fid":284,"num_canie":"005756.00103.50.02159","nome":"Gruta do Gaúcho","estado":"Mato Grosso do Sul","municipio":"Bodoquena","longitude":"-56.726361","latitude":"-20.580639","nvl_valida":"Nível 1","__atlas_fonte_oficial":"CANIE/CECAV/ICMBio","__atlas_metodo_captura":"WFS oficial ICMBio/INDE","__atlas_tipo_servico":"ICMBio:canie_052026_p","__atlas_capturado_em":"2026-08-10T12:53:17.009Z","__atlas_recorte":"Mato Grosso do Sul por atributo ou interseção com envelope estadual","__atlas_aviso":"Cadastro não representa todo o universo de cavernas e não substitui validação de campo ou autorização de visitação.","id_rota_mais_proxima":"ROTA-EST-027","rota_mais_proxima":"Rota do Artesanato e das Cerâmicas de Mato Grosso do Sul","distancia_minima_rota_km":2.292,"limiar_exploratorio_km":50,"metodo":"menor distância euclidiana local aproximada entre ponto CANIE e segmentos das rotas esquemáticas","fonte_cavidade":"CANIE/CECAV/ICMBio · snapshot local capturado em 10/08/2026","fonte_rotas":"JOAJU MS · propostas metodológicas de rotas · corte 10/08/2026","data_corte":"2026-08-10","natureza_resultado":"análise espacial derivada","limitacoes":"Proximidade cartográfica não implica acesso, visitação, segurança, integração cultural ou autorização."}},{"type":"Feature","geometry":{"type":"Point","coordinates":[-56.726792,-20.58474101]},"properties":{"ogc_fid":285,"num_canie":"005757.00104.50.02159","nome":"Caverna 6","estado":"Mato Grosso do Sul","municipio":"Bodoquena","longitude":"-56.726792","latitude":"-20.584741","nvl_valida":"Nível 1","__atlas_fonte_oficial":"CANIE/CECAV/ICMBio","__atlas_metodo_captura":"WFS oficial ICMBio/INDE","__atlas_tipo_servico":"ICMBio:canie_052026_p","__atlas_capturado_em":"2026-08-10T12:53:17.009Z","__atlas_recorte":"Mato Grosso do Sul por atributo ou interseção com envelope estadual","__atlas_aviso":"Cadastro não representa todo o universo de cavernas e não substitui validação de campo ou autorização de visitação.","id_rota_mais_proxima":"ROTA-EST-027","rota_mais_proxima":"Rota do Artesanato e das Cerâmicas de Mato Grosso do Sul","distancia_minima_rota_km":2.572,"limiar_exploratorio_km":50,"metodo":"menor distância euclidiana local aproximada entre ponto CANIE e segmentos das rotas esquemáticas","fonte_cavidade":"CANIE/CECAV/ICMBio · snapshot local capturado em 10/08/2026","fonte_rotas":"JOAJU MS · propostas metodológicas de rotas · corte 10/08/2026","data_corte":"2026-08-10","natureza_resultado":"análise espacial derivada","limitacoes":"Proximidade cartográfica não implica acesso, visitação, segurança, integração cultural ou autorização."}},{"type":"Feature","geometry":{"type":"Point","coordinates":[-56.726667,-20.58111101]},"properties":{"ogc_fid":286,"num_canie":"005758.00105.50.02159","nome":"Gruta do Juninho (Caverna 24)","estado":"Mato Grosso do Sul","municipio":"Bodoquena","longitude":"-56.726667","latitude":"-20.581111","nvl_valida":"Nível 1","__atlas_fonte_oficial":"CANIE/CECAV/ICMBio","__atlas_metodo_captura":"WFS oficial ICMBio/INDE","__atlas_tipo_servico":"ICMBio:canie_052026_p","__atlas_capturado_em":"2026-08-10T12:53:17.009Z","__atlas_recorte":"Mato Grosso do Sul por atributo ou interseção com envelope estadual","__atlas_aviso":"Cadastro não representa todo o universo de cavernas e não substitui validação de campo ou autorização de visitação.","id_rota_mais_proxima":"ROTA-EST-027","rota_mais_proxima":"Rota do Artesanato e das Cerâmicas de Mato Grosso do Sul","distancia_minima_rota_km":2.305,"limiar_exploratorio_km":50,"metodo":"menor distância euclidiana local aproximada entre ponto CANIE e segmentos das rotas esquemáticas","fonte_cavidade":"CANIE/CECAV/ICMBio · snapshot local capturado em 10/08/2026","fonte_rotas":"JOAJU MS · propostas metodológicas de rotas · corte 10/08/2026","data_corte":"2026-08-10","natureza_resultado":"análise espacial derivada","limitacoes":"Proximidade cartográfica não implica acesso, visitação, segurança, integração cultural ou autorização."}},{"type":"Feature","geometry":{"type":"Point","coordinates":[-56.726492,-20.57654101]},"properties":{"ogc_fid":287,"num_canie":"005759.00106.50.02159","nome":"Caverna 3","estado":"Mato Grosso do Sul","municipio":"Bodoquena","longitude":"-56.726492","latitude":"-20.576541","nvl_valida":"Nível 1","__atlas_fonte_oficial":"CANIE/CECAV/ICMBio","__atlas_metodo_captura":"WFS oficial ICMBio/INDE","__atlas_tipo_servico":"ICMBio:canie_052026_p","__atlas_capturado_em":"2026-08-10T12:53:17.009Z","__atlas_recorte":"Mato Grosso do Sul por atributo ou interseção com envelope estadual","__atlas_aviso":"Cadastro não representa todo o universo de cavernas e não substitui validação de campo ou autorização de visitação.","id_rota_mais_proxima":"ROTA-EST-027","rota_mais_proxima":"Rota do Artesanato e das Cerâmicas de Mato Grosso do Sul","distancia_minima_rota_km":1.97,"limiar_exploratorio_km":50,"metodo":"menor distância euclidiana local aproximada entre ponto CANIE e segmentos das rotas esquemáticas","fonte_cavidade":"CANIE/CECAV/ICMBio · snapshot local capturado em 10/08/2026","fonte_rotas":"JOAJU MS · propostas metodológicas de rotas · corte 10/08/2026","data_corte":"2026-08-10","natureza_resultado":"análise espacial derivada","limitacoes":"Proximidade cartográfica não implica acesso, visitação, segurança, integração cultural ou autorização."}},{"type":"Feature","geometry":{"type":"Point","coordinates":[-56.726667,-20.56500001]},"properties":{"ogc_fid":288,"num_canie":"005761.00108.50.02159","nome":"Gruta Reserva Legal (Caverna 29)","estado":"Mato Grosso do Sul","municipio":"Bodoquena","longitude":"-56.726667","latitude":"-20.565","nvl_valida":"Nível 1","__atlas_fonte_oficial":"CANIE/CECAV/ICMBio","__atlas_metodo_captura":"WFS oficial ICMBio/INDE","__atlas_tipo_servico":"ICMBio:canie_052026_p","__atlas_capturado_em":"2026-08-10T12:53:17.009Z","__atlas_recorte":"Mato Grosso do Sul por atributo ou interseção com envelope estadual","__atlas_aviso":"Cadastro não representa todo o universo de cavernas e não substitui validação de campo ou autorização de visitação.","id_rota_mais_proxima":"ROTA-EST-027","rota_mais_proxima":"Rota do Artesanato e das Cerâmicas de Mato Grosso do Sul","distancia_minima_rota_km":1.078,"limiar_exploratorio_km":50,"metodo":"menor distância euclidiana local aproximada entre ponto CANIE e segmentos das rotas esquemáticas","fonte_cavidade":"CANIE/CECAV/ICMBio · snapshot local capturado em 10/08/2026","fonte_rotas":"JOAJU MS · propostas metodológicas de rotas · corte 10/08/2026","data_corte":"2026-08-10","natureza_resultado":"análise espacial derivada","limitacoes":"Proximidade cartográfica não implica acesso, visitação, segurança, integração cultural ou autorização."}},{"type":"Feature","geometry":{"type":"Point","coordinates":[-56.724758,-20.57122201]},"properties":{"ogc_fid":289,"num_canie":"005762.00109.50.02159","nome":"Gruta Cinco de Ouros","estado":"Mato Grosso do Sul","municipio":"Bodoquena","longitude":"-56.724758","latitude":"-20.571222","nvl_valida":"Nível 1","__atlas_fonte_oficial":"CANIE/CECAV/ICMBio","__atlas_metodo_captura":"WFS oficial ICMBio/INDE","__atlas_tipo_servico":"ICMBio:canie_052026_p","__atlas_capturado_em":"2026-08-10T12:53:17.009Z","__atlas_recorte":"Mato Grosso do Sul por atributo ou interseção com envelope estadual","__atlas_aviso":"Cadastro não representa todo o universo de cavernas e não substitui validação de campo ou autorização de visitação.","id_rota_mais_proxima":"ROTA-EST-027","rota_mais_proxima":"Rota do Artesanato e das Cerâmicas de Mato Grosso do Sul","distancia_minima_rota_km":1.696,"limiar_exploratorio_km":50,"metodo":"menor distância euclidiana local aproximada entre ponto CANIE e segmentos das rotas esquemáticas","fonte_cavidade":"CANIE/CECAV/ICMBio · snapshot local capturado em 10/08/2026","fonte_rotas":"JOAJU MS · propostas metodológicas de rotas · corte 10/08/2026","data_corte":"2026-08-10","natureza_resultado":"análise espacial derivada","limitacoes":"Proximidade cartográfica não implica acesso, visitação, segurança, integração cultural ou autorização."}},{"type":"Feature","geometry":{"type":"Point","coordinates":[-56.725278,-20.56777801]},"properties":{"ogc_fid":290,"num_canie":"005763.00110.50.02159","nome":"Gruta das Fadas","estado":"Mato Grosso do Sul","municipio":"Bodoquena","longitude":"-56.725278","latitude":"-20.567778","nvl_valida":"Nível 1","__atlas_fonte_oficial":"CANIE/CECAV/ICMBio","__atlas_metodo_captura":"WFS oficial ICMBio/INDE","__atlas_tipo_servico":"ICMBio:canie_052026_p","__atlas_capturado_em":"2026-08-10T12:53:17.009Z","__atlas_recorte":"Mato Grosso do Sul por atributo ou interseção com envelope estadual","__atlas_aviso":"Cadastro não representa todo o universo de cavernas e não substitui validação de campo ou autorização de visitação.","id_rota_mais_proxima":"ROTA-EST-027","rota_mais_proxima":"Rota do Artesanato e das Cerâmicas de Mato Grosso do Sul","distancia_minima_rota_km":1.394,"limiar_exploratorio_km":50,"metodo":"menor distância euclidiana local aproximada entre ponto CANIE e segmentos das rotas esquemáticas","fonte_cavidade":"CANIE/CECAV/ICMBio · snapshot local capturado em 10/08/2026","fonte_rotas":"JOAJU MS · propostas metodológicas de rotas · corte 10/08/2026","data_corte":"2026-08-10","natureza_resultado":"análise espacial derivada","limitacoes":"Proximidade cartográfica não implica acesso, visitação, segurança, integração cultural ou autorização."}},{"type":"Feature","geometry":{"type":"Point","coordinates":[-56.730556,-20.56388901]},"properties":{"ogc_fid":291,"num_canie":"005764.00111.50.02159","nome":"Gruta Buraco do Bicho (Caverna 27)","estado":"Mato Grosso do Sul","municipio":"Bodoquena","longitude":"-56.730556","latitude":"-20.563889","nvl_valida":"Nível 1","__atlas_fonte_oficial":"CANIE/CECAV/ICMBio","__atlas_metodo_captura":"WFS oficial ICMBio/INDE","__atlas_tipo_servico":"ICMBio:canie_052026_p","__atlas_capturado_em":"2026-08-10T12:53:17.009Z","__atlas_recorte":"Mato Grosso do Sul por atributo ou interseção com envelope estadual","__atlas_aviso":"Cadastro não representa todo o universo de cavernas e não substitui validação de campo ou autorização de visitação.","id_rota_mais_proxima":"ROTA-EST-027","rota_mais_proxima":"Rota do Artesanato e das Cerâmicas de Mato Grosso do Sul","distancia_minima_rota_km":0.7,"limiar_exploratorio_km":50,"metodo":"menor distância euclidiana local aproximada entre ponto CANIE e segmentos das rotas esquemáticas","fonte_cavidade":"CANIE/CECAV/ICMBio · snapshot local capturado em 10/08/2026","fonte_rotas":"JOAJU MS · propostas metodológicas de rotas · corte 10/08/2026","data_corte":"2026-08-10","natureza_resultado":"análise espacial derivada","limitacoes":"Proximidade cartográfica não implica acesso, visitação, segurança, integração cultural ou autorização."}},{"type":"Feature","geometry":{"type":"Point","coordinates":[-56.724892,-20.57374101]},"properties":{"ogc_fid":292,"num_canie":"005765.00112.50.02159","nome":"Caverna 1","estado":"Mato Grosso do Sul","municipio":"Bodoquena","longitude":"-56.724892","latitude":"-20.573741","nvl_valida":"Nível 1","__atlas_fonte_oficial":"CANIE/CECAV/ICMBio","__atlas_metodo_captura":"WFS oficial ICMBio/INDE","__atlas_tipo_servico":"ICMBio:canie_052026_p","__atlas_capturado_em":"2026-08-10T12:53:17.009Z","__atlas_recorte":"Mato Grosso do Sul por atributo ou interseção com envelope estadual","__atlas_aviso":"Cadastro não representa todo o universo de cavernas e não substitui validação de campo ou autorização de visitação.","id_rota_mais_proxima":"ROTA-EST-027","rota_mais_proxima":"Rota do Artesanato e das Cerâmicas de Mato Grosso do Sul","distancia_minima_rota_km":1.878,"limiar_exploratorio_km":50,"metodo":"menor distância euclidiana local aproximada entre ponto CANIE e segmentos das rotas esquemáticas","fonte_cavidade":"CANIE/CECAV/ICMBio · snapshot local capturado em 10/08/2026","fonte_rotas":"JOAJU MS · propostas metodológicas de rotas · corte 10/08/2026","data_corte":"2026-08-10","natureza_resultado":"análise espacial derivada","limitacoes":"Proximidade cartográfica não implica acesso, visitação, segurança, integração cultural ou autorização."}},{"type":"Feature","geometry":{"type":"Point","coordinates":[-56.722778,-20.56805601]},"properties":{"ogc_fid":293,"num_canie":"005766.00113.50.02159","nome":"Gruta Manoel Cardoso","estado":"Mato Grosso do Sul","municipio":"Bodoquena","longitude":"-56.722778","latitude":"-20.568056","nvl_valida":"Nível 1","__atlas_fonte_oficial":"CANIE/CECAV/ICMBio","__atlas_metodo_captura":"WFS oficial ICMBio/INDE","__atlas_tipo_servico":"ICMBio:canie_052026_p","__atlas_capturado_em":"2026-08-10T12:53:17.009Z","__atlas_recorte":"Mato Grosso do Sul por atributo ou interseção com envelope estadual","__atlas_aviso":"Cadastro não representa todo o universo de cavernas e não substitui validação de campo ou autorização de visitação.","id_rota_mais_proxima":"ROTA-EST-027","rota_mais_proxima":"Rota do Artesanato e das Cerâmicas de Mato Grosso do Sul","distancia_minima_rota_km":1.605,"limiar_exploratorio_km":50,"metodo":"menor distância euclidiana local aproximada entre ponto CANIE e segmentos das rotas esquemáticas","fonte_cavidade":"CANIE/CECAV/ICMBio · snapshot local capturado em 10/08/2026","fonte_rotas":"JOAJU MS · propostas metodológicas de rotas · corte 10/08/2026","data_corte":"2026-08-10","natureza_resultado":"análise espacial derivada","limitacoes":"Proximidade cartográfica não implica acesso, visitação, segurança, integração cultural ou autorização."}},{"type":"Feature","geometry":{"type":"Point","coordinates":[-56.725556,-20.59694401]},"properties":{"ogc_fid":294,"num_canie":"005767.00114.50.02159","nome":"Gruta Azedinha I (Caverna 33)","estado":"Mato Grosso do Sul","municipio":"Bodoquena","longitude":"-56.725556","latitude":"-20.596944","nvl_valida":"Nível 1","__atlas_fonte_oficial":"CANIE/CECAV/ICMBio","__atlas_metodo_captura":"WFS oficial ICMBio/INDE","__atlas_tipo_servico":"ICMBio:canie_052026_p","__atlas_capturado_em":"2026-08-10T12:53:17.009Z","__atlas_recorte":"Mato Grosso do Sul por atributo ou interseção com envelope estadual","__atlas_aviso":"Cadastro não representa todo o universo de cavernas e não substitui validação de campo ou autorização de visitação.","id_rota_mais_proxima":"ROTA-EST-018","rota_mais_proxima":"Rota das Festas de Fé e Devoção Popular","distancia_minima_rota_km":3.398,"limiar_exploratorio_km":50,"metodo":"menor distância euclidiana local aproximada entre ponto CANIE e segmentos das rotas esquemáticas","fonte_cavidade":"CANIE/CECAV/ICMBio · snapshot local capturado em 10/08/2026","fonte_rotas":"JOAJU MS · propostas metodológicas de rotas · corte 10/08/2026","data_corte":"2026-08-10","natureza_resultado":"análise espacial derivada","limitacoes":"Proximidade cartográfica não implica acesso, visitação, segurança, integração cultural ou autorização."}},{"type":"Feature","geometry":{"type":"Point","coordinates":[-56.724351,-21.48783901]},"properties":{"ogc_fid":295,"num_canie":"005768.00115.50.05004","nome":"Buraco das Abelhas","estado":"Mato Grosso do Sul","municipio":"Jardim","longitude":"-56.724351","latitude":"-21.487839","nvl_valida":"Nível 1","__atlas_fonte_oficial":"CANIE/CECAV/ICMBio","__atlas_metodo_captura":"WFS oficial ICMBio/INDE","__atlas_tipo_servico":"ICMBio:canie_052026_p","__atlas_capturado_em":"2026-08-10T12:53:17.009Z","__atlas_recorte":"Mato Grosso do Sul por atributo ou interseção com envelope estadual","__atlas_aviso":"Cadastro não representa todo o universo de cavernas e não substitui validação de campo ou autorização de visitação.","id_rota_mais_proxima":"ROTA-EST-014","rota_mais_proxima":"Rota Bioceânica das Culturas de Fronteira","distancia_minima_rota_km":7.062,"limiar_exploratorio_km":50,"metodo":"menor distância euclidiana local aproximada entre ponto CANIE e segmentos das rotas esquemáticas","fonte_cavidade":"CANIE/CECAV/ICMBio · snapshot local capturado em 10/08/2026","fonte_rotas":"JOAJU MS · propostas metodológicas de rotas · corte 10/08/2026","data_corte":"2026-08-10","natureza_resultado":"análise espacial derivada","limitacoes":"Proximidade cartográfica não implica acesso, visitação, segurança, integração cultural ou autorização."}},{"type":"Feature","geometry":{"type":"Point","coordinates":[-56.723793,-21.06604201]},"properties":{"ogc_fid":296,"num_canie":"005769.00116.50.02209","nome":"Caverna Sta Tereza III","estado":"Mato Grosso do Sul","municipio":"Bonito","longitude":"-56.723793","latitude":"-21.066042","nvl_valida":"Nível 1","__atlas_fonte_oficial":"CANIE/CECAV/ICMBio","__atlas_metodo_captura":"WFS oficial ICMBio/INDE","__atlas_tipo_servico":"ICMBio:canie_052026_p","__atlas_capturado_em":"2026-08-10T12:53:17.009Z","__atlas_recorte":"Mato Grosso do Sul por atributo ou interseção com envelope estadual","__atlas_aviso":"Cadastro não representa todo o universo de cavernas e não substitui validação de campo ou autorização de visitação.","id_rota_mais_proxima":"ROTA-EST-022","rota_mais_proxima":"Rota de Aviturismo da Rota Bioceânica","distancia_minima_rota_km":16.041,"limiar_exploratorio_km":50,"metodo":"menor distância euclidiana local aproximada entre ponto CANIE e segmentos das rotas esquemáticas","fonte_cavidade":"CANIE/CECAV/ICMBio · snapshot local capturado em 10/08/2026","fonte_rotas":"JOAJU MS · propostas metodológicas de rotas · corte 10/08/2026","data_corte":"2026-08-10","natureza_resultado":"análise espacial derivada","limitacoes":"Proximidade cartográfica não implica acesso, visitação, segurança, integração cultural ou autorização."}},{"type":"Feature","geometry":{"type":"Point","coordinates":[-56.723792,-20.57714101]},"properties":{"ogc_fid":297,"num_canie":"005770.00117.50.02159","nome":"Caverna 4","estado":"Mato Grosso do Sul","municipio":"Bodoquena","longitude":"-56.723792","latitude":"-20.577141","nvl_valida":"Nível 1","__atlas_fonte_oficial":"CANIE/CECAV/ICMBio","__atlas_metodo_captura":"WFS oficial ICMBio/INDE","__atlas_tipo_servico":"ICMBio:canie_052026_p","__atlas_capturado_em":"2026-08-10T12:53:17.009Z","__atlas_recorte":"Mato Grosso do Sul por atributo ou interseção com envelope estadual","__atlas_aviso":"Cadastro não representa todo o universo de cavernas e não substitui validação de campo ou autorização de visitação.","id_rota_mais_proxima":"ROTA-EST-027","rota_mais_proxima":"Rota do Artesanato e das Cerâmicas de Mato Grosso do Sul","distancia_minima_rota_km":2.22,"limiar_exploratorio_km":50,"metodo":"menor distância euclidiana local aproximada entre ponto CANIE e segmentos das rotas esquemáticas","fonte_cavidade":"CANIE/CECAV/ICMBio · snapshot local capturado em 10/08/2026","fonte_rotas":"JOAJU MS · propostas metodológicas de rotas · corte 10/08/2026","data_corte":"2026-08-10","natureza_resultado":"análise espacial derivada","limitacoes":"Proximidade cartográfica não implica acesso, visitação, segurança, integração cultural ou autorização."}},{"type":"Feature","geometry":{"type":"Point","coordinates":[-56.723829,-20.46877901]},"properties":{"ogc_fid":298,"num_canie":"005771.00118.50.02159","nome":"Abismo do Mandacarú","estado":"Mato Grosso do Sul","municipio":"Bodoquena","longitude":"-56.723829","latitude":"-20.468779","nvl_valida":"Nível 1","__atlas_fonte_oficial":"CANIE/CECAV/ICMBio","__atlas_metodo_captura":"WFS oficial ICMBio/INDE","__atlas_tipo_servico":"ICMBio:canie_052026_p","__atlas_capturado_em":"2026-08-10T12:53:17.009Z","__atlas_recorte":"Mato Grosso do Sul por atributo ou interseção com envelope estadual","__atlas_aviso":"Cadastro não representa todo o universo de cavernas e não substitui validação de campo ou autorização de visitação.","id_rota_mais_proxima":"ROTA-EST-026","rota_mais_proxima":"Rota Pantanal Bonito","distancia_minima_rota_km":2.774,"limiar_exploratorio_km":50,"metodo":"menor distância euclidiana local aproximada entre ponto CANIE e segmentos das rotas esquemáticas","fonte_cavidade":"CANIE/CECAV/ICMBio · snapshot local capturado em 10/08/2026","fonte_rotas":"JOAJU MS · propostas metodológicas de rotas · corte 10/08/2026","data_corte":"2026-08-10","natureza_resultado":"análise espacial derivada","limitacoes":"Proximidade cartográfica não implica acesso, visitação, segurança, integração cultural ou autorização."}},{"type":"Feature","geometry":{"type":"Point","coordinates":[-56.724075,-20.45227001]},"properties":{"ogc_fid":299,"num_canie":"005772.00119.50.02159","nome":"Dolina Colônia Seca","estado":"Mato Grosso do Sul","municipio":"Bodoquena","longitude":"-56.724075","latitude":"-20.45227","nvl_valida":"Nível 1","__atlas_fonte_oficial":"CANIE/CECAV/ICMBio","__atlas_metodo_captura":"WFS oficial ICMBio/INDE","__atlas_tipo_servico":"ICMBio:canie_052026_p","__atlas_capturado_em":"2026-08-10T12:53:17.009Z","__atlas_recorte":"Mato Grosso do Sul por atributo ou interseção com envelope estadual","__atlas_aviso":"Cadastro não representa todo o universo de cavernas e não substitui validação de campo ou autorização de visitação.","id_rota_mais_proxima":"ROTA-EST-026","rota_mais_proxima":"Rota Pantanal Bonito","distancia_minima_rota_km":3.666,"limiar_exploratorio_km":50,"metodo":"menor distância euclidiana local aproximada entre ponto CANIE e segmentos das rotas esquemáticas","fonte_cavidade":"CANIE/CECAV/ICMBio · snapshot local capturado em 10/08/2026","fonte_rotas":"JOAJU MS · propostas metodológicas de rotas · corte 10/08/2026","data_corte":"2026-08-10","natureza_resultado":"análise espacial derivada","limitacoes":"Proximidade cartográfica não implica acesso, visitação, segurança, integração cultural ou autorização."}},{"type":"Feature","geometry":{"type":"Point","coordinates":[-56.723592,-20.57814101]},"properties":{"ogc_fid":300,"num_canie":"005773.00120.50.02159","nome":"Caverna 7 (Caverna Tiago)","estado":"Mato Grosso do Sul","municipio":"Bodoquena","longitude":"-56.723592","latitude":"-20.578141","nvl_valida":"Nível 1","__atlas_fonte_oficial":"CANIE/CECAV/ICMBio","__atlas_metodo_captura":"WFS oficial ICMBio/INDE","__atlas_tipo_servico":"ICMBio:canie_052026_p","__atlas_capturado_em":"2026-08-10T12:53:17.009Z","__atlas_recorte":"Mato Grosso do Sul por atributo ou interseção com envelope estadual","__atlas_aviso":"Cadastro não representa todo o universo de cavernas e não substitui validação de campo ou autorização de visitação.","id_rota_mais_proxima":"ROTA-EST-027","rota_mais_proxima":"Rota do Artesanato e das Cerâmicas de Mato Grosso do Sul","distancia_minima_rota_km":2.311,"limiar_exploratorio_km":50,"metodo":"menor distância euclidiana local aproximada entre ponto CANIE e segmentos das rotas esquemáticas","fonte_cavidade":"CANIE/CECAV/ICMBio · snapshot local capturado em 10/08/2026","fonte_rotas":"JOAJU MS · propostas metodológicas de rotas · corte 10/08/2026","data_corte":"2026-08-10","natureza_resultado":"análise espacial derivada","limitacoes":"Proximidade cartográfica não implica acesso, visitação, segurança, integração cultural ou autorização."}},{"type":"Feature","geometry":{"type":"Point","coordinates":[-56.723333,-20.56666701]},"properties":{"ogc_fid":301,"num_canie":"005774.00121.50.02159","nome":"Gruta Dona Benedita (Caverna 25)","estado":"Mato Grosso do Sul","municipio":"Bodoquena","longitude":"-56.723333","latitude":"-20.566667","nvl_valida":"Nível 1","__atlas_fonte_oficial":"CANIE/CECAV/ICMBio","__atlas_metodo_captura":"WFS oficial ICMBio/INDE","__atlas_tipo_servico":"ICMBio:canie_052026_p","__atlas_capturado_em":"2026-08-10T12:53:17.009Z","__atlas_recorte":"Mato Grosso do Sul por atributo ou interseção com envelope estadual","__atlas_aviso":"Cadastro não representa todo o universo de cavernas e não substitui validação de campo ou autorização de visitação.","id_rota_mais_proxima":"ROTA-EST-027","rota_mais_proxima":"Rota do Artesanato e das Cerâmicas de Mato Grosso do Sul","distancia_minima_rota_km":1.457,"limiar_exploratorio_km":50,"metodo":"menor distância euclidiana local aproximada entre ponto CANIE e segmentos das rotas esquemáticas","fonte_cavidade":"CANIE/CECAV/ICMBio · snapshot local capturado em 10/08/2026","fonte_rotas":"JOAJU MS · propostas metodológicas de rotas · corte 10/08/2026","data_corte":"2026-08-10","natureza_resultado":"análise espacial derivada","limitacoes":"Proximidade cartográfica não implica acesso, visitação, segurança, integração cultural ou autorização."}},{"type":"Feature","geometry":{"type":"Point","coordinates":[-56.794912,-20.89941901]},"properties":{"ogc_fid":302,"num_canie":"005775.00122.50.02209","nome":"Caverna Saracura","estado":"Mato Grosso do Sul","municipio":"Bonito","longitude":"-56.794912","latitude":"-20.899419","nvl_valida":"Nível 1","__atlas_fonte_oficial":"CANIE/CECAV/ICMBio","__atlas_metodo_captura":"WFS oficial ICMBio/INDE","__atlas_tipo_servico":"ICMBio:canie_052026_p","__atlas_capturado_em":"2026-08-10T12:53:17.009Z","__atlas_recorte":"Mato Grosso do Sul por atributo ou interseção com envelope estadual","__atlas_aviso":"Cadastro não representa todo o universo de cavernas e não substitui validação de campo ou autorização de visitação.","id_rota_mais_proxima":"ROTA-EST-030","rota_mais_proxima":"Rota dos Museus, Memórias e Centros Históricos Urbanos","distancia_minima_rota_km":16.726,"limiar_exploratorio_km":50,"metodo":"menor distância euclidiana local aproximada entre ponto CANIE e segmentos das rotas esquemáticas","fonte_cavidade":"CANIE/CECAV/ICMBio · snapshot local capturado em 10/08/2026","fonte_rotas":"JOAJU MS · propostas metodológicas de rotas · corte 10/08/2026","data_corte":"2026-08-10","natureza_resultado":"análise espacial derivada","limitacoes":"Proximidade cartográfica não implica acesso, visitação, segurança, integração cultural ou autorização."}},{"type":"Feature","geometry":{"type":"Point","coordinates":[-56.723292,-20.56864101]},"properties":{"ogc_fid":303,"num_canie":"005776.00123.50.02159","nome":"Caverna 18","estado":"Mato Grosso do Sul","municipio":"Bodoquena","longitude":"-56.723292","latitude":"-20.568641","nvl_valida":"Nível 1","__atlas_fonte_oficial":"CANIE/CECAV/ICMBio","__atlas_metodo_captura":"WFS oficial ICMBio/INDE","__atlas_tipo_servico":"ICMBio:canie_052026_p","__atlas_capturado_em":"2026-08-10T12:53:17.009Z","__atlas_recorte":"Mato Grosso do Sul por atributo ou interseção com envelope estadual","__atlas_aviso":"Cadastro não representa todo o universo de cavernas e não substitui validação de campo ou autorização de visitação.","id_rota_mais_proxima":"ROTA-EST-027","rota_mais_proxima":"Rota do Artesanato e das Cerâmicas de Mato Grosso do Sul","distancia_minima_rota_km":1.61,"limiar_exploratorio_km":50,"metodo":"menor distância euclidiana local aproximada entre ponto CANIE e segmentos das rotas esquemáticas","fonte_cavidade":"CANIE/CECAV/ICMBio · snapshot local capturado em 10/08/2026","fonte_rotas":"JOAJU MS · propostas metodológicas de rotas · corte 10/08/2026","data_corte":"2026-08-10","natureza_resultado":"análise espacial derivada","limitacoes":"Proximidade cartográfica não implica acesso, visitação, segurança, integração cultural ou autorização."}},{"type":"Feature","geometry":{"type":"Point","coordinates":[-56.723292,-20.58234101]},"properties":{"ogc_fid":304,"num_canie":"005777.00124.50.02159","nome":"Abismo Coronel Chico Mineiro (Caverna 9)","estado":"Mato Grosso do Sul","municipio":"Bodoquena","longitude":"-56.723292","latitude":"-20.582341","nvl_valida":"Nível 1","__atlas_fonte_oficial":"CANIE/CECAV/ICMBio","__atlas_metodo_captura":"WFS oficial ICMBio/INDE","__atlas_tipo_servico":"ICMBio:canie_052026_p","__atlas_capturado_em":"2026-08-10T12:53:17.009Z","__atlas_recorte":"Mato Grosso do Sul por atributo ou interseção com envelope estadual","__atlas_aviso":"Cadastro não representa todo o universo de cavernas e não substitui validação de campo ou autorização de visitação.","id_rota_mais_proxima":"ROTA-EST-027","rota_mais_proxima":"Rota do Artesanato e das Cerâmicas de Mato Grosso do Sul","distancia_minima_rota_km":2.654,"limiar_exploratorio_km":50,"metodo":"menor distância euclidiana local aproximada entre ponto CANIE e segmentos das rotas esquemáticas","fonte_cavidade":"CANIE/CECAV/ICMBio · snapshot local capturado em 10/08/2026","fonte_rotas":"JOAJU MS · propostas metodológicas de rotas · corte 10/08/2026","data_corte":"2026-08-10","natureza_resultado":"análise espacial derivada","limitacoes":"Proximidade cartográfica não implica acesso, visitação, segurança, integração cultural ou autorização."}},{"type":"Feature","geometry":{"type":"Point","coordinates":[-56.723092,-20.57904101]},"properties":{"ogc_fid":305,"num_canie":"005778.00125.50.02159","nome":"Caverna 8","estado":"Mato Grosso do Sul","municipio":"Bodoquena","longitude":"-56.723092","latitude":"-20.579041","nvl_valida":"Nível 1","__atlas_fonte_oficial":"CANIE/CECAV/ICMBio","__atlas_metodo_captura":"WFS oficial ICMBio/INDE","__atlas_tipo_servico":"ICMBio:canie_052026_p","__atlas_capturado_em":"2026-08-10T12:53:17.009Z","__atlas_recorte":"Mato Grosso do Sul por atributo ou interseção com envelope estadual","__atlas_aviso":"Cadastro não representa todo o universo de cavernas e não substitui validação de campo ou autorização de visitação.","id_rota_mais_proxima":"ROTA-EST-027","rota_mais_proxima":"Rota do Artesanato e das Cerâmicas de Mato Grosso do Sul","distancia_minima_rota_km":2.418,"limiar_exploratorio_km":50,"metodo":"menor distância euclidiana local aproximada entre ponto CANIE e segmentos das rotas esquemáticas","fonte_cavidade":"CANIE/CECAV/ICMBio · snapshot local capturado em 10/08/2026","fonte_rotas":"JOAJU MS · propostas metodológicas de rotas · corte 10/08/2026","data_corte":"2026-08-10","natureza_resultado":"análise espacial derivada","limitacoes":"Proximidade cartográfica não implica acesso, visitação, segurança, integração cultural ou autorização."}},{"type":"Feature","geometry":{"type":"Point","coordinates":[-56.725556,-20.56805601]},"properties":{"ogc_fid":306,"num_canie":"005779.00126.50.02159","nome":"Gruta Embaúba (Caverna 19)","estado":"Mato Grosso do Sul","municipio":"Bodoquena","longitude":"-56.725556","latitude":"-20.568056","nvl_valida":"Nível 1","__atlas_fonte_oficial":"CANIE/CECAV/ICMBio","__atlas_metodo_captura":"WFS oficial ICMBio/INDE","__atlas_tipo_servico":"ICMBio:canie_052026_p","__atlas_capturado_em":"2026-08-10T12:53:17.009Z","__atlas_recorte":"Mato Grosso do Sul por atributo ou interseção com envelope estadual","__atlas_aviso":"Cadastro não representa todo o universo de cavernas e não substitui validação de campo ou autorização de visitação.","id_rota_mais_proxima":"ROTA-EST-027","rota_mais_proxima":"Rota do Artesanato e das Cerâmicas de Mato Grosso do Sul","distancia_minima_rota_km":1.395,"limiar_exploratorio_km":50,"metodo":"menor distância euclidiana local aproximada entre ponto CANIE e segmentos das rotas esquemáticas","fonte_cavidade":"CANIE/CECAV/ICMBio · snapshot local capturado em 10/08/2026","fonte_rotas":"JOAJU MS · propostas metodológicas de rotas · corte 10/08/2026","data_corte":"2026-08-10","natureza_resultado":"análise espacial derivada","limitacoes":"Proximidade cartográfica não implica acesso, visitação, segurança, integração cultural ou autorização."}},{"type":"Feature","geometry":{"type":"Point","coordinates":[-56.721692,-20.60274101]},"properties":{"ogc_fid":307,"num_canie":"005780.00127.50.02159","nome":"Caverna 32 (Fenda)","estado":"Mato Grosso do Sul","municipio":"Bodoquena","longitude":"-56.721692","latitude":"-20.602741","nvl_valida":"Nível 1","__atlas_fonte_oficial":"CANIE/CECAV/ICMBio","__atlas_metodo_captura":"WFS oficial ICMBio/INDE","__atlas_tipo_servico":"ICMBio:canie_052026_p","__atlas_capturado_em":"2026-08-10T12:53:17.009Z","__atlas_recorte":"Mato Grosso do Sul por atributo ou interseção com envelope estadual","__atlas_aviso":"Cadastro não representa todo o universo de cavernas e não substitui validação de campo ou autorização de visitação.","id_rota_mais_proxima":"ROTA-PROP-005","rota_mais_proxima":"Rota Geocultural Bodoquena Pantanal","distancia_minima_rota_km":3.381,"limiar_exploratorio_km":50,"metodo":"menor distância euclidiana local aproximada entre ponto CANIE e segmentos das rotas esquemáticas","fonte_cavidade":"CANIE/CECAV/ICMBio · snapshot local capturado em 10/08/2026","fonte_rotas":"JOAJU MS · propostas metodológicas de rotas · corte 10/08/2026","data_corte":"2026-08-10","natureza_resultado":"análise espacial derivada","limitacoes":"Proximidade cartográfica não implica acesso, visitação, segurança, integração cultural ou autorização."}},{"type":"Feature","geometry":{"type":"Point","coordinates":[-56.720892,-20.58494101]},"properties":{"ogc_fid":308,"num_canie":"005781.00128.50.02159","nome":"Gruta do Casal (Caverna 30)","estado":"Mato Grosso do Sul","municipio":"Bodoquena","longitude":"-56.720892","latitude":"-20.584941","nvl_valida":"Nível 1","__atlas_fonte_oficial":"CANIE/CECAV/ICMBio","__atlas_metodo_captura":"WFS oficial ICMBio/INDE","__atlas_tipo_servico":"ICMBio:canie_052026_p","__atlas_capturado_em":"2026-08-10T12:53:17.009Z","__atlas_recorte":"Mato Grosso do Sul por atributo ou interseção com envelope estadual","__atlas_aviso":"Cadastro não representa todo o universo de cavernas e não substitui validação de campo ou autorização de visitação.","id_rota_mais_proxima":"ROTA-PROP-005","rota_mais_proxima":"Rota Geocultural Bodoquena Pantanal","distancia_minima_rota_km":2.626,"limiar_exploratorio_km":50,"metodo":"menor distância euclidiana local aproximada entre ponto CANIE e segmentos das rotas esquemáticas","fonte_cavidade":"CANIE/CECAV/ICMBio · snapshot local capturado em 10/08/2026","fonte_rotas":"JOAJU MS · propostas metodológicas de rotas · corte 10/08/2026","data_corte":"2026-08-10","natureza_resultado":"análise espacial derivada","limitacoes":"Proximidade cartográfica não implica acesso, visitação, segurança, integração cultural ou autorização."}},{"type":"Feature","geometry":{"type":"Point","coordinates":[-56.720685,-21.12042501]},"properties":{"ogc_fid":309,"num_canie":"005782.00129.50.02209","nome":"Sumidouro Fazenda Boqueirão","estado":"Mato Grosso do Sul","municipio":"Bonito","longitude":"-56.720685","latitude":"-21.120425","nvl_valida":"Nível 1","__atlas_fonte_oficial":"CANIE/CECAV/ICMBio","__atlas_metodo_captura":"WFS oficial ICMBio/INDE","__atlas_tipo_servico":"ICMBio:canie_052026_p","__atlas_capturado_em":"2026-08-10T12:53:17.009Z","__atlas_recorte":"Mato Grosso do Sul por atributo ou interseção com envelope estadual","__atlas_aviso":"Cadastro não representa todo o universo de cavernas e não substitui validação de campo ou autorização de visitação.","id_rota_mais_proxima":"ROTA-EST-022","rota_mais_proxima":"Rota de Aviturismo da Rota Bioceânica","distancia_minima_rota_km":10.397,"limiar_exploratorio_km":50,"metodo":"menor distância euclidiana local aproximada entre ponto CANIE e segmentos das rotas esquemáticas","fonte_cavidade":"CANIE/CECAV/ICMBio · snapshot local capturado em 10/08/2026","fonte_rotas":"JOAJU MS · propostas metodológicas de rotas · corte 10/08/2026","data_corte":"2026-08-10","natureza_resultado":"análise espacial derivada","limitacoes":"Proximidade cartográfica não implica acesso, visitação, segurança, integração cultural ou autorização."}},{"type":"Feature","geometry":{"type":"Point","coordinates":[-56.720685,-21.12039801]},"properties":{"ogc_fid":310,"num_canie":"005783.00130.50.02209","nome":"Sumidouro do Rio Perdido","estado":"Mato Grosso do Sul","municipio":"Bonito","longitude":"-56.720685","latitude":"-21.120398","nvl_valida":"Nível 1","__atlas_fonte_oficial":"CANIE/CECAV/ICMBio","__atlas_metodo_captura":"WFS oficial ICMBio/INDE","__atlas_tipo_servico":"ICMBio:canie_052026_p","__atlas_capturado_em":"2026-08-10T12:53:17.009Z","__atlas_recorte":"Mato Grosso do Sul por atributo ou interseção com envelope estadual","__atlas_aviso":"Cadastro não representa todo o universo de cavernas e não substitui validação de campo ou autorização de visitação.","id_rota_mais_proxima":"ROTA-EST-022","rota_mais_proxima":"Rota de Aviturismo da Rota Bioceânica","distancia_minima_rota_km":10.4,"limiar_exploratorio_km":50,"metodo":"menor distância euclidiana local aproximada entre ponto CANIE e segmentos das rotas esquemáticas","fonte_cavidade":"CANIE/CECAV/ICMBio · snapshot local capturado em 10/08/2026","fonte_rotas":"JOAJU MS · propostas metodológicas de rotas · corte 10/08/2026","data_corte":"2026-08-10","natureza_resultado":"análise espacial derivada","limitacoes":"Proximidade cartográfica não implica acesso, visitação, segurança, integração cultural ou autorização."}},{"type":"Feature","geometry":{"type":"Point","coordinates":[-56.720592,-20.58854101]},"properties":{"ogc_fid":311,"num_canie":"005784.00131.50.02159","nome":"Caverna 10","estado":"Mato Grosso do Sul","municipio":"Bodoquena","longitude":"-56.720592","latitude":"-20.588541","nvl_valida":"Nível 1","__atlas_fonte_oficial":"CANIE/CECAV/ICMBio","__atlas_metodo_captura":"WFS oficial ICMBio/INDE","__atlas_tipo_servico":"ICMBio:canie_052026_p","__atlas_capturado_em":"2026-08-10T12:53:17.009Z","__atlas_recorte":"Mato Grosso do Sul por atributo ou interseção com envelope estadual","__atlas_aviso":"Cadastro não representa todo o universo de cavernas e não substitui validação de campo ou autorização de visitação.","id_rota_mais_proxima":"ROTA-PROP-005","rota_mais_proxima":"Rota Geocultural Bodoquena Pantanal","distancia_minima_rota_km":2.733,"limiar_exploratorio_km":50,"metodo":"menor distância euclidiana local aproximada entre ponto CANIE e segmentos das rotas esquemáticas","fonte_cavidade":"CANIE/CECAV/ICMBio · snapshot local capturado em 10/08/2026","fonte_rotas":"JOAJU MS · propostas metodológicas de rotas · corte 10/08/2026","data_corte":"2026-08-10","natureza_resultado":"análise espacial derivada","limitacoes":"Proximidade cartográfica não implica acesso, visitação, segurança, integração cultural ou autorização."}},{"type":"Feature","geometry":{"type":"Point","coordinates":[-56.721111,-20.58361101]},"properties":{"ogc_fid":312,"num_canie":"005785.00132.50.02159","nome":"Gruta da Mulher (Caverna 21)","estado":"Mato Grosso do Sul","municipio":"Bodoquena","longitude":"-56.721111","latitude":"-20.583611","nvl_valida":"Nível 1","__atlas_fonte_oficial":"CANIE/CECAV/ICMBio","__atlas_metodo_captura":"WFS oficial ICMBio/INDE","__atlas_tipo_servico":"ICMBio:canie_052026_p","__atlas_capturado_em":"2026-08-10T12:53:17.009Z","__atlas_recorte":"Mato Grosso do Sul por atributo ou interseção com envelope estadual","__atlas_aviso":"Cadastro não representa todo o universo de cavernas e não substitui validação de campo ou autorização de visitação.","id_rota_mais_proxima":"ROTA-PROP-005","rota_mais_proxima":"Rota Geocultural Bodoquena Pantanal","distancia_minima_rota_km":2.597,"limiar_exploratorio_km":50,"metodo":"menor distância euclidiana local aproximada entre ponto CANIE e segmentos das rotas esquemáticas","fonte_cavidade":"CANIE/CECAV/ICMBio · snapshot local capturado em 10/08/2026","fonte_rotas":"JOAJU MS · propostas metodológicas de rotas · corte 10/08/2026","data_corte":"2026-08-10","natureza_resultado":"análise espacial derivada","limitacoes":"Proximidade cartográfica não implica acesso, visitação, segurança, integração cultural ou autorização."}},{"type":"Feature","geometry":{"type":"Point","coordinates":[-56.721667,-20.58416701]},"properties":{"ogc_fid":313,"num_canie":"005786.00133.50.02159","nome":"Gruta do Cavalo (Caverna 22)","estado":"Mato Grosso do Sul","municipio":"Bodoquena","longitude":"-56.721667","latitude":"-20.584167","nvl_valida":"Nível 1","__atlas_fonte_oficial":"CANIE/CECAV/ICMBio","__atlas_metodo_captura":"WFS oficial ICMBio/INDE","__atlas_tipo_servico":"ICMBio:canie_052026_p","__atlas_capturado_em":"2026-08-10T12:53:17.009Z","__atlas_recorte":"Mato Grosso do Sul por atributo ou interseção com envelope estadual","__atlas_aviso":"Cadastro não representa todo o universo de cavernas e não substitui validação de campo ou autorização de visitação.","id_rota_mais_proxima":"ROTA-PROP-005","rota_mais_proxima":"Rota Geocultural Bodoquena Pantanal","distancia_minima_rota_km":2.672,"limiar_exploratorio_km":50,"metodo":"menor distância euclidiana local aproximada entre ponto CANIE e segmentos das rotas esquemáticas","fonte_cavidade":"CANIE/CECAV/ICMBio · snapshot local capturado em 10/08/2026","fonte_rotas":"JOAJU MS · propostas metodológicas de rotas · corte 10/08/2026","data_corte":"2026-08-10","natureza_resultado":"análise espacial derivada","limitacoes":"Proximidade cartográfica não implica acesso, visitação, segurança, integração cultural ou autorização."}},{"type":"Feature","geometry":{"type":"Point","coordinates":[-56.719693,-21.12674201]},"properties":{"ogc_fid":314,"num_canie":"005787.00134.50.02209","nome":"Abismo da Fazenda Boqueirão II","estado":"Mato Grosso do Sul","municipio":"Bonito","longitude":"-56.719693","latitude":"-21.126742","nvl_valida":"Nível 1","__atlas_fonte_oficial":"CANIE/CECAV/ICMBio","__atlas_metodo_captura":"WFS oficial ICMBio/INDE","__atlas_tipo_servico":"ICMBio:canie_052026_p","__atlas_capturado_em":"2026-08-10T12:53:17.009Z","__atlas_recorte":"Mato Grosso do Sul por atributo ou interseção com envelope estadual","__atlas_aviso":"Cadastro não representa todo o universo de cavernas e não substitui validação de campo ou autorização de visitação.","id_rota_mais_proxima":"ROTA-EST-022","rota_mais_proxima":"Rota de Aviturismo da Rota Bioceânica","distancia_minima_rota_km":9.715,"limiar_exploratorio_km":50,"metodo":"menor distância euclidiana local aproximada entre ponto CANIE e segmentos das rotas esquemáticas","fonte_cavidade":"CANIE/CECAV/ICMBio · snapshot local capturado em 10/08/2026","fonte_rotas":"JOAJU MS · propostas metodológicas de rotas · corte 10/08/2026","data_corte":"2026-08-10","natureza_resultado":"análise espacial derivada","limitacoes":"Proximidade cartográfica não implica acesso, visitação, segurança, integração cultural ou autorização."}},{"type":"Feature","geometry":{"type":"Point","coordinates":[-56.719592,-20.58664101]},"properties":{"ogc_fid":315,"num_canie":"005788.00135.50.02159","nome":"Abrigo do Jabuti (Caverna 20)","estado":"Mato Grosso do Sul","municipio":"Bodoquena","longitude":"-56.719592","latitude":"-20.586641","nvl_valida":"Nível 1","__atlas_fonte_oficial":"CANIE/CECAV/ICMBio","__atlas_metodo_captura":"WFS oficial ICMBio/INDE","__atlas_tipo_servico":"ICMBio:canie_052026_p","__atlas_capturado_em":"2026-08-10T12:53:17.009Z","__atlas_recorte":"Mato Grosso do Sul por atributo ou interseção com envelope estadual","__atlas_aviso":"Cadastro não representa todo o universo de cavernas e não substitui validação de campo ou autorização de visitação.","id_rota_mais_proxima":"ROTA-PROP-005","rota_mais_proxima":"Rota Geocultural Bodoquena Pantanal","distancia_minima_rota_km":2.563,"limiar_exploratorio_km":50,"metodo":"menor distância euclidiana local aproximada entre ponto CANIE e segmentos das rotas esquemáticas","fonte_cavidade":"CANIE/CECAV/ICMBio · snapshot local capturado em 10/08/2026","fonte_rotas":"JOAJU MS · propostas metodológicas de rotas · corte 10/08/2026","data_corte":"2026-08-10","natureza_resultado":"análise espacial derivada","limitacoes":"Proximidade cartográfica não implica acesso, visitação, segurança, integração cultural ou autorização."}},{"type":"Feature","geometry":{"type":"Point","coordinates":[-56.718519,-21.25786701]},"properties":{"ogc_fid":316,"num_canie":"005789.00136.50.06903","nome":"Gruta Harmonia IV","estado":"Mato Grosso do Sul","municipio":"Porto Murtinho","longitude":"-56.718519","latitude":"-21.257867","nvl_valida":"Nível 1","__atlas_fonte_oficial":"CANIE/CECAV/ICMBio","__atlas_metodo_captura":"WFS oficial ICMBio/INDE","__atlas_tipo_servico":"ICMBio:canie_052026_p","__atlas_capturado_em":"2026-08-10T12:53:17.009Z","__atlas_recorte":"Mato Grosso do Sul por atributo ou interseção com envelope estadual","__atlas_aviso":"Cadastro não representa todo o universo de cavernas e não substitui validação de campo ou autorização de visitação.","id_rota_mais_proxima":"ROTA-EST-022","rota_mais_proxima":"Rota de Aviturismo da Rota Bioceânica","distancia_minima_rota_km":3.628,"limiar_exploratorio_km":50,"metodo":"menor distância euclidiana local aproximada entre ponto CANIE e segmentos das rotas esquemáticas","fonte_cavidade":"CANIE/CECAV/ICMBio · snapshot local capturado em 10/08/2026","fonte_rotas":"JOAJU MS · propostas metodológicas de rotas · corte 10/08/2026","data_corte":"2026-08-10","natureza_resultado":"análise espacial derivada","limitacoes":"Proximidade cartográfica não implica acesso, visitação, segurança, integração cultural ou autorização."}},{"type":"Feature","geometry":{"type":"Point","coordinates":[-56.725278,-20.59611101]},"properties":{"ogc_fid":317,"num_canie":"005790.00137.50.02159","nome":"Gruta Azedinha III (Caverna sem nome)","estado":"Mato Grosso do Sul","municipio":"Bodoquena","longitude":"-56.725278","latitude":"-20.596111","nvl_valida":"Nível 1","__atlas_fonte_oficial":"CANIE/CECAV/ICMBio","__atlas_metodo_captura":"WFS oficial ICMBio/INDE","__atlas_tipo_servico":"ICMBio:canie_052026_p","__atlas_capturado_em":"2026-08-10T12:53:17.009Z","__atlas_recorte":"Mato Grosso do Sul por atributo ou interseção com envelope estadual","__atlas_aviso":"Cadastro não representa todo o universo de cavernas e não substitui validação de campo ou autorização de visitação.","id_rota_mais_proxima":"ROTA-EST-018","rota_mais_proxima":"Rota das Festas de Fé e Devoção Popular","distancia_minima_rota_km":3.465,"limiar_exploratorio_km":50,"metodo":"menor distância euclidiana local aproximada entre ponto CANIE e segmentos das rotas esquemáticas","fonte_cavidade":"CANIE/CECAV/ICMBio · snapshot local capturado em 10/08/2026","fonte_rotas":"JOAJU MS · propostas metodológicas de rotas · corte 10/08/2026","data_corte":"2026-08-10","natureza_resultado":"análise espacial derivada","limitacoes":"Proximidade cartográfica não implica acesso, visitação, segurança, integração cultural ou autorização."}},{"type":"Feature","geometry":{"type":"Point","coordinates":[-56.725278,-20.59527801]},"properties":{"ogc_fid":318,"num_canie":"005791.00138.50.02159","nome":"Gruta Azedinha II (Caverna 35)","estado":"Mato Grosso do Sul","municipio":"Bodoquena","longitude":"-56.725278","latitude":"-20.595278","nvl_valida":"Nível 1","__atlas_fonte_oficial":"CANIE/CECAV/ICMBio","__atlas_metodo_captura":"WFS oficial ICMBio/INDE","__atlas_tipo_servico":"ICMBio:canie_052026_p","__atlas_capturado_em":"2026-08-10T12:53:17.009Z","__atlas_recorte":"Mato Grosso do Sul por atributo ou interseção com envelope estadual","__atlas_aviso":"Cadastro não representa todo o universo de cavernas e não substitui validação de campo ou autorização de visitação.","id_rota_mais_proxima":"ROTA-PROP-005","rota_mais_proxima":"Rota Geocultural Bodoquena Pantanal","distancia_minima_rota_km":3.448,"limiar_exploratorio_km":50,"metodo":"menor distância euclidiana local aproximada entre ponto CANIE e segmentos das rotas esquemáticas","fonte_cavidade":"CANIE/CECAV/ICMBio · snapshot local capturado em 10/08/2026","fonte_rotas":"JOAJU MS · propostas metodológicas de rotas · corte 10/08/2026","data_corte":"2026-08-10","natureza_resultado":"análise espacial derivada","limitacoes":"Proximidade cartográfica não implica acesso, visitação, segurança, integração cultural ou autorização."}},{"type":"Feature","geometry":{"type":"Point","coordinates":[-56.716524,-20.60307901]},"properties":{"ogc_fid":319,"num_canie":"005792.00139.50.02159","nome":"Caverna da Cutia","estado":"Mato Grosso do Sul","municipio":"Bodoquena","longitude":"-56.716524","latitude":"-20.603079","nvl_valida":"Nível 1","__atlas_fonte_oficial":"CANIE/CECAV/ICMBio","__atlas_metodo_captura":"WFS oficial ICMBio/INDE","__atlas_tipo_servico":"ICMBio:canie_052026_p","__atlas_capturado_em":"2026-08-10T12:53:17.009Z","__atlas_recorte":"Mato Grosso do Sul por atributo ou interseção com envelope estadual","__atlas_aviso":"Cadastro não representa todo o universo de cavernas e não substitui validação de campo ou autorização de visitação.","id_rota_mais_proxima":"ROTA-PROP-005","rota_mais_proxima":"Rota Geocultural Bodoquena Pantanal","distancia_minima_rota_km":2.888,"limiar_exploratorio_km":50,"metodo":"menor distância euclidiana local aproximada entre ponto CANIE e segmentos das rotas esquemáticas","fonte_cavidade":"CANIE/CECAV/ICMBio · snapshot local capturado em 10/08/2026","fonte_rotas":"JOAJU MS · propostas metodológicas de rotas · corte 10/08/2026","data_corte":"2026-08-10","natureza_resultado":"análise espacial derivada","limitacoes":"Proximidade cartográfica não implica acesso, visitação, segurança, integração cultural ou autorização."}},{"type":"Feature","geometry":{"type":"Point","coordinates":[-56.71649,-20.58904001]},"properties":{"ogc_fid":320,"num_canie":"005793.00140.50.02159","nome":"Caverna Quatro Irmãos (Caverna 11)","estado":"Mato Grosso do Sul","municipio":"Bodoquena","longitude":"-56.71649","latitude":"-20.58904","nvl_valida":"Nível 1","__atlas_fonte_oficial":"CANIE/CECAV/ICMBio","__atlas_metodo_captura":"WFS oficial ICMBio/INDE","__atlas_tipo_servico":"ICMBio:canie_052026_p","__atlas_capturado_em":"2026-08-10T12:53:17.009Z","__atlas_recorte":"Mato Grosso do Sul por atributo ou interseção com envelope estadual","__atlas_aviso":"Cadastro não representa todo o universo de cavernas e não substitui validação de campo ou autorização de visitação.","id_rota_mais_proxima":"ROTA-PROP-005","rota_mais_proxima":"Rota Geocultural Bodoquena Pantanal","distancia_minima_rota_km":2.351,"limiar_exploratorio_km":50,"metodo":"menor distância euclidiana local aproximada entre ponto CANIE e segmentos das rotas esquemáticas","fonte_cavidade":"CANIE/CECAV/ICMBio · snapshot local capturado em 10/08/2026","fonte_rotas":"JOAJU MS · propostas metodológicas de rotas · corte 10/08/2026","data_corte":"2026-08-10","natureza_resultado":"análise espacial derivada","limitacoes":"Proximidade cartográfica não implica acesso, visitação, segurança, integração cultural ou autorização."}},{"type":"Feature","geometry":{"type":"Point","coordinates":[-56.716492,-20.58904101]},"properties":{"ogc_fid":321,"num_canie":"005794.00141.50.02159","nome":"Caverna Quatro Irmãos 2 (Caverna 12)","estado":"Mato Grosso do Sul","municipio":"Bodoquena","longitude":"-56.716492","latitude":"-20.589041","nvl_valida":"Nível 1","__atlas_fonte_oficial":"CANIE/CECAV/ICMBio","__atlas_metodo_captura":"WFS oficial ICMBio/INDE","__atlas_tipo_servico":"ICMBio:canie_052026_p","__atlas_capturado_em":"2026-08-10T12:53:17.009Z","__atlas_recorte":"Mato Grosso do Sul por atributo ou interseção com envelope estadual","__atlas_aviso":"Cadastro não representa todo o universo de cavernas e não substitui validação de campo ou autorização de visitação.","id_rota_mais_proxima":"ROTA-PROP-005","rota_mais_proxima":"Rota Geocultural Bodoquena Pantanal","distancia_minima_rota_km":2.351,"limiar_exploratorio_km":50,"metodo":"menor distância euclidiana local aproximada entre ponto CANIE e segmentos das rotas esquemáticas","fonte_cavidade":"CANIE/CECAV/ICMBio · snapshot local capturado em 10/08/2026","fonte_rotas":"JOAJU MS · propostas metodológicas de rotas · corte 10/08/2026","data_corte":"2026-08-10","natureza_resultado":"análise espacial derivada","limitacoes":"Proximidade cartográfica não implica acesso, visitação, segurança, integração cultural ou autorização."}},{"type":"Feature","geometry":{"type":"Point","coordinates":[-56.716194,-21.28044301]},"properties":{"ogc_fid":322,"num_canie":"005795.00142.50.06903","nome":"Abismo da Fazenda Harmonia I","estado":"Mato Grosso do Sul","municipio":"Porto Murtinho","longitude":"-56.716194","latitude":"-21.280443","nvl_valida":"Nível 1","__atlas_fonte_oficial":"CANIE/CECAV/ICMBio","__atlas_metodo_captura":"WFS oficial ICMBio/INDE","__atlas_tipo_servico":"ICMBio:canie_052026_p","__atlas_capturado_em":"2026-08-10T12:53:17.009Z","__atlas_recorte":"Mato Grosso do Sul por atributo ou interseção com envelope estadual","__atlas_aviso":"Cadastro não representa todo o universo de cavernas e não substitui validação de campo ou autorização de visitação.","id_rota_mais_proxima":"ROTA-EST-022","rota_mais_proxima":"Rota de Aviturismo da Rota Bioceânica","distancia_minima_rota_km":6.013,"limiar_exploratorio_km":50,"metodo":"menor distância euclidiana local aproximada entre ponto CANIE e segmentos das rotas esquemáticas","fonte_cavidade":"CANIE/CECAV/ICMBio · snapshot local capturado em 10/08/2026","fonte_rotas":"JOAJU MS · propostas metodológicas de rotas · corte 10/08/2026","data_corte":"2026-08-10","natureza_resultado":"análise espacial derivada","limitacoes":"Proximidade cartográfica não implica acesso, visitação, segurança, integração cultural ou autorização."}},{"type":"Feature","geometry":{"type":"Point","coordinates":[-56.716944,-20.60138901]},"properties":{"ogc_fid":323,"num_canie":"005796.00143.50.02159","nome":"Gruta Alto Campina (Caverna 13)","estado":"Mato Grosso do Sul","municipio":"Bodoquena","longitude":"-56.716944","latitude":"-20.601389","nvl_valida":"Nível 1","__atlas_fonte_oficial":"CANIE/CECAV/ICMBio","__atlas_metodo_captura":"WFS oficial ICMBio/INDE","__atlas_tipo_servico":"ICMBio:canie_052026_p","__atlas_capturado_em":"2026-08-10T12:53:17.009Z","__atlas_recorte":"Mato Grosso do Sul por atributo ou interseção com envelope estadual","__atlas_aviso":"Cadastro não representa todo o universo de cavernas e não substitui validação de campo ou autorização de visitação.","id_rota_mais_proxima":"ROTA-PROP-005","rota_mais_proxima":"Rota Geocultural Bodoquena Pantanal","distancia_minima_rota_km":2.865,"limiar_exploratorio_km":50,"metodo":"menor distância euclidiana local aproximada entre ponto CANIE e segmentos das rotas esquemáticas","fonte_cavidade":"CANIE/CECAV/ICMBio · snapshot local capturado em 10/08/2026","fonte_rotas":"JOAJU MS · propostas metodológicas de rotas · corte 10/08/2026","data_corte":"2026-08-10","natureza_resultado":"análise espacial derivada","limitacoes":"Proximidade cartográfica não implica acesso, visitação, segurança, integração cultural ou autorização."}},{"type":"Feature","geometry":{"type":"Point","coordinates":[-56.715291,-20.44394101]},"properties":{"ogc_fid":324,"num_canie":"005797.00144.50.02159","nome":"Gruta Estreito da Serra","estado":"Mato Grosso do Sul","municipio":"Bodoquena","longitude":"-56.715291","latitude":"-20.443941","nvl_valida":"Nível 1","__atlas_fonte_oficial":"CANIE/CECAV/ICMBio","__atlas_metodo_captura":"WFS oficial ICMBio/INDE","__atlas_tipo_servico":"ICMBio:canie_052026_p","__atlas_capturado_em":"2026-08-10T12:53:17.009Z","__atlas_recorte":"Mato Grosso do Sul por atributo ou interseção com envelope estadual","__atlas_aviso":"Cadastro não representa todo o universo de cavernas e não substitui validação de campo ou autorização de visitação.","id_rota_mais_proxima":"ROTA-EST-026","rota_mais_proxima":"Rota Pantanal Bonito","distancia_minima_rota_km":4.921,"limiar_exploratorio_km":50,"metodo":"menor distância euclidiana local aproximada entre ponto CANIE e segmentos das rotas esquemáticas","fonte_cavidade":"CANIE/CECAV/ICMBio · snapshot local capturado em 10/08/2026","fonte_rotas":"JOAJU MS · propostas metodológicas de rotas · corte 10/08/2026","data_corte":"2026-08-10","natureza_resultado":"análise espacial derivada","limitacoes":"Proximidade cartográfica não implica acesso, visitação, segurança, integração cultural ou autorização."}},{"type":"Feature","geometry":{"type":"Point","coordinates":[-56.711592,-20.60384101]},"properties":{"ogc_fid":325,"num_canie":"005798.00145.50.02159","nome":"Caverna 34  área da reserva","estado":"Mato Grosso do Sul","municipio":"Bodoquena","longitude":"-56.711592","latitude":"-20.603841","nvl_valida":"Nível 1","__atlas_fonte_oficial":"CANIE/CECAV/ICMBio","__atlas_metodo_captura":"WFS oficial ICMBio/INDE","__atlas_tipo_servico":"ICMBio:canie_052026_p","__atlas_capturado_em":"2026-08-10T12:53:17.009Z","__atlas_recorte":"Mato Grosso do Sul por atributo ou interseção com envelope estadual","__atlas_aviso":"Cadastro não representa todo o universo de cavernas e não substitui validação de campo ou autorização de visitação.","id_rota_mais_proxima":"ROTA-PROP-005","rota_mais_proxima":"Rota Geocultural Bodoquena Pantanal","distancia_minima_rota_km":2.435,"limiar_exploratorio_km":50,"metodo":"menor distância euclidiana local aproximada entre ponto CANIE e segmentos das rotas esquemáticas","fonte_cavidade":"CANIE/CECAV/ICMBio · snapshot local capturado em 10/08/2026","fonte_rotas":"JOAJU MS · propostas metodológicas de rotas · corte 10/08/2026","data_corte":"2026-08-10","natureza_resultado":"análise espacial derivada","limitacoes":"Proximidade cartográfica não implica acesso, visitação, segurança, integração cultural ou autorização."}},{"type":"Feature","geometry":{"type":"Point","coordinates":[-56.710492,-20.60534101]},"properties":{"ogc_fid":326,"num_canie":"005799.00146.50.02159","nome":"Caverna 15","estado":"Mato Grosso do Sul","municipio":"Bodoquena","longitude":"-56.710492","latitude":"-20.605341","nvl_valida":"Nível 1","__atlas_fonte_oficial":"CANIE/CECAV/ICMBio","__atlas_metodo_captura":"WFS oficial ICMBio/INDE","__atlas_tipo_servico":"ICMBio:canie_052026_p","__atlas_capturado_em":"2026-08-10T12:53:17.009Z","__atlas_recorte":"Mato Grosso do Sul por atributo ou interseção com envelope estadual","__atlas_aviso":"Cadastro não representa todo o universo de cavernas e não substitui validação de campo ou autorização de visitação.","id_rota_mais_proxima":"ROTA-PROP-005","rota_mais_proxima":"Rota Geocultural Bodoquena Pantanal","distancia_minima_rota_km":2.384,"limiar_exploratorio_km":50,"metodo":"menor distância euclidiana local aproximada entre ponto CANIE e segmentos das rotas esquemáticas","fonte_cavidade":"CANIE/CECAV/ICMBio · snapshot local capturado em 10/08/2026","fonte_rotas":"JOAJU MS · propostas metodológicas de rotas · corte 10/08/2026","data_corte":"2026-08-10","natureza_resultado":"análise espacial derivada","limitacoes":"Proximidade cartográfica não implica acesso, visitação, segurança, integração cultural ou autorização."}},{"type":"Feature","geometry":{"type":"Point","coordinates":[-56.709363,-20.41408601]},"properties":{"ogc_fid":327,"num_canie":"005800.00147.50.02159","nome":"Gruta do Clarão","estado":"Mato Grosso do Sul","municipio":"Bodoquena","longitude":"-56.709363","latitude":"-20.414086","nvl_valida":"Nível 1","__atlas_fonte_oficial":"CANIE/CECAV/ICMBio","__atlas_metodo_captura":"WFS oficial ICMBio/INDE","__atlas_tipo_servico":"ICMBio:canie_052026_p","__atlas_capturado_em":"2026-08-10T12:53:17.009Z","__atlas_recorte":"Mato Grosso do Sul por atributo ou interseção com envelope estadual","__atlas_aviso":"Cadastro não representa todo o universo de cavernas e não substitui validação de campo ou autorização de visitação.","id_rota_mais_proxima":"ROTA-EST-026","rota_mais_proxima":"Rota Pantanal Bonito","distancia_minima_rota_km":7.11,"limiar_exploratorio_km":50,"metodo":"menor distância euclidiana local aproximada entre ponto CANIE e segmentos das rotas esquemáticas","fonte_cavidade":"CANIE/CECAV/ICMBio · snapshot local capturado em 10/08/2026","fonte_rotas":"JOAJU MS · propostas metodológicas de rotas · corte 10/08/2026","data_corte":"2026-08-10","natureza_resultado":"análise espacial derivada","limitacoes":"Proximidade cartográfica não implica acesso, visitação, segurança, integração cultural ou autorização."}},{"type":"Feature","geometry":{"type":"Point","coordinates":[-56.709692,-20.60684101]},"properties":{"ogc_fid":328,"num_canie":"005801.00148.50.02159","nome":"Gruta do Alex (Caverna 15)","estado":"Mato Grosso do Sul","municipio":"Bodoquena","longitude":"-56.709692","latitude":"-20.606841","nvl_valida":"Nível 1","__atlas_fonte_oficial":"CANIE/CECAV/ICMBio","__atlas_metodo_captura":"WFS oficial ICMBio/INDE","__atlas_tipo_servico":"ICMBio:canie_052026_p","__atlas_capturado_em":"2026-08-10T12:53:17.009Z","__atlas_recorte":"Mato Grosso do Sul por atributo ou interseção com envelope estadual","__atlas_aviso":"Cadastro não representa todo o universo de cavernas e não substitui validação de campo ou autorização de visitação.","id_rota_mais_proxima":"ROTA-PROP-005","rota_mais_proxima":"Rota Geocultural Bodoquena Pantanal","distancia_minima_rota_km":2.363,"limiar_exploratorio_km":50,"metodo":"menor distância euclidiana local aproximada entre ponto CANIE e segmentos das rotas esquemáticas","fonte_cavidade":"CANIE/CECAV/ICMBio · snapshot local capturado em 10/08/2026","fonte_rotas":"JOAJU MS · propostas metodológicas de rotas · corte 10/08/2026","data_corte":"2026-08-10","natureza_resultado":"análise espacial derivada","limitacoes":"Proximidade cartográfica não implica acesso, visitação, segurança, integração cultural ou autorização."}},{"type":"Feature","geometry":{"type":"Point","coordinates":[-56.709692,-20.60524101]},"properties":{"ogc_fid":329,"num_canie":"005802.00149.50.02159","nome":"Gruta do Alex II (Caverna 16)","estado":"Mato Grosso do Sul","municipio":"Bodoquena","longitude":"-56.709692","latitude":"-20.605241","nvl_valida":"Nível 1","__atlas_fonte_oficial":"CANIE/CECAV/ICMBio","__atlas_metodo_captura":"WFS oficial ICMBio/INDE","__atlas_tipo_servico":"ICMBio:canie_052026_p","__atlas_capturado_em":"2026-08-10T12:53:17.009Z","__atlas_recorte":"Mato Grosso do Sul por atributo ou interseção com envelope estadual","__atlas_aviso":"Cadastro não representa todo o universo de cavernas e não substitui validação de campo ou autorização de visitação.","id_rota_mais_proxima":"ROTA-PROP-005","rota_mais_proxima":"Rota Geocultural Bodoquena Pantanal","distancia_minima_rota_km":2.302,"limiar_exploratorio_km":50,"metodo":"menor distância euclidiana local aproximada entre ponto CANIE e segmentos das rotas esquemáticas","fonte_cavidade":"CANIE/CECAV/ICMBio · snapshot local capturado em 10/08/2026","fonte_rotas":"JOAJU MS · propostas metodológicas de rotas · corte 10/08/2026","data_corte":"2026-08-10","natureza_resultado":"análise espacial derivada","limitacoes":"Proximidade cartográfica não implica acesso, visitação, segurança, integração cultural ou autorização."}},{"type":"Feature","geometry":{"type":"Point","coordinates":[-56.709392,-20.60704101]},"properties":{"ogc_fid":330,"num_canie":"005803.00150.50.02159","nome":"Caverna 14","estado":"Mato Grosso do Sul","municipio":"Bodoquena","longitude":"-56.709392","latitude":"-20.607041","nvl_valida":"Nível 1","__atlas_fonte_oficial":"CANIE/CECAV/ICMBio","__atlas_metodo_captura":"WFS oficial ICMBio/INDE","__atlas_tipo_servico":"ICMBio:canie_052026_p","__atlas_capturado_em":"2026-08-10T12:53:17.009Z","__atlas_recorte":"Mato Grosso do Sul por atributo ou interseção com envelope estadual","__atlas_aviso":"Cadastro não representa todo o universo de cavernas e não substitui validação de campo ou autorização de visitação.","id_rota_mais_proxima":"ROTA-PROP-005","rota_mais_proxima":"Rota Geocultural Bodoquena Pantanal","distancia_minima_rota_km":2.341,"limiar_exploratorio_km":50,"metodo":"menor distância euclidiana local aproximada entre ponto CANIE e segmentos das rotas esquemáticas","fonte_cavidade":"CANIE/CECAV/ICMBio · snapshot local capturado em 10/08/2026","fonte_rotas":"JOAJU MS · propostas metodológicas de rotas · corte 10/08/2026","data_corte":"2026-08-10","natureza_resultado":"análise espacial derivada","limitacoes":"Proximidade cartográfica não implica acesso, visitação, segurança, integração cultural ou autorização."}},{"type":"Feature","geometry":{"type":"Point","coordinates":[-56.704593,-21.13054201]},"properties":{"ogc_fid":331,"num_canie":"005804.00151.50.02209","nome":"Caverna Fazenda Boqueirão I","estado":"Mato Grosso do Sul","municipio":"Bonito","longitude":"-56.704593","latitude":"-21.130542","nvl_valida":"Nível 1","__atlas_fonte_oficial":"CANIE/CECAV/ICMBio","__atlas_metodo_captura":"WFS oficial ICMBio/INDE","__atlas_tipo_servico":"ICMBio:canie_052026_p","__atlas_capturado_em":"2026-08-10T12:53:17.009Z","__atlas_recorte":"Mato Grosso do Sul por atributo ou interseção com envelope estadual","__atlas_aviso":"Cadastro não representa todo o universo de cavernas e não substitui validação de campo ou autorização de visitação.","id_rota_mais_proxima":"ROTA-EST-022","rota_mais_proxima":"Rota de Aviturismo da Rota Bioceânica","distancia_minima_rota_km":8.705,"limiar_exploratorio_km":50,"metodo":"menor distância euclidiana local aproximada entre ponto CANIE e segmentos das rotas esquemáticas","fonte_cavidade":"CANIE/CECAV/ICMBio · snapshot local capturado em 10/08/2026","fonte_rotas":"JOAJU MS · propostas metodológicas de rotas · corte 10/08/2026","data_corte":"2026-08-10","natureza_resultado":"análise espacial derivada","limitacoes":"Proximidade cartográfica não implica acesso, visitação, segurança, integração cultural ou autorização."}},{"type":"Feature","geometry":{"type":"Point","coordinates":[-56.703293,-21.00254201]},"properties":{"ogc_fid":332,"num_canie":"005805.00152.50.02209","nome":"Gruta do Cateto","estado":"Mato Grosso do Sul","municipio":"Bonito","longitude":"-56.703293","latitude":"-21.002542","nvl_valida":"Nível 1","__atlas_fonte_oficial":"CANIE/CECAV/ICMBio","__atlas_metodo_captura":"WFS oficial ICMBio/INDE","__atlas_tipo_servico":"ICMBio:canie_052026_p","__atlas_capturado_em":"2026-08-10T12:53:17.009Z","__atlas_recorte":"Mato Grosso do Sul por atributo ou interseção com envelope estadual","__atlas_aviso":"Cadastro não representa todo o universo de cavernas e não substitui validação de campo ou autorização de visitação.","id_rota_mais_proxima":"ROTA-EST-030","rota_mais_proxima":"Rota dos Museus, Memórias e Centros Históricos Urbanos","distancia_minima_rota_km":13.475,"limiar_exploratorio_km":50,"metodo":"menor distância euclidiana local aproximada entre ponto CANIE e segmentos das rotas esquemáticas","fonte_cavidade":"CANIE/CECAV/ICMBio · snapshot local capturado em 10/08/2026","fonte_rotas":"JOAJU MS · propostas metodológicas de rotas · corte 10/08/2026","data_corte":"2026-08-10","natureza_resultado":"análise espacial derivada","limitacoes":"Proximidade cartográfica não implica acesso, visitação, segurança, integração cultural ou autorização."}},{"type":"Feature","geometry":{"type":"Point","coordinates":[-56.703093,-21.13524201]},"properties":{"ogc_fid":333,"num_canie":"005806.00153.50.02209","nome":"Abismo da Fazenda Boqueirão I","estado":"Mato Grosso do Sul","municipio":"Bonito","longitude":"-56.703093","latitude":"-21.135242","nvl_valida":"Nível 1","__atlas_fonte_oficial":"CANIE/CECAV/ICMBio","__atlas_metodo_captura":"WFS oficial ICMBio/INDE","__atlas_tipo_servico":"ICMBio:canie_052026_p","__atlas_capturado_em":"2026-08-10T12:53:17.009Z","__atlas_recorte":"Mato Grosso do Sul por atributo ou interseção com envelope estadual","__atlas_aviso":"Cadastro não representa todo o universo de cavernas e não substitui validação de campo ou autorização de visitação.","id_rota_mais_proxima":"ROTA-EST-022","rota_mais_proxima":"Rota de Aviturismo da Rota Bioceânica","distancia_minima_rota_km":8.166,"limiar_exploratorio_km":50,"metodo":"menor distância euclidiana local aproximada entre ponto CANIE e segmentos das rotas esquemáticas","fonte_cavidade":"CANIE/CECAV/ICMBio · snapshot local capturado em 10/08/2026","fonte_rotas":"JOAJU MS · propostas metodológicas de rotas · corte 10/08/2026","data_corte":"2026-08-10","natureza_resultado":"análise espacial derivada","limitacoes":"Proximidade cartográfica não implica acesso, visitação, segurança, integração cultural ou autorização."}},{"type":"Feature","geometry":{"type":"Point","coordinates":[-56.701384,-21.09345701]},"properties":{"ogc_fid":336,"num_canie":"005809.00154.50.02209","nome":"Abismo III","estado":"Mato Grosso do Sul","municipio":"Bonito","longitude":"-56.701384","latitude":"-21.093457","nvl_valida":"Nível 1","__atlas_fonte_oficial":"CANIE/CECAV/ICMBio","__atlas_metodo_captura":"WFS oficial ICMBio/INDE","__atlas_tipo_servico":"ICMBio:canie_052026_p","__atlas_capturado_em":"2026-08-10T12:53:17.009Z","__atlas_recorte":"Mato Grosso do Sul por atributo ou interseção com envelope estadual","__atlas_aviso":"Cadastro não representa todo o universo de cavernas e não substitui validação de campo ou autorização de visitação.","id_rota_mais_proxima":"ROTA-EST-022","rota_mais_proxima":"Rota de Aviturismo da Rota Bioceânica","distancia_minima_rota_km":12.332,"limiar_exploratorio_km":50,"metodo":"menor distância euclidiana local aproximada entre ponto CANIE e segmentos das rotas esquemáticas","fonte_cavidade":"CANIE/CECAV/ICMBio · snapshot local capturado em 10/08/2026","fonte_rotas":"JOAJU MS · propostas metodológicas de rotas · corte 10/08/2026","data_corte":"2026-08-10","natureza_resultado":"análise espacial derivada","limitacoes":"Proximidade cartográfica não implica acesso, visitação, segurança, integração cultural ou autorização."}},{"type":"Feature","geometry":{"type":"Point","coordinates":[-56.701215,-21.17762201]},"properties":{"ogc_fid":337,"num_canie":"005810.00155.50.02209","nome":"Abismo Reverendo Moon","estado":"Mato Grosso do Sul","municipio":"Bonito","longitude":"-56.701215","latitude":"-21.177622","nvl_valida":"Nível 1","__atlas_fonte_oficial":"CANIE/CECAV/ICMBio","__atlas_metodo_captura":"WFS oficial ICMBio/INDE","__atlas_tipo_servico":"ICMBio:canie_052026_p","__atlas_capturado_em":"2026-08-10T12:53:17.009Z","__atlas_recorte":"Mato Grosso do Sul por atributo ou interseção com envelope estadual","__atlas_aviso":"Cadastro não representa todo o universo de cavernas e não substitui validação de campo ou autorização de visitação.","id_rota_mais_proxima":"ROTA-EST-022","rota_mais_proxima":"Rota de Aviturismo da Rota Bioceânica","distancia_minima_rota_km":3.791,"limiar_exploratorio_km":50,"metodo":"menor distância euclidiana local aproximada entre ponto CANIE e segmentos das rotas esquemáticas","fonte_cavidade":"CANIE/CECAV/ICMBio · snapshot local capturado em 10/08/2026","fonte_rotas":"JOAJU MS · propostas metodológicas de rotas · corte 10/08/2026","data_corte":"2026-08-10","natureza_resultado":"análise espacial derivada","limitacoes":"Proximidade cartográfica não implica acesso, visitação, segurança, integração cultural ou autorização."}},{"type":"Feature","geometry":{"type":"Point","coordinates":[-56.701093,-21.09484201]},"properties":{"ogc_fid":338,"num_canie":"005811.00156.50.02209","nome":"Abismo II (Sem denominação)","estado":"Mato Grosso do Sul","municipio":"Bonito","longitude":"-56.701093","latitude":"-21.094842","nvl_valida":"Nível 1","__atlas_fonte_oficial":"CANIE/CECAV/ICMBio","__atlas_metodo_captura":"WFS oficial ICMBio/INDE","__atlas_tipo_servico":"ICMBio:canie_052026_p","__atlas_capturado_em":"2026-08-10T12:53:17.009Z","__atlas_recorte":"Mato Grosso do Sul por atributo ou interseção com envelope estadual","__atlas_aviso":"Cadastro não representa todo o universo de cavernas e não substitui validação de campo ou autorização de visitação.","id_rota_mais_proxima":"ROTA-EST-022","rota_mais_proxima":"Rota de Aviturismo da Rota Bioceânica","distancia_minima_rota_km":12.18,"limiar_exploratorio_km":50,"metodo":"menor distância euclidiana local aproximada entre ponto CANIE e segmentos das rotas esquemáticas","fonte_cavidade":"CANIE/CECAV/ICMBio · snapshot local capturado em 10/08/2026","fonte_rotas":"JOAJU MS · propostas metodológicas de rotas · corte 10/08/2026","data_corte":"2026-08-10","natureza_resultado":"análise espacial derivada","limitacoes":"Proximidade cartográfica não implica acesso, visitação, segurança, integração cultural ou autorização."}},{"type":"Feature","geometry":{"type":"Point","coordinates":[-56.700983,-21.08671601]},"properties":{"ogc_fid":339,"num_canie":"005812.00157.50.02209","nome":"Abismo sem nome","estado":"Mato Grosso do Sul","municipio":"Bonito","longitude":"-56.700983","latitude":"-21.086716","nvl_valida":"Nível 1","__atlas_fonte_oficial":"CANIE/CECAV/ICMBio","__atlas_metodo_captura":"WFS oficial ICMBio/INDE","__atlas_tipo_servico":"ICMBio:canie_052026_p","__atlas_capturado_em":"2026-08-10T12:53:17.009Z","__atlas_recorte":"Mato Grosso do Sul por atributo ou interseção com envelope estadual","__atlas_aviso":"Cadastro não representa todo o universo de cavernas e não substitui validação de campo ou autorização de visitação.","id_rota_mais_proxima":"ROTA-EST-022","rota_mais_proxima":"Rota de Aviturismo da Rota Bioceânica","distancia_minima_rota_km":12.999,"limiar_exploratorio_km":50,"metodo":"menor distância euclidiana local aproximada entre ponto CANIE e segmentos das rotas esquemáticas","fonte_cavidade":"CANIE/CECAV/ICMBio · snapshot local capturado em 10/08/2026","fonte_rotas":"JOAJU MS · propostas metodológicas de rotas · corte 10/08/2026","data_corte":"2026-08-10","natureza_resultado":"análise espacial derivada","limitacoes":"Proximidade cartográfica não implica acesso, visitação, segurança, integração cultural ou autorização."}},{"type":"Feature","geometry":{"type":"Point","coordinates":[-56.700187,-21.13306601]},"properties":{"ogc_fid":341,"num_canie":"005814.00158.50.02209","nome":"Caverna do Lixão","estado":"Mato Grosso do Sul","municipio":"Bonito","longitude":"-56.700187","latitude":"-21.133066","nvl_valida":"Nível 1","__atlas_fonte_oficial":"CANIE/CECAV/ICMBio","__atlas_metodo_captura":"WFS oficial ICMBio/INDE","__atlas_tipo_servico":"ICMBio:canie_052026_p","__atlas_capturado_em":"2026-08-10T12:53:17.009Z","__atlas_recorte":"Mato Grosso do Sul por atributo ou interseção com envelope estadual","__atlas_aviso":"Cadastro não representa todo o universo de cavernas e não substitui validação de campo ou autorização de visitação.","id_rota_mais_proxima":"ROTA-EST-022","rota_mais_proxima":"Rota de Aviturismo da Rota Bioceânica","distancia_minima_rota_km":8.266,"limiar_exploratorio_km":50,"metodo":"menor distância euclidiana local aproximada entre ponto CANIE e segmentos das rotas esquemáticas","fonte_cavidade":"CANIE/CECAV/ICMBio · snapshot local capturado em 10/08/2026","fonte_rotas":"JOAJU MS · propostas metodológicas de rotas · corte 10/08/2026","data_corte":"2026-08-10","natureza_resultado":"análise espacial derivada","limitacoes":"Proximidade cartográfica não implica acesso, visitação, segurança, integração cultural ou autorização."}},{"type":"Feature","geometry":{"type":"Point","coordinates":[-56.697716,-21.10287501]},"properties":{"ogc_fid":347,"num_canie":"005820.00159.50.02209","nome":"Fenda sem nome I","estado":"Mato Grosso do Sul","municipio":"Bonito","longitude":"-56.697716","latitude":"-21.102875","nvl_valida":"Nível 1","__atlas_fonte_oficial":"CANIE/CECAV/ICMBio","__atlas_metodo_captura":"WFS oficial ICMBio/INDE","__atlas_tipo_servico":"ICMBio:canie_052026_p","__atlas_capturado_em":"2026-08-10T12:53:17.009Z","__atlas_recorte":"Mato Grosso do Sul por atributo ou interseção com envelope estadual","__atlas_aviso":"Cadastro não representa todo o universo de cavernas e não substitui validação de campo ou autorização de visitação.","id_rota_mais_proxima":"ROTA-EST-022","rota_mais_proxima":"Rota de Aviturismo da Rota Bioceânica","distancia_minima_rota_km":11.225,"limiar_exploratorio_km":50,"metodo":"menor distância euclidiana local aproximada entre ponto CANIE e segmentos das rotas esquemáticas","fonte_cavidade":"CANIE/CECAV/ICMBio · snapshot local capturado em 10/08/2026","fonte_rotas":"JOAJU MS · propostas metodológicas de rotas · corte 10/08/2026","data_corte":"2026-08-10","natureza_resultado":"análise espacial derivada","limitacoes":"Proximidade cartográfica não implica acesso, visitação, segurança, integração cultural ou autorização."}},{"type":"Feature","geometry":{"type":"Point","coordinates":[-56.697575,-21.10595501]},"properties":{"ogc_fid":348,"num_canie":"005821.00160.50.02209","nome":"Abismo da Fazenda Boqueirão IV","estado":"Mato Grosso do Sul","municipio":"Bonito","longitude":"-56.697575","latitude":"-21.105955","nvl_valida":"Nível 1","__atlas_fonte_oficial":"CANIE/CECAV/ICMBio","__atlas_metodo_captura":"WFS oficial ICMBio/INDE","__atlas_tipo_servico":"ICMBio:canie_052026_p","__atlas_capturado_em":"2026-08-10T12:53:17.009Z","__atlas_recorte":"Mato Grosso do Sul por atributo ou interseção com envelope estadual","__atlas_aviso":"Cadastro não representa todo o universo de cavernas e não substitui validação de campo ou autorização de visitação.","id_rota_mais_proxima":"ROTA-EST-022","rota_mais_proxima":"Rota de Aviturismo da Rota Bioceânica","distancia_minima_rota_km":10.907,"limiar_exploratorio_km":50,"metodo":"menor distância euclidiana local aproximada entre ponto CANIE e segmentos das rotas esquemáticas","fonte_cavidade":"CANIE/CECAV/ICMBio · snapshot local capturado em 10/08/2026","fonte_rotas":"JOAJU MS · propostas metodológicas de rotas · corte 10/08/2026","data_corte":"2026-08-10","natureza_resultado":"análise espacial derivada","limitacoes":"Proximidade cartográfica não implica acesso, visitação, segurança, integração cultural ou autorização."}},{"type":"Feature","geometry":{"type":"Point","coordinates":[-56.697574,-21.10626301]},"properties":{"ogc_fid":349,"num_canie":"005822.00161.50.02209","nome":"Abismo da Fazenda Boqueirão III","estado":"Mato Grosso do Sul","municipio":"Bonito","longitude":"-56.697574","latitude":"-21.106263","nvl_valida":"Nível 1","__atlas_fonte_oficial":"CANIE/CECAV/ICMBio","__atlas_metodo_captura":"WFS oficial ICMBio/INDE","__atlas_tipo_servico":"ICMBio:canie_052026_p","__atlas_capturado_em":"2026-08-10T12:53:17.009Z","__atlas_recorte":"Mato Grosso do Sul por atributo ou interseção com envelope estadual","__atlas_aviso":"Cadastro não representa todo o universo de cavernas e não substitui validação de campo ou autorização de visitação.","id_rota_mais_proxima":"ROTA-EST-022","rota_mais_proxima":"Rota de Aviturismo da Rota Bioceânica","distancia_minima_rota_km":10.876,"limiar_exploratorio_km":50,"metodo":"menor distância euclidiana local aproximada entre ponto CANIE e segmentos das rotas esquemáticas","fonte_cavidade":"CANIE/CECAV/ICMBio · snapshot local capturado em 10/08/2026","fonte_rotas":"JOAJU MS · propostas metodológicas de rotas · corte 10/08/2026","data_corte":"2026-08-10","natureza_resultado":"análise espacial derivada","limitacoes":"Proximidade cartográfica não implica acesso, visitação, segurança, integração cultural ou autorização."}},{"type":"Feature","geometry":{"type":"Point","coordinates":[-56.697157,-21.09809401]},"properties":{"ogc_fid":350,"num_canie":"005823.00162.50.02209","nome":"Fenda sem nome III","estado":"Mato Grosso do Sul","municipio":"Bonito","longitude":"-56.697157","latitude":"-21.098094","nvl_valida":"Nível 1","__atlas_fonte_oficial":"CANIE/CECAV/ICMBio","__atlas_metodo_captura":"WFS oficial ICMBio/INDE","__atlas_tipo_servico":"ICMBio:canie_052026_p","__atlas_capturado_em":"2026-08-10T12:53:17.009Z","__atlas_recorte":"Mato Grosso do Sul por atributo ou interseção com envelope estadual","__atlas_aviso":"Cadastro não representa todo o universo de cavernas e não substitui validação de campo ou autorização de visitação.","id_rota_mais_proxima":"ROTA-EST-022","rota_mais_proxima":"Rota de Aviturismo da Rota Bioceânica","distancia_minima_rota_km":11.687,"limiar_exploratorio_km":50,"metodo":"menor distância euclidiana local aproximada entre ponto CANIE e segmentos das rotas esquemáticas","fonte_cavidade":"CANIE/CECAV/ICMBio · snapshot local capturado em 10/08/2026","fonte_rotas":"JOAJU MS · propostas metodológicas de rotas · corte 10/08/2026","data_corte":"2026-08-10","natureza_resultado":"análise espacial derivada","limitacoes":"Proximidade cartográfica não implica acesso, visitação, segurança, integração cultural ou autorização."}},{"type":"Feature","geometry":{"type":"Point","coordinates":[-56.697128,-21.09812101]},"properties":{"ogc_fid":351,"num_canie":"005824.00163.50.02209","nome":"Fenda sem nome II","estado":"Mato Grosso do Sul","municipio":"Bonito","longitude":"-56.697128","latitude":"-21.098121","nvl_valida":"Nível 1","__atlas_fonte_oficial":"CANIE/CECAV/ICMBio","__atlas_metodo_captura":"WFS oficial ICMBio/INDE","__atlas_tipo_servico":"ICMBio:canie_052026_p","__atlas_capturado_em":"2026-08-10T12:53:17.009Z","__atlas_recorte":"Mato Grosso do Sul por atributo ou interseção com envelope estadual","__atlas_aviso":"Cadastro não representa todo o universo de cavernas e não substitui validação de campo ou autorização de visitação.","id_rota_mais_proxima":"ROTA-EST-022","rota_mais_proxima":"Rota de Aviturismo da Rota Bioceânica","distancia_minima_rota_km":11.683,"limiar_exploratorio_km":50,"metodo":"menor distância euclidiana local aproximada entre ponto CANIE e segmentos das rotas esquemáticas","fonte_cavidade":"CANIE/CECAV/ICMBio · snapshot local capturado em 10/08/2026","fonte_rotas":"JOAJU MS · propostas metodológicas de rotas · corte 10/08/2026","data_corte":"2026-08-10","natureza_resultado":"análise espacial derivada","limitacoes":"Proximidade cartográfica não implica acesso, visitação, segurança, integração cultural ou autorização."}},{"type":"Feature","geometry":{"type":"Point","coordinates":[-56.696662,-21.10490601]},"properties":{"ogc_fid":352,"num_canie":"005825.00164.50.02209","nome":"Fenda sem nome V","estado":"Mato Grosso do Sul","municipio":"Bonito","longitude":"-56.696662","latitude":"-21.104906","nvl_valida":"Nível 1","__atlas_fonte_oficial":"CANIE/CECAV/ICMBio","__atlas_metodo_captura":"WFS oficial ICMBio/INDE","__atlas_tipo_servico":"ICMBio:canie_052026_p","__atlas_capturado_em":"2026-08-10T12:53:17.009Z","__atlas_recorte":"Mato Grosso do Sul por atributo ou interseção com envelope estadual","__atlas_aviso":"Cadastro não representa todo o universo de cavernas e não substitui validação de campo ou autorização de visitação.","id_rota_mais_proxima":"ROTA-EST-022","rota_mais_proxima":"Rota de Aviturismo da Rota Bioceânica","distancia_minima_rota_km":10.976,"limiar_exploratorio_km":50,"metodo":"menor distância euclidiana local aproximada entre ponto CANIE e segmentos das rotas esquemáticas","fonte_cavidade":"CANIE/CECAV/ICMBio · snapshot local capturado em 10/08/2026","fonte_rotas":"JOAJU MS · propostas metodológicas de rotas · corte 10/08/2026","data_corte":"2026-08-10","natureza_resultado":"análise espacial derivada","limitacoes":"Proximidade cartográfica não implica acesso, visitação, segurança, integração cultural ou autorização."}},{"type":"Feature","geometry":{"type":"Point","coordinates":[-56.696441,-21.10487801]},"properties":{"ogc_fid":353,"num_canie":"005826.00165.50.02209","nome":"Fenda sem nome IV","estado":"Mato Grosso do Sul","municipio":"Bonito","longitude":"-56.696441","latitude":"-21.104878","nvl_valida":"Nível 1","__atlas_fonte_oficial":"CANIE/CECAV/ICMBio","__atlas_metodo_captura":"WFS oficial ICMBio/INDE","__atlas_tipo_servico":"ICMBio:canie_052026_p","__atlas_capturado_em":"2026-08-10T12:53:17.009Z","__atlas_recorte":"Mato Grosso do Sul por atributo ou interseção com envelope estadual","__atlas_aviso":"Cadastro não representa todo o universo de cavernas e não substitui validação de campo ou autorização de visitação.","id_rota_mais_proxima":"ROTA-EST-022","rota_mais_proxima":"Rota de Aviturismo da Rota Bioceânica","distancia_minima_rota_km":10.969,"limiar_exploratorio_km":50,"metodo":"menor distância euclidiana local aproximada entre ponto CANIE e segmentos das rotas esquemáticas","fonte_cavidade":"CANIE/CECAV/ICMBio · snapshot local capturado em 10/08/2026","fonte_rotas":"JOAJU MS · propostas metodológicas de rotas · corte 10/08/2026","data_corte":"2026-08-10","natureza_resultado":"análise espacial derivada","limitacoes":"Proximidade cartográfica não implica acesso, visitação, segurança, integração cultural ou autorização."}},{"type":"Feature","geometry":{"type":"Point","coordinates":[-56.692457,-21.12124301]},"properties":{"ogc_fid":354,"num_canie":"005827.00166.50.02209","nome":"Caverna da Suindara","estado":"Mato Grosso do Sul","municipio":"Bonito","longitude":"-56.692457","latitude":"-21.121243","nvl_valida":"Nível 2","__atlas_fonte_oficial":"CANIE/CECAV/ICMBio","__atlas_metodo_captura":"WFS oficial ICMBio/INDE","__atlas_tipo_servico":"ICMBio:canie_052026_p","__atlas_capturado_em":"2026-08-10T12:53:17.009Z","__atlas_recorte":"Mato Grosso do Sul por atributo ou interseção com envelope estadual","__atlas_aviso":"Cadastro não representa todo o universo de cavernas e não substitui validação de campo ou autorização de visitação.","id_rota_mais_proxima":"ROTA-EST-022","rota_mais_proxima":"Rota de Aviturismo da Rota Bioceânica","distancia_minima_rota_km":9.145,"limiar_exploratorio_km":50,"metodo":"menor distância euclidiana local aproximada entre ponto CANIE e segmentos das rotas esquemáticas","fonte_cavidade":"CANIE/CECAV/ICMBio · snapshot local capturado em 10/08/2026","fonte_rotas":"JOAJU MS · propostas metodológicas de rotas · corte 10/08/2026","data_corte":"2026-08-10","natureza_resultado":"análise espacial derivada","limitacoes":"Proximidade cartográfica não implica acesso, visitação, segurança, integração cultural ou autorização."}},{"type":"Feature","geometry":{"type":"Point","coordinates":[-56.691937,-21.28486301]},"properties":{"ogc_fid":355,"num_canie":"005828.00167.50.06903","nome":"Fenda da Fazenda Harmonia","estado":"Mato Grosso do Sul","municipio":"Porto Murtinho","longitude":"-56.691937","latitude":"-21.284863","nvl_valida":"Nível 1","__atlas_fonte_oficial":"CANIE/CECAV/ICMBio","__atlas_metodo_captura":"WFS oficial ICMBio/INDE","__atlas_tipo_servico":"ICMBio:canie_052026_p","__atlas_capturado_em":"2026-08-10T12:53:17.009Z","__atlas_recorte":"Mato Grosso do Sul por atributo ou interseção com envelope estadual","__atlas_aviso":"Cadastro não representa todo o universo de cavernas e não substitui validação de campo ou autorização de visitação.","id_rota_mais_proxima":"ROTA-EST-022","rota_mais_proxima":"Rota de Aviturismo da Rota Bioceânica","distancia_minima_rota_km":7.466,"limiar_exploratorio_km":50,"metodo":"menor distância euclidiana local aproximada entre ponto CANIE e segmentos das rotas esquemáticas","fonte_cavidade":"CANIE/CECAV/ICMBio · snapshot local capturado em 10/08/2026","fonte_rotas":"JOAJU MS · propostas metodológicas de rotas · corte 10/08/2026","data_corte":"2026-08-10","natureza_resultado":"análise espacial derivada","limitacoes":"Proximidade cartográfica não implica acesso, visitação, segurança, integração cultural ou autorização."}},{"type":"Feature","geometry":{"type":"Point","coordinates":[-56.685741,-21.11596401]},"properties":{"ogc_fid":356,"num_canie":"005829.00168.50.02209","nome":"Abismo do Fábio","estado":"Mato Grosso do Sul","municipio":"Bonito","longitude":"-56.685741","latitude":"-21.115964","nvl_valida":"Nível 2","__atlas_fonte_oficial":"CANIE/CECAV/ICMBio","__atlas_metodo_captura":"WFS oficial ICMBio/INDE","__atlas_tipo_servico":"ICMBio:canie_052026_p","__atlas_capturado_em":"2026-08-10T12:53:17.009Z","__atlas_recorte":"Mato Grosso do Sul por atributo ou interseção com envelope estadual","__atlas_aviso":"Cadastro não representa todo o universo de cavernas e não substitui validação de campo ou autorização de visitação.","id_rota_mais_proxima":"ROTA-EST-022","rota_mais_proxima":"Rota de Aviturismo da Rota Bioceânica","distancia_minima_rota_km":9.402,"limiar_exploratorio_km":50,"metodo":"menor distância euclidiana local aproximada entre ponto CANIE e segmentos das rotas esquemáticas","fonte_cavidade":"CANIE/CECAV/ICMBio · snapshot local capturado em 10/08/2026","fonte_rotas":"JOAJU MS · propostas metodológicas de rotas · corte 10/08/2026","data_corte":"2026-08-10","natureza_resultado":"análise espacial derivada","limitacoes":"Proximidade cartográfica não implica acesso, visitação, segurança, integração cultural ou autorização."}},{"type":"Feature","geometry":{"type":"Point","coordinates":[-56.685623,-21.11418901]},"properties":{"ogc_fid":357,"num_canie":"005830.00169.50.02209","nome":"Abismo do Jonas","estado":"Mato Grosso do Sul","municipio":"Bonito","longitude":"-56.685623","latitude":"-21.114189","nvl_valida":"Nível 2","__atlas_fonte_oficial":"CANIE/CECAV/ICMBio","__atlas_metodo_captura":"WFS oficial ICMBio/INDE","__atlas_tipo_servico":"ICMBio:canie_052026_p","__atlas_capturado_em":"2026-08-10T12:53:17.009Z","__atlas_recorte":"Mato Grosso do Sul por atributo ou interseção com envelope estadual","__atlas_aviso":"Cadastro não representa todo o universo de cavernas e não substitui validação de campo ou autorização de visitação.","id_rota_mais_proxima":"ROTA-EST-022","rota_mais_proxima":"Rota de Aviturismo da Rota Bioceânica","distancia_minima_rota_km":9.577,"limiar_exploratorio_km":50,"metodo":"menor distância euclidiana local aproximada entre ponto CANIE e segmentos das rotas esquemáticas","fonte_cavidade":"CANIE/CECAV/ICMBio · snapshot local capturado em 10/08/2026","fonte_rotas":"JOAJU MS · propostas metodológicas de rotas · corte 10/08/2026","data_corte":"2026-08-10","natureza_resultado":"análise espacial derivada","limitacoes":"Proximidade cartográfica não implica acesso, visitação, segurança, integração cultural ou autorização."}},{"type":"Feature","geometry":{"type":"Point","coordinates":[-56.685478,-21.11303001]},"properties":{"ogc_fid":358,"num_canie":"005831.00170.50.02209","nome":"Abismo do Edison","estado":"Mato Grosso do Sul","municipio":"Bonito","longitude":"-56.685478","latitude":"-21.11303","nvl_valida":"Nível 2","__atlas_fonte_oficial":"CANIE/CECAV/ICMBio","__atlas_metodo_captura":"WFS oficial ICMBio/INDE","__atlas_tipo_servico":"ICMBio:canie_052026_p","__atlas_capturado_em":"2026-08-10T12:53:17.009Z","__atlas_recorte":"Mato Grosso do Sul por atributo ou interseção com envelope estadual","__atlas_aviso":"Cadastro não representa todo o universo de cavernas e não substitui validação de campo ou autorização de visitação.","id_rota_mais_proxima":"ROTA-EST-022","rota_mais_proxima":"Rota de Aviturismo da Rota Bioceânica","distancia_minima_rota_km":9.688,"limiar_exploratorio_km":50,"metodo":"menor distância euclidiana local aproximada entre ponto CANIE e segmentos das rotas esquemáticas","fonte_cavidade":"CANIE/CECAV/ICMBio · snapshot local capturado em 10/08/2026","fonte_rotas":"JOAJU MS · propostas metodológicas de rotas · corte 10/08/2026","data_corte":"2026-08-10","natureza_resultado":"análise espacial derivada","limitacoes":"Proximidade cartográfica não implica acesso, visitação, segurança, integração cultural ou autorização."}},{"type":"Feature","geometry":{"type":"Point","coordinates":[-56.684775,-21.11146301]},"properties":{"ogc_fid":359,"num_canie":"005832.00171.50.02209","nome":"Caverna do Villela","estado":"Mato Grosso do Sul","municipio":"Bonito","longitude":"-56.684775","latitude":"-21.111463","nvl_valida":"Nível 2","__atlas_fonte_oficial":"CANIE/CECAV/ICMBio","__atlas_metodo_captura":"WFS oficial ICMBio/INDE","__atlas_tipo_servico":"ICMBio:canie_052026_p","__atlas_capturado_em":"2026-08-10T12:53:17.009Z","__atlas_recorte":"Mato Grosso do Sul por atributo ou interseção com envelope estadual","__atlas_aviso":"Cadastro não representa todo o universo de cavernas e não substitui validação de campo ou autorização de visitação.","id_rota_mais_proxima":"ROTA-EST-022","rota_mais_proxima":"Rota de Aviturismo da Rota Bioceânica","distancia_minima_rota_km":9.818,"limiar_exploratorio_km":50,"metodo":"menor distância euclidiana local aproximada entre ponto CANIE e segmentos das rotas esquemáticas","fonte_cavidade":"CANIE/CECAV/ICMBio · snapshot local capturado em 10/08/2026","fonte_rotas":"JOAJU MS · propostas metodológicas de rotas · corte 10/08/2026","data_corte":"2026-08-10","natureza_resultado":"análise espacial derivada","limitacoes":"Proximidade cartográfica não implica acesso, visitação, segurança, integração cultural ou autorização."}},{"type":"Feature","geometry":{"type":"Point","coordinates":[-56.684722,-21.11167801]},"properties":{"ogc_fid":360,"num_canie":"005833.00172.50.02209","nome":"Caverna do Alex","estado":"Mato Grosso do Sul","municipio":"Bonito","longitude":"-56.684722","latitude":"-21.111678","nvl_valida":"Nível 2","__atlas_fonte_oficial":"CANIE/CECAV/ICMBio","__atlas_metodo_captura":"WFS oficial ICMBio/INDE","__atlas_tipo_servico":"ICMBio:canie_052026_p","__atlas_capturado_em":"2026-08-10T12:53:17.009Z","__atlas_recorte":"Mato Grosso do Sul por atributo ou interseção com envelope estadual","__atlas_aviso":"Cadastro não representa todo o universo de cavernas e não substitui validação de campo ou autorização de visitação.","id_rota_mais_proxima":"ROTA-EST-022","rota_mais_proxima":"Rota de Aviturismo da Rota Bioceânica","distancia_minima_rota_km":9.794,"limiar_exploratorio_km":50,"metodo":"menor distância euclidiana local aproximada entre ponto CANIE e segmentos das rotas esquemáticas","fonte_cavidade":"CANIE/CECAV/ICMBio · snapshot local capturado em 10/08/2026","fonte_rotas":"JOAJU MS · propostas metodológicas de rotas · corte 10/08/2026","data_corte":"2026-08-10","natureza_resultado":"análise espacial derivada","limitacoes":"Proximidade cartográfica não implica acesso, visitação, segurança, integração cultural ou autorização."}},{"type":"Feature","geometry":{"type":"Point","coordinates":[-56.681728,-21.11230001]},"properties":{"ogc_fid":361,"num_canie":"005834.00173.50.02209","nome":"Caverna do Fábio","estado":"Mato Grosso do Sul","municipio":"Bonito","longitude":"-56.681728","latitude":"-21.1123","nvl_valida":"Nível 2","__atlas_fonte_oficial":"CANIE/CECAV/ICMBio","__atlas_metodo_captura":"WFS oficial ICMBio/INDE","__atlas_tipo_servico":"ICMBio:canie_052026_p","__atlas_capturado_em":"2026-08-10T12:53:17.009Z","__atlas_recorte":"Mato Grosso do Sul por atributo ou interseção com envelope estadual","__atlas_aviso":"Cadastro não representa todo o universo de cavernas e não substitui validação de campo ou autorização de visitação.","id_rota_mais_proxima":"ROTA-EST-022","rota_mais_proxima":"Rota de Aviturismo da Rota Bioceânica","distancia_minima_rota_km":9.607,"limiar_exploratorio_km":50,"metodo":"menor distância euclidiana local aproximada entre ponto CANIE e segmentos das rotas esquemáticas","fonte_cavidade":"CANIE/CECAV/ICMBio · snapshot local capturado em 10/08/2026","fonte_rotas":"JOAJU MS · propostas metodológicas de rotas · corte 10/08/2026","data_corte":"2026-08-10","natureza_resultado":"análise espacial derivada","limitacoes":"Proximidade cartográfica não implica acesso, visitação, segurança, integração cultural ou autorização."}},{"type":"Feature","geometry":{"type":"Point","coordinates":[-56.675093,-21.03034301]},"properties":{"ogc_fid":362,"num_canie":"005835.00174.50.02209","nome":"Gruta Fazenda Serradinho","estado":"Mato Grosso do Sul","municipio":"Bonito","longitude":"-56.675093","latitude":"-21.030343","nvl_valida":"Nível 1","__atlas_fonte_oficial":"CANIE/CECAV/ICMBio","__atlas_metodo_captura":"WFS oficial ICMBio/INDE","__atlas_tipo_servico":"ICMBio:canie_052026_p","__atlas_capturado_em":"2026-08-10T12:53:17.009Z","__atlas_recorte":"Mato Grosso do Sul por atributo ou interseção com envelope estadual","__atlas_aviso":"Cadastro não representa todo o universo de cavernas e não substitui validação de campo ou autorização de visitação.","id_rota_mais_proxima":"ROTA-EST-030","rota_mais_proxima":"Rota dos Museus, Memórias e Centros Históricos Urbanos","distancia_minima_rota_km":12.276,"limiar_exploratorio_km":50,"metodo":"menor distância euclidiana local aproximada entre ponto CANIE e segmentos das rotas esquemáticas","fonte_cavidade":"CANIE/CECAV/ICMBio · snapshot local capturado em 10/08/2026","fonte_rotas":"JOAJU MS · propostas metodológicas de rotas · corte 10/08/2026","data_corte":"2026-08-10","natureza_resultado":"análise espacial derivada","limitacoes":"Proximidade cartográfica não implica acesso, visitação, segurança, integração cultural ou autorização."}},{"type":"Feature","geometry":{"type":"Point","coordinates":[-56.667693,-21.03474401]},"properties":{"ogc_fid":363,"num_canie":"005836.00175.50.02209","nome":"Sumidouro Fazenda Serradinho","estado":"Mato Grosso do Sul","municipio":"Bonito","longitude":"-56.667693","latitude":"-21.034744","nvl_valida":"Nível 1","__atlas_fonte_oficial":"CANIE/CECAV/ICMBio","__atlas_metodo_captura":"WFS oficial ICMBio/INDE","__atlas_tipo_servico":"ICMBio:canie_052026_p","__atlas_capturado_em":"2026-08-10T12:53:17.009Z","__atlas_recorte":"Mato Grosso do Sul por atributo ou interseção com envelope estadual","__atlas_aviso":"Cadastro não representa todo o universo de cavernas e não substitui validação de campo ou autorização de visitação.","id_rota_mais_proxima":"ROTA-EST-030","rota_mais_proxima":"Rota dos Museus, Memórias e Centros Históricos Urbanos","distancia_minima_rota_km":11.815,"limiar_exploratorio_km":50,"metodo":"menor distância euclidiana local aproximada entre ponto CANIE e segmentos das rotas esquemáticas","fonte_cavidade":"CANIE/CECAV/ICMBio · snapshot local capturado em 10/08/2026","fonte_rotas":"JOAJU MS · propostas metodológicas de rotas · corte 10/08/2026","data_corte":"2026-08-10","natureza_resultado":"análise espacial derivada","limitacoes":"Proximidade cartográfica não implica acesso, visitação, segurança, integração cultural ou autorização."}},{"type":"Feature","geometry":{"type":"Point","coordinates":[-56.664795,-21.59174501]},"properties":{"ogc_fid":366,"num_canie":"005840.00177.50.05004","nome":"Buraco do Sapo","estado":"Mato Grosso do Sul","municipio":"Jardim","longitude":"-56.664795","latitude":"-21.591745","nvl_valida":"Nível 1","__atlas_fonte_oficial":"CANIE/CECAV/ICMBio","__atlas_metodo_captura":"WFS oficial ICMBio/INDE","__atlas_tipo_servico":"ICMBio:canie_052026_p","__atlas_capturado_em":"2026-08-10T12:53:17.009Z","__atlas_recorte":"Mato Grosso do Sul por atributo ou interseção com envelope estadual","__atlas_aviso":"Cadastro não representa todo o universo de cavernas e não substitui validação de campo ou autorização de visitação.","id_rota_mais_proxima":"ROTA-EST-014","rota_mais_proxima":"Rota Bioceânica das Culturas de Fronteira","distancia_minima_rota_km":5.146,"limiar_exploratorio_km":50,"metodo":"menor distância euclidiana local aproximada entre ponto CANIE e segmentos das rotas esquemáticas","fonte_cavidade":"CANIE/CECAV/ICMBio · snapshot local capturado em 10/08/2026","fonte_rotas":"JOAJU MS · propostas metodológicas de rotas · corte 10/08/2026","data_corte":"2026-08-10","natureza_resultado":"análise espacial derivada","limitacoes":"Proximidade cartográfica não implica acesso, visitação, segurança, integração cultural ou autorização."}},{"type":"Feature","geometry":{"type":"Point","coordinates":[-56.660523,-21.59461701]},"properties":{"ogc_fid":367,"num_canie":"005841.00178.50.02100","nome":"Buraco do Japonês (Buraco dos Fósseis)","estado":"Mato Grosso do Sul","municipio":"Bela Vista","longitude":"-56.660523","latitude":"-21.594617","nvl_valida":"Nível 1","__atlas_fonte_oficial":"CANIE/CECAV/ICMBio","__atlas_metodo_captura":"WFS oficial ICMBio/INDE","__atlas_tipo_servico":"ICMBio:canie_052026_p","__atlas_capturado_em":"2026-08-10T12:53:17.009Z","__atlas_recorte":"Mato Grosso do Sul por atributo ou interseção com envelope estadual","__atlas_aviso":"Cadastro não representa todo o universo de cavernas e não substitui validação de campo ou autorização de visitação.","id_rota_mais_proxima":"ROTA-EST-014","rota_mais_proxima":"Rota Bioceânica das Culturas de Fronteira","distancia_minima_rota_km":5.519,"limiar_exploratorio_km":50,"metodo":"menor distância euclidiana local aproximada entre ponto CANIE e segmentos das rotas esquemáticas","fonte_cavidade":"CANIE/CECAV/ICMBio · snapshot local capturado em 10/08/2026","fonte_rotas":"JOAJU MS · propostas metodológicas de rotas · corte 10/08/2026","data_corte":"2026-08-10","natureza_resultado":"análise espacial derivada","limitacoes":"Proximidade cartográfica não implica acesso, visitação, segurança, integração cultural ou autorização."}},{"type":"Feature","geometry":{"type":"Point","coordinates":[-56.650498,-21.25044801]},"properties":{"ogc_fid":369,"num_canie":"005843.00179.50.02209","nome":"Gruta Nascente do Rio Formoso (Ressurgência do Formosinho)","estado":"Mato Grosso do Sul","municipio":"Bonito","longitude":"-56.650498","latitude":"-21.250448","nvl_valida":"Nível 1","__atlas_fonte_oficial":"CANIE/CECAV/ICMBio","__atlas_metodo_captura":"WFS oficial ICMBio/INDE","__atlas_tipo_servico":"ICMBio:canie_052026_p","__atlas_capturado_em":"2026-08-10T12:53:17.009Z","__atlas_recorte":"Mato Grosso do Sul por atributo ou interseção com envelope estadual","__atlas_aviso":"Cadastro não representa todo o universo de cavernas e não substitui validação de campo ou autorização de visitação.","id_rota_mais_proxima":"ROTA-EST-022","rota_mais_proxima":"Rota de Aviturismo da Rota Bioceânica","distancia_minima_rota_km":5.693,"limiar_exploratorio_km":50,"metodo":"menor distância euclidiana local aproximada entre ponto CANIE e segmentos das rotas esquemáticas","fonte_cavidade":"CANIE/CECAV/ICMBio · snapshot local capturado em 10/08/2026","fonte_rotas":"JOAJU MS · propostas metodológicas de rotas · corte 10/08/2026","data_corte":"2026-08-10","natureza_resultado":"análise espacial derivada","limitacoes":"Proximidade cartográfica não implica acesso, visitação, segurança, integração cultural ou autorização."}},{"type":"Feature","geometry":{"type":"Point","coordinates":[-56.632691,-20.51214201]},"properties":{"ogc_fid":373,"num_canie":"005848.00181.50.02159","nome":"Caverna Abismo Três Irmãos","estado":"Mato Grosso do Sul","municipio":"Bodoquena","longitude":"-56.632691","latitude":"-20.512142","nvl_valida":"Nível 1","__atlas_fonte_oficial":"CANIE/CECAV/ICMBio","__atlas_metodo_captura":"WFS oficial ICMBio/INDE","__atlas_tipo_servico":"ICMBio:canie_052026_p","__atlas_capturado_em":"2026-08-10T12:53:17.009Z","__atlas_recorte":"Mato Grosso do Sul por atributo ou interseção com envelope estadual","__atlas_aviso":"Cadastro não representa todo o universo de cavernas e não substitui validação de campo ou autorização de visitação.","id_rota_mais_proxima":"ROTA-EST-027","rota_mais_proxima":"Rota do Artesanato e das Cerâmicas de Mato Grosso do Sul","distancia_minima_rota_km":3.735,"limiar_exploratorio_km":50,"metodo":"menor distância euclidiana local aproximada entre ponto CANIE e segmentos das rotas esquemáticas","fonte_cavidade":"CANIE/CECAV/ICMBio · snapshot local capturado em 10/08/2026","fonte_rotas":"JOAJU MS · propostas metodológicas de rotas · corte 10/08/2026","data_corte":"2026-08-10","natureza_resultado":"análise espacial derivada","limitacoes":"Proximidade cartográfica não implica acesso, visitação, segurança, integração cultural ou autorização."}},{"type":"Feature","geometry":{"type":"Point","coordinates":[-56.610893,-21.19124301]},"properties":{"ogc_fid":374,"num_canie":"005849.00182.50.02209","nome":"Gruta Fazenda América","estado":"Mato Grosso do Sul","municipio":"Bonito","longitude":"-56.610893","latitude":"-21.191243","nvl_valida":"Nível 1","__atlas_fonte_oficial":"CANIE/CECAV/ICMBio","__atlas_metodo_captura":"WFS oficial ICMBio/INDE","__atlas_tipo_servico":"ICMBio:canie_052026_p","__atlas_capturado_em":"2026-08-10T12:53:17.009Z","__atlas_recorte":"Mato Grosso do Sul por atributo ou interseção com envelope estadual","__atlas_aviso":"Cadastro não representa todo o universo de cavernas e não substitui validação de campo ou autorização de visitação.","id_rota_mais_proxima":"ROTA-EST-022","rota_mais_proxima":"Rota de Aviturismo da Rota Bioceânica","distancia_minima_rota_km":1.332,"limiar_exploratorio_km":50,"metodo":"menor distância euclidiana local aproximada entre ponto CANIE e segmentos das rotas esquemáticas","fonte_cavidade":"CANIE/CECAV/ICMBio · snapshot local capturado em 10/08/2026","fonte_rotas":"JOAJU MS · propostas metodológicas de rotas · corte 10/08/2026","data_corte":"2026-08-10","natureza_resultado":"análise espacial derivada","limitacoes":"Proximidade cartográfica não implica acesso, visitação, segurança, integração cultural ou autorização."}},{"type":"Feature","geometry":{"type":"Point","coordinates":[-56.606053,-21.15044701]},"properties":{"ogc_fid":375,"num_canie":"005850.00183.50.02209","nome":"Abismo do Barro Preto","estado":"Mato Grosso do Sul","municipio":"Bonito","longitude":"-56.606053","latitude":"-21.150447","nvl_valida":"Nível 1","__atlas_fonte_oficial":"CANIE/CECAV/ICMBio","__atlas_metodo_captura":"WFS oficial ICMBio/INDE","__atlas_tipo_servico":"ICMBio:canie_052026_p","__atlas_capturado_em":"2026-08-10T12:53:17.009Z","__atlas_recorte":"Mato Grosso do Sul por atributo ou interseção com envelope estadual","__atlas_aviso":"Cadastro não representa todo o universo de cavernas e não substitui validação de campo ou autorização de visitação.","id_rota_mais_proxima":"ROTA-EST-022","rota_mais_proxima":"Rota de Aviturismo da Rota Bioceânica","distancia_minima_rota_km":2.604,"limiar_exploratorio_km":50,"metodo":"menor distância euclidiana local aproximada entre ponto CANIE e segmentos das rotas esquemáticas","fonte_cavidade":"CANIE/CECAV/ICMBio · snapshot local capturado em 10/08/2026","fonte_rotas":"JOAJU MS · propostas metodológicas de rotas · corte 10/08/2026","data_corte":"2026-08-10","natureza_resultado":"análise espacial derivada","limitacoes":"Proximidade cartográfica não implica acesso, visitação, segurança, integração cultural ou autorização."}},{"type":"Feature","geometry":{"type":"Point","coordinates":[-56.602493,-21.13564301]},"properties":{"ogc_fid":376,"num_canie":"005851.00184.50.02209","nome":"Caverna Antiga Boca da Onça","estado":"Mato Grosso do Sul","municipio":"Bonito","longitude":"-56.602493","latitude":"-21.135643","nvl_valida":"Nível 1","__atlas_fonte_oficial":"CANIE/CECAV/ICMBio","__atlas_metodo_captura":"WFS oficial ICMBio/INDE","__atlas_tipo_servico":"ICMBio:canie_052026_p","__atlas_capturado_em":"2026-08-10T12:53:17.009Z","__atlas_recorte":"Mato Grosso do Sul por atributo ou interseção com envelope estadual","__atlas_aviso":"Cadastro não representa todo o universo de cavernas e não substitui validação de campo ou autorização de visitação.","id_rota_mais_proxima":"ROTA-EST-022","rota_mais_proxima":"Rota de Aviturismo da Rota Bioceânica","distancia_minima_rota_km":3.958,"limiar_exploratorio_km":50,"metodo":"menor distância euclidiana local aproximada entre ponto CANIE e segmentos das rotas esquemáticas","fonte_cavidade":"CANIE/CECAV/ICMBio · snapshot local capturado em 10/08/2026","fonte_rotas":"JOAJU MS · propostas metodológicas de rotas · corte 10/08/2026","data_corte":"2026-08-10","natureza_resultado":"análise espacial derivada","limitacoes":"Proximidade cartográfica não implica acesso, visitação, segurança, integração cultural ou autorização."}},{"type":"Feature","geometry":{"type":"Point","coordinates":[-56.60052,-21.15045001]},"properties":{"ogc_fid":377,"num_canie":"005852.00185.50.02209","nome":"Abismo Anhumas","estado":"Mato Grosso do Sul","municipio":"Bonito","longitude":"-56.60052","latitude":"-21.15045","nvl_valida":"Nível 1","__atlas_fonte_oficial":"CANIE/CECAV/ICMBio","__atlas_metodo_captura":"WFS oficial ICMBio/INDE","__atlas_tipo_servico":"ICMBio:canie_052026_p","__atlas_capturado_em":"2026-08-10T12:53:17.009Z","__atlas_recorte":"Mato Grosso do Sul por atributo ou interseção com envelope estadual","__atlas_aviso":"Cadastro não representa todo o universo de cavernas e não substitui validação de campo ou autorização de visitação.","id_rota_mais_proxima":"ROTA-EST-022","rota_mais_proxima":"Rota de Aviturismo da Rota Bioceânica","distancia_minima_rota_km":2.375,"limiar_exploratorio_km":50,"metodo":"menor distância euclidiana local aproximada entre ponto CANIE e segmentos das rotas esquemáticas","fonte_cavidade":"CANIE/CECAV/ICMBio · snapshot local capturado em 10/08/2026","fonte_rotas":"JOAJU MS · propostas metodológicas de rotas · corte 10/08/2026","data_corte":"2026-08-10","natureza_resultado":"análise espacial derivada","limitacoes":"Proximidade cartográfica não implica acesso, visitação, segurança, integração cultural ou autorização."}},{"type":"Feature","geometry":{"type":"Point","coordinates":[-56.598193,-21.15844301]},"properties":{"ogc_fid":378,"num_canie":"005853.00186.50.02209","nome":"Caverna Barro Preto","estado":"Mato Grosso do Sul","municipio":"Bonito","longitude":"-56.598193","latitude":"-21.158443","nvl_valida":"Nível 1","__atlas_fonte_oficial":"CANIE/CECAV/ICMBio","__atlas_metodo_captura":"WFS oficial ICMBio/INDE","__atlas_tipo_servico":"ICMBio:canie_052026_p","__atlas_capturado_em":"2026-08-10T12:53:17.009Z","__atlas_recorte":"Mato Grosso do Sul por atributo ou interseção com envelope estadual","__atlas_aviso":"Cadastro não representa todo o universo de cavernas e não substitui validação de campo ou autorização de visitação.","id_rota_mais_proxima":"ROTA-EST-022","rota_mais_proxima":"Rota de Aviturismo da Rota Bioceânica","distancia_minima_rota_km":1.468,"limiar_exploratorio_km":50,"metodo":"menor distância euclidiana local aproximada entre ponto CANIE e segmentos das rotas esquemáticas","fonte_cavidade":"CANIE/CECAV/ICMBio · snapshot local capturado em 10/08/2026","fonte_rotas":"JOAJU MS · propostas metodológicas de rotas · corte 10/08/2026","data_corte":"2026-08-10","natureza_resultado":"análise espacial derivada","limitacoes":"Proximidade cartográfica não implica acesso, visitação, segurança, integração cultural ou autorização."}},{"type":"Feature","geometry":{"type":"Point","coordinates":[-56.594939,-21.13933501]},"properties":{"ogc_fid":379,"num_canie":"005854.00187.50.02209","nome":"Gruta do Guaviral","estado":"Mato Grosso do Sul","municipio":"Bonito","longitude":"-56.594939","latitude":"-21.139335","nvl_valida":"Nível 1","__atlas_fonte_oficial":"CANIE/CECAV/ICMBio","__atlas_metodo_captura":"WFS oficial ICMBio/INDE","__atlas_tipo_servico":"ICMBio:canie_052026_p","__atlas_capturado_em":"2026-08-10T12:53:17.009Z","__atlas_recorte":"Mato Grosso do Sul por atributo ou interseção com envelope estadual","__atlas_aviso":"Cadastro não representa todo o universo de cavernas e não substitui validação de campo ou autorização de visitação.","id_rota_mais_proxima":"ROTA-EST-022","rota_mais_proxima":"Rota de Aviturismo da Rota Bioceânica","distancia_minima_rota_km":3.27,"limiar_exploratorio_km":50,"metodo":"menor distância euclidiana local aproximada entre ponto CANIE e segmentos das rotas esquemáticas","fonte_cavidade":"CANIE/CECAV/ICMBio · snapshot local capturado em 10/08/2026","fonte_rotas":"JOAJU MS · propostas metodológicas de rotas · corte 10/08/2026","data_corte":"2026-08-10","natureza_resultado":"análise espacial derivada","limitacoes":"Proximidade cartográfica não implica acesso, visitação, segurança, integração cultural ou autorização."}},{"type":"Feature","geometry":{"type":"Point","coordinates":[-56.593575,-20.84156001]},"properties":{"ogc_fid":380,"num_canie":"005855.00188.50.02209","nome":"Gruta Ceita Curê (Nascente)","estado":"Mato Grosso do Sul","municipio":"Bonito","longitude":"-56.593575","latitude":"-20.84156","nvl_valida":"Nível 1","__atlas_fonte_oficial":"CANIE/CECAV/ICMBio","__atlas_metodo_captura":"WFS oficial ICMBio/INDE","__atlas_tipo_servico":"ICMBio:canie_052026_p","__atlas_capturado_em":"2026-08-10T12:53:17.009Z","__atlas_recorte":"Mato Grosso do Sul por atributo ou interseção com envelope estadual","__atlas_aviso":"Cadastro não representa todo o universo de cavernas e não substitui validação de campo ou autorização de visitação.","id_rota_mais_proxima":"ROTA-PROP-005","rota_mais_proxima":"Rota Geocultural Bodoquena Pantanal","distancia_minima_rota_km":0.067,"limiar_exploratorio_km":50,"metodo":"menor distância euclidiana local aproximada entre ponto CANIE e segmentos das rotas esquemáticas","fonte_cavidade":"CANIE/CECAV/ICMBio · snapshot local capturado em 10/08/2026","fonte_rotas":"JOAJU MS · propostas metodológicas de rotas · corte 10/08/2026","data_corte":"2026-08-10","natureza_resultado":"análise espacial derivada","limitacoes":"Proximidade cartográfica não implica acesso, visitação, segurança, integração cultural ou autorização."}},{"type":"Feature","geometry":{"type":"Point","coordinates":[-56.589687,-21.14489401]},"properties":{"ogc_fid":381,"num_canie":"005856.00189.50.02209","nome":"Gruta do Lago Azul","estado":"Mato Grosso do Sul","municipio":"Bonito","longitude":"-56.589687","latitude":"-21.144894","nvl_valida":"Nível 1","__atlas_fonte_oficial":"CANIE/CECAV/ICMBio","__atlas_metodo_captura":"WFS oficial ICMBio/INDE","__atlas_tipo_servico":"ICMBio:canie_052026_p","__atlas_capturado_em":"2026-08-10T12:53:17.009Z","__atlas_recorte":"Mato Grosso do Sul por atributo ou interseção com envelope estadual","__atlas_aviso":"Cadastro não representa todo o universo de cavernas e não substitui validação de campo ou autorização de visitação.","id_rota_mais_proxima":"ROTA-EST-022","rota_mais_proxima":"Rota de Aviturismo da Rota Bioceânica","distancia_minima_rota_km":2.489,"limiar_exploratorio_km":50,"metodo":"menor distância euclidiana local aproximada entre ponto CANIE e segmentos das rotas esquemáticas","fonte_cavidade":"CANIE/CECAV/ICMBio · snapshot local capturado em 10/08/2026","fonte_rotas":"JOAJU MS · propostas metodológicas de rotas · corte 10/08/2026","data_corte":"2026-08-10","natureza_resultado":"análise espacial derivada","limitacoes":"Proximidade cartográfica não implica acesso, visitação, segurança, integração cultural ou autorização."}},{"type":"Feature","geometry":{"type":"Point","coordinates":[-56.763492,-21.20906901]},"properties":{"ogc_fid":382,"num_canie":"005857.00190.50.06903","nome":"Gruta da Figueira III","estado":"Mato Grosso do Sul","municipio":"Porto Murtinho","longitude":"-56.763492","latitude":"-21.209069","nvl_valida":"Nível 1","__atlas_fonte_oficial":"CANIE/CECAV/ICMBio","__atlas_metodo_captura":"WFS oficial ICMBio/INDE","__atlas_tipo_servico":"ICMBio:canie_052026_p","__atlas_capturado_em":"2026-08-10T12:53:17.009Z","__atlas_recorte":"Mato Grosso do Sul por atributo ou interseção com envelope estadual","__atlas_aviso":"Cadastro não representa todo o universo de cavernas e não substitui validação de campo ou autorização de visitação.","id_rota_mais_proxima":"ROTA-EST-022","rota_mais_proxima":"Rota de Aviturismo da Rota Bioceânica","distancia_minima_rota_km":3.182,"limiar_exploratorio_km":50,"metodo":"menor distância euclidiana local aproximada entre ponto CANIE e segmentos das rotas esquemáticas","fonte_cavidade":"CANIE/CECAV/ICMBio · snapshot local capturado em 10/08/2026","fonte_rotas":"JOAJU MS · propostas metodológicas de rotas · corte 10/08/2026","data_corte":"2026-08-10","natureza_resultado":"análise espacial derivada","limitacoes":"Proximidade cartográfica não implica acesso, visitação, segurança, integração cultural ou autorização."}},{"type":"Feature","geometry":{"type":"Point","coordinates":[-56.584893,-21.08804301]},"properties":{"ogc_fid":383,"num_canie":"005858.00191.50.02209","nome":"Gruta Jaraguá","estado":"Mato Grosso do Sul","municipio":"Bonito","longitude":"-56.584893","latitude":"-21.088043","nvl_valida":"Nível 1","__atlas_fonte_oficial":"CANIE/CECAV/ICMBio","__atlas_metodo_captura":"WFS oficial ICMBio/INDE","__atlas_tipo_servico":"ICMBio:canie_052026_p","__atlas_capturado_em":"2026-08-10T12:53:17.009Z","__atlas_recorte":"Mato Grosso do Sul por atributo ou interseção com envelope estadual","__atlas_aviso":"Cadastro não representa todo o universo de cavernas e não substitui validação de campo ou autorização de visitação.","id_rota_mais_proxima":"ROTA-EST-030","rota_mais_proxima":"Rota dos Museus, Memórias e Centros Históricos Urbanos","distancia_minima_rota_km":6.864,"limiar_exploratorio_km":50,"metodo":"menor distância euclidiana local aproximada entre ponto CANIE e segmentos das rotas esquemáticas","fonte_cavidade":"CANIE/CECAV/ICMBio · snapshot local capturado em 10/08/2026","fonte_rotas":"JOAJU MS · propostas metodológicas de rotas · corte 10/08/2026","data_corte":"2026-08-10","natureza_resultado":"análise espacial derivada","limitacoes":"Proximidade cartográfica não implica acesso, visitação, segurança, integração cultural ou autorização."}},{"type":"Feature","geometry":{"type":"Point","coordinates":[-56.580277,-21.10805501]},"properties":{"ogc_fid":386,"num_canie":"005861.00192.50.02209","nome":"Gruta São Miguel","estado":"Mato Grosso do Sul","municipio":"Bonito","longitude":"-56.580277","latitude":"-21.108055","nvl_valida":"Nível 1","__atlas_fonte_oficial":"CANIE/CECAV/ICMBio","__atlas_metodo_captura":"WFS oficial ICMBio/INDE","__atlas_tipo_servico":"ICMBio:canie_052026_p","__atlas_capturado_em":"2026-08-10T12:53:17.009Z","__atlas_recorte":"Mato Grosso do Sul por atributo ou interseção com envelope estadual","__atlas_aviso":"Cadastro não representa todo o universo de cavernas e não substitui validação de campo ou autorização de visitação.","id_rota_mais_proxima":"ROTA-EST-022","rota_mais_proxima":"Rota de Aviturismo da Rota Bioceânica","distancia_minima_rota_km":5.835,"limiar_exploratorio_km":50,"metodo":"menor distância euclidiana local aproximada entre ponto CANIE e segmentos das rotas esquemáticas","fonte_cavidade":"CANIE/CECAV/ICMBio · snapshot local capturado em 10/08/2026","fonte_rotas":"JOAJU MS · propostas metodológicas de rotas · corte 10/08/2026","data_corte":"2026-08-10","natureza_resultado":"análise espacial derivada","limitacoes":"Proximidade cartográfica não implica acesso, visitação, segurança, integração cultural ou autorização."}},{"type":"Feature","geometry":{"type":"Point","coordinates":[-56.574687,-21.09100501]},"properties":{"ogc_fid":387,"num_canie":"005862.00193.50.02209","nome":"Gruta Nossa Senhora Aparecida","estado":"Mato Grosso do Sul","municipio":"Bonito","longitude":"-56.574687","latitude":"-21.091005","nvl_valida":"Nível 1","__atlas_fonte_oficial":"CANIE/CECAV/ICMBio","__atlas_metodo_captura":"WFS oficial ICMBio/INDE","__atlas_tipo_servico":"ICMBio:canie_052026_p","__atlas_capturado_em":"2026-08-10T12:53:17.009Z","__atlas_recorte":"Mato Grosso do Sul por atributo ou interseção com envelope estadual","__atlas_aviso":"Cadastro não representa todo o universo de cavernas e não substitui validação de campo ou autorização de visitação.","id_rota_mais_proxima":"ROTA-EST-030","rota_mais_proxima":"Rota dos Museus, Memórias e Centros Históricos Urbanos","distancia_minima_rota_km":6.071,"limiar_exploratorio_km":50,"metodo":"menor distância euclidiana local aproximada entre ponto CANIE e segmentos das rotas esquemáticas","fonte_cavidade":"CANIE/CECAV/ICMBio · snapshot local capturado em 10/08/2026","fonte_rotas":"JOAJU MS · propostas metodológicas de rotas · corte 10/08/2026","data_corte":"2026-08-10","natureza_resultado":"análise espacial derivada","limitacoes":"Proximidade cartográfica não implica acesso, visitação, segurança, integração cultural ou autorização."}},{"type":"Feature","geometry":{"type":"Point","coordinates":[-56.559792,-20.98054201]},"properties":{"ogc_fid":388,"num_canie":"005863.00194.50.02209","nome":"Abismo Opossum","estado":"Mato Grosso do Sul","municipio":"Bonito","longitude":"-56.559792","latitude":"-20.980542","nvl_valida":"Nível 1","__atlas_fonte_oficial":"CANIE/CECAV/ICMBio","__atlas_metodo_captura":"WFS oficial ICMBio/INDE","__atlas_tipo_servico":"ICMBio:canie_052026_p","__atlas_capturado_em":"2026-08-10T12:53:17.009Z","__atlas_recorte":"Mato Grosso do Sul por atributo ou interseção com envelope estadual","__atlas_aviso":"Cadastro não representa todo o universo de cavernas e não substitui validação de campo ou autorização de visitação.","id_rota_mais_proxima":"ROTA-EST-018","rota_mais_proxima":"Rota das Festas de Fé e Devoção Popular","distancia_minima_rota_km":0.035,"limiar_exploratorio_km":50,"metodo":"menor distância euclidiana local aproximada entre ponto CANIE e segmentos das rotas esquemáticas","fonte_cavidade":"CANIE/CECAV/ICMBio · snapshot local capturado em 10/08/2026","fonte_rotas":"JOAJU MS · propostas metodológicas de rotas · corte 10/08/2026","data_corte":"2026-08-10","natureza_resultado":"análise espacial derivada","limitacoes":"Proximidade cartográfica não implica acesso, visitação, segurança, integração cultural ou autorização."}},{"type":"Feature","geometry":{"type":"Point","coordinates":[-56.558852,-20.90211601]},"properties":{"ogc_fid":389,"num_canie":"005864.00195.50.02209","nome":"Gruta do Mimoso","estado":"Mato Grosso do Sul","municipio":"Bonito","longitude":"-56.558852","latitude":"-20.902116","nvl_valida":"Nível 1","__atlas_fonte_oficial":"CANIE/CECAV/ICMBio","__atlas_metodo_captura":"WFS oficial ICMBio/INDE","__atlas_tipo_servico":"ICMBio:canie_052026_p","__atlas_capturado_em":"2026-08-10T12:53:17.009Z","__atlas_recorte":"Mato Grosso do Sul por atributo ou interseção com envelope estadual","__atlas_aviso":"Cadastro não representa todo o universo de cavernas e não substitui validação de campo ou autorização de visitação.","id_rota_mais_proxima":"ROTA-PROP-005","rota_mais_proxima":"Rota Geocultural Bodoquena Pantanal","distancia_minima_rota_km":1.158,"limiar_exploratorio_km":50,"metodo":"menor distância euclidiana local aproximada entre ponto CANIE e segmentos das rotas esquemáticas","fonte_cavidade":"CANIE/CECAV/ICMBio · snapshot local capturado em 10/08/2026","fonte_rotas":"JOAJU MS · propostas metodológicas de rotas · corte 10/08/2026","data_corte":"2026-08-10","natureza_resultado":"análise espacial derivada","limitacoes":"Proximidade cartográfica não implica acesso, visitação, segurança, integração cultural ou autorização."}},{"type":"Feature","geometry":{"type":"Point","coordinates":[-56.558892,-20.98664201]},"properties":{"ogc_fid":390,"num_canie":"005865.00196.50.02209","nome":"Caverna Opossum","estado":"Mato Grosso do Sul","municipio":"Bonito","longitude":"-56.558892","latitude":"-20.986642","nvl_valida":"Nível 1","__atlas_fonte_oficial":"CANIE/CECAV/ICMBio","__atlas_metodo_captura":"WFS oficial ICMBio/INDE","__atlas_tipo_servico":"ICMBio:canie_052026_p","__atlas_capturado_em":"2026-08-10T12:53:17.009Z","__atlas_recorte":"Mato Grosso do Sul por atributo ou interseção com envelope estadual","__atlas_aviso":"Cadastro não representa todo o universo de cavernas e não substitui validação de campo ou autorização de visitação.","id_rota_mais_proxima":"ROTA-EST-018","rota_mais_proxima":"Rota das Festas de Fé e Devoção Popular","distancia_minima_rota_km":0.18,"limiar_exploratorio_km":50,"metodo":"menor distância euclidiana local aproximada entre ponto CANIE e segmentos das rotas esquemáticas","fonte_cavidade":"CANIE/CECAV/ICMBio · snapshot local capturado em 10/08/2026","fonte_rotas":"JOAJU MS · propostas metodológicas de rotas · corte 10/08/2026","data_corte":"2026-08-10","natureza_resultado":"análise espacial derivada","limitacoes":"Proximidade cartográfica não implica acesso, visitação, segurança, integração cultural ou autorização."}},{"type":"Feature","geometry":{"type":"Point","coordinates":[-56.558892,-20.98654201]},"properties":{"ogc_fid":391,"num_canie":"005866.00197.50.02209","nome":"Caverna Guajuvira","estado":"Mato Grosso do Sul","municipio":"Bonito","longitude":"-56.558892","latitude":"-20.986542","nvl_valida":"Nível 1","__atlas_fonte_oficial":"CANIE/CECAV/ICMBio","__atlas_metodo_captura":"WFS oficial ICMBio/INDE","__atlas_tipo_servico":"ICMBio:canie_052026_p","__atlas_capturado_em":"2026-08-10T12:53:17.009Z","__atlas_recorte":"Mato Grosso do Sul por atributo ou interseção com envelope estadual","__atlas_aviso":"Cadastro não representa todo o universo de cavernas e não substitui validação de campo ou autorização de visitação.","id_rota_mais_proxima":"ROTA-EST-018","rota_mais_proxima":"Rota das Festas de Fé e Devoção Popular","distancia_minima_rota_km":0.175,"limiar_exploratorio_km":50,"metodo":"menor distância euclidiana local aproximada entre ponto CANIE e segmentos das rotas esquemáticas","fonte_cavidade":"CANIE/CECAV/ICMBio · snapshot local capturado em 10/08/2026","fonte_rotas":"JOAJU MS · propostas metodológicas de rotas · corte 10/08/2026","data_corte":"2026-08-10","natureza_resultado":"análise espacial derivada","limitacoes":"Proximidade cartográfica não implica acesso, visitação, segurança, integração cultural ou autorização."}},{"type":"Feature","geometry":{"type":"Point","coordinates":[-56.552693,-21.19624301]},"properties":{"ogc_fid":392,"num_canie":"005867.00198.50.02209","nome":"Gruta Casa de Pedra","estado":"Mato Grosso do Sul","municipio":"Bonito","longitude":"-56.552693","latitude":"-21.196243","nvl_valida":"Nível 1","__atlas_fonte_oficial":"CANIE/CECAV/ICMBio","__atlas_metodo_captura":"WFS oficial ICMBio/INDE","__atlas_tipo_servico":"ICMBio:canie_052026_p","__atlas_capturado_em":"2026-08-10T12:53:17.009Z","__atlas_recorte":"Mato Grosso do Sul por atributo ou interseção com envelope estadual","__atlas_aviso":"Cadastro não representa todo o universo de cavernas e não substitui validação de campo ou autorização de visitação.","id_rota_mais_proxima":"ROTA-EST-022","rota_mais_proxima":"Rota de Aviturismo da Rota Bioceânica","distancia_minima_rota_km":4.249,"limiar_exploratorio_km":50,"metodo":"menor distância euclidiana local aproximada entre ponto CANIE e segmentos das rotas esquemáticas","fonte_cavidade":"CANIE/CECAV/ICMBio · snapshot local capturado em 10/08/2026","fonte_rotas":"JOAJU MS · propostas metodológicas de rotas · corte 10/08/2026","data_corte":"2026-08-10","natureza_resultado":"análise espacial derivada","limitacoes":"Proximidade cartográfica não implica acesso, visitação, segurança, integração cultural ou autorização."}},{"type":"Feature","geometry":{"type":"Point","coordinates":[-56.549493,-21.13304301]},"properties":{"ogc_fid":393,"num_canie":"005868.00199.50.02209","nome":"Caverna Portal","estado":"Mato Grosso do Sul","municipio":"Bonito","longitude":"-56.549493","latitude":"-21.133043","nvl_valida":"Nível 1","__atlas_fonte_oficial":"CANIE/CECAV/ICMBio","__atlas_metodo_captura":"WFS oficial ICMBio/INDE","__atlas_tipo_servico":"ICMBio:canie_052026_p","__atlas_capturado_em":"2026-08-10T12:53:17.009Z","__atlas_recorte":"Mato Grosso do Sul por atributo ou interseção com envelope estadual","__atlas_aviso":"Cadastro não representa todo o universo de cavernas e não substitui validação de campo ou autorização de visitação.","id_rota_mais_proxima":"ROTA-EST-022","rota_mais_proxima":"Rota de Aviturismo da Rota Bioceânica","distancia_minima_rota_km":2.026,"limiar_exploratorio_km":50,"metodo":"menor distância euclidiana local aproximada entre ponto CANIE e segmentos das rotas esquemáticas","fonte_cavidade":"CANIE/CECAV/ICMBio · snapshot local capturado em 10/08/2026","fonte_rotas":"JOAJU MS · propostas metodológicas de rotas · corte 10/08/2026","data_corte":"2026-08-10","natureza_resultado":"análise espacial derivada","limitacoes":"Proximidade cartográfica não implica acesso, visitação, segurança, integração cultural ou autorização."}},{"type":"Feature","geometry":{"type":"Point","coordinates":[-56.533193,-21.17034301]},"properties":{"ogc_fid":395,"num_canie":"005870.00200.50.02209","nome":"Gruta Canta Galo (Gruta Monte Cristo)","estado":"Mato Grosso do Sul","municipio":"Bonito","longitude":"-56.533193","latitude":"-21.170343","nvl_valida":"Nível 1","__atlas_fonte_oficial":"CANIE/CECAV/ICMBio","__atlas_metodo_captura":"WFS oficial ICMBio/INDE","__atlas_tipo_servico":"ICMBio:canie_052026_p","__atlas_capturado_em":"2026-08-10T12:53:17.009Z","__atlas_recorte":"Mato Grosso do Sul por atributo ou interseção com envelope estadual","__atlas_aviso":"Cadastro não representa todo o universo de cavernas e não substitui validação de campo ou autorização de visitação.","id_rota_mais_proxima":"ROTA-EST-022","rota_mais_proxima":"Rota de Aviturismo da Rota Bioceânica","distancia_minima_rota_km":2.431,"limiar_exploratorio_km":50,"metodo":"menor distância euclidiana local aproximada entre ponto CANIE e segmentos das rotas esquemáticas","fonte_cavidade":"CANIE/CECAV/ICMBio · snapshot local capturado em 10/08/2026","fonte_rotas":"JOAJU MS · propostas metodológicas de rotas · corte 10/08/2026","data_corte":"2026-08-10","natureza_resultado":"análise espacial derivada","limitacoes":"Proximidade cartográfica não implica acesso, visitação, segurança, integração cultural ou autorização."}},{"type":"Feature","geometry":{"type":"Point","coordinates":[-56.531893,-21.19344301]},"properties":{"ogc_fid":396,"num_canie":"005871.00201.50.02209","nome":"Gruta Dom Bosco","estado":"Mato Grosso do Sul","municipio":"Bonito","longitude":"-56.531893","latitude":"-21.193443","nvl_valida":"Nível 1","__atlas_fonte_oficial":"CANIE/CECAV/ICMBio","__atlas_metodo_captura":"WFS oficial ICMBio/INDE","__atlas_tipo_servico":"ICMBio:canie_052026_p","__atlas_capturado_em":"2026-08-10T12:53:17.009Z","__atlas_recorte":"Mato Grosso do Sul por atributo ou interseção com envelope estadual","__atlas_aviso":"Cadastro não representa todo o universo de cavernas e não substitui validação de campo ou autorização de visitação.","id_rota_mais_proxima":"ROTA-EST-022","rota_mais_proxima":"Rota de Aviturismo da Rota Bioceânica","distancia_minima_rota_km":4.827,"limiar_exploratorio_km":50,"metodo":"menor distância euclidiana local aproximada entre ponto CANIE e segmentos das rotas esquemáticas","fonte_cavidade":"CANIE/CECAV/ICMBio · snapshot local capturado em 10/08/2026","fonte_rotas":"JOAJU MS · propostas metodológicas de rotas · corte 10/08/2026","data_corte":"2026-08-10","natureza_resultado":"análise espacial derivada","limitacoes":"Proximidade cartográfica não implica acesso, visitação, segurança, integração cultural ou autorização."}},{"type":"Feature","geometry":{"type":"Point","coordinates":[-56.518392,-20.92784201]},"properties":{"ogc_fid":397,"num_canie":"005872.00202.50.02209","nome":"Caverna João de Arruda","estado":"Mato Grosso do Sul","municipio":"Bonito","longitude":"-56.518392","latitude":"-20.927842","nvl_valida":"Nível 1","__atlas_fonte_oficial":"CANIE/CECAV/ICMBio","__atlas_metodo_captura":"WFS oficial ICMBio/INDE","__atlas_tipo_servico":"ICMBio:canie_052026_p","__atlas_capturado_em":"2026-08-10T12:53:17.009Z","__atlas_recorte":"Mato Grosso do Sul por atributo ou interseção com envelope estadual","__atlas_aviso":"Cadastro não representa todo o universo de cavernas e não substitui validação de campo ou autorização de visitação.","id_rota_mais_proxima":"ROTA-EST-024","rota_mais_proxima":"Rota de Aviturismo da Serra da Bodoquena","distancia_minima_rota_km":3.57,"limiar_exploratorio_km":50,"metodo":"menor distância euclidiana local aproximada entre ponto CANIE e segmentos das rotas esquemáticas","fonte_cavidade":"CANIE/CECAV/ICMBio · snapshot local capturado em 10/08/2026","fonte_rotas":"JOAJU MS · propostas metodológicas de rotas · corte 10/08/2026","data_corte":"2026-08-10","natureza_resultado":"análise espacial derivada","limitacoes":"Proximidade cartográfica não implica acesso, visitação, segurança, integração cultural ou autorização."}},{"type":"Feature","geometry":{"type":"Point","coordinates":[-56.518192,-21.03924301]},"properties":{"ogc_fid":398,"num_canie":"005873.00203.50.02209","nome":"Caverna do Paredão","estado":"Mato Grosso do Sul","municipio":"Bonito","longitude":"-56.518192","latitude":"-21.039243","nvl_valida":"Nível 1","__atlas_fonte_oficial":"CANIE/CECAV/ICMBio","__atlas_metodo_captura":"WFS oficial ICMBio/INDE","__atlas_tipo_servico":"ICMBio:canie_052026_p","__atlas_capturado_em":"2026-08-10T12:53:17.009Z","__atlas_recorte":"Mato Grosso do Sul por atributo ou interseção com envelope estadual","__atlas_aviso":"Cadastro não representa todo o universo de cavernas e não substitui validação de campo ou autorização de visitação.","id_rota_mais_proxima":"ROTA-PROP-005","rota_mais_proxima":"Rota Geocultural Bodoquena Pantanal","distancia_minima_rota_km":0.079,"limiar_exploratorio_km":50,"metodo":"menor distância euclidiana local aproximada entre ponto CANIE e segmentos das rotas esquemáticas","fonte_cavidade":"CANIE/CECAV/ICMBio · snapshot local capturado em 10/08/2026","fonte_rotas":"JOAJU MS · propostas metodológicas de rotas · corte 10/08/2026","data_corte":"2026-08-10","natureza_resultado":"análise espacial derivada","limitacoes":"Proximidade cartográfica não implica acesso, visitação, segurança, integração cultural ou autorização."}},{"type":"Feature","geometry":{"type":"Point","coordinates":[-56.513992,-20.92834401]},"properties":{"ogc_fid":399,"num_canie":"005874.00204.50.02209","nome":"Caverna Ametista","estado":"Mato Grosso do Sul","municipio":"Bonito","longitude":"-56.513992","latitude":"-20.928344","nvl_valida":"Nível 1","__atlas_fonte_oficial":"CANIE/CECAV/ICMBio","__atlas_metodo_captura":"WFS oficial ICMBio/INDE","__atlas_tipo_servico":"ICMBio:canie_052026_p","__atlas_capturado_em":"2026-08-10T12:53:17.009Z","__atlas_recorte":"Mato Grosso do Sul por atributo ou interseção com envelope estadual","__atlas_aviso":"Cadastro não representa todo o universo de cavernas e não substitui validação de campo ou autorização de visitação.","id_rota_mais_proxima":"ROTA-EST-024","rota_mais_proxima":"Rota de Aviturismo da Serra da Bodoquena","distancia_minima_rota_km":3.199,"limiar_exploratorio_km":50,"metodo":"menor distância euclidiana local aproximada entre ponto CANIE e segmentos das rotas esquemáticas","fonte_cavidade":"CANIE/CECAV/ICMBio · snapshot local capturado em 10/08/2026","fonte_rotas":"JOAJU MS · propostas metodológicas de rotas · corte 10/08/2026","data_corte":"2026-08-10","natureza_resultado":"análise espacial derivada","limitacoes":"Proximidade cartográfica não implica acesso, visitação, segurança, integração cultural ou autorização."}},{"type":"Feature","geometry":{"type":"Point","coordinates":[-56.47679,-20.44024201]},"properties":{"ogc_fid":400,"num_canie":"005875.00205.50.02159","nome":"Abismo Paiadao VII","estado":"Mato Grosso do Sul","municipio":"Bodoquena","longitude":"-56.47679","latitude":"-20.440242","nvl_valida":"Nível 1","__atlas_fonte_oficial":"CANIE/CECAV/ICMBio","__atlas_metodo_captura":"WFS oficial ICMBio/INDE","__atlas_tipo_servico":"ICMBio:canie_052026_p","__atlas_capturado_em":"2026-08-10T12:53:17.009Z","__atlas_recorte":"Mato Grosso do Sul por atributo ou interseção com envelope estadual","__atlas_aviso":"Cadastro não representa todo o universo de cavernas e não substitui validação de campo ou autorização de visitação.","id_rota_mais_proxima":"ROTA-EST-026","rota_mais_proxima":"Rota Pantanal Bonito","distancia_minima_rota_km":7.993,"limiar_exploratorio_km":50,"metodo":"menor distância euclidiana local aproximada entre ponto CANIE e segmentos das rotas esquemáticas","fonte_cavidade":"CANIE/CECAV/ICMBio · snapshot local capturado em 10/08/2026","fonte_rotas":"JOAJU MS · propostas metodológicas de rotas · corte 10/08/2026","data_corte":"2026-08-10","natureza_resultado":"análise espacial derivada","limitacoes":"Proximidade cartográfica não implica acesso, visitação, segurança, integração cultural ou autorização."}},{"type":"Feature","geometry":{"type":"Point","coordinates":[-56.469939,-21.43100201]},"properties":{"ogc_fid":401,"num_canie":"005876.00206.50.02209","nome":"Gruta Vale do Prata","estado":"Mato Grosso do Sul","municipio":"Bonito","longitude":"-56.469939","latitude":"-21.431002","nvl_valida":"Nível 1","__atlas_fonte_oficial":"CANIE/CECAV/ICMBio","__atlas_metodo_captura":"WFS oficial ICMBio/INDE","__atlas_tipo_servico":"ICMBio:canie_052026_p","__atlas_capturado_em":"2026-08-10T12:53:17.009Z","__atlas_recorte":"Mato Grosso do Sul por atributo ou interseção com envelope estadual","__atlas_aviso":"Cadastro não representa todo o universo de cavernas e não substitui validação de campo ou autorização de visitação.","id_rota_mais_proxima":"ROTA-EST-014","rota_mais_proxima":"Rota Bioceânica das Culturas de Fronteira","distancia_minima_rota_km":9.784,"limiar_exploratorio_km":50,"metodo":"menor distância euclidiana local aproximada entre ponto CANIE e segmentos das rotas esquemáticas","fonte_cavidade":"CANIE/CECAV/ICMBio · snapshot local capturado em 10/08/2026","fonte_rotas":"JOAJU MS · propostas metodológicas de rotas · corte 10/08/2026","data_corte":"2026-08-10","natureza_resultado":"análise espacial derivada","limitacoes":"Proximidade cartográfica não implica acesso, visitação, segurança, integração cultural ou autorização."}},{"type":"Feature","geometry":{"type":"Point","coordinates":[-56.467192,-21.13374401]},"properties":{"ogc_fid":402,"num_canie":"005877.00207.50.02209","nome":"Caverna Buraco do Ducho","estado":"Mato Grosso do Sul","municipio":"Bonito","longitude":"-56.467192","latitude":"-21.133744","nvl_valida":"Nível 1","__atlas_fonte_oficial":"CANIE/CECAV/ICMBio","__atlas_metodo_captura":"WFS oficial ICMBio/INDE","__atlas_tipo_servico":"ICMBio:canie_052026_p","__atlas_capturado_em":"2026-08-10T12:53:17.009Z","__atlas_recorte":"Mato Grosso do Sul por atributo ou interseção com envelope estadual","__atlas_aviso":"Cadastro não representa todo o universo de cavernas e não substitui validação de campo ou autorização de visitação.","id_rota_mais_proxima":"ROTA-EST-018","rota_mais_proxima":"Rota das Festas de Fé e Devoção Popular","distancia_minima_rota_km":0.165,"limiar_exploratorio_km":50,"metodo":"menor distância euclidiana local aproximada entre ponto CANIE e segmentos das rotas esquemáticas","fonte_cavidade":"CANIE/CECAV/ICMBio · snapshot local capturado em 10/08/2026","fonte_rotas":"JOAJU MS · propostas metodológicas de rotas · corte 10/08/2026","data_corte":"2026-08-10","natureza_resultado":"análise espacial derivada","limitacoes":"Proximidade cartográfica não implica acesso, visitação, segurança, integração cultural ou autorização."}},{"type":"Feature","geometry":{"type":"Point","coordinates":[-56.467159,-21.13377701]},"properties":{"ogc_fid":403,"num_canie":"005878.00208.50.02209","nome":"Sistema do Formoso","estado":"Mato Grosso do Sul","municipio":"Bonito","longitude":"-56.467159","latitude":"-21.133777","nvl_valida":"Nível 1","__atlas_fonte_oficial":"CANIE/CECAV/ICMBio","__atlas_metodo_captura":"WFS oficial ICMBio/INDE","__atlas_tipo_servico":"ICMBio:canie_052026_p","__atlas_capturado_em":"2026-08-10T12:53:17.009Z","__atlas_recorte":"Mato Grosso do Sul por atributo ou interseção com envelope estadual","__atlas_aviso":"Cadastro não representa todo o universo de cavernas e não substitui validação de campo ou autorização de visitação.","id_rota_mais_proxima":"ROTA-EST-018","rota_mais_proxima":"Rota das Festas de Fé e Devoção Popular","distancia_minima_rota_km":0.167,"limiar_exploratorio_km":50,"metodo":"menor distância euclidiana local aproximada entre ponto CANIE e segmentos das rotas esquemáticas","fonte_cavidade":"CANIE/CECAV/ICMBio · snapshot local capturado em 10/08/2026","fonte_rotas":"JOAJU MS · propostas metodológicas de rotas · corte 10/08/2026","data_corte":"2026-08-10","natureza_resultado":"análise espacial derivada","limitacoes":"Proximidade cartográfica não implica acesso, visitação, segurança, integração cultural ou autorização."}},{"type":"Feature","geometry":{"type":"Point","coordinates":[-56.453273,-21.43378001]},"properties":{"ogc_fid":404,"num_canie":"005879.00209.50.05004","nome":"Abismo do Poço","estado":"Mato Grosso do Sul","municipio":"Jardim","longitude":"-56.453273","latitude":"-21.43378","nvl_valida":"Nível 1","__atlas_fonte_oficial":"CANIE/CECAV/ICMBio","__atlas_metodo_captura":"WFS oficial ICMBio/INDE","__atlas_tipo_servico":"ICMBio:canie_052026_p","__atlas_capturado_em":"2026-08-10T12:53:17.009Z","__atlas_recorte":"Mato Grosso do Sul por atributo ou interseção com envelope estadual","__atlas_aviso":"Cadastro não representa todo o universo de cavernas e não substitui validação de campo ou autorização de visitação.","id_rota_mais_proxima":"ROTA-EST-014","rota_mais_proxima":"Rota Bioceânica das Culturas de Fronteira","distancia_minima_rota_km":9.25,"limiar_exploratorio_km":50,"metodo":"menor distância euclidiana local aproximada entre ponto CANIE e segmentos das rotas esquemáticas","fonte_cavidade":"CANIE/CECAV/ICMBio · snapshot local capturado em 10/08/2026","fonte_rotas":"JOAJU MS · propostas metodológicas de rotas · corte 10/08/2026","data_corte":"2026-08-10","natureza_resultado":"análise espacial derivada","limitacoes":"Proximidade cartográfica não implica acesso, visitação, segurança, integração cultural ou autorização."}},{"type":"Feature","geometry":{"type":"Point","coordinates":[-56.453273,-21.43377701]},"properties":{"ogc_fid":405,"num_canie":"005880.00210.50.05004","nome":"Gruta do Cateto","estado":"Mato Grosso do Sul","municipio":"Jardim","longitude":"-56.453273","latitude":"-21.433777","nvl_valida":"Nível 1","__atlas_fonte_oficial":"CANIE/CECAV/ICMBio","__atlas_metodo_captura":"WFS oficial ICMBio/INDE","__atlas_tipo_servico":"ICMBio:canie_052026_p","__atlas_capturado_em":"2026-08-10T12:53:17.009Z","__atlas_recorte":"Mato Grosso do Sul por atributo ou interseção com envelope estadual","__atlas_aviso":"Cadastro não representa todo o universo de cavernas e não substitui validação de campo ou autorização de visitação.","id_rota_mais_proxima":"ROTA-EST-014","rota_mais_proxima":"Rota Bioceânica das Culturas de Fronteira","distancia_minima_rota_km":9.25,"limiar_exploratorio_km":50,"metodo":"menor distância euclidiana local aproximada entre ponto CANIE e segmentos das rotas esquemáticas","fonte_cavidade":"CANIE/CECAV/ICMBio · snapshot local capturado em 10/08/2026","fonte_rotas":"JOAJU MS · propostas metodológicas de rotas · corte 10/08/2026","data_corte":"2026-08-10","natureza_resultado":"análise espacial derivada","limitacoes":"Proximidade cartográfica não implica acesso, visitação, segurança, integração cultural ou autorização."}},{"type":"Feature","geometry":{"type":"Point","coordinates":[-56.453293,-21.43374501]},"properties":{"ogc_fid":406,"num_canie":"005881.00211.50.05004","nome":"Gruta do X-Coqueiro","estado":"Mato Grosso do Sul","municipio":"Jardim","longitude":"-56.453293","latitude":"-21.433745","nvl_valida":"Nível 1","__atlas_fonte_oficial":"CANIE/CECAV/ICMBio","__atlas_metodo_captura":"WFS oficial ICMBio/INDE","__atlas_tipo_servico":"ICMBio:canie_052026_p","__atlas_capturado_em":"2026-08-10T12:53:17.009Z","__atlas_recorte":"Mato Grosso do Sul por atributo ou interseção com envelope estadual","__atlas_aviso":"Cadastro não representa todo o universo de cavernas e não substitui validação de campo ou autorização de visitação.","id_rota_mais_proxima":"ROTA-EST-014","rota_mais_proxima":"Rota Bioceânica das Culturas de Fronteira","distancia_minima_rota_km":9.254,"limiar_exploratorio_km":50,"metodo":"menor distância euclidiana local aproximada entre ponto CANIE e segmentos das rotas esquemáticas","fonte_cavidade":"CANIE/CECAV/ICMBio · snapshot local capturado em 10/08/2026","fonte_rotas":"JOAJU MS · propostas metodológicas de rotas · corte 10/08/2026","data_corte":"2026-08-10","natureza_resultado":"análise espacial derivada","limitacoes":"Proximidade cartográfica não implica acesso, visitação, segurança, integração cultural ou autorização."}},{"type":"Feature","geometry":{"type":"Point","coordinates":[-56.453274,-21.43100301]},"properties":{"ogc_fid":407,"num_canie":"005882.00212.50.05004","nome":"Gruta Santa Maria","estado":"Mato Grosso do Sul","municipio":"Jardim","longitude":"-56.453274","latitude":"-21.431003","nvl_valida":"Nível 1","__atlas_fonte_oficial":"CANIE/CECAV/ICMBio","__atlas_metodo_captura":"WFS oficial ICMBio/INDE","__atlas_tipo_servico":"ICMBio:canie_052026_p","__atlas_capturado_em":"2026-08-10T12:53:17.009Z","__atlas_recorte":"Mato Grosso do Sul por atributo ou interseção com envelope estadual","__atlas_aviso":"Cadastro não representa todo o universo de cavernas e não substitui validação de campo ou autorização de visitação.","id_rota_mais_proxima":"ROTA-EST-014","rota_mais_proxima":"Rota Bioceânica das Culturas de Fronteira","distancia_minima_rota_km":9.554,"limiar_exploratorio_km":50,"metodo":"menor distância euclidiana local aproximada entre ponto CANIE e segmentos das rotas esquemáticas","fonte_cavidade":"CANIE/CECAV/ICMBio · snapshot local capturado em 10/08/2026","fonte_rotas":"JOAJU MS · propostas metodológicas de rotas · corte 10/08/2026","data_corte":"2026-08-10","natureza_resultado":"análise espacial derivada","limitacoes":"Proximidade cartográfica não implica acesso, visitação, segurança, integração cultural ou autorização."}},{"type":"Feature","geometry":{"type":"Point","coordinates":[-56.453277,-21.45833601]},"properties":{"ogc_fid":408,"num_canie":"005883.00213.50.05004","nome":"Gruta Lagoa Misteriosa","estado":"Mato Grosso do Sul","municipio":"Jardim","longitude":"-56.453277","latitude":"-21.458336","nvl_valida":"Nível 1","__atlas_fonte_oficial":"CANIE/CECAV/ICMBio","__atlas_metodo_captura":"WFS oficial ICMBio/INDE","__atlas_tipo_servico":"ICMBio:canie_052026_p","__atlas_capturado_em":"2026-08-10T12:53:17.009Z","__atlas_recorte":"Mato Grosso do Sul por atributo ou interseção com envelope estadual","__atlas_aviso":"Cadastro não representa todo o universo de cavernas e não substitui validação de campo ou autorização de visitação.","id_rota_mais_proxima":"ROTA-EST-014","rota_mais_proxima":"Rota Bioceânica das Culturas de Fronteira","distancia_minima_rota_km":6.559,"limiar_exploratorio_km":50,"metodo":"menor distância euclidiana local aproximada entre ponto CANIE e segmentos das rotas esquemáticas","fonte_cavidade":"CANIE/CECAV/ICMBio · snapshot local capturado em 10/08/2026","fonte_rotas":"JOAJU MS · propostas metodológicas de rotas · corte 10/08/2026","data_corte":"2026-08-10","natureza_resultado":"análise espacial derivada","limitacoes":"Proximidade cartográfica não implica acesso, visitação, segurança, integração cultural ou autorização."}},{"type":"Feature","geometry":{"type":"Point","coordinates":[-56.402563,-21.49213501]},"properties":{"ogc_fid":411,"num_canie":"005886.00214.50.05004","nome":"Gruta Buraco das Araras","estado":"Mato Grosso do Sul","municipio":"Jardim","longitude":"-56.402563","latitude":"-21.492135","nvl_valida":"Nível 1","__atlas_fonte_oficial":"CANIE/CECAV/ICMBio","__atlas_metodo_captura":"WFS oficial ICMBio/INDE","__atlas_tipo_servico":"ICMBio:canie_052026_p","__atlas_capturado_em":"2026-08-10T12:53:17.009Z","__atlas_recorte":"Mato Grosso do Sul por atributo ou interseção com envelope estadual","__atlas_aviso":"Cadastro não representa todo o universo de cavernas e não substitui validação de campo ou autorização de visitação.","id_rota_mais_proxima":"ROTA-EST-014","rota_mais_proxima":"Rota Bioceânica das Culturas de Fronteira","distancia_minima_rota_km":2.156,"limiar_exploratorio_km":50,"metodo":"menor distância euclidiana local aproximada entre ponto CANIE e segmentos das rotas esquemáticas","fonte_cavidade":"CANIE/CECAV/ICMBio · snapshot local capturado em 10/08/2026","fonte_rotas":"JOAJU MS · propostas metodológicas de rotas · corte 10/08/2026","data_corte":"2026-08-10","natureza_resultado":"análise espacial derivada","limitacoes":"Proximidade cartográfica não implica acesso, visitação, segurança, integração cultural ou autorização."}},{"type":"Feature","geometry":{"type":"Point","coordinates":[-55.689885,-20.32654401]},"properties":{"ogc_fid":553,"num_canie":"006035.00215.50.01102","nome":"Caverna Aldeia Limao Verde","estado":"Mato Grosso do Sul","municipio":"Aquidauana","longitude":"-55.689885","latitude":"-20.326544","nvl_valida":"Nível 1","__atlas_fonte_oficial":"CANIE/CECAV/ICMBio","__atlas_metodo_captura":"WFS oficial ICMBio/INDE","__atlas_tipo_servico":"ICMBio:canie_052026_p","__atlas_capturado_em":"2026-08-10T12:53:17.009Z","__atlas_recorte":"Mato Grosso do Sul por atributo ou interseção com envelope estadual","__atlas_aviso":"Cadastro não representa todo o universo de cavernas e não substitui validação de campo ou autorização de visitação.","id_rota_mais_proxima":"ROTA-EST-027","rota_mais_proxima":"Rota do Artesanato e das Cerâmicas de Mato Grosso do Sul","distancia_minima_rota_km":0.815,"limiar_exploratorio_km":50,"metodo":"menor distância euclidiana local aproximada entre ponto CANIE e segmentos das rotas esquemáticas","fonte_cavidade":"CANIE/CECAV/ICMBio · snapshot local capturado em 10/08/2026","fonte_rotas":"JOAJU MS · propostas metodológicas de rotas · corte 10/08/2026","data_corte":"2026-08-10","natureza_resultado":"análise espacial derivada","limitacoes":"Proximidade cartográfica não implica acesso, visitação, segurança, integração cultural ou autorização."}},{"type":"Feature","geometry":{"type":"Point","coordinates":[-53.567867,-17.92724401]},"properties":{"ogc_fid":600,"num_canie":"006082.00329.51.00300","nome":"Gruta da Serra Preta II","estado":"Mato Grosso","municipio":"Alto Araguaia","longitude":"-53.567867","latitude":"-17.927244","nvl_valida":"Nível 1","__atlas_fonte_oficial":"CANIE/CECAV/ICMBio","__atlas_metodo_captura":"WFS oficial ICMBio/INDE","__atlas_tipo_servico":"ICMBio:canie_052026_p","__atlas_capturado_em":"2026-08-10T12:53:17.009Z","__atlas_recorte":"Mato Grosso do Sul por atributo ou interseção com envelope estadual","__atlas_aviso":"Cadastro não representa todo o universo de cavernas e não substitui validação de campo ou autorização de visitação.","id_rota_mais_proxima":"ROTA-EST-010","rota_mais_proxima":"Rota do Cerrado","distancia_minima_rota_km":46.344,"limiar_exploratorio_km":50,"metodo":"menor distância euclidiana local aproximada entre ponto CANIE e segmentos das rotas esquemáticas","fonte_cavidade":"CANIE/CECAV/ICMBio · snapshot local capturado em 10/08/2026","fonte_rotas":"JOAJU MS · propostas metodológicas de rotas · corte 10/08/2026","data_corte":"2026-08-10","natureza_resultado":"análise espacial derivada","limitacoes":"Proximidade cartográfica não implica acesso, visitação, segurança, integração cultural ou autorização."}},{"type":"Feature","geometry":{"type":"Point","coordinates":[-53.566967,-17.92724401]},"properties":{"ogc_fid":601,"num_canie":"006083.00330.51.00300","nome":"Caverna da Serra Preta","estado":"Mato Grosso","municipio":"Alto Araguaia","longitude":"-53.566967","latitude":"-17.927244","nvl_valida":"Nível 1","__atlas_fonte_oficial":"CANIE/CECAV/ICMBio","__atlas_metodo_captura":"WFS oficial ICMBio/INDE","__atlas_tipo_servico":"ICMBio:canie_052026_p","__atlas_capturado_em":"2026-08-10T12:53:17.009Z","__atlas_recorte":"Mato Grosso do Sul por atributo ou interseção com envelope estadual","__atlas_aviso":"Cadastro não representa todo o universo de cavernas e não substitui validação de campo ou autorização de visitação.","id_rota_mais_proxima":"ROTA-EST-010","rota_mais_proxima":"Rota do Cerrado","distancia_minima_rota_km":46.374,"limiar_exploratorio_km":50,"metodo":"menor distância euclidiana local aproximada entre ponto CANIE e segmentos das rotas esquemáticas","fonte_cavidade":"CANIE/CECAV/ICMBio · snapshot local capturado em 10/08/2026","fonte_rotas":"JOAJU MS · propostas metodológicas de rotas · corte 10/08/2026","data_corte":"2026-08-10","natureza_resultado":"análise espacial derivada","limitacoes":"Proximidade cartográfica não implica acesso, visitação, segurança, integração cultural ou autorização."}},{"type":"Feature","geometry":{"type":"Point","coordinates":[-53.517368,-18.64424501]},"properties":{"ogc_fid":607,"num_canie":"006089.00216.50.03900","nome":"Caverna Lagoa do Pato","estado":"Mato Grosso do Sul","municipio":"Figueirão","longitude":"-53.517368","latitude":"-18.644245","nvl_valida":"Nível 1","__atlas_fonte_oficial":"CANIE/CECAV/ICMBio","__atlas_metodo_captura":"WFS oficial ICMBio/INDE","__atlas_tipo_servico":"ICMBio:canie_052026_p","__atlas_capturado_em":"2026-08-10T12:53:17.009Z","__atlas_recorte":"Mato Grosso do Sul por atributo ou interseção com envelope estadual","__atlas_aviso":"Cadastro não representa todo o universo de cavernas e não substitui validação de campo ou autorização de visitação.","id_rota_mais_proxima":"ROTA-EST-011","rota_mais_proxima":"Rota da Arte Rupestre, dos Chapadões e das Águas do Norte","distancia_minima_rota_km":0.211,"limiar_exploratorio_km":50,"metodo":"menor distância euclidiana local aproximada entre ponto CANIE e segmentos das rotas esquemáticas","fonte_cavidade":"CANIE/CECAV/ICMBio · snapshot local capturado em 10/08/2026","fonte_rotas":"JOAJU MS · propostas metodológicas de rotas · corte 10/08/2026","data_corte":"2026-08-10","natureza_resultado":"análise espacial derivada","limitacoes":"Proximidade cartográfica não implica acesso, visitação, segurança, integração cultural ou autorização."}},{"type":"Feature","geometry":{"type":"Point","coordinates":[-53.497468,-18.65214501]},"properties":{"ogc_fid":608,"num_canie":"006090.00217.50.03900","nome":"Gruta Esperança","estado":"Mato Grosso do Sul","municipio":"Figueirão","longitude":"-53.497468","latitude":"-18.652145","nvl_valida":"Nível 1","__atlas_fonte_oficial":"CANIE/CECAV/ICMBio","__atlas_metodo_captura":"WFS oficial ICMBio/INDE","__atlas_tipo_servico":"ICMBio:canie_052026_p","__atlas_capturado_em":"2026-08-10T12:53:17.009Z","__atlas_recorte":"Mato Grosso do Sul por atributo ou interseção com envelope estadual","__atlas_aviso":"Cadastro não representa todo o universo de cavernas e não substitui validação de campo ou autorização de visitação.","id_rota_mais_proxima":"ROTA-EST-011","rota_mais_proxima":"Rota da Arte Rupestre, dos Chapadões e das Águas do Norte","distancia_minima_rota_km":1.193,"limiar_exploratorio_km":50,"metodo":"menor distância euclidiana local aproximada entre ponto CANIE e segmentos das rotas esquemáticas","fonte_cavidade":"CANIE/CECAV/ICMBio · snapshot local capturado em 10/08/2026","fonte_rotas":"JOAJU MS · propostas metodológicas de rotas · corte 10/08/2026","data_corte":"2026-08-10","natureza_resultado":"análise espacial derivada","limitacoes":"Proximidade cartográfica não implica acesso, visitação, segurança, integração cultural ou autorização."}},{"type":"Feature","geometry":{"type":"Point","coordinates":[-53.336466,-17.98784501]},"properties":{"ogc_fid":613,"num_canie":"006095.00335.51.00607","nome":"Gruta Casa da Onça","estado":"Mato Grosso","municipio":"Alto Taquari","longitude":"-53.336466","latitude":"-17.987845","nvl_valida":"Nível 1","__atlas_fonte_oficial":"CANIE/CECAV/ICMBio","__atlas_metodo_captura":"WFS oficial ICMBio/INDE","__atlas_tipo_servico":"ICMBio:canie_052026_p","__atlas_capturado_em":"2026-08-10T12:53:17.009Z","__atlas_recorte":"Mato Grosso do Sul por atributo ou interseção com envelope estadual","__atlas_aviso":"Cadastro não representa todo o universo de cavernas e não substitui validação de campo ou autorização de visitação.","id_rota_mais_proxima":"ROTA-EST-011","rota_mais_proxima":"Rota da Arte Rupestre, dos Chapadões e das Águas do Norte","distancia_minima_rota_km":49.03,"limiar_exploratorio_km":50,"metodo":"menor distância euclidiana local aproximada entre ponto CANIE e segmentos das rotas esquemáticas","fonte_cavidade":"CANIE/CECAV/ICMBio · snapshot local capturado em 10/08/2026","fonte_rotas":"JOAJU MS · propostas metodológicas de rotas · corte 10/08/2026","data_corte":"2026-08-10","natureza_resultado":"análise espacial derivada","limitacoes":"Proximidade cartográfica não implica acesso, visitação, segurança, integração cultural ou autorização."}},{"type":"Feature","geometry":{"type":"Point","coordinates":[-53.287967,-18.48974501]},"properties":{"ogc_fid":616,"num_canie":"006098.00218.50.03256","nome":"Osvaldo Cascavel","estado":"Mato Grosso do Sul","municipio":"Costa Rica","longitude":"-53.287967","latitude":"-18.489745","nvl_valida":"Nível 1","__atlas_fonte_oficial":"CANIE/CECAV/ICMBio","__atlas_metodo_captura":"WFS oficial ICMBio/INDE","__atlas_tipo_servico":"ICMBio:canie_052026_p","__atlas_capturado_em":"2026-08-10T12:53:17.009Z","__atlas_recorte":"Mato Grosso do Sul por atributo ou interseção com envelope estadual","__atlas_aviso":"Cadastro não representa todo o universo de cavernas e não substitui validação de campo ou autorização de visitação.","id_rota_mais_proxima":"ROTA-EST-011","rota_mais_proxima":"Rota da Arte Rupestre, dos Chapadões e das Águas do Norte","distancia_minima_rota_km":0.698,"limiar_exploratorio_km":50,"metodo":"menor distância euclidiana local aproximada entre ponto CANIE e segmentos das rotas esquemáticas","fonte_cavidade":"CANIE/CECAV/ICMBio · snapshot local capturado em 10/08/2026","fonte_rotas":"JOAJU MS · propostas metodológicas de rotas · corte 10/08/2026","data_corte":"2026-08-10","natureza_resultado":"análise espacial derivada","limitacoes":"Proximidade cartográfica não implica acesso, visitação, segurança, integração cultural ou autorização."}},{"type":"Feature","geometry":{"type":"Point","coordinates":[-53.191867,-18.64834601]},"properties":{"ogc_fid":619,"num_canie":"006101.00219.50.03256","nome":"Caverna Grotão","estado":"Mato Grosso do Sul","municipio":"Costa Rica","longitude":"-53.191867","latitude":"-18.648346","nvl_valida":"Nível 1","__atlas_fonte_oficial":"CANIE/CECAV/ICMBio","__atlas_metodo_captura":"WFS oficial ICMBio/INDE","__atlas_tipo_servico":"ICMBio:canie_052026_p","__atlas_capturado_em":"2026-08-10T12:53:17.009Z","__atlas_recorte":"Mato Grosso do Sul por atributo ou interseção com envelope estadual","__atlas_aviso":"Cadastro não representa todo o universo de cavernas e não substitui validação de campo ou autorização de visitação.","id_rota_mais_proxima":"ROTA-EST-011","rota_mais_proxima":"Rota da Arte Rupestre, dos Chapadões e das Águas do Norte","distancia_minima_rota_km":9.418,"limiar_exploratorio_km":50,"metodo":"menor distância euclidiana local aproximada entre ponto CANIE e segmentos das rotas esquemáticas","fonte_cavidade":"CANIE/CECAV/ICMBio · snapshot local capturado em 10/08/2026","fonte_rotas":"JOAJU MS · propostas metodológicas de rotas · corte 10/08/2026","data_corte":"2026-08-10","natureza_resultado":"análise espacial derivada","limitacoes":"Proximidade cartográfica não implica acesso, visitação, segurança, integração cultural ou autorização."}},{"type":"Feature","geometry":{"type":"Point","coordinates":[-53.001166,-18.69294601]},"properties":{"ogc_fid":644,"num_canie":"006127.00220.50.02951","nome":"Caverna Estrela III","estado":"Mato Grosso do Sul","municipio":"Chapadão do Sul","longitude":"-53.001166","latitude":"-18.692946","nvl_valida":"Nível 1","__atlas_fonte_oficial":"CANIE/CECAV/ICMBio","__atlas_metodo_captura":"WFS oficial ICMBio/INDE","__atlas_tipo_servico":"ICMBio:canie_052026_p","__atlas_capturado_em":"2026-08-10T12:53:17.009Z","__atlas_recorte":"Mato Grosso do Sul por atributo ou interseção com envelope estadual","__atlas_aviso":"Cadastro não representa todo o universo de cavernas e não substitui validação de campo ou autorização de visitação.","id_rota_mais_proxima":"ROTA-EST-010","rota_mais_proxima":"Rota do Cerrado","distancia_minima_rota_km":21.331,"limiar_exploratorio_km":50,"metodo":"menor distância euclidiana local aproximada entre ponto CANIE e segmentos das rotas esquemáticas","fonte_cavidade":"CANIE/CECAV/ICMBio · snapshot local capturado em 10/08/2026","fonte_rotas":"JOAJU MS · propostas metodológicas de rotas · corte 10/08/2026","data_corte":"2026-08-10","natureza_resultado":"análise espacial derivada","limitacoes":"Proximidade cartográfica não implica acesso, visitação, segurança, integração cultural ou autorização."}},{"type":"Feature","geometry":{"type":"Point","coordinates":[-56.734416,-20.48550001]},"properties":{"ogc_fid":12640,"num_canie":"018457.00206.50.02159","nome":"Caverna Campina 2","estado":"Mato Grosso do Sul","municipio":"Bodoquena","longitude":"-56.734416","latitude":"-20.4855","nvl_valida":"Nível 1","__atlas_fonte_oficial":"CANIE/CECAV/ICMBio","__atlas_metodo_captura":"WFS oficial ICMBio/INDE","__atlas_tipo_servico":"ICMBio:canie_052026_p","__atlas_capturado_em":"2026-08-10T12:53:17.009Z","__atlas_recorte":"Mato Grosso do Sul por atributo ou interseção com envelope estadual","__atlas_aviso":"Cadastro não representa todo o universo de cavernas e não substitui validação de campo ou autorização de visitação.","id_rota_mais_proxima":"ROTA-EST-026","rota_mais_proxima":"Rota Pantanal Bonito","distancia_minima_rota_km":0.892,"limiar_exploratorio_km":50,"metodo":"menor distância euclidiana local aproximada entre ponto CANIE e segmentos das rotas esquemáticas","fonte_cavidade":"CANIE/CECAV/ICMBio · snapshot local capturado em 10/08/2026","fonte_rotas":"JOAJU MS · propostas metodológicas de rotas · corte 10/08/2026","data_corte":"2026-08-10","natureza_resultado":"análise espacial derivada","limitacoes":"Proximidade cartográfica não implica acesso, visitação, segurança, integração cultural ou autorização."}},{"type":"Feature","geometry":{"type":"Point","coordinates":[-56.807051,-20.72704201]},"properties":{"ogc_fid":12641,"num_canie":"018458.00207.50.02159","nome":"Gruta da Mangueira","estado":"Mato Grosso do Sul","municipio":"Bodoquena","longitude":"-56.807051","latitude":"-20.727042","nvl_valida":"Nível 1","__atlas_fonte_oficial":"CANIE/CECAV/ICMBio","__atlas_metodo_captura":"WFS oficial ICMBio/INDE","__atlas_tipo_servico":"ICMBio:canie_052026_p","__atlas_capturado_em":"2026-08-10T12:53:17.009Z","__atlas_recorte":"Mato Grosso do Sul por atributo ou interseção com envelope estadual","__atlas_aviso":"Cadastro não representa todo o universo de cavernas e não substitui validação de campo ou autorização de visitação.","id_rota_mais_proxima":"ROTA-EST-027","rota_mais_proxima":"Rota do Artesanato e das Cerâmicas de Mato Grosso do Sul","distancia_minima_rota_km":7.346,"limiar_exploratorio_km":50,"metodo":"menor distância euclidiana local aproximada entre ponto CANIE e segmentos das rotas esquemáticas","fonte_cavidade":"CANIE/CECAV/ICMBio · snapshot local capturado em 10/08/2026","fonte_rotas":"JOAJU MS · propostas metodológicas de rotas · corte 10/08/2026","data_corte":"2026-08-10","natureza_resultado":"análise espacial derivada","limitacoes":"Proximidade cartográfica não implica acesso, visitação, segurança, integração cultural ou autorização."}},{"type":"Feature","geometry":{"type":"Point","coordinates":[-56.7845,-20.74666601]},"properties":{"ogc_fid":12642,"num_canie":"018459.00208.50.02159","nome":"Gruta Dente de Cão","estado":"Mato Grosso do Sul","municipio":"Bodoquena","longitude":"-56.7845","latitude":"-20.746666","nvl_valida":"Nível 1","__atlas_fonte_oficial":"CANIE/CECAV/ICMBio","__atlas_metodo_captura":"WFS oficial ICMBio/INDE","__atlas_tipo_servico":"ICMBio:canie_052026_p","__atlas_capturado_em":"2026-08-10T12:53:17.009Z","__atlas_recorte":"Mato Grosso do Sul por atributo ou interseção com envelope estadual","__atlas_aviso":"Cadastro não representa todo o universo de cavernas e não substitui validação de campo ou autorização de visitação.","id_rota_mais_proxima":"ROTA-EST-030","rota_mais_proxima":"Rota dos Museus, Memórias e Centros Históricos Urbanos","distancia_minima_rota_km":8.03,"limiar_exploratorio_km":50,"metodo":"menor distância euclidiana local aproximada entre ponto CANIE e segmentos das rotas esquemáticas","fonte_cavidade":"CANIE/CECAV/ICMBio · snapshot local capturado em 10/08/2026","fonte_rotas":"JOAJU MS · propostas metodológicas de rotas · corte 10/08/2026","data_corte":"2026-08-10","natureza_resultado":"análise espacial derivada","limitacoes":"Proximidade cartográfica não implica acesso, visitação, segurança, integração cultural ou autorização."}},{"type":"Feature","geometry":{"type":"Point","coordinates":[-56.717336,-20.60336901]},"properties":{"ogc_fid":12643,"num_canie":"018460.00209.50.02159","nome":"Gruta do Caramujo","estado":"Mato Grosso do Sul","municipio":"Bodoquena","longitude":"-56.717336","latitude":"-20.603369","nvl_valida":"Nível 1","__atlas_fonte_oficial":"CANIE/CECAV/ICMBio","__atlas_metodo_captura":"WFS oficial ICMBio/INDE","__atlas_tipo_servico":"ICMBio:canie_052026_p","__atlas_capturado_em":"2026-08-10T12:53:17.009Z","__atlas_recorte":"Mato Grosso do Sul por atributo ou interseção com envelope estadual","__atlas_aviso":"Cadastro não representa todo o universo de cavernas e não substitui validação de campo ou autorização de visitação.","id_rota_mais_proxima":"ROTA-PROP-005","rota_mais_proxima":"Rota Geocultural Bodoquena Pantanal","distancia_minima_rota_km":2.979,"limiar_exploratorio_km":50,"metodo":"menor distância euclidiana local aproximada entre ponto CANIE e segmentos das rotas esquemáticas","fonte_cavidade":"CANIE/CECAV/ICMBio · snapshot local capturado em 10/08/2026","fonte_rotas":"JOAJU MS · propostas metodológicas de rotas · corte 10/08/2026","data_corte":"2026-08-10","natureza_resultado":"análise espacial derivada","limitacoes":"Proximidade cartográfica não implica acesso, visitação, segurança, integração cultural ou autorização."}},{"type":"Feature","geometry":{"type":"Point","coordinates":[-54.835138,-17.61291001]},"properties":{"ogc_fid":12644,"num_canie":"018461.00001.50.07935","nome":"Gruta Sumidouro","estado":"Mato Grosso do Sul","municipio":"Sonora","longitude":"-54.835138","latitude":"-17.61291","nvl_valida":"Nível 1","__atlas_fonte_oficial":"CANIE/CECAV/ICMBio","__atlas_metodo_captura":"WFS oficial ICMBio/INDE","__atlas_tipo_servico":"ICMBio:canie_052026_p","__atlas_capturado_em":"2026-08-10T12:53:17.009Z","__atlas_recorte":"Mato Grosso do Sul por atributo ou interseção com envelope estadual","__atlas_aviso":"Cadastro não representa todo o universo de cavernas e não substitui validação de campo ou autorização de visitação.","id_rota_mais_proxima":"ROTA-EST-025","rota_mais_proxima":"Rota das Monções e do Folclore Monçoeiro","distancia_minima_rota_km":9.619,"limiar_exploratorio_km":50,"metodo":"menor distância euclidiana local aproximada entre ponto CANIE e segmentos das rotas esquemáticas","fonte_cavidade":"CANIE/CECAV/ICMBio · snapshot local capturado em 10/08/2026","fonte_rotas":"JOAJU MS · propostas metodológicas de rotas · corte 10/08/2026","data_corte":"2026-08-10","natureza_resultado":"análise espacial derivada","limitacoes":"Proximidade cartográfica não implica acesso, visitação, segurança, integração cultural ou autorização."}},{"type":"Feature","geometry":{"type":"Point","coordinates":[-56.448592,-21.07354401]},"properties":{"ogc_fid":13450,"num_canie":"019312.00209.50.02209","nome":"Abismo da Lagoinha","estado":"Mato Grosso do Sul","municipio":"Bonito","longitude":"-56.448592","latitude":"-21.073544","nvl_valida":"Nível 1","__atlas_fonte_oficial":"CANIE/CECAV/ICMBio","__atlas_metodo_captura":"WFS oficial ICMBio/INDE","__atlas_tipo_servico":"ICMBio:canie_052026_p","__atlas_capturado_em":"2026-08-10T12:53:17.009Z","__atlas_recorte":"Mato Grosso do Sul por atributo ou interseção com envelope estadual","__atlas_aviso":"Cadastro não representa todo o universo de cavernas e não substitui validação de campo ou autorização de visitação.","id_rota_mais_proxima":"ROTA-PROP-004","rota_mais_proxima":"Rota Quilombola das Festas e da Ancestralidade","distancia_minima_rota_km":1.513,"limiar_exploratorio_km":50,"metodo":"menor distância euclidiana local aproximada entre ponto CANIE e segmentos das rotas esquemáticas","fonte_cavidade":"CANIE/CECAV/ICMBio · snapshot local capturado em 10/08/2026","fonte_rotas":"JOAJU MS · propostas metodológicas de rotas · corte 10/08/2026","data_corte":"2026-08-10","natureza_resultado":"análise espacial derivada","limitacoes":"Proximidade cartográfica não implica acesso, visitação, segurança, integração cultural ou autorização."}},{"type":"Feature","geometry":{"type":"Point","coordinates":[-56.591,-21.20900001]},"properties":{"ogc_fid":13451,"num_canie":"019313.00210.50.02209","nome":"Gruta da Harmonia","estado":"Mato Grosso do Sul","municipio":"Bonito","longitude":"-56.591","latitude":"-21.209","nvl_valida":"Nível 1","__atlas_fonte_oficial":"CANIE/CECAV/ICMBio","__atlas_metodo_captura":"WFS oficial ICMBio/INDE","__atlas_tipo_servico":"ICMBio:canie_052026_p","__atlas_capturado_em":"2026-08-10T12:53:17.009Z","__atlas_recorte":"Mato Grosso do Sul por atributo ou interseção com envelope estadual","__atlas_aviso":"Cadastro não representa todo o universo de cavernas e não substitui validação de campo ou autorização de visitação.","id_rota_mais_proxima":"ROTA-EST-022","rota_mais_proxima":"Rota de Aviturismo da Rota Bioceânica","distancia_minima_rota_km":3.956,"limiar_exploratorio_km":50,"metodo":"menor distância euclidiana local aproximada entre ponto CANIE e segmentos das rotas esquemáticas","fonte_cavidade":"CANIE/CECAV/ICMBio · snapshot local capturado em 10/08/2026","fonte_rotas":"JOAJU MS · propostas metodológicas de rotas · corte 10/08/2026","data_corte":"2026-08-10","natureza_resultado":"análise espacial derivada","limitacoes":"Proximidade cartográfica não implica acesso, visitação, segurança, integração cultural ou autorização."}},{"type":"Feature","geometry":{"type":"Point","coordinates":[-56.4486,-21.07360001]},"properties":{"ogc_fid":13452,"num_canie":"019314.00211.50.02209","nome":"Gruta da Lagoinha","estado":"Mato Grosso do Sul","municipio":"Bonito","longitude":"-56.4486","latitude":"-21.0736","nvl_valida":"Nível 1","__atlas_fonte_oficial":"CANIE/CECAV/ICMBio","__atlas_metodo_captura":"WFS oficial ICMBio/INDE","__atlas_tipo_servico":"ICMBio:canie_052026_p","__atlas_capturado_em":"2026-08-10T12:53:17.009Z","__atlas_recorte":"Mato Grosso do Sul por atributo ou interseção com envelope estadual","__atlas_aviso":"Cadastro não representa todo o universo de cavernas e não substitui validação de campo ou autorização de visitação.","id_rota_mais_proxima":"ROTA-PROP-004","rota_mais_proxima":"Rota Quilombola das Festas e da Ancestralidade","distancia_minima_rota_km":1.509,"limiar_exploratorio_km":50,"metodo":"menor distância euclidiana local aproximada entre ponto CANIE e segmentos das rotas esquemáticas","fonte_cavidade":"CANIE/CECAV/ICMBio · snapshot local capturado em 10/08/2026","fonte_rotas":"JOAJU MS · propostas metodológicas de rotas · corte 10/08/2026","data_corte":"2026-08-10","natureza_resultado":"análise espacial derivada","limitacoes":"Proximidade cartográfica não implica acesso, visitação, segurança, integração cultural ou autorização."}},{"type":"Feature","geometry":{"type":"Point","coordinates":[-56.448043,-21.07301701]},"properties":{"ogc_fid":13453,"num_canie":"019315.00212.50.02209","nome":"Gruta Santo Antônio (Gruta Fazenda Santo Antônio)","estado":"Mato Grosso do Sul","municipio":"Bonito","longitude":"-56.448043","latitude":"-21.073017","nvl_valida":"Nível 1","__atlas_fonte_oficial":"CANIE/CECAV/ICMBio","__atlas_metodo_captura":"WFS oficial ICMBio/INDE","__atlas_tipo_servico":"ICMBio:canie_052026_p","__atlas_capturado_em":"2026-08-10T12:53:17.009Z","__atlas_recorte":"Mato Grosso do Sul por atributo ou interseção com envelope estadual","__atlas_aviso":"Cadastro não representa todo o universo de cavernas e não substitui validação de campo ou autorização de visitação.","id_rota_mais_proxima":"ROTA-PROP-004","rota_mais_proxima":"Rota Quilombola das Festas e da Ancestralidade","distancia_minima_rota_km":1.513,"limiar_exploratorio_km":50,"metodo":"menor distância euclidiana local aproximada entre ponto CANIE e segmentos das rotas esquemáticas","fonte_cavidade":"CANIE/CECAV/ICMBio · snapshot local capturado em 10/08/2026","fonte_rotas":"JOAJU MS · propostas metodológicas de rotas · corte 10/08/2026","data_corte":"2026-08-10","natureza_resultado":"análise espacial derivada","limitacoes":"Proximidade cartográfica não implica acesso, visitação, segurança, integração cultural ou autorização."}},{"type":"Feature","geometry":{"type":"Point","coordinates":[-56.454,-21.43400001]},"properties":{"ogc_fid":13454,"num_canie":"019316.00215.50.05004","nome":"Gruta do Curê","estado":"Mato Grosso do Sul","municipio":"Jardim","longitude":"-56.454","latitude":"-21.434","nvl_valida":"Nível 1","__atlas_fonte_oficial":"CANIE/CECAV/ICMBio","__atlas_metodo_captura":"WFS oficial ICMBio/INDE","__atlas_tipo_servico":"ICMBio:canie_052026_p","__atlas_capturado_em":"2026-08-10T12:53:17.009Z","__atlas_recorte":"Mato Grosso do Sul por atributo ou interseção com envelope estadual","__atlas_aviso":"Cadastro não representa todo o universo de cavernas e não substitui validação de campo ou autorização de visitação.","id_rota_mais_proxima":"ROTA-EST-014","rota_mais_proxima":"Rota Bioceânica das Culturas de Fronteira","distancia_minima_rota_km":9.236,"limiar_exploratorio_km":50,"metodo":"menor distância euclidiana local aproximada entre ponto CANIE e segmentos das rotas esquemáticas","fonte_cavidade":"CANIE/CECAV/ICMBio · snapshot local capturado em 10/08/2026","fonte_rotas":"JOAJU MS · propostas metodológicas de rotas · corte 10/08/2026","data_corte":"2026-08-10","natureza_resultado":"análise espacial derivada","limitacoes":"Proximidade cartográfica não implica acesso, visitação, segurança, integração cultural ou autorização."}},{"type":"Feature","geometry":{"type":"Point","coordinates":[-56.710192,-20.60514201]},"properties":{"ogc_fid":13919,"num_canie":"019807.00210.50.02159","nome":"Gruta do Alex III","estado":"Mato Grosso do Sul","municipio":"Bodoquena","longitude":"-56.710192","latitude":"-20.605142","nvl_valida":"Nível 1","__atlas_fonte_oficial":"CANIE/CECAV/ICMBio","__atlas_metodo_captura":"WFS oficial ICMBio/INDE","__atlas_tipo_servico":"ICMBio:canie_052026_p","__atlas_capturado_em":"2026-08-10T12:53:17.009Z","__atlas_recorte":"Mato Grosso do Sul por atributo ou interseção com envelope estadual","__atlas_aviso":"Cadastro não representa todo o universo de cavernas e não substitui validação de campo ou autorização de visitação.","id_rota_mais_proxima":"ROTA-PROP-005","rota_mais_proxima":"Rota Geocultural Bodoquena Pantanal","distancia_minima_rota_km":2.347,"limiar_exploratorio_km":50,"metodo":"menor distância euclidiana local aproximada entre ponto CANIE e segmentos das rotas esquemáticas","fonte_cavidade":"CANIE/CECAV/ICMBio · snapshot local capturado em 10/08/2026","fonte_rotas":"JOAJU MS · propostas metodológicas de rotas · corte 10/08/2026","data_corte":"2026-08-10","natureza_resultado":"análise espacial derivada","limitacoes":"Proximidade cartográfica não implica acesso, visitação, segurança, integração cultural ou autorização."}},{"type":"Feature","geometry":{"type":"Point","coordinates":[-56.67452,-21.03034101]},"properties":{"ogc_fid":14797,"num_canie":"020694.00213.50.02209","nome":"Abismo Corpal","estado":"Mato Grosso do Sul","municipio":"Bonito","longitude":"-56.67452","latitude":"-21.030341","nvl_valida":"Nível 1","__atlas_fonte_oficial":"CANIE/CECAV/ICMBio","__atlas_metodo_captura":"WFS oficial ICMBio/INDE","__atlas_tipo_servico":"ICMBio:canie_052026_p","__atlas_capturado_em":"2026-08-10T12:53:17.009Z","__atlas_recorte":"Mato Grosso do Sul por atributo ou interseção com envelope estadual","__atlas_aviso":"Cadastro não representa todo o universo de cavernas e não substitui validação de campo ou autorização de visitação.","id_rota_mais_proxima":"ROTA-EST-030","rota_mais_proxima":"Rota dos Museus, Memórias e Centros Históricos Urbanos","distancia_minima_rota_km":12.223,"limiar_exploratorio_km":50,"metodo":"menor distância euclidiana local aproximada entre ponto CANIE e segmentos das rotas esquemáticas","fonte_cavidade":"CANIE/CECAV/ICMBio · snapshot local capturado em 10/08/2026","fonte_rotas":"JOAJU MS · propostas metodológicas de rotas · corte 10/08/2026","data_corte":"2026-08-10","natureza_resultado":"análise espacial derivada","limitacoes":"Proximidade cartográfica não implica acesso, visitação, segurança, integração cultural ou autorização."}},{"type":"Feature","geometry":{"type":"Point","coordinates":[-54.443143,-17.75674601]},"properties":{"ogc_fid":14809,"num_canie":"020706.00001.50.06408","nome":"Caverna Boa União","estado":"Mato Grosso do Sul","municipio":"Pedro Gomes","longitude":"-54.443143","latitude":"-17.756746","nvl_valida":"Nível 1","__atlas_fonte_oficial":"CANIE/CECAV/ICMBio","__atlas_metodo_captura":"WFS oficial ICMBio/INDE","__atlas_tipo_servico":"ICMBio:canie_052026_p","__atlas_capturado_em":"2026-08-10T12:53:17.009Z","__atlas_recorte":"Mato Grosso do Sul por atributo ou interseção com envelope estadual","__atlas_aviso":"Cadastro não representa todo o universo de cavernas e não substitui validação de campo ou autorização de visitação.","id_rota_mais_proxima":"ROTA-EST-025","rota_mais_proxima":"Rota das Monções e do Folclore Monçoeiro","distancia_minima_rota_km":23.847,"limiar_exploratorio_km":50,"metodo":"menor distância euclidiana local aproximada entre ponto CANIE e segmentos das rotas esquemáticas","fonte_cavidade":"CANIE/CECAV/ICMBio · snapshot local capturado em 10/08/2026","fonte_rotas":"JOAJU MS · propostas metodológicas de rotas · corte 10/08/2026","data_corte":"2026-08-10","natureza_resultado":"análise espacial derivada","limitacoes":"Proximidade cartográfica não implica acesso, visitação, segurança, integração cultural ou autorização."}},{"type":"Feature","geometry":{"type":"Point","coordinates":[-56.581616,-20.84928401]},"properties":{"ogc_fid":14811,"num_canie":"020708.00214.50.02209","nome":"Caverna Cama do Gato","estado":"Mato Grosso do Sul","municipio":"Bonito","longitude":"-56.581616","latitude":"-20.849284","nvl_valida":"Nível 1","__atlas_fonte_oficial":"CANIE/CECAV/ICMBio","__atlas_metodo_captura":"WFS oficial ICMBio/INDE","__atlas_tipo_servico":"ICMBio:canie_052026_p","__atlas_capturado_em":"2026-08-10T12:53:17.009Z","__atlas_recorte":"Mato Grosso do Sul por atributo ou interseção com envelope estadual","__atlas_aviso":"Cadastro não representa todo o universo de cavernas e não substitui validação de campo ou autorização de visitação.","id_rota_mais_proxima":"ROTA-PROP-005","rota_mais_proxima":"Rota Geocultural Bodoquena Pantanal","distancia_minima_rota_km":0.942,"limiar_exploratorio_km":50,"metodo":"menor distância euclidiana local aproximada entre ponto CANIE e segmentos das rotas esquemáticas","fonte_cavidade":"CANIE/CECAV/ICMBio · snapshot local capturado em 10/08/2026","fonte_rotas":"JOAJU MS · propostas metodológicas de rotas · corte 10/08/2026","data_corte":"2026-08-10","natureza_resultado":"análise espacial derivada","limitacoes":"Proximidade cartográfica não implica acesso, visitação, segurança, integração cultural ou autorização."}},{"type":"Feature","geometry":{"type":"Point","coordinates":[-56.847134,-20.93809201]},"properties":{"ogc_fid":14812,"num_canie":"020709.00215.50.02209","nome":"Caverna Catedral","estado":"Mato Grosso do Sul","municipio":"Bonito","longitude":"-56.847134","latitude":"-20.938092","nvl_valida":"Nível 1","__atlas_fonte_oficial":"CANIE/CECAV/ICMBio","__atlas_metodo_captura":"WFS oficial ICMBio/INDE","__atlas_tipo_servico":"ICMBio:canie_052026_p","__atlas_capturado_em":"2026-08-10T12:53:17.009Z","__atlas_recorte":"Mato Grosso do Sul por atributo ou interseção com envelope estadual","__atlas_aviso":"Cadastro não representa todo o universo de cavernas e não substitui validação de campo ou autorização de visitação.","id_rota_mais_proxima":"ROTA-EST-027","rota_mais_proxima":"Rota do Artesanato e das Cerâmicas de Mato Grosso do Sul","distancia_minima_rota_km":20.373,"limiar_exploratorio_km":50,"metodo":"menor distância euclidiana local aproximada entre ponto CANIE e segmentos das rotas esquemáticas","fonte_cavidade":"CANIE/CECAV/ICMBio · snapshot local capturado em 10/08/2026","fonte_rotas":"JOAJU MS · propostas metodológicas de rotas · corte 10/08/2026","data_corte":"2026-08-10","natureza_resultado":"análise espacial derivada","limitacoes":"Proximidade cartográfica não implica acesso, visitação, segurança, integração cultural ou autorização."}},{"type":"Feature","geometry":{"type":"Point","coordinates":[-56.626196,-20.84610701]},"properties":{"ogc_fid":14814,"num_canie":"020711.00216.50.02209","nome":"Caverna Desencontro","estado":"Mato Grosso do Sul","municipio":"Bonito","longitude":"-56.626196","latitude":"-20.846107","nvl_valida":"Nível 1","__atlas_fonte_oficial":"CANIE/CECAV/ICMBio","__atlas_metodo_captura":"WFS oficial ICMBio/INDE","__atlas_tipo_servico":"ICMBio:canie_052026_p","__atlas_capturado_em":"2026-08-10T12:53:17.009Z","__atlas_recorte":"Mato Grosso do Sul por atributo ou interseção com envelope estadual","__atlas_aviso":"Cadastro não representa todo o universo de cavernas e não substitui validação de campo ou autorização de visitação.","id_rota_mais_proxima":"ROTA-EST-018","rota_mais_proxima":"Rota das Festas de Fé e Devoção Popular","distancia_minima_rota_km":0.437,"limiar_exploratorio_km":50,"metodo":"menor distância euclidiana local aproximada entre ponto CANIE e segmentos das rotas esquemáticas","fonte_cavidade":"CANIE/CECAV/ICMBio · snapshot local capturado em 10/08/2026","fonte_rotas":"JOAJU MS · propostas metodológicas de rotas · corte 10/08/2026","data_corte":"2026-08-10","natureza_resultado":"análise espacial derivada","limitacoes":"Proximidade cartográfica não implica acesso, visitação, segurança, integração cultural ou autorização."}},{"type":"Feature","geometry":{"type":"Point","coordinates":[-56.625702,-20.84414501]},"properties":{"ogc_fid":14815,"num_canie":"020712.00217.50.02209","nome":"Caverna Forever","estado":"Mato Grosso do Sul","municipio":"Bonito","longitude":"-56.625702","latitude":"-20.844145","nvl_valida":"Nível 1","__atlas_fonte_oficial":"CANIE/CECAV/ICMBio","__atlas_metodo_captura":"WFS oficial ICMBio/INDE","__atlas_tipo_servico":"ICMBio:canie_052026_p","__atlas_capturado_em":"2026-08-10T12:53:17.009Z","__atlas_recorte":"Mato Grosso do Sul por atributo ou interseção com envelope estadual","__atlas_aviso":"Cadastro não representa todo o universo de cavernas e não substitui validação de campo ou autorização de visitação.","id_rota_mais_proxima":"ROTA-EST-018","rota_mais_proxima":"Rota das Festas de Fé e Devoção Popular","distancia_minima_rota_km":0.579,"limiar_exploratorio_km":50,"metodo":"menor distância euclidiana local aproximada entre ponto CANIE e segmentos das rotas esquemáticas","fonte_cavidade":"CANIE/CECAV/ICMBio · snapshot local capturado em 10/08/2026","fonte_rotas":"JOAJU MS · propostas metodológicas de rotas · corte 10/08/2026","data_corte":"2026-08-10","natureza_resultado":"análise espacial derivada","limitacoes":"Proximidade cartográfica não implica acesso, visitação, segurança, integração cultural ou autorização."}},{"type":"Feature","geometry":{"type":"Point","coordinates":[-55.646566,-21.11965301]},"properties":{"ogc_fid":14818,"num_canie":"020715.00001.50.05806","nome":"Caverna Possidônio Pereira","estado":"Mato Grosso do Sul","municipio":"Nioaque","longitude":"-55.646566","latitude":"-21.119653","nvl_valida":"Nível 1","__atlas_fonte_oficial":"CANIE/CECAV/ICMBio","__atlas_metodo_captura":"WFS oficial ICMBio/INDE","__atlas_tipo_servico":"ICMBio:canie_052026_p","__atlas_capturado_em":"2026-08-10T12:53:17.009Z","__atlas_recorte":"Mato Grosso do Sul por atributo ou interseção com envelope estadual","__atlas_aviso":"Cadastro não representa todo o universo de cavernas e não substitui validação de campo ou autorização de visitação.","id_rota_mais_proxima":"ROTA-EST-022","rota_mais_proxima":"Rota de Aviturismo da Rota Bioceânica","distancia_minima_rota_km":1.728,"limiar_exploratorio_km":50,"metodo":"menor distância euclidiana local aproximada entre ponto CANIE e segmentos das rotas esquemáticas","fonte_cavidade":"CANIE/CECAV/ICMBio · snapshot local capturado em 10/08/2026","fonte_rotas":"JOAJU MS · propostas metodológicas de rotas · corte 10/08/2026","data_corte":"2026-08-10","natureza_resultado":"análise espacial derivada","limitacoes":"Proximidade cartográfica não implica acesso, visitação, segurança, integração cultural ou autorização."}},{"type":"Feature","geometry":{"type":"Point","coordinates":[-54.320441,-17.76742501]},"properties":{"ogc_fid":14820,"num_canie":"020717.00002.50.06408","nome":"Caverna Três Meninas II","estado":"Mato Grosso do Sul","municipio":"Pedro Gomes","longitude":"-54.320441","latitude":"-17.767425","nvl_valida":"Nível 1","__atlas_fonte_oficial":"CANIE/CECAV/ICMBio","__atlas_metodo_captura":"WFS oficial ICMBio/INDE","__atlas_tipo_servico":"ICMBio:canie_052026_p","__atlas_capturado_em":"2026-08-10T12:53:17.009Z","__atlas_recorte":"Mato Grosso do Sul por atributo ou interseção com envelope estadual","__atlas_aviso":"Cadastro não representa todo o universo de cavernas e não substitui validação de campo ou autorização de visitação.","id_rota_mais_proxima":"ROTA-EST-025","rota_mais_proxima":"Rota das Monções e do Folclore Monçoeiro","distancia_minima_rota_km":35.636,"limiar_exploratorio_km":50,"metodo":"menor distância euclidiana local aproximada entre ponto CANIE e segmentos das rotas esquemáticas","fonte_cavidade":"CANIE/CECAV/ICMBio · snapshot local capturado em 10/08/2026","fonte_rotas":"JOAJU MS · propostas metodológicas de rotas · corte 10/08/2026","data_corte":"2026-08-10","natureza_resultado":"análise espacial derivada","limitacoes":"Proximidade cartográfica não implica acesso, visitação, segurança, integração cultural ou autorização."}},{"type":"Feature","geometry":{"type":"Point","coordinates":[-56.72242,-21.07111301]},"properties":{"ogc_fid":14823,"num_canie":"020720.00218.50.02209","nome":"Gruta Casa Nova","estado":"Mato Grosso do Sul","municipio":"Bonito","longitude":"-56.72242","latitude":"-21.071113","nvl_valida":"Nível 1","__atlas_fonte_oficial":"CANIE/CECAV/ICMBio","__atlas_metodo_captura":"WFS oficial ICMBio/INDE","__atlas_tipo_servico":"ICMBio:canie_052026_p","__atlas_capturado_em":"2026-08-10T12:53:17.009Z","__atlas_recorte":"Mato Grosso do Sul por atributo ou interseção com envelope estadual","__atlas_aviso":"Cadastro não representa todo o universo de cavernas e não substitui validação de campo ou autorização de visitação.","id_rota_mais_proxima":"ROTA-EST-022","rota_mais_proxima":"Rota de Aviturismo da Rota Bioceânica","distancia_minima_rota_km":15.47,"limiar_exploratorio_km":50,"metodo":"menor distância euclidiana local aproximada entre ponto CANIE e segmentos das rotas esquemáticas","fonte_cavidade":"CANIE/CECAV/ICMBio · snapshot local capturado em 10/08/2026","fonte_rotas":"JOAJU MS · propostas metodológicas de rotas · corte 10/08/2026","data_corte":"2026-08-10","natureza_resultado":"análise espacial derivada","limitacoes":"Proximidade cartográfica não implica acesso, visitação, segurança, integração cultural ou autorização."}},{"type":"Feature","geometry":{"type":"Point","coordinates":[-56.601184,-21.03151301]},"properties":{"ogc_fid":14825,"num_canie":"020722.00219.50.02209","nome":"Gruta Coruja","estado":"Mato Grosso do Sul","municipio":"Bonito","longitude":"-56.601184","latitude":"-21.031513","nvl_valida":"Nível 1","__atlas_fonte_oficial":"CANIE/CECAV/ICMBio","__atlas_metodo_captura":"WFS oficial ICMBio/INDE","__atlas_tipo_servico":"ICMBio:canie_052026_p","__atlas_capturado_em":"2026-08-10T12:53:17.009Z","__atlas_recorte":"Mato Grosso do Sul por atributo ou interseção com envelope estadual","__atlas_aviso":"Cadastro não representa todo o universo de cavernas e não substitui validação de campo ou autorização de visitação.","id_rota_mais_proxima":"ROTA-EST-030","rota_mais_proxima":"Rota dos Museus, Memórias e Centros Históricos Urbanos","distancia_minima_rota_km":5.508,"limiar_exploratorio_km":50,"metodo":"menor distância euclidiana local aproximada entre ponto CANIE e segmentos das rotas esquemáticas","fonte_cavidade":"CANIE/CECAV/ICMBio · snapshot local capturado em 10/08/2026","fonte_rotas":"JOAJU MS · propostas metodológicas de rotas · corte 10/08/2026","data_corte":"2026-08-10","natureza_resultado":"análise espacial derivada","limitacoes":"Proximidade cartográfica não implica acesso, visitação, segurança, integração cultural ou autorização."}},{"type":"Feature","geometry":{"type":"Point","coordinates":[-56.834482,-20.90509301]},"properties":{"ogc_fid":14827,"num_canie":"020724.00220.50.02209","nome":"Gruta José Cesário","estado":"Mato Grosso do Sul","municipio":"Bonito","longitude":"-56.834482","latitude":"-20.905093","nvl_valida":"Nível 1","__atlas_fonte_oficial":"CANIE/CECAV/ICMBio","__atlas_metodo_captura":"WFS oficial ICMBio/INDE","__atlas_tipo_servico":"ICMBio:canie_052026_p","__atlas_capturado_em":"2026-08-10T12:53:17.009Z","__atlas_recorte":"Mato Grosso do Sul por atributo ou interseção com envelope estadual","__atlas_aviso":"Cadastro não representa todo o universo de cavernas e não substitui validação de campo ou autorização de visitação.","id_rota_mais_proxima":"ROTA-EST-027","rota_mais_proxima":"Rota do Artesanato e das Cerâmicas de Mato Grosso do Sul","distancia_minima_rota_km":18.82,"limiar_exploratorio_km":50,"metodo":"menor distância euclidiana local aproximada entre ponto CANIE e segmentos das rotas esquemáticas","fonte_cavidade":"CANIE/CECAV/ICMBio · snapshot local capturado em 10/08/2026","fonte_rotas":"JOAJU MS · propostas metodológicas de rotas · corte 10/08/2026","data_corte":"2026-08-10","natureza_resultado":"análise espacial derivada","limitacoes":"Proximidade cartográfica não implica acesso, visitação, segurança, integração cultural ou autorização."}},{"type":"Feature","geometry":{"type":"Point","coordinates":[-56.452621,-21.13212201]},"properties":{"ogc_fid":14829,"num_canie":"020726.00221.50.02209","nome":"Gruta Morro do Mateus","estado":"Mato Grosso do Sul","municipio":"Bonito","longitude":"-56.452621","latitude":"-21.132122","nvl_valida":"Nível 1","__atlas_fonte_oficial":"CANIE/CECAV/ICMBio","__atlas_metodo_captura":"WFS oficial ICMBio/INDE","__atlas_tipo_servico":"ICMBio:canie_052026_p","__atlas_capturado_em":"2026-08-10T12:53:17.009Z","__atlas_recorte":"Mato Grosso do Sul por atributo ou interseção com envelope estadual","__atlas_aviso":"Cadastro não representa todo o universo de cavernas e não substitui validação de campo ou autorização de visitação.","id_rota_mais_proxima":"ROTA-EST-018","rota_mais_proxima":"Rota das Festas de Fé e Devoção Popular","distancia_minima_rota_km":0.554,"limiar_exploratorio_km":50,"metodo":"menor distância euclidiana local aproximada entre ponto CANIE e segmentos das rotas esquemáticas","fonte_cavidade":"CANIE/CECAV/ICMBio · snapshot local capturado em 10/08/2026","fonte_rotas":"JOAJU MS · propostas metodológicas de rotas · corte 10/08/2026","data_corte":"2026-08-10","natureza_resultado":"análise espacial derivada","limitacoes":"Proximidade cartográfica não implica acesso, visitação, segurança, integração cultural ou autorização."}},{"type":"Feature","geometry":{"type":"Point","coordinates":[-56.702247,-21.00128801]},"properties":{"ogc_fid":14830,"num_canie":"020727.00222.50.02209","nome":"Gruta Pata","estado":"Mato Grosso do Sul","municipio":"Bonito","longitude":"-56.702247","latitude":"-21.001288","nvl_valida":"Nível 1","__atlas_fonte_oficial":"CANIE/CECAV/ICMBio","__atlas_metodo_captura":"WFS oficial ICMBio/INDE","__atlas_tipo_servico":"ICMBio:canie_052026_p","__atlas_capturado_em":"2026-08-10T12:53:17.009Z","__atlas_recorte":"Mato Grosso do Sul por atributo ou interseção com envelope estadual","__atlas_aviso":"Cadastro não representa todo o universo de cavernas e não substitui validação de campo ou autorização de visitação.","id_rota_mais_proxima":"ROTA-EST-030","rota_mais_proxima":"Rota dos Museus, Memórias e Centros Históricos Urbanos","distancia_minima_rota_km":13.315,"limiar_exploratorio_km":50,"metodo":"menor distância euclidiana local aproximada entre ponto CANIE e segmentos das rotas esquemáticas","fonte_cavidade":"CANIE/CECAV/ICMBio · snapshot local capturado em 10/08/2026","fonte_rotas":"JOAJU MS · propostas metodológicas de rotas · corte 10/08/2026","data_corte":"2026-08-10","natureza_resultado":"análise espacial derivada","limitacoes":"Proximidade cartográfica não implica acesso, visitação, segurança, integração cultural ou autorização."}},{"type":"Feature","geometry":{"type":"Point","coordinates":[-56.780514,-20.74517201]},"properties":{"ogc_fid":14831,"num_canie":"020728.00211.50.02159","nome":"Gruta Pé de Balsamo","estado":"Mato Grosso do Sul","municipio":"Bodoquena","longitude":"-56.780514","latitude":"-20.745172","nvl_valida":"Nível 1","__atlas_fonte_oficial":"CANIE/CECAV/ICMBio","__atlas_metodo_captura":"WFS oficial ICMBio/INDE","__atlas_tipo_servico":"ICMBio:canie_052026_p","__atlas_capturado_em":"2026-08-10T12:53:17.009Z","__atlas_recorte":"Mato Grosso do Sul por atributo ou interseção com envelope estadual","__atlas_aviso":"Cadastro não representa todo o universo de cavernas e não substitui validação de campo ou autorização de visitação.","id_rota_mais_proxima":"ROTA-EST-030","rota_mais_proxima":"Rota dos Museus, Memórias e Centros Históricos Urbanos","distancia_minima_rota_km":7.585,"limiar_exploratorio_km":50,"metodo":"menor distância euclidiana local aproximada entre ponto CANIE e segmentos das rotas esquemáticas","fonte_cavidade":"CANIE/CECAV/ICMBio · snapshot local capturado em 10/08/2026","fonte_rotas":"JOAJU MS · propostas metodológicas de rotas · corte 10/08/2026","data_corte":"2026-08-10","natureza_resultado":"análise espacial derivada","limitacoes":"Proximidade cartográfica não implica acesso, visitação, segurança, integração cultural ou autorização."}},{"type":"Feature","geometry":{"type":"Point","coordinates":[-56.554522,-21.22062301]},"properties":{"ogc_fid":14833,"num_canie":"020730.00223.50.02209","nome":"Gruta Periquito","estado":"Mato Grosso do Sul","municipio":"Bonito","longitude":"-56.554522","latitude":"-21.220623","nvl_valida":"Nível 1","__atlas_fonte_oficial":"CANIE/CECAV/ICMBio","__atlas_metodo_captura":"WFS oficial ICMBio/INDE","__atlas_tipo_servico":"ICMBio:canie_052026_p","__atlas_capturado_em":"2026-08-10T12:53:17.009Z","__atlas_recorte":"Mato Grosso do Sul por atributo ou interseção com envelope estadual","__atlas_aviso":"Cadastro não representa todo o universo de cavernas e não substitui validação de campo ou autorização de visitação.","id_rota_mais_proxima":"ROTA-EST-022","rota_mais_proxima":"Rota de Aviturismo da Rota Bioceânica","distancia_minima_rota_km":6.645,"limiar_exploratorio_km":50,"metodo":"menor distância euclidiana local aproximada entre ponto CANIE e segmentos das rotas esquemáticas","fonte_cavidade":"CANIE/CECAV/ICMBio · snapshot local capturado em 10/08/2026","fonte_rotas":"JOAJU MS · propostas metodológicas de rotas · corte 10/08/2026","data_corte":"2026-08-10","natureza_resultado":"análise espacial derivada","limitacoes":"Proximidade cartográfica não implica acesso, visitação, segurança, integração cultural ou autorização."}},{"type":"Feature","geometry":{"type":"Point","coordinates":[-56.585682,-20.87011901]},"properties":{"ogc_fid":14834,"num_canie":"020731.00224.50.02209","nome":"Gruta Pitangueiras","estado":"Mato Grosso do Sul","municipio":"Bonito","longitude":"-56.585682","latitude":"-20.870119","nvl_valida":"Nível 1","__atlas_fonte_oficial":"CANIE/CECAV/ICMBio","__atlas_metodo_captura":"WFS oficial ICMBio/INDE","__atlas_tipo_servico":"ICMBio:canie_052026_p","__atlas_capturado_em":"2026-08-10T12:53:17.009Z","__atlas_recorte":"Mato Grosso do Sul por atributo ou interseção com envelope estadual","__atlas_aviso":"Cadastro não representa todo o universo de cavernas e não substitui validação de campo ou autorização de visitação.","id_rota_mais_proxima":"ROTA-PROP-005","rota_mais_proxima":"Rota Geocultural Bodoquena Pantanal","distancia_minima_rota_km":0.247,"limiar_exploratorio_km":50,"metodo":"menor distância euclidiana local aproximada entre ponto CANIE e segmentos das rotas esquemáticas","fonte_cavidade":"CANIE/CECAV/ICMBio · snapshot local capturado em 10/08/2026","fonte_rotas":"JOAJU MS · propostas metodológicas de rotas · corte 10/08/2026","data_corte":"2026-08-10","natureza_resultado":"análise espacial derivada","limitacoes":"Proximidade cartográfica não implica acesso, visitação, segurança, integração cultural ou autorização."}},{"type":"Feature","geometry":{"type":"Point","coordinates":[-56.449108,-20.83214601]},"properties":{"ogc_fid":14839,"num_canie":"020736.00225.50.02209","nome":"Gruta Taboquinha","estado":"Mato Grosso do Sul","municipio":"Bonito","longitude":"-56.449108","latitude":"-20.832146","nvl_valida":"Nível 1","__atlas_fonte_oficial":"CANIE/CECAV/ICMBio","__atlas_metodo_captura":"WFS oficial ICMBio/INDE","__atlas_tipo_servico":"ICMBio:canie_052026_p","__atlas_capturado_em":"2026-08-10T12:53:17.009Z","__atlas_recorte":"Mato Grosso do Sul por atributo ou interseção com envelope estadual","__atlas_aviso":"Cadastro não representa todo o universo de cavernas e não substitui validação de campo ou autorização de visitação.","id_rota_mais_proxima":"ROTA-EST-026","rota_mais_proxima":"Rota Pantanal Bonito","distancia_minima_rota_km":0.153,"limiar_exploratorio_km":50,"metodo":"menor distância euclidiana local aproximada entre ponto CANIE e segmentos das rotas esquemáticas","fonte_cavidade":"CANIE/CECAV/ICMBio · snapshot local capturado em 10/08/2026","fonte_rotas":"JOAJU MS · propostas metodológicas de rotas · corte 10/08/2026","data_corte":"2026-08-10","natureza_resultado":"análise espacial derivada","limitacoes":"Proximidade cartográfica não implica acesso, visitação, segurança, integração cultural ou autorização."}},{"type":"Feature","geometry":{"type":"Point","coordinates":[-56.723611,-20.58388901]},"properties":{"ogc_fid":14907,"num_canie":"020804.00212.50.02159","nome":"Abismo do Corimba I","estado":"Mato Grosso do Sul","municipio":"Bodoquena","longitude":"-56.723611","latitude":"-20.583889","nvl_valida":"Nível 1","__atlas_fonte_oficial":"CANIE/CECAV/ICMBio","__atlas_metodo_captura":"WFS oficial ICMBio/INDE","__atlas_tipo_servico":"ICMBio:canie_052026_p","__atlas_capturado_em":"2026-08-10T12:53:17.009Z","__atlas_recorte":"Mato Grosso do Sul por atributo ou interseção com envelope estadual","__atlas_aviso":"Cadastro não representa todo o universo de cavernas e não substitui validação de campo ou autorização de visitação.","id_rota_mais_proxima":"ROTA-EST-027","rota_mais_proxima":"Rota do Artesanato e das Cerâmicas de Mato Grosso do Sul","distancia_minima_rota_km":2.748,"limiar_exploratorio_km":50,"metodo":"menor distância euclidiana local aproximada entre ponto CANIE e segmentos das rotas esquemáticas","fonte_cavidade":"CANIE/CECAV/ICMBio · snapshot local capturado em 10/08/2026","fonte_rotas":"JOAJU MS · propostas metodológicas de rotas · corte 10/08/2026","data_corte":"2026-08-10","natureza_resultado":"análise espacial derivada","limitacoes":"Proximidade cartográfica não implica acesso, visitação, segurança, integração cultural ou autorização."}},{"type":"Feature","geometry":{"type":"Point","coordinates":[-56.723611,-20.58400001]},"properties":{"ogc_fid":14908,"num_canie":"020805.00213.50.02159","nome":"Abismo do Corimba II","estado":"Mato Grosso do Sul","municipio":"Bodoquena","longitude":"-56.723611","latitude":"-20.584","nvl_valida":"Nível 1","__atlas_fonte_oficial":"CANIE/CECAV/ICMBio","__atlas_metodo_captura":"WFS oficial ICMBio/INDE","__atlas_tipo_servico":"ICMBio:canie_052026_p","__atlas_capturado_em":"2026-08-10T12:53:17.009Z","__atlas_recorte":"Mato Grosso do Sul por atributo ou interseção com envelope estadual","__atlas_aviso":"Cadastro não representa todo o universo de cavernas e não substitui validação de campo ou autorização de visitação.","id_rota_mais_proxima":"ROTA-EST-027","rota_mais_proxima":"Rota do Artesanato e das Cerâmicas de Mato Grosso do Sul","distancia_minima_rota_km":2.756,"limiar_exploratorio_km":50,"metodo":"menor distância euclidiana local aproximada entre ponto CANIE e segmentos das rotas esquemáticas","fonte_cavidade":"CANIE/CECAV/ICMBio · snapshot local capturado em 10/08/2026","fonte_rotas":"JOAJU MS · propostas metodológicas de rotas · corte 10/08/2026","data_corte":"2026-08-10","natureza_resultado":"análise espacial derivada","limitacoes":"Proximidade cartográfica não implica acesso, visitação, segurança, integração cultural ou autorização."}},{"type":"Feature","geometry":{"type":"Point","coordinates":[-56.723361,-20.58305601]},"properties":{"ogc_fid":14909,"num_canie":"020806.00214.50.02159","nome":"Abismo do Corimba III","estado":"Mato Grosso do Sul","municipio":"Bodoquena","longitude":"-56.723361","latitude":"-20.583056","nvl_valida":"Nível 1","__atlas_fonte_oficial":"CANIE/CECAV/ICMBio","__atlas_metodo_captura":"WFS oficial ICMBio/INDE","__atlas_tipo_servico":"ICMBio:canie_052026_p","__atlas_capturado_em":"2026-08-10T12:53:17.009Z","__atlas_recorte":"Mato Grosso do Sul por atributo ou interseção com envelope estadual","__atlas_aviso":"Cadastro não representa todo o universo de cavernas e não substitui validação de campo ou autorização de visitação.","id_rota_mais_proxima":"ROTA-EST-027","rota_mais_proxima":"Rota do Artesanato e das Cerâmicas de Mato Grosso do Sul","distancia_minima_rota_km":2.703,"limiar_exploratorio_km":50,"metodo":"menor distância euclidiana local aproximada entre ponto CANIE e segmentos das rotas esquemáticas","fonte_cavidade":"CANIE/CECAV/ICMBio · snapshot local capturado em 10/08/2026","fonte_rotas":"JOAJU MS · propostas metodológicas de rotas · corte 10/08/2026","data_corte":"2026-08-10","natureza_resultado":"análise espacial derivada","limitacoes":"Proximidade cartográfica não implica acesso, visitação, segurança, integração cultural ou autorização."}},{"type":"Feature","geometry":{"type":"Point","coordinates":[-56.723056,-20.58222201]},"properties":{"ogc_fid":14910,"num_canie":"020807.00215.50.02159","nome":"Abismo do Corimba IV","estado":"Mato Grosso do Sul","municipio":"Bodoquena","longitude":"-56.723056","latitude":"-20.582222","nvl_valida":"Nível 1","__atlas_fonte_oficial":"CANIE/CECAV/ICMBio","__atlas_metodo_captura":"WFS oficial ICMBio/INDE","__atlas_tipo_servico":"ICMBio:canie_052026_p","__atlas_capturado_em":"2026-08-10T12:53:17.009Z","__atlas_recorte":"Mato Grosso do Sul por atributo ou interseção com envelope estadual","__atlas_aviso":"Cadastro não representa todo o universo de cavernas e não substitui validação de campo ou autorização de visitação.","id_rota_mais_proxima":"ROTA-EST-027","rota_mais_proxima":"Rota do Artesanato e das Cerâmicas de Mato Grosso do Sul","distancia_minima_rota_km":2.663,"limiar_exploratorio_km":50,"metodo":"menor distância euclidiana local aproximada entre ponto CANIE e segmentos das rotas esquemáticas","fonte_cavidade":"CANIE/CECAV/ICMBio · snapshot local capturado em 10/08/2026","fonte_rotas":"JOAJU MS · propostas metodológicas de rotas · corte 10/08/2026","data_corte":"2026-08-10","natureza_resultado":"análise espacial derivada","limitacoes":"Proximidade cartográfica não implica acesso, visitação, segurança, integração cultural ou autorização."}},{"type":"Feature","geometry":{"type":"Point","coordinates":[-56.740278,-20.57277801]},"properties":{"ogc_fid":14932,"num_canie":"020829.00216.50.02159","nome":"Gruta do Mico","estado":"Mato Grosso do Sul","municipio":"Bodoquena","longitude":"-56.740278","latitude":"-20.572778","nvl_valida":"Nível 1","__atlas_fonte_oficial":"CANIE/CECAV/ICMBio","__atlas_metodo_captura":"WFS oficial ICMBio/INDE","__atlas_tipo_servico":"ICMBio:canie_052026_p","__atlas_capturado_em":"2026-08-10T12:53:17.009Z","__atlas_recorte":"Mato Grosso do Sul por atributo ou interseção com envelope estadual","__atlas_aviso":"Cadastro não representa todo o universo de cavernas e não substitui validação de campo ou autorização de visitação.","id_rota_mais_proxima":"ROTA-EST-027","rota_mais_proxima":"Rota do Artesanato e das Cerâmicas de Mato Grosso do Sul","distancia_minima_rota_km":0.642,"limiar_exploratorio_km":50,"metodo":"menor distância euclidiana local aproximada entre ponto CANIE e segmentos das rotas esquemáticas","fonte_cavidade":"CANIE/CECAV/ICMBio · snapshot local capturado em 10/08/2026","fonte_rotas":"JOAJU MS · propostas metodológicas de rotas · corte 10/08/2026","data_corte":"2026-08-10","natureza_resultado":"análise espacial derivada","limitacoes":"Proximidade cartográfica não implica acesso, visitação, segurança, integração cultural ou autorização."}},{"type":"Feature","geometry":{"type":"Point","coordinates":[-56.7225,-20.58333301]},"properties":{"ogc_fid":14933,"num_canie":"020830.00217.50.02159","nome":"Gruta Laje Quebrada","estado":"Mato Grosso do Sul","municipio":"Bodoquena","longitude":"-56.7225","latitude":"-20.583333","nvl_valida":"Nível 1","__atlas_fonte_oficial":"CANIE/CECAV/ICMBio","__atlas_metodo_captura":"WFS oficial ICMBio/INDE","__atlas_tipo_servico":"ICMBio:canie_052026_p","__atlas_capturado_em":"2026-08-10T12:53:17.009Z","__atlas_recorte":"Mato Grosso do Sul por atributo ou interseção com envelope estadual","__atlas_aviso":"Cadastro não representa todo o universo de cavernas e não substitui validação de campo ou autorização de visitação.","id_rota_mais_proxima":"ROTA-PROP-005","rota_mais_proxima":"Rota Geocultural Bodoquena Pantanal","distancia_minima_rota_km":2.722,"limiar_exploratorio_km":50,"metodo":"menor distância euclidiana local aproximada entre ponto CANIE e segmentos das rotas esquemáticas","fonte_cavidade":"CANIE/CECAV/ICMBio · snapshot local capturado em 10/08/2026","fonte_rotas":"JOAJU MS · propostas metodológicas de rotas · corte 10/08/2026","data_corte":"2026-08-10","natureza_resultado":"análise espacial derivada","limitacoes":"Proximidade cartográfica não implica acesso, visitação, segurança, integração cultural ou autorização."}},{"type":"Feature","geometry":{"type":"Point","coordinates":[-56.731389,-20.58833301]},"properties":{"ogc_fid":14934,"num_canie":"020831.00218.50.02159","nome":"Gruta Mandacaru","estado":"Mato Grosso do Sul","municipio":"Bodoquena","longitude":"-56.731389","latitude":"-20.588333","nvl_valida":"Nível 1","__atlas_fonte_oficial":"CANIE/CECAV/ICMBio","__atlas_metodo_captura":"WFS oficial ICMBio/INDE","__atlas_tipo_servico":"ICMBio:canie_052026_p","__atlas_capturado_em":"2026-08-10T12:53:17.009Z","__atlas_recorte":"Mato Grosso do Sul por atributo ou interseção com envelope estadual","__atlas_aviso":"Cadastro não representa todo o universo de cavernas e não substitui validação de campo ou autorização de visitação.","id_rota_mais_proxima":"ROTA-EST-027","rota_mais_proxima":"Rota do Artesanato e das Cerâmicas de Mato Grosso do Sul","distancia_minima_rota_km":2.499,"limiar_exploratorio_km":50,"metodo":"menor distância euclidiana local aproximada entre ponto CANIE e segmentos das rotas esquemáticas","fonte_cavidade":"CANIE/CECAV/ICMBio · snapshot local capturado em 10/08/2026","fonte_rotas":"JOAJU MS · propostas metodológicas de rotas · corte 10/08/2026","data_corte":"2026-08-10","natureza_resultado":"análise espacial derivada","limitacoes":"Proximidade cartográfica não implica acesso, visitação, segurança, integração cultural ou autorização."}},{"type":"Feature","geometry":{"type":"Point","coordinates":[-56.738333,-20.56333301]},"properties":{"ogc_fid":14935,"num_canie":"020832.00219.50.02159","nome":"Mina do João Gato","estado":"Mato Grosso do Sul","municipio":"Bodoquena","longitude":"-56.738333","latitude":"-20.563333","nvl_valida":"Nível 1","__atlas_fonte_oficial":"CANIE/CECAV/ICMBio","__atlas_metodo_captura":"WFS oficial ICMBio/INDE","__atlas_tipo_servico":"ICMBio:canie_052026_p","__atlas_capturado_em":"2026-08-10T12:53:17.009Z","__atlas_recorte":"Mato Grosso do Sul por atributo ou interseção com envelope estadual","__atlas_aviso":"Cadastro não representa todo o universo de cavernas e não substitui validação de campo ou autorização de visitação.","id_rota_mais_proxima":"ROTA-EST-027","rota_mais_proxima":"Rota do Artesanato e das Cerâmicas de Mato Grosso do Sul","distancia_minima_rota_km":0.07,"limiar_exploratorio_km":50,"metodo":"menor distância euclidiana local aproximada entre ponto CANIE e segmentos das rotas esquemáticas","fonte_cavidade":"CANIE/CECAV/ICMBio · snapshot local capturado em 10/08/2026","fonte_rotas":"JOAJU MS · propostas metodológicas de rotas · corte 10/08/2026","data_corte":"2026-08-10","natureza_resultado":"análise espacial derivada","limitacoes":"Proximidade cartográfica não implica acesso, visitação, segurança, integração cultural ou autorização."}},{"type":"Feature","geometry":{"type":"Point","coordinates":[-56.720278,-20.55250001]},"properties":{"ogc_fid":14936,"num_canie":"020833.00220.50.02159","nome":"Ressurgência das Fadas","estado":"Mato Grosso do Sul","municipio":"Bodoquena","longitude":"-56.720278","latitude":"-20.5525","nvl_valida":"Nível 1","__atlas_fonte_oficial":"CANIE/CECAV/ICMBio","__atlas_metodo_captura":"WFS oficial ICMBio/INDE","__atlas_tipo_servico":"ICMBio:canie_052026_p","__atlas_capturado_em":"2026-08-10T12:53:17.009Z","__atlas_recorte":"Mato Grosso do Sul por atributo ou interseção com envelope estadual","__atlas_aviso":"Cadastro não representa todo o universo de cavernas e não substitui validação de campo ou autorização de visitação.","id_rota_mais_proxima":"ROTA-EST-027","rota_mais_proxima":"Rota do Artesanato e das Cerâmicas de Mato Grosso do Sul","distancia_minima_rota_km":0.608,"limiar_exploratorio_km":50,"metodo":"menor distância euclidiana local aproximada entre ponto CANIE e segmentos das rotas esquemáticas","fonte_cavidade":"CANIE/CECAV/ICMBio · snapshot local capturado em 10/08/2026","fonte_rotas":"JOAJU MS · propostas metodológicas de rotas · corte 10/08/2026","data_corte":"2026-08-10","natureza_resultado":"análise espacial derivada","limitacoes":"Proximidade cartográfica não implica acesso, visitação, segurança, integração cultural ou autorização."}},{"type":"Feature","geometry":{"type":"Point","coordinates":[-56.696588,-20.53485901]},"properties":{"ogc_fid":15851,"num_canie":"021751.00221.50.02159","nome":"Caverna Três Morrinhos","estado":"Mato Grosso do Sul","municipio":"Bodoquena","longitude":"-56.696588","latitude":"-20.534859","nvl_valida":"Nível 1","__atlas_fonte_oficial":"CANIE/CECAV/ICMBio","__atlas_metodo_captura":"WFS oficial ICMBio/INDE","__atlas_tipo_servico":"ICMBio:canie_052026_p","__atlas_capturado_em":"2026-08-10T12:53:17.009Z","__atlas_recorte":"Mato Grosso do Sul por atributo ou interseção com envelope estadual","__atlas_aviso":"Cadastro não representa todo o universo de cavernas e não substitui validação de campo ou autorização de visitação.","id_rota_mais_proxima":"ROTA-PROP-005","rota_mais_proxima":"Rota Geocultural Bodoquena Pantanal","distancia_minima_rota_km":0.982,"limiar_exploratorio_km":50,"metodo":"menor distância euclidiana local aproximada entre ponto CANIE e segmentos das rotas esquemáticas","fonte_cavidade":"CANIE/CECAV/ICMBio · snapshot local capturado em 10/08/2026","fonte_rotas":"JOAJU MS · propostas metodológicas de rotas · corte 10/08/2026","data_corte":"2026-08-10","natureza_resultado":"análise espacial derivada","limitacoes":"Proximidade cartográfica não implica acesso, visitação, segurança, integração cultural ou autorização."}},{"type":"Feature","geometry":{"type":"Point","coordinates":[-56.466673,-21.43334101]},"properties":{"ogc_fid":15852,"num_canie":"021752.00226.50.02209","nome":"Gruta Dona Matilde (MS_29)","estado":"Mato Grosso do Sul","municipio":"Bonito","longitude":"-56.466673","latitude":"-21.433341","nvl_valida":"Nível 1","__atlas_fonte_oficial":"CANIE/CECAV/ICMBio","__atlas_metodo_captura":"WFS oficial ICMBio/INDE","__atlas_tipo_servico":"ICMBio:canie_052026_p","__atlas_capturado_em":"2026-08-10T12:53:17.009Z","__atlas_recorte":"Mato Grosso do Sul por atributo ou interseção com envelope estadual","__atlas_aviso":"Cadastro não representa todo o universo de cavernas e não substitui validação de campo ou autorização de visitação.","id_rota_mais_proxima":"ROTA-EST-014","rota_mais_proxima":"Rota Bioceânica das Culturas de Fronteira","distancia_minima_rota_km":9.483,"limiar_exploratorio_km":50,"metodo":"menor distância euclidiana local aproximada entre ponto CANIE e segmentos das rotas esquemáticas","fonte_cavidade":"CANIE/CECAV/ICMBio · snapshot local capturado em 10/08/2026","fonte_rotas":"JOAJU MS · propostas metodológicas de rotas · corte 10/08/2026","data_corte":"2026-08-10","natureza_resultado":"análise espacial derivada","limitacoes":"Proximidade cartográfica não implica acesso, visitação, segurança, integração cultural ou autorização."}},{"type":"Feature","geometry":{"type":"Point","coordinates":[-56.636243,-21.10506001]},"properties":{"ogc_fid":15858,"num_canie":"021758.00227.50.02209","nome":"Buraco das Antas (Nascente do Taquaral)","estado":"Mato Grosso do Sul","municipio":"Bonito","longitude":"-56.636243","latitude":"-21.10506","nvl_valida":"Nível 1","__atlas_fonte_oficial":"CANIE/CECAV/ICMBio","__atlas_metodo_captura":"WFS oficial ICMBio/INDE","__atlas_tipo_servico":"ICMBio:canie_052026_p","__atlas_capturado_em":"2026-08-10T12:53:17.009Z","__atlas_recorte":"Mato Grosso do Sul por atributo ou interseção com envelope estadual","__atlas_aviso":"Cadastro não representa todo o universo de cavernas e não substitui validação de campo ou autorização de visitação.","id_rota_mais_proxima":"ROTA-EST-022","rota_mais_proxima":"Rota de Aviturismo da Rota Bioceânica","distancia_minima_rota_km":8.457,"limiar_exploratorio_km":50,"metodo":"menor distância euclidiana local aproximada entre ponto CANIE e segmentos das rotas esquemáticas","fonte_cavidade":"CANIE/CECAV/ICMBio · snapshot local capturado em 10/08/2026","fonte_rotas":"JOAJU MS · propostas metodológicas de rotas · corte 10/08/2026","data_corte":"2026-08-10","natureza_resultado":"análise espacial derivada","limitacoes":"Proximidade cartográfica não implica acesso, visitação, segurança, integração cultural ou autorização."}},{"type":"Feature","geometry":{"type":"Point","coordinates":[-56.720271,-21.12197701]},"properties":{"ogc_fid":15869,"num_canie":"021769.00228.50.02209","nome":"Insurgência do Rio Perdido","estado":"Mato Grosso do Sul","municipio":"Bonito","longitude":"-56.720271","latitude":"-21.121977","nvl_valida":"Nível 1","__atlas_fonte_oficial":"CANIE/CECAV/ICMBio","__atlas_metodo_captura":"WFS oficial ICMBio/INDE","__atlas_tipo_servico":"ICMBio:canie_052026_p","__atlas_capturado_em":"2026-08-10T12:53:17.009Z","__atlas_recorte":"Mato Grosso do Sul por atributo ou interseção com envelope estadual","__atlas_aviso":"Cadastro não representa todo o universo de cavernas e não substitui validação de campo ou autorização de visitação.","id_rota_mais_proxima":"ROTA-EST-022","rota_mais_proxima":"Rota de Aviturismo da Rota Bioceânica","distancia_minima_rota_km":10.223,"limiar_exploratorio_km":50,"metodo":"menor distância euclidiana local aproximada entre ponto CANIE e segmentos das rotas esquemáticas","fonte_cavidade":"CANIE/CECAV/ICMBio · snapshot local capturado em 10/08/2026","fonte_rotas":"JOAJU MS · propostas metodológicas de rotas · corte 10/08/2026","data_corte":"2026-08-10","natureza_resultado":"análise espacial derivada","limitacoes":"Proximidade cartográfica não implica acesso, visitação, segurança, integração cultural ou autorização."}},{"type":"Feature","geometry":{"type":"Point","coordinates":[-56.659076,-21.10303201]},"properties":{"ogc_fid":15870,"num_canie":"021771.00229.50.02209","nome":"Poção","estado":"Mato Grosso do Sul","municipio":"Bonito","longitude":"-56.659076","latitude":"-21.103032","nvl_valida":"Nível 1","__atlas_fonte_oficial":"CANIE/CECAV/ICMBio","__atlas_metodo_captura":"WFS oficial ICMBio/INDE","__atlas_tipo_servico":"ICMBio:canie_052026_p","__atlas_capturado_em":"2026-08-10T12:53:17.009Z","__atlas_recorte":"Mato Grosso do Sul por atributo ou interseção com envelope estadual","__atlas_aviso":"Cadastro não representa todo o universo de cavernas e não substitui validação de campo ou autorização de visitação.","id_rota_mais_proxima":"ROTA-EST-022","rota_mais_proxima":"Rota de Aviturismo da Rota Bioceânica","distancia_minima_rota_km":9.609,"limiar_exploratorio_km":50,"metodo":"menor distância euclidiana local aproximada entre ponto CANIE e segmentos das rotas esquemáticas","fonte_cavidade":"CANIE/CECAV/ICMBio · snapshot local capturado em 10/08/2026","fonte_rotas":"JOAJU MS · propostas metodológicas de rotas · corte 10/08/2026","data_corte":"2026-08-10","natureza_resultado":"análise espacial derivada","limitacoes":"Proximidade cartográfica não implica acesso, visitação, segurança, integração cultural ou autorização."}},{"type":"Feature","geometry":{"type":"Point","coordinates":[-56.778292,-20.58854201]},"properties":{"ogc_fid":15957,"num_canie":"021859.00222.50.02159","nome":"Caverna Betel","estado":"Mato Grosso do Sul","municipio":"Bodoquena","longitude":"-56.778292","latitude":"-20.588542","nvl_valida":"Nível 1","__atlas_fonte_oficial":"CANIE/CECAV/ICMBio","__atlas_metodo_captura":"WFS oficial ICMBio/INDE","__atlas_tipo_servico":"ICMBio:canie_052026_p","__atlas_capturado_em":"2026-08-10T12:53:17.009Z","__atlas_recorte":"Mato Grosso do Sul por atributo ou interseção com envelope estadual","__atlas_aviso":"Cadastro não representa todo o universo de cavernas e não substitui validação de campo ou autorização de visitação.","id_rota_mais_proxima":"ROTA-EST-030","rota_mais_proxima":"Rota dos Museus, Memórias e Centros Históricos Urbanos","distancia_minima_rota_km":0.564,"limiar_exploratorio_km":50,"metodo":"menor distância euclidiana local aproximada entre ponto CANIE e segmentos das rotas esquemáticas","fonte_cavidade":"CANIE/CECAV/ICMBio · snapshot local capturado em 10/08/2026","fonte_rotas":"JOAJU MS · propostas metodológicas de rotas · corte 10/08/2026","data_corte":"2026-08-10","natureza_resultado":"análise espacial derivada","limitacoes":"Proximidade cartográfica não implica acesso, visitação, segurança, integração cultural ou autorização."}},{"type":"Feature","geometry":{"type":"Point","coordinates":[-56.702743,-21.00155901]},"properties":{"ogc_fid":15958,"num_canie":"021860.00230.50.02209","nome":"Gruta Borboletas","estado":"Mato Grosso do Sul","municipio":"Bonito","longitude":"-56.702743","latitude":"-21.001559","nvl_valida":"Nível 1","__atlas_fonte_oficial":"CANIE/CECAV/ICMBio","__atlas_metodo_captura":"WFS oficial ICMBio/INDE","__atlas_tipo_servico":"ICMBio:canie_052026_p","__atlas_capturado_em":"2026-08-10T12:53:17.009Z","__atlas_recorte":"Mato Grosso do Sul por atributo ou interseção com envelope estadual","__atlas_aviso":"Cadastro não representa todo o universo de cavernas e não substitui validação de campo ou autorização de visitação.","id_rota_mais_proxima":"ROTA-EST-030","rota_mais_proxima":"Rota dos Museus, Memórias e Centros Históricos Urbanos","distancia_minima_rota_km":13.375,"limiar_exploratorio_km":50,"metodo":"menor distância euclidiana local aproximada entre ponto CANIE e segmentos das rotas esquemáticas","fonte_cavidade":"CANIE/CECAV/ICMBio · snapshot local capturado em 10/08/2026","fonte_rotas":"JOAJU MS · propostas metodológicas de rotas · corte 10/08/2026","data_corte":"2026-08-10","natureza_resultado":"análise espacial derivada","limitacoes":"Proximidade cartográfica não implica acesso, visitação, segurança, integração cultural ou autorização."}},{"type":"Feature","geometry":{"type":"Point","coordinates":[-56.601631,-21.03183801]},"properties":{"ogc_fid":15959,"num_canie":"021861.00231.50.02209","nome":"Gruta Córrego Seco","estado":"Mato Grosso do Sul","municipio":"Bonito","longitude":"-56.601631","latitude":"-21.031838","nvl_valida":"Nível 1","__atlas_fonte_oficial":"CANIE/CECAV/ICMBio","__atlas_metodo_captura":"WFS oficial ICMBio/INDE","__atlas_tipo_servico":"ICMBio:canie_052026_p","__atlas_capturado_em":"2026-08-10T12:53:17.009Z","__atlas_recorte":"Mato Grosso do Sul por atributo ou interseção com envelope estadual","__atlas_aviso":"Cadastro não representa todo o universo de cavernas e não substitui validação de campo ou autorização de visitação.","id_rota_mais_proxima":"ROTA-EST-030","rota_mais_proxima":"Rota dos Museus, Memórias e Centros Históricos Urbanos","distancia_minima_rota_km":5.566,"limiar_exploratorio_km":50,"metodo":"menor distância euclidiana local aproximada entre ponto CANIE e segmentos das rotas esquemáticas","fonte_cavidade":"CANIE/CECAV/ICMBio · snapshot local capturado em 10/08/2026","fonte_rotas":"JOAJU MS · propostas metodológicas de rotas · corte 10/08/2026","data_corte":"2026-08-10","natureza_resultado":"análise espacial derivada","limitacoes":"Proximidade cartográfica não implica acesso, visitação, segurança, integração cultural ou autorização."}},{"type":"Feature","geometry":{"type":"Point","coordinates":[-55.120256,-19.86376501]},"properties":{"ogc_fid":16833,"num_canie":"022736.00001.50.03108","nome":"MS-CO-04 (MS00773)","estado":"Mato Grosso do Sul","municipio":"Corguinho","longitude":"-55.120256","latitude":"-19.863765","nvl_valida":"Nível 1","__atlas_fonte_oficial":"CANIE/CECAV/ICMBio","__atlas_metodo_captura":"WFS oficial ICMBio/INDE","__atlas_tipo_servico":"ICMBio:canie_052026_p","__atlas_capturado_em":"2026-08-10T12:53:17.009Z","__atlas_recorte":"Mato Grosso do Sul por atributo ou interseção com envelope estadual","__atlas_aviso":"Cadastro não representa todo o universo de cavernas e não substitui validação de campo ou autorização de visitação.","id_rota_mais_proxima":"ROTA-EST-027","rota_mais_proxima":"Rota do Artesanato e das Cerâmicas de Mato Grosso do Sul","distancia_minima_rota_km":11.465,"limiar_exploratorio_km":50,"metodo":"menor distância euclidiana local aproximada entre ponto CANIE e segmentos das rotas esquemáticas","fonte_cavidade":"CANIE/CECAV/ICMBio · snapshot local capturado em 10/08/2026","fonte_rotas":"JOAJU MS · propostas metodológicas de rotas · corte 10/08/2026","data_corte":"2026-08-10","natureza_resultado":"análise espacial derivada","limitacoes":"Proximidade cartográfica não implica acesso, visitação, segurança, integração cultural ou autorização."}},{"type":"Feature","geometry":{"type":"Point","coordinates":[-54.321284,-17.95817301]},"properties":{"ogc_fid":16846,"num_canie":"022749.00003.50.06408","nome":"MS-PG-01 (MS00783)","estado":"Mato Grosso do Sul","municipio":"Pedro Gomes","longitude":"-54.321284","latitude":"-17.958173","nvl_valida":"Nível 1","__atlas_fonte_oficial":"CANIE/CECAV/ICMBio","__atlas_metodo_captura":"WFS oficial ICMBio/INDE","__atlas_tipo_servico":"ICMBio:canie_052026_p","__atlas_capturado_em":"2026-08-10T12:53:17.009Z","__atlas_recorte":"Mato Grosso do Sul por atributo ou interseção com envelope estadual","__atlas_aviso":"Cadastro não representa todo o universo de cavernas e não substitui validação de campo ou autorização de visitação.","id_rota_mais_proxima":"ROTA-EST-025","rota_mais_proxima":"Rota das Monções e do Folclore Monçoeiro","distancia_minima_rota_km":28.209,"limiar_exploratorio_km":50,"metodo":"menor distância euclidiana local aproximada entre ponto CANIE e segmentos das rotas esquemáticas","fonte_cavidade":"CANIE/CECAV/ICMBio · snapshot local capturado em 10/08/2026","fonte_rotas":"JOAJU MS · propostas metodológicas de rotas · corte 10/08/2026","data_corte":"2026-08-10","natureza_resultado":"análise espacial derivada","limitacoes":"Proximidade cartográfica não implica acesso, visitação, segurança, integração cultural ou autorização."}},{"type":"Feature","geometry":{"type":"Point","coordinates":[-54.836522,-19.42561701]},"properties":{"ogc_fid":16847,"num_canie":"022750.00001.50.07307","nome":"MS-RN-04 (MS00771)","estado":"Mato Grosso do Sul","municipio":"Rio Negro","longitude":"-54.836522","latitude":"-19.425617","nvl_valida":"Nível 1","__atlas_fonte_oficial":"CANIE/CECAV/ICMBio","__atlas_metodo_captura":"WFS oficial ICMBio/INDE","__atlas_tipo_servico":"ICMBio:canie_052026_p","__atlas_capturado_em":"2026-08-10T12:53:17.009Z","__atlas_recorte":"Mato Grosso do Sul por atributo ou interseção com envelope estadual","__atlas_aviso":"Cadastro não representa todo o universo de cavernas e não substitui validação de campo ou autorização de visitação.","id_rota_mais_proxima":"ROTA-EST-012","rota_mais_proxima":"Rota dos Ipês, das Ruralidades e das Memórias do Centro","distancia_minima_rota_km":15.448,"limiar_exploratorio_km":50,"metodo":"menor distância euclidiana local aproximada entre ponto CANIE e segmentos das rotas esquemáticas","fonte_cavidade":"CANIE/CECAV/ICMBio · snapshot local capturado em 10/08/2026","fonte_rotas":"JOAJU MS · propostas metodológicas de rotas · corte 10/08/2026","data_corte":"2026-08-10","natureza_resultado":"análise espacial derivada","limitacoes":"Proximidade cartográfica não implica acesso, visitação, segurança, integração cultural ou autorização."}},{"type":"Feature","geometry":{"type":"Point","coordinates":[-54.779262,-19.14719001]},"properties":{"ogc_fid":16968,"num_canie":"022872.00001.50.07406","nome":"Gruta do Cateto de Rio Verde","estado":"Mato Grosso do Sul","municipio":"Rio Verde de Mato Grosso","longitude":"-54.779262","latitude":"-19.14719","nvl_valida":"Nível 1","__atlas_fonte_oficial":"CANIE/CECAV/ICMBio","__atlas_metodo_captura":"WFS oficial ICMBio/INDE","__atlas_tipo_servico":"ICMBio:canie_052026_p","__atlas_capturado_em":"2026-08-10T12:53:17.009Z","__atlas_recorte":"Mato Grosso do Sul por atributo ou interseção com envelope estadual","__atlas_aviso":"Cadastro não representa todo o universo de cavernas e não substitui validação de campo ou autorização de visitação.","id_rota_mais_proxima":"ROTA-EST-020","rota_mais_proxima":"Rota dos Saberes do Cerrado","distancia_minima_rota_km":17.892,"limiar_exploratorio_km":50,"metodo":"menor distância euclidiana local aproximada entre ponto CANIE e segmentos das rotas esquemáticas","fonte_cavidade":"CANIE/CECAV/ICMBio · snapshot local capturado em 10/08/2026","fonte_rotas":"JOAJU MS · propostas metodológicas de rotas · corte 10/08/2026","data_corte":"2026-08-10","natureza_resultado":"análise espacial derivada","limitacoes":"Proximidade cartográfica não implica acesso, visitação, segurança, integração cultural ou autorização."}},{"type":"Feature","geometry":{"type":"Point","coordinates":[-55.487797,-20.45474201]},"properties":{"ogc_fid":17013,"num_canie":"022917.00216.50.01102","nome":"Sítio Rio Aquidauana - 05 (MS00487)","estado":"Mato Grosso do Sul","municipio":"Aquidauana","longitude":"-55.487797","latitude":"-20.454742","nvl_valida":"Nível 1","__atlas_fonte_oficial":"CANIE/CECAV/ICMBio","__atlas_metodo_captura":"WFS oficial ICMBio/INDE","__atlas_tipo_servico":"ICMBio:canie_052026_p","__atlas_capturado_em":"2026-08-10T12:53:17.009Z","__atlas_recorte":"Mato Grosso do Sul por atributo ou interseção com envelope estadual","__atlas_aviso":"Cadastro não representa todo o universo de cavernas e não substitui validação de campo ou autorização de visitação.","id_rota_mais_proxima":"ROTA-PROP-002","rota_mais_proxima":"Rota da Memória Ferroviária da Noroeste","distancia_minima_rota_km":0.797,"limiar_exploratorio_km":50,"metodo":"menor distância euclidiana local aproximada entre ponto CANIE e segmentos das rotas esquemáticas","fonte_cavidade":"CANIE/CECAV/ICMBio · snapshot local capturado em 10/08/2026","fonte_rotas":"JOAJU MS · propostas metodológicas de rotas · corte 10/08/2026","data_corte":"2026-08-10","natureza_resultado":"análise espacial derivada","limitacoes":"Proximidade cartográfica não implica acesso, visitação, segurança, integração cultural ou autorização."}},{"type":"Feature","geometry":{"type":"Point","coordinates":[-53.566452,-17.92709601]},"properties":{"ogc_fid":17052,"num_canie":"022956.00359.51.00300","nome":"Sítio Centopeia (MT01084)","estado":"Mato Grosso","municipio":"Alto Araguaia","longitude":"-53.566452","latitude":"-17.927096","nvl_valida":"Nível 1","__atlas_fonte_oficial":"CANIE/CECAV/ICMBio","__atlas_metodo_captura":"WFS oficial ICMBio/INDE","__atlas_tipo_servico":"ICMBio:canie_052026_p","__atlas_capturado_em":"2026-08-10T12:53:17.009Z","__atlas_recorte":"Mato Grosso do Sul por atributo ou interseção com envelope estadual","__atlas_aviso":"Cadastro não representa todo o universo de cavernas e não substitui validação de campo ou autorização de visitação.","id_rota_mais_proxima":"ROTA-EST-010","rota_mais_proxima":"Rota do Cerrado","distancia_minima_rota_km":46.406,"limiar_exploratorio_km":50,"metodo":"menor distância euclidiana local aproximada entre ponto CANIE e segmentos das rotas esquemáticas","fonte_cavidade":"CANIE/CECAV/ICMBio · snapshot local capturado em 10/08/2026","fonte_rotas":"JOAJU MS · propostas metodológicas de rotas · corte 10/08/2026","data_corte":"2026-08-10","natureza_resultado":"análise espacial derivada","limitacoes":"Proximidade cartográfica não implica acesso, visitação, segurança, integração cultural ou autorização."}},{"type":"Feature","geometry":{"type":"Point","coordinates":[-53.626138,-18.25752701]},"properties":{"ogc_fid":21219,"num_canie":"027152.00001.50.00252","nome":"Abrigo Arco da Pedra","estado":"Mato Grosso do Sul","municipio":"Alcinópolis","longitude":"-53.626138","latitude":"-18.257527","nvl_valida":"Nível 1","__atlas_fonte_oficial":"CANIE/CECAV/ICMBio","__atlas_metodo_captura":"WFS oficial ICMBio/INDE","__atlas_tipo_servico":"ICMBio:canie_052026_p","__atlas_capturado_em":"2026-08-10T12:53:17.009Z","__atlas_recorte":"Mato Grosso do Sul por atributo ou interseção com envelope estadual","__atlas_aviso":"Cadastro não representa todo o universo de cavernas e não substitui validação de campo ou autorização de visitação.","id_rota_mais_proxima":"ROTA-EST-011","rota_mais_proxima":"Rota da Arte Rupestre, dos Chapadões e das Águas do Norte","distancia_minima_rota_km":10.025,"limiar_exploratorio_km":50,"metodo":"menor distância euclidiana local aproximada entre ponto CANIE e segmentos das rotas esquemáticas","fonte_cavidade":"CANIE/CECAV/ICMBio · snapshot local capturado em 10/08/2026","fonte_rotas":"JOAJU MS · propostas metodológicas de rotas · corte 10/08/2026","data_corte":"2026-08-10","natureza_resultado":"análise espacial derivada","limitacoes":"Proximidade cartográfica não implica acesso, visitação, segurança, integração cultural ou autorização."}},{"type":"Feature","geometry":{"type":"Point","coordinates":[-53.641805,-18.23411101]},"properties":{"ogc_fid":21220,"num_canie":"027153.00002.50.00252","nome":"Abrigo Casa de Pedra","estado":"Mato Grosso do Sul","municipio":"Alcinópolis","longitude":"-53.641805","latitude":"-18.234111","nvl_valida":"Nível 1","__atlas_fonte_oficial":"CANIE/CECAV/ICMBio","__atlas_metodo_captura":"WFS oficial ICMBio/INDE","__atlas_tipo_servico":"ICMBio:canie_052026_p","__atlas_capturado_em":"2026-08-10T12:53:17.009Z","__atlas_recorte":"Mato Grosso do Sul por atributo ou interseção com envelope estadual","__atlas_aviso":"Cadastro não representa todo o universo de cavernas e não substitui validação de campo ou autorização de visitação.","id_rota_mais_proxima":"ROTA-EST-010","rota_mais_proxima":"Rota do Cerrado","distancia_minima_rota_km":11.823,"limiar_exploratorio_km":50,"metodo":"menor distância euclidiana local aproximada entre ponto CANIE e segmentos das rotas esquemáticas","fonte_cavidade":"CANIE/CECAV/ICMBio · snapshot local capturado em 10/08/2026","fonte_rotas":"JOAJU MS · propostas metodológicas de rotas · corte 10/08/2026","data_corte":"2026-08-10","natureza_resultado":"análise espacial derivada","limitacoes":"Proximidade cartográfica não implica acesso, visitação, segurança, integração cultural ou autorização."}},{"type":"Feature","geometry":{"type":"Point","coordinates":[-53.670527,-18.38622201]},"properties":{"ogc_fid":21221,"num_canie":"027154.00003.50.00252","nome":"Abrigo da Mão","estado":"Mato Grosso do Sul","municipio":"Alcinópolis","longitude":"-53.670527","latitude":"-18.386222","nvl_valida":"Nível 1","__atlas_fonte_oficial":"CANIE/CECAV/ICMBio","__atlas_metodo_captura":"WFS oficial ICMBio/INDE","__atlas_tipo_servico":"ICMBio:canie_052026_p","__atlas_capturado_em":"2026-08-10T12:53:17.009Z","__atlas_recorte":"Mato Grosso do Sul por atributo ou interseção com envelope estadual","__atlas_aviso":"Cadastro não representa todo o universo de cavernas e não substitui validação de campo ou autorização de visitação.","id_rota_mais_proxima":"ROTA-EST-011","rota_mais_proxima":"Rota da Arte Rupestre, dos Chapadões e das Águas do Norte","distancia_minima_rota_km":4.933,"limiar_exploratorio_km":50,"metodo":"menor distância euclidiana local aproximada entre ponto CANIE e segmentos das rotas esquemáticas","fonte_cavidade":"CANIE/CECAV/ICMBio · snapshot local capturado em 10/08/2026","fonte_rotas":"JOAJU MS · propostas metodológicas de rotas · corte 10/08/2026","data_corte":"2026-08-10","natureza_resultado":"análise espacial derivada","limitacoes":"Proximidade cartográfica não implica acesso, visitação, segurança, integração cultural ou autorização."}},{"type":"Feature","geometry":{"type":"Point","coordinates":[-53.641805,-18.23547201]},"properties":{"ogc_fid":21222,"num_canie":"027155.00004.50.00252","nome":"Abrigo da Sucupira","estado":"Mato Grosso do Sul","municipio":"Alcinópolis","longitude":"-53.641805","latitude":"-18.235472","nvl_valida":"Nível 1","__atlas_fonte_oficial":"CANIE/CECAV/ICMBio","__atlas_metodo_captura":"WFS oficial ICMBio/INDE","__atlas_tipo_servico":"ICMBio:canie_052026_p","__atlas_capturado_em":"2026-08-10T12:53:17.009Z","__atlas_recorte":"Mato Grosso do Sul por atributo ou interseção com envelope estadual","__atlas_aviso":"Cadastro não representa todo o universo de cavernas e não substitui validação de campo ou autorização de visitação.","id_rota_mais_proxima":"ROTA-EST-011","rota_mais_proxima":"Rota da Arte Rupestre, dos Chapadões e das Águas do Norte","distancia_minima_rota_km":11.684,"limiar_exploratorio_km":50,"metodo":"menor distância euclidiana local aproximada entre ponto CANIE e segmentos das rotas esquemáticas","fonte_cavidade":"CANIE/CECAV/ICMBio · snapshot local capturado em 10/08/2026","fonte_rotas":"JOAJU MS · propostas metodológicas de rotas · corte 10/08/2026","data_corte":"2026-08-10","natureza_resultado":"análise espacial derivada","limitacoes":"Proximidade cartográfica não implica acesso, visitação, segurança, integração cultural ou autorização."}},{"type":"Feature","geometry":{"type":"Point","coordinates":[-53.67,-18.38616601]},"properties":{"ogc_fid":21223,"num_canie":"027156.00005.50.00252","nome":"Abrigo do Amor","estado":"Mato Grosso do Sul","municipio":"Alcinópolis","longitude":"-53.67","latitude":"-18.386166","nvl_valida":"Nível 1","__atlas_fonte_oficial":"CANIE/CECAV/ICMBio","__atlas_metodo_captura":"WFS oficial ICMBio/INDE","__atlas_tipo_servico":"ICMBio:canie_052026_p","__atlas_capturado_em":"2026-08-10T12:53:17.009Z","__atlas_recorte":"Mato Grosso do Sul por atributo ou interseção com envelope estadual","__atlas_aviso":"Cadastro não representa todo o universo de cavernas e não substitui validação de campo ou autorização de visitação.","id_rota_mais_proxima":"ROTA-EST-010","rota_mais_proxima":"Rota do Cerrado","distancia_minima_rota_km":4.907,"limiar_exploratorio_km":50,"metodo":"menor distância euclidiana local aproximada entre ponto CANIE e segmentos das rotas esquemáticas","fonte_cavidade":"CANIE/CECAV/ICMBio · snapshot local capturado em 10/08/2026","fonte_rotas":"JOAJU MS · propostas metodológicas de rotas · corte 10/08/2026","data_corte":"2026-08-10","natureza_resultado":"análise espacial derivada","limitacoes":"Proximidade cartográfica não implica acesso, visitação, segurança, integração cultural ou autorização."}},{"type":"Feature","geometry":{"type":"Point","coordinates":[-53.629175,-18.24858201]},"properties":{"ogc_fid":21225,"num_canie":"027158.00006.50.00252","nome":"Gruta do Barro Branco I","estado":"Mato Grosso do Sul","municipio":"Alcinópolis","longitude":"-53.629175","latitude":"-18.248582","nvl_valida":"Nível 1","__atlas_fonte_oficial":"CANIE/CECAV/ICMBio","__atlas_metodo_captura":"WFS oficial ICMBio/INDE","__atlas_tipo_servico":"ICMBio:canie_052026_p","__atlas_capturado_em":"2026-08-10T12:53:17.009Z","__atlas_recorte":"Mato Grosso do Sul por atributo ou interseção com envelope estadual","__atlas_aviso":"Cadastro não representa todo o universo de cavernas e não substitui validação de campo ou autorização de visitação.","id_rota_mais_proxima":"ROTA-EST-010","rota_mais_proxima":"Rota do Cerrado","distancia_minima_rota_km":10.827,"limiar_exploratorio_km":50,"metodo":"menor distância euclidiana local aproximada entre ponto CANIE e segmentos das rotas esquemáticas","fonte_cavidade":"CANIE/CECAV/ICMBio · snapshot local capturado em 10/08/2026","fonte_rotas":"JOAJU MS · propostas metodológicas de rotas · corte 10/08/2026","data_corte":"2026-08-10","natureza_resultado":"análise espacial derivada","limitacoes":"Proximidade cartográfica não implica acesso, visitação, segurança, integração cultural ou autorização."}},{"type":"Feature","geometry":{"type":"Point","coordinates":[-53.670138,-18.38700001]},"properties":{"ogc_fid":21226,"num_canie":"027159.00007.50.00252","nome":"Gruta do Barro Branco II","estado":"Mato Grosso do Sul","municipio":"Alcinópolis","longitude":"-53.670138","latitude":"-18.387","nvl_valida":"Nível 1","__atlas_fonte_oficial":"CANIE/CECAV/ICMBio","__atlas_metodo_captura":"WFS oficial ICMBio/INDE","__atlas_tipo_servico":"ICMBio:canie_052026_p","__atlas_capturado_em":"2026-08-10T12:53:17.009Z","__atlas_recorte":"Mato Grosso do Sul por atributo ou interseção com envelope estadual","__atlas_aviso":"Cadastro não representa todo o universo de cavernas e não substitui validação de campo ou autorização de visitação.","id_rota_mais_proxima":"ROTA-EST-011","rota_mais_proxima":"Rota da Arte Rupestre, dos Chapadões e das Águas do Norte","distancia_minima_rota_km":4.998,"limiar_exploratorio_km":50,"metodo":"menor distância euclidiana local aproximada entre ponto CANIE e segmentos das rotas esquemáticas","fonte_cavidade":"CANIE/CECAV/ICMBio · snapshot local capturado em 10/08/2026","fonte_rotas":"JOAJU MS · propostas metodológicas de rotas · corte 10/08/2026","data_corte":"2026-08-10","natureza_resultado":"análise espacial derivada","limitacoes":"Proximidade cartográfica não implica acesso, visitação, segurança, integração cultural ou autorização."}},{"type":"Feature","geometry":{"type":"Point","coordinates":[-53.67025,-18.38738801]},"properties":{"ogc_fid":21227,"num_canie":"027160.00008.50.00252","nome":"Gruta do Barro Branco III","estado":"Mato Grosso do Sul","municipio":"Alcinópolis","longitude":"-53.67025","latitude":"-18.387388","nvl_valida":"Nível 1","__atlas_fonte_oficial":"CANIE/CECAV/ICMBio","__atlas_metodo_captura":"WFS oficial ICMBio/INDE","__atlas_tipo_servico":"ICMBio:canie_052026_p","__atlas_capturado_em":"2026-08-10T12:53:17.009Z","__atlas_recorte":"Mato Grosso do Sul por atributo ou interseção com envelope estadual","__atlas_aviso":"Cadastro não representa todo o universo de cavernas e não substitui validação de campo ou autorização de visitação.","id_rota_mais_proxima":"ROTA-EST-010","rota_mais_proxima":"Rota do Cerrado","distancia_minima_rota_km":5.042,"limiar_exploratorio_km":50,"metodo":"menor distância euclidiana local aproximada entre ponto CANIE e segmentos das rotas esquemáticas","fonte_cavidade":"CANIE/CECAV/ICMBio · snapshot local capturado em 10/08/2026","fonte_rotas":"JOAJU MS · propostas metodológicas de rotas · corte 10/08/2026","data_corte":"2026-08-10","natureza_resultado":"análise espacial derivada","limitacoes":"Proximidade cartográfica não implica acesso, visitação, segurança, integração cultural ou autorização."}},{"type":"Feature","geometry":{"type":"Point","coordinates":[-53.671,-18.38583301]},"properties":{"ogc_fid":21228,"num_canie":"027161.00009.50.00252","nome":"Toca do Barro Branco I","estado":"Mato Grosso do Sul","municipio":"Alcinópolis","longitude":"-53.671","latitude":"-18.385833","nvl_valida":"Nível 1","__atlas_fonte_oficial":"CANIE/CECAV/ICMBio","__atlas_metodo_captura":"WFS oficial ICMBio/INDE","__atlas_tipo_servico":"ICMBio:canie_052026_p","__atlas_capturado_em":"2026-08-10T12:53:17.009Z","__atlas_recorte":"Mato Grosso do Sul por atributo ou interseção com envelope estadual","__atlas_aviso":"Cadastro não representa todo o universo de cavernas e não substitui validação de campo ou autorização de visitação.","id_rota_mais_proxima":"ROTA-EST-010","rota_mais_proxima":"Rota do Cerrado","distancia_minima_rota_km":4.912,"limiar_exploratorio_km":50,"metodo":"menor distância euclidiana local aproximada entre ponto CANIE e segmentos das rotas esquemáticas","fonte_cavidade":"CANIE/CECAV/ICMBio · snapshot local capturado em 10/08/2026","fonte_rotas":"JOAJU MS · propostas metodológicas de rotas · corte 10/08/2026","data_corte":"2026-08-10","natureza_resultado":"análise espacial derivada","limitacoes":"Proximidade cartográfica não implica acesso, visitação, segurança, integração cultural ou autorização."}},{"type":"Feature","geometry":{"type":"Point","coordinates":[-53.670361,-18.38772201]},"properties":{"ogc_fid":21229,"num_canie":"027162.00010.50.00252","nome":"Abrigo do X","estado":"Mato Grosso do Sul","municipio":"Alcinópolis","longitude":"-53.670361","latitude":"-18.387722","nvl_valida":"Nível 1","__atlas_fonte_oficial":"CANIE/CECAV/ICMBio","__atlas_metodo_captura":"WFS oficial ICMBio/INDE","__atlas_tipo_servico":"ICMBio:canie_052026_p","__atlas_capturado_em":"2026-08-10T12:53:17.009Z","__atlas_recorte":"Mato Grosso do Sul por atributo ou interseção com envelope estadual","__atlas_aviso":"Cadastro não representa todo o universo de cavernas e não substitui validação de campo ou autorização de visitação.","id_rota_mais_proxima":"ROTA-EST-010","rota_mais_proxima":"Rota do Cerrado","distancia_minima_rota_km":5.081,"limiar_exploratorio_km":50,"metodo":"menor distância euclidiana local aproximada entre ponto CANIE e segmentos das rotas esquemáticas","fonte_cavidade":"CANIE/CECAV/ICMBio · snapshot local capturado em 10/08/2026","fonte_rotas":"JOAJU MS · propostas metodológicas de rotas · corte 10/08/2026","data_corte":"2026-08-10","natureza_resultado":"análise espacial derivada","limitacoes":"Proximidade cartográfica não implica acesso, visitação, segurança, integração cultural ou autorização."}},{"type":"Feature","geometry":{"type":"Point","coordinates":[-53.67125,-18.38561101]},"properties":{"ogc_fid":21230,"num_canie":"027163.00011.50.00252","nome":"Toca do Barro Branco II","estado":"Mato Grosso do Sul","municipio":"Alcinópolis","longitude":"-53.67125","latitude":"-18.385611","nvl_valida":"Nível 1","__atlas_fonte_oficial":"CANIE/CECAV/ICMBio","__atlas_metodo_captura":"WFS oficial ICMBio/INDE","__atlas_tipo_servico":"ICMBio:canie_052026_p","__atlas_capturado_em":"2026-08-10T12:53:17.009Z","__atlas_recorte":"Mato Grosso do Sul por atributo ou interseção com envelope estadual","__atlas_aviso":"Cadastro não representa todo o universo de cavernas e não substitui validação de campo ou autorização de visitação.","id_rota_mais_proxima":"ROTA-EST-011","rota_mais_proxima":"Rota da Arte Rupestre, dos Chapadões e das Águas do Norte","distancia_minima_rota_km":4.898,"limiar_exploratorio_km":50,"metodo":"menor distância euclidiana local aproximada entre ponto CANIE e segmentos das rotas esquemáticas","fonte_cavidade":"CANIE/CECAV/ICMBio · snapshot local capturado em 10/08/2026","fonte_rotas":"JOAJU MS · propostas metodológicas de rotas · corte 10/08/2026","data_corte":"2026-08-10","natureza_resultado":"análise espacial derivada","limitacoes":"Proximidade cartográfica não implica acesso, visitação, segurança, integração cultural ou autorização."}},{"type":"Feature","geometry":{"type":"Point","coordinates":[-53.666944,-18.11325001]},"properties":{"ogc_fid":21331,"num_canie":"027264.00012.50.00252","nome":"Abrigo da Gruta Bonita","estado":"Mato Grosso do Sul","municipio":"Alcinópolis","longitude":"-53.666944","latitude":"-18.11325","nvl_valida":"Nível 1","__atlas_fonte_oficial":"CANIE/CECAV/ICMBio","__atlas_metodo_captura":"WFS oficial ICMBio/INDE","__atlas_tipo_servico":"ICMBio:canie_052026_p","__atlas_capturado_em":"2026-08-10T12:53:17.009Z","__atlas_recorte":"Mato Grosso do Sul por atributo ou interseção com envelope estadual","__atlas_aviso":"Cadastro não representa todo o universo de cavernas e não substitui validação de campo ou autorização de visitação.","id_rota_mais_proxima":"ROTA-EST-010","rota_mais_proxima":"Rota do Cerrado","distancia_minima_rota_km":23.798,"limiar_exploratorio_km":50,"metodo":"menor distância euclidiana local aproximada entre ponto CANIE e segmentos das rotas esquemáticas","fonte_cavidade":"CANIE/CECAV/ICMBio · snapshot local capturado em 10/08/2026","fonte_rotas":"JOAJU MS · propostas metodológicas de rotas · corte 10/08/2026","data_corte":"2026-08-10","natureza_resultado":"análise espacial derivada","limitacoes":"Proximidade cartográfica não implica acesso, visitação, segurança, integração cultural ou autorização."}},{"type":"Feature","geometry":{"type":"Point","coordinates":[-53.677222,-18.14955501]},"properties":{"ogc_fid":21332,"num_canie":"027265.00013.50.00252","nome":"Abrigo da Passarela","estado":"Mato Grosso do Sul","municipio":"Alcinópolis","longitude":"-53.677222","latitude":"-18.149555","nvl_valida":"Nível 1","__atlas_fonte_oficial":"CANIE/CECAV/ICMBio","__atlas_metodo_captura":"WFS oficial ICMBio/INDE","__atlas_tipo_servico":"ICMBio:canie_052026_p","__atlas_capturado_em":"2026-08-10T12:53:17.009Z","__atlas_recorte":"Mato Grosso do Sul por atributo ou interseção com envelope estadual","__atlas_aviso":"Cadastro não representa todo o universo de cavernas e não substitui validação de campo ou autorização de visitação.","id_rota_mais_proxima":"ROTA-EST-010","rota_mais_proxima":"Rota do Cerrado","distancia_minima_rota_km":19.663,"limiar_exploratorio_km":50,"metodo":"menor distância euclidiana local aproximada entre ponto CANIE e segmentos das rotas esquemáticas","fonte_cavidade":"CANIE/CECAV/ICMBio · snapshot local capturado em 10/08/2026","fonte_rotas":"JOAJU MS · propostas metodológicas de rotas · corte 10/08/2026","data_corte":"2026-08-10","natureza_resultado":"análise espacial derivada","limitacoes":"Proximidade cartográfica não implica acesso, visitação, segurança, integração cultural ou autorização."}},{"type":"Feature","geometry":{"type":"Point","coordinates":[-53.678388,-18.14880501]},"properties":{"ogc_fid":21333,"num_canie":"027266.00014.50.00252","nome":"Abrigo da Pedra Rosa","estado":"Mato Grosso do Sul","municipio":"Alcinópolis","longitude":"-53.678388","latitude":"-18.148805","nvl_valida":"Nível 1","__atlas_fonte_oficial":"CANIE/CECAV/ICMBio","__atlas_metodo_captura":"WFS oficial ICMBio/INDE","__atlas_tipo_servico":"ICMBio:canie_052026_p","__atlas_capturado_em":"2026-08-10T12:53:17.009Z","__atlas_recorte":"Mato Grosso do Sul por atributo ou interseção com envelope estadual","__atlas_aviso":"Cadastro não representa todo o universo de cavernas e não substitui validação de campo ou autorização de visitação.","id_rota_mais_proxima":"ROTA-EST-010","rota_mais_proxima":"Rota do Cerrado","distancia_minima_rota_km":19.728,"limiar_exploratorio_km":50,"metodo":"menor distância euclidiana local aproximada entre ponto CANIE e segmentos das rotas esquemáticas","fonte_cavidade":"CANIE/CECAV/ICMBio · snapshot local capturado em 10/08/2026","fonte_rotas":"JOAJU MS · propostas metodológicas de rotas · corte 10/08/2026","data_corte":"2026-08-10","natureza_resultado":"análise espacial derivada","limitacoes":"Proximidade cartográfica não implica acesso, visitação, segurança, integração cultural ou autorização."}},{"type":"Feature","geometry":{"type":"Point","coordinates":[-53.678527,-18.14861101]},"properties":{"ogc_fid":21335,"num_canie":"027268.00015.50.00252","nome":"Abrigo da Suindara","estado":"Mato Grosso do Sul","municipio":"Alcinópolis","longitude":"-53.678527","latitude":"-18.148611","nvl_valida":"Nível 1","__atlas_fonte_oficial":"CANIE/CECAV/ICMBio","__atlas_metodo_captura":"WFS oficial ICMBio/INDE","__atlas_tipo_servico":"ICMBio:canie_052026_p","__atlas_capturado_em":"2026-08-10T12:53:17.009Z","__atlas_recorte":"Mato Grosso do Sul por atributo ou interseção com envelope estadual","__atlas_aviso":"Cadastro não representa todo o universo de cavernas e não substitui validação de campo ou autorização de visitação.","id_rota_mais_proxima":"ROTA-EST-010","rota_mais_proxima":"Rota do Cerrado","distancia_minima_rota_km":19.747,"limiar_exploratorio_km":50,"metodo":"menor distância euclidiana local aproximada entre ponto CANIE e segmentos das rotas esquemáticas","fonte_cavidade":"CANIE/CECAV/ICMBio · snapshot local capturado em 10/08/2026","fonte_rotas":"JOAJU MS · propostas metodológicas de rotas · corte 10/08/2026","data_corte":"2026-08-10","natureza_resultado":"análise espacial derivada","limitacoes":"Proximidade cartográfica não implica acesso, visitação, segurança, integração cultural ou autorização."}},{"type":"Feature","geometry":{"type":"Point","coordinates":[-53.677583,-18.14941601]},"properties":{"ogc_fid":21336,"num_canie":"027269.00016.50.00252","nome":"Abrigo do Descanso","estado":"Mato Grosso do Sul","municipio":"Alcinópolis","longitude":"-53.677583","latitude":"-18.149416","nvl_valida":"Nível 1","__atlas_fonte_oficial":"CANIE/CECAV/ICMBio","__atlas_metodo_captura":"WFS oficial ICMBio/INDE","__atlas_tipo_servico":"ICMBio:canie_052026_p","__atlas_capturado_em":"2026-08-10T12:53:17.009Z","__atlas_recorte":"Mato Grosso do Sul por atributo ou interseção com envelope estadual","__atlas_aviso":"Cadastro não representa todo o universo de cavernas e não substitui validação de campo ou autorização de visitação.","id_rota_mais_proxima":"ROTA-EST-010","rota_mais_proxima":"Rota do Cerrado","distancia_minima_rota_km":19.673,"limiar_exploratorio_km":50,"metodo":"menor distância euclidiana local aproximada entre ponto CANIE e segmentos das rotas esquemáticas","fonte_cavidade":"CANIE/CECAV/ICMBio · snapshot local capturado em 10/08/2026","fonte_rotas":"JOAJU MS · propostas metodológicas de rotas · corte 10/08/2026","data_corte":"2026-08-10","natureza_resultado":"análise espacial derivada","limitacoes":"Proximidade cartográfica não implica acesso, visitação, segurança, integração cultural ou autorização."}},{"type":"Feature","geometry":{"type":"Point","coordinates":[-53.677222,-18.14938801]},"properties":{"ogc_fid":21337,"num_canie":"027270.00017.50.00252","nome":"Abrigo do Mirante","estado":"Mato Grosso do Sul","municipio":"Alcinópolis","longitude":"-53.677222","latitude":"-18.149388","nvl_valida":"Nível 1","__atlas_fonte_oficial":"CANIE/CECAV/ICMBio","__atlas_metodo_captura":"WFS oficial ICMBio/INDE","__atlas_tipo_servico":"ICMBio:canie_052026_p","__atlas_capturado_em":"2026-08-10T12:53:17.009Z","__atlas_recorte":"Mato Grosso do Sul por atributo ou interseção com envelope estadual","__atlas_aviso":"Cadastro não representa todo o universo de cavernas e não substitui validação de campo ou autorização de visitação.","id_rota_mais_proxima":"ROTA-EST-010","rota_mais_proxima":"Rota do Cerrado","distancia_minima_rota_km":19.681,"limiar_exploratorio_km":50,"metodo":"menor distância euclidiana local aproximada entre ponto CANIE e segmentos das rotas esquemáticas","fonte_cavidade":"CANIE/CECAV/ICMBio · snapshot local capturado em 10/08/2026","fonte_rotas":"JOAJU MS · propostas metodológicas de rotas · corte 10/08/2026","data_corte":"2026-08-10","natureza_resultado":"análise espacial derivada","limitacoes":"Proximidade cartográfica não implica acesso, visitação, segurança, integração cultural ou autorização."}},{"type":"Feature","geometry":{"type":"Point","coordinates":[-53.6675,-18.11361101]},"properties":{"ogc_fid":21339,"num_canie":"027272.00018.50.00252","nome":"Caverninha","estado":"Mato Grosso do Sul","municipio":"Alcinópolis","longitude":"-53.6675","latitude":"-18.113611","nvl_valida":"Nível 1","__atlas_fonte_oficial":"CANIE/CECAV/ICMBio","__atlas_metodo_captura":"WFS oficial ICMBio/INDE","__atlas_tipo_servico":"ICMBio:canie_052026_p","__atlas_capturado_em":"2026-08-10T12:53:17.009Z","__atlas_recorte":"Mato Grosso do Sul por atributo ou interseção com envelope estadual","__atlas_aviso":"Cadastro não representa todo o universo de cavernas e não substitui validação de campo ou autorização de visitação.","id_rota_mais_proxima":"ROTA-EST-010","rota_mais_proxima":"Rota do Cerrado","distancia_minima_rota_km":23.749,"limiar_exploratorio_km":50,"metodo":"menor distância euclidiana local aproximada entre ponto CANIE e segmentos das rotas esquemáticas","fonte_cavidade":"CANIE/CECAV/ICMBio · snapshot local capturado em 10/08/2026","fonte_rotas":"JOAJU MS · propostas metodológicas de rotas · corte 10/08/2026","data_corte":"2026-08-10","natureza_resultado":"análise espacial derivada","limitacoes":"Proximidade cartográfica não implica acesso, visitação, segurança, integração cultural ou autorização."}},{"type":"Feature","geometry":{"type":"Point","coordinates":[-53.666972,-18.11350001]},"properties":{"ogc_fid":21341,"num_canie":"027274.00019.50.00252","nome":"Gruta Bonita","estado":"Mato Grosso do Sul","municipio":"Alcinópolis","longitude":"-53.666972","latitude":"-18.1135","nvl_valida":"Nível 1","__atlas_fonte_oficial":"CANIE/CECAV/ICMBio","__atlas_metodo_captura":"WFS oficial ICMBio/INDE","__atlas_tipo_servico":"ICMBio:canie_052026_p","__atlas_capturado_em":"2026-08-10T12:53:17.009Z","__atlas_recorte":"Mato Grosso do Sul por atributo ou interseção com envelope estadual","__atlas_aviso":"Cadastro não representa todo o universo de cavernas e não substitui validação de campo ou autorização de visitação.","id_rota_mais_proxima":"ROTA-EST-010","rota_mais_proxima":"Rota do Cerrado","distancia_minima_rota_km":23.77,"limiar_exploratorio_km":50,"metodo":"menor distância euclidiana local aproximada entre ponto CANIE e segmentos das rotas esquemáticas","fonte_cavidade":"CANIE/CECAV/ICMBio · snapshot local capturado em 10/08/2026","fonte_rotas":"JOAJU MS · propostas metodológicas de rotas · corte 10/08/2026","data_corte":"2026-08-10","natureza_resultado":"análise espacial derivada","limitacoes":"Proximidade cartográfica não implica acesso, visitação, segurança, integração cultural ou autorização."}},{"type":"Feature","geometry":{"type":"Point","coordinates":[-53.679222,-18.14827701]},"properties":{"ogc_fid":21342,"num_canie":"027275.00020.50.00252","nome":"Gruta da Antinha","estado":"Mato Grosso do Sul","municipio":"Alcinópolis","longitude":"-53.679222","latitude":"-18.148277","nvl_valida":"Nível 1","__atlas_fonte_oficial":"CANIE/CECAV/ICMBio","__atlas_metodo_captura":"WFS oficial ICMBio/INDE","__atlas_tipo_servico":"ICMBio:canie_052026_p","__atlas_capturado_em":"2026-08-10T12:53:17.009Z","__atlas_recorte":"Mato Grosso do Sul por atributo ou interseção com envelope estadual","__atlas_aviso":"Cadastro não representa todo o universo de cavernas e não substitui validação de campo ou autorização de visitação.","id_rota_mais_proxima":"ROTA-EST-010","rota_mais_proxima":"Rota do Cerrado","distancia_minima_rota_km":19.774,"limiar_exploratorio_km":50,"metodo":"menor distância euclidiana local aproximada entre ponto CANIE e segmentos das rotas esquemáticas","fonte_cavidade":"CANIE/CECAV/ICMBio · snapshot local capturado em 10/08/2026","fonte_rotas":"JOAJU MS · propostas metodológicas de rotas · corte 10/08/2026","data_corte":"2026-08-10","natureza_resultado":"análise espacial derivada","limitacoes":"Proximidade cartográfica não implica acesso, visitação, segurança, integração cultural ou autorização."}},{"type":"Feature","geometry":{"type":"Point","coordinates":[-53.684194,-18.11769401]},"properties":{"ogc_fid":21343,"num_canie":"027276.00021.50.00252","nome":"Gruta da Claraboia","estado":"Mato Grosso do Sul","municipio":"Alcinópolis","longitude":"-53.684194","latitude":"-18.117694","nvl_valida":"Nível 1","__atlas_fonte_oficial":"CANIE/CECAV/ICMBio","__atlas_metodo_captura":"WFS oficial ICMBio/INDE","__atlas_tipo_servico":"ICMBio:canie_052026_p","__atlas_capturado_em":"2026-08-10T12:53:17.009Z","__atlas_recorte":"Mato Grosso do Sul por atributo ou interseção com envelope estadual","__atlas_aviso":"Cadastro não representa todo o universo de cavernas e não substitui validação de campo ou autorização de visitação.","id_rota_mais_proxima":"ROTA-EST-010","rota_mais_proxima":"Rota do Cerrado","distancia_minima_rota_km":23.075,"limiar_exploratorio_km":50,"metodo":"menor distância euclidiana local aproximada entre ponto CANIE e segmentos das rotas esquemáticas","fonte_cavidade":"CANIE/CECAV/ICMBio · snapshot local capturado em 10/08/2026","fonte_rotas":"JOAJU MS · propostas metodológicas de rotas · corte 10/08/2026","data_corte":"2026-08-10","natureza_resultado":"análise espacial derivada","limitacoes":"Proximidade cartográfica não implica acesso, visitação, segurança, integração cultural ou autorização."}},{"type":"Feature","geometry":{"type":"Point","coordinates":[-53.658388,-18.12122201]},"properties":{"ogc_fid":21344,"num_canie":"027277.00022.50.00252","nome":"Gruta do Altar","estado":"Mato Grosso do Sul","municipio":"Alcinópolis","longitude":"-53.658388","latitude":"-18.121222","nvl_valida":"Nível 1","__atlas_fonte_oficial":"CANIE/CECAV/ICMBio","__atlas_metodo_captura":"WFS oficial ICMBio/INDE","__atlas_tipo_servico":"ICMBio:canie_052026_p","__atlas_capturado_em":"2026-08-10T12:53:17.009Z","__atlas_recorte":"Mato Grosso do Sul por atributo ou interseção com envelope estadual","__atlas_aviso":"Cadastro não representa todo o universo de cavernas e não substitui validação de campo ou autorização de visitação.","id_rota_mais_proxima":"ROTA-EST-010","rota_mais_proxima":"Rota do Cerrado","distancia_minima_rota_km":23.102,"limiar_exploratorio_km":50,"metodo":"menor distância euclidiana local aproximada entre ponto CANIE e segmentos das rotas esquemáticas","fonte_cavidade":"CANIE/CECAV/ICMBio · snapshot local capturado em 10/08/2026","fonte_rotas":"JOAJU MS · propostas metodológicas de rotas · corte 10/08/2026","data_corte":"2026-08-10","natureza_resultado":"análise espacial derivada","limitacoes":"Proximidade cartográfica não implica acesso, visitação, segurança, integração cultural ou autorização."}},{"type":"Feature","geometry":{"type":"Point","coordinates":[-53.683888,-18.11750001]},"properties":{"ogc_fid":21345,"num_canie":"027278.00023.50.00252","nome":"GRUTA DO AMBLIPIGIO","estado":"Mato Grosso do Sul","municipio":"Alcinópolis","longitude":"-53.683888","latitude":"-18.1175","nvl_valida":"Nível 1","__atlas_fonte_oficial":"CANIE/CECAV/ICMBio","__atlas_metodo_captura":"WFS oficial ICMBio/INDE","__atlas_tipo_servico":"ICMBio:canie_052026_p","__atlas_capturado_em":"2026-08-10T12:53:17.009Z","__atlas_recorte":"Mato Grosso do Sul por atributo ou interseção com envelope estadual","__atlas_aviso":"Cadastro não representa todo o universo de cavernas e não substitui validação de campo ou autorização de visitação.","id_rota_mais_proxima":"ROTA-EST-010","rota_mais_proxima":"Rota do Cerrado","distancia_minima_rota_km":23.1,"limiar_exploratorio_km":50,"metodo":"menor distância euclidiana local aproximada entre ponto CANIE e segmentos das rotas esquemáticas","fonte_cavidade":"CANIE/CECAV/ICMBio · snapshot local capturado em 10/08/2026","fonte_rotas":"JOAJU MS · propostas metodológicas de rotas · corte 10/08/2026","data_corte":"2026-08-10","natureza_resultado":"análise espacial derivada","limitacoes":"Proximidade cartográfica não implica acesso, visitação, segurança, integração cultural ou autorização."}},{"type":"Feature","geometry":{"type":"Point","coordinates":[-53.679222,-18.14833301]},"properties":{"ogc_fid":21346,"num_canie":"027279.00024.50.00252","nome":"Gruta do Anta","estado":"Mato Grosso do Sul","municipio":"Alcinópolis","longitude":"-53.679222","latitude":"-18.148333","nvl_valida":"Nível 1","__atlas_fonte_oficial":"CANIE/CECAV/ICMBio","__atlas_metodo_captura":"WFS oficial ICMBio/INDE","__atlas_tipo_servico":"ICMBio:canie_052026_p","__atlas_capturado_em":"2026-08-10T12:53:17.009Z","__atlas_recorte":"Mato Grosso do Sul por atributo ou interseção com envelope estadual","__atlas_aviso":"Cadastro não representa todo o universo de cavernas e não substitui validação de campo ou autorização de visitação.","id_rota_mais_proxima":"ROTA-EST-011","rota_mais_proxima":"Rota da Arte Rupestre, dos Chapadões e das Águas do Norte","distancia_minima_rota_km":19.767,"limiar_exploratorio_km":50,"metodo":"menor distância euclidiana local aproximada entre ponto CANIE e segmentos das rotas esquemáticas","fonte_cavidade":"CANIE/CECAV/ICMBio · snapshot local capturado em 10/08/2026","fonte_rotas":"JOAJU MS · propostas metodológicas de rotas · corte 10/08/2026","data_corte":"2026-08-10","natureza_resultado":"análise espacial derivada","limitacoes":"Proximidade cartográfica não implica acesso, visitação, segurança, integração cultural ou autorização."}},{"type":"Feature","geometry":{"type":"Point","coordinates":[-53.678333,-18.14894401]},"properties":{"ogc_fid":21347,"num_canie":"027280.00025.50.00252","nome":"Gruta do Bezerro","estado":"Mato Grosso do Sul","municipio":"Alcinópolis","longitude":"-53.678333","latitude":"-18.148944","nvl_valida":"Nível 1","__atlas_fonte_oficial":"CANIE/CECAV/ICMBio","__atlas_metodo_captura":"WFS oficial ICMBio/INDE","__atlas_tipo_servico":"ICMBio:canie_052026_p","__atlas_capturado_em":"2026-08-10T12:53:17.009Z","__atlas_recorte":"Mato Grosso do Sul por atributo ou interseção com envelope estadual","__atlas_aviso":"Cadastro não representa todo o universo de cavernas e não substitui validação de campo ou autorização de visitação.","id_rota_mais_proxima":"ROTA-EST-010","rota_mais_proxima":"Rota do Cerrado","distancia_minima_rota_km":19.713,"limiar_exploratorio_km":50,"metodo":"menor distância euclidiana local aproximada entre ponto CANIE e segmentos das rotas esquemáticas","fonte_cavidade":"CANIE/CECAV/ICMBio · snapshot local capturado em 10/08/2026","fonte_rotas":"JOAJU MS · propostas metodológicas de rotas · corte 10/08/2026","data_corte":"2026-08-10","natureza_resultado":"análise espacial derivada","limitacoes":"Proximidade cartográfica não implica acesso, visitação, segurança, integração cultural ou autorização."}},{"type":"Feature","geometry":{"type":"Point","coordinates":[-53.678694,-18.14847201]},"properties":{"ogc_fid":21348,"num_canie":"027281.00026.50.00252","nome":"Gruta do Pezinho","estado":"Mato Grosso do Sul","municipio":"Alcinópolis","longitude":"-53.678694","latitude":"-18.148472","nvl_valida":"Nível 1","__atlas_fonte_oficial":"CANIE/CECAV/ICMBio","__atlas_metodo_captura":"WFS oficial ICMBio/INDE","__atlas_tipo_servico":"ICMBio:canie_052026_p","__atlas_capturado_em":"2026-08-10T12:53:17.009Z","__atlas_recorte":"Mato Grosso do Sul por atributo ou interseção com envelope estadual","__atlas_aviso":"Cadastro não representa todo o universo de cavernas e não substitui validação de campo ou autorização de visitação.","id_rota_mais_proxima":"ROTA-EST-010","rota_mais_proxima":"Rota do Cerrado","distancia_minima_rota_km":19.76,"limiar_exploratorio_km":50,"metodo":"menor distância euclidiana local aproximada entre ponto CANIE e segmentos das rotas esquemáticas","fonte_cavidade":"CANIE/CECAV/ICMBio · snapshot local capturado em 10/08/2026","fonte_rotas":"JOAJU MS · propostas metodológicas de rotas · corte 10/08/2026","data_corte":"2026-08-10","natureza_resultado":"análise espacial derivada","limitacoes":"Proximidade cartográfica não implica acesso, visitação, segurança, integração cultural ou autorização."}},{"type":"Feature","geometry":{"type":"Point","coordinates":[-53.678083,-18.14905501]},"properties":{"ogc_fid":21349,"num_canie":"027282.00027.50.00252","nome":"Templo dos Pilares","estado":"Mato Grosso do Sul","municipio":"Alcinópolis","longitude":"-53.678083","latitude":"-18.149055","nvl_valida":"Nível 1","__atlas_fonte_oficial":"CANIE/CECAV/ICMBio","__atlas_metodo_captura":"WFS oficial ICMBio/INDE","__atlas_tipo_servico":"ICMBio:canie_052026_p","__atlas_capturado_em":"2026-08-10T12:53:17.009Z","__atlas_recorte":"Mato Grosso do Sul por atributo ou interseção com envelope estadual","__atlas_aviso":"Cadastro não representa todo o universo de cavernas e não substitui validação de campo ou autorização de visitação.","id_rota_mais_proxima":"ROTA-EST-010","rota_mais_proxima":"Rota do Cerrado","distancia_minima_rota_km":19.705,"limiar_exploratorio_km":50,"metodo":"menor distância euclidiana local aproximada entre ponto CANIE e segmentos das rotas esquemáticas","fonte_cavidade":"CANIE/CECAV/ICMBio · snapshot local capturado em 10/08/2026","fonte_rotas":"JOAJU MS · propostas metodológicas de rotas · corte 10/08/2026","data_corte":"2026-08-10","natureza_resultado":"análise espacial derivada","limitacoes":"Proximidade cartográfica não implica acesso, visitação, segurança, integração cultural ou autorização."}},{"type":"Feature","geometry":{"type":"Point","coordinates":[-53.67,-18.38630501]},"properties":{"ogc_fid":22222,"num_canie":"028156.00028.50.00252","nome":"Abrigo do Mirante da Serra do Barro Branco","estado":"Mato Grosso do Sul","municipio":"Alcinópolis","longitude":"-53.67","latitude":"-18.386305","nvl_valida":"Nível 1","__atlas_fonte_oficial":"CANIE/CECAV/ICMBio","__atlas_metodo_captura":"WFS oficial ICMBio/INDE","__atlas_tipo_servico":"ICMBio:canie_052026_p","__atlas_capturado_em":"2026-08-10T12:53:17.009Z","__atlas_recorte":"Mato Grosso do Sul por atributo ou interseção com envelope estadual","__atlas_aviso":"Cadastro não representa todo o universo de cavernas e não substitui validação de campo ou autorização de visitação.","id_rota_mais_proxima":"ROTA-EST-010","rota_mais_proxima":"Rota do Cerrado","distancia_minima_rota_km":4.921,"limiar_exploratorio_km":50,"metodo":"menor distância euclidiana local aproximada entre ponto CANIE e segmentos das rotas esquemáticas","fonte_cavidade":"CANIE/CECAV/ICMBio · snapshot local capturado em 10/08/2026","fonte_rotas":"JOAJU MS · propostas metodológicas de rotas · corte 10/08/2026","data_corte":"2026-08-10","natureza_resultado":"análise espacial derivada","limitacoes":"Proximidade cartográfica não implica acesso, visitação, segurança, integração cultural ou autorização."}},{"type":"Feature","geometry":{"type":"Point","coordinates":[-53.636361,-18.26205501]},"properties":{"ogc_fid":22223,"num_canie":"028157.00029.50.00252","nome":"Gruta Pitoco","estado":"Mato Grosso do Sul","municipio":"Alcinópolis","longitude":"-53.636361","latitude":"-18.262055","nvl_valida":"Nível 1","__atlas_fonte_oficial":"CANIE/CECAV/ICMBio","__atlas_metodo_captura":"WFS oficial ICMBio/INDE","__atlas_tipo_servico":"ICMBio:canie_052026_p","__atlas_capturado_em":"2026-08-10T12:53:17.009Z","__atlas_recorte":"Mato Grosso do Sul por atributo ou interseção com envelope estadual","__atlas_aviso":"Cadastro não representa todo o universo de cavernas e não substitui validação de campo ou autorização de visitação.","id_rota_mais_proxima":"ROTA-EST-011","rota_mais_proxima":"Rota da Arte Rupestre, dos Chapadões e das Águas do Norte","distancia_minima_rota_km":9.162,"limiar_exploratorio_km":50,"metodo":"menor distância euclidiana local aproximada entre ponto CANIE e segmentos das rotas esquemáticas","fonte_cavidade":"CANIE/CECAV/ICMBio · snapshot local capturado em 10/08/2026","fonte_rotas":"JOAJU MS · propostas metodológicas de rotas · corte 10/08/2026","data_corte":"2026-08-10","natureza_resultado":"análise espacial derivada","limitacoes":"Proximidade cartográfica não implica acesso, visitação, segurança, integração cultural ou autorização."}},{"type":"Feature","geometry":{"type":"Point","coordinates":[-56.70566,-20.62631001]},"properties":{"ogc_fid":22776,"num_canie":"028710.00223.50.02159","nome":"Campo Novo","estado":"Mato Grosso do Sul","municipio":"Bodoquena","longitude":"-56.70566","latitude":"-20.62631","nvl_valida":"Nível 1","__atlas_fonte_oficial":"CANIE/CECAV/ICMBio","__atlas_metodo_captura":"WFS oficial ICMBio/INDE","__atlas_tipo_servico":"ICMBio:canie_052026_p","__atlas_capturado_em":"2026-08-10T12:53:17.009Z","__atlas_recorte":"Mato Grosso do Sul por atributo ou interseção com envelope estadual","__atlas_aviso":"Cadastro não representa todo o universo de cavernas e não substitui validação de campo ou autorização de visitação.","id_rota_mais_proxima":"ROTA-PROP-005","rota_mais_proxima":"Rota Geocultural Bodoquena Pantanal","distancia_minima_rota_km":2.709,"limiar_exploratorio_km":50,"metodo":"menor distância euclidiana local aproximada entre ponto CANIE e segmentos das rotas esquemáticas","fonte_cavidade":"CANIE/CECAV/ICMBio · snapshot local capturado em 10/08/2026","fonte_rotas":"JOAJU MS · propostas metodológicas de rotas · corte 10/08/2026","data_corte":"2026-08-10","natureza_resultado":"análise espacial derivada","limitacoes":"Proximidade cartográfica não implica acesso, visitação, segurança, integração cultural ou autorização."}},{"type":"Feature","geometry":{"type":"Point","coordinates":[-56.74318,-20.58257001]},"properties":{"ogc_fid":22965,"num_canie":"028899.00224.50.02159","nome":"Pulchra","estado":"Mato Grosso do Sul","municipio":"Bodoquena","longitude":"-56.74318","latitude":"-20.58257","nvl_valida":"Nível 1","__atlas_fonte_oficial":"CANIE/CECAV/ICMBio","__atlas_metodo_captura":"WFS oficial ICMBio/INDE","__atlas_tipo_servico":"ICMBio:canie_052026_p","__atlas_capturado_em":"2026-08-10T12:53:17.009Z","__atlas_recorte":"Mato Grosso do Sul por atributo ou interseção com envelope estadual","__atlas_aviso":"Cadastro não representa todo o universo de cavernas e não substitui validação de campo ou autorização de visitação.","id_rota_mais_proxima":"ROTA-EST-027","rota_mais_proxima":"Rota do Artesanato e das Cerâmicas de Mato Grosso do Sul","distancia_minima_rota_km":1.169,"limiar_exploratorio_km":50,"metodo":"menor distância euclidiana local aproximada entre ponto CANIE e segmentos das rotas esquemáticas","fonte_cavidade":"CANIE/CECAV/ICMBio · snapshot local capturado em 10/08/2026","fonte_rotas":"JOAJU MS · propostas metodológicas de rotas · corte 10/08/2026","data_corte":"2026-08-10","natureza_resultado":"análise espacial derivada","limitacoes":"Proximidade cartográfica não implica acesso, visitação, segurança, integração cultural ou autorização."}},{"type":"Feature","geometry":{"type":"Point","coordinates":[-56.596812,-20.80972401]},"properties":{"ogc_fid":25516,"num_canie":"031885.00232.50.02209","nome":"Caverna do Mezanino","estado":"Mato Grosso do Sul","municipio":"Bonito","longitude":"-56.596812","latitude":"-20.809724","nvl_valida":"Nível 1","__atlas_fonte_oficial":"CANIE/CECAV/ICMBio","__atlas_metodo_captura":"WFS oficial ICMBio/INDE","__atlas_tipo_servico":"ICMBio:canie_052026_p","__atlas_capturado_em":"2026-08-10T12:53:17.009Z","__atlas_recorte":"Mato Grosso do Sul por atributo ou interseção com envelope estadual","__atlas_aviso":"Cadastro não representa todo o universo de cavernas e não substitui validação de campo ou autorização de visitação.","id_rota_mais_proxima":"ROTA-PROP-005","rota_mais_proxima":"Rota Geocultural Bodoquena Pantanal","distancia_minima_rota_km":0.96,"limiar_exploratorio_km":50,"metodo":"menor distância euclidiana local aproximada entre ponto CANIE e segmentos das rotas esquemáticas","fonte_cavidade":"CANIE/CECAV/ICMBio · snapshot local capturado em 10/08/2026","fonte_rotas":"JOAJU MS · propostas metodológicas de rotas · corte 10/08/2026","data_corte":"2026-08-10","natureza_resultado":"análise espacial derivada","limitacoes":"Proximidade cartográfica não implica acesso, visitação, segurança, integração cultural ou autorização."}},{"type":"Feature","geometry":{"type":"Point","coordinates":[-56.757824,-21.49284101]},"properties":{"ogc_fid":28629,"num_canie":"034998.00233.50.05004","nome":"Toca da Onça","estado":"Mato Grosso do Sul","municipio":"Jardim","longitude":"-56.757824","latitude":"-21.492841","nvl_valida":"Nível 1","__atlas_fonte_oficial":"CANIE/CECAV/ICMBio","__atlas_metodo_captura":"WFS oficial ICMBio/INDE","__atlas_tipo_servico":"ICMBio:canie_052026_p","__atlas_capturado_em":"2026-08-10T12:53:17.009Z","__atlas_recorte":"Mato Grosso do Sul por atributo ou interseção com envelope estadual","__atlas_aviso":"Cadastro não representa todo o universo de cavernas e não substitui validação de campo ou autorização de visitação.","id_rota_mais_proxima":"ROTA-EST-014","rota_mais_proxima":"Rota Bioceânica das Culturas de Fronteira","distancia_minima_rota_km":6.976,"limiar_exploratorio_km":50,"metodo":"menor distância euclidiana local aproximada entre ponto CANIE e segmentos das rotas esquemáticas","fonte_cavidade":"CANIE/CECAV/ICMBio · snapshot local capturado em 10/08/2026","fonte_rotas":"JOAJU MS · propostas metodológicas de rotas · corte 10/08/2026","data_corte":"2026-08-10","natureza_resultado":"análise espacial derivada","limitacoes":"Proximidade cartográfica não implica acesso, visitação, segurança, integração cultural ou autorização."}}],"atlas_metadata":{"produto":"Cavidades próximas às rotas em estudo","data_corte":"2026-08-10","cavidades_base":341,"rotas_base":32,"limiar_km":50,"metodo":"distância mínima ponto–segmento","natureza":"análise derivada exploratória"}}