codigo,nome,municipio,melhor_candidato,score,score_nome,score_endereco,margem,motivo
"50011782","EMEI RENATO RIVEIRA","Água Clara","","","","","","sem candidato nominal"
"50011790","EM ISOLINO CANDIDO DIAS - POLO","Água Clara","","","","","","sem candidato nominal"
"50026941","EMEI - IRMA OLGA SALIM DAULIB","Água Clara","","","","","","sem candidato nominal"
"50027697","CENTRO DE EDUCACAO ESPECIAL GENTE FELIZ","Água Clara","CENTRO EDUCACIONAL CAMILO QUEIROZ","0.4042","0.4516","0.4779","0.4042","abaixo do limiar ou ambíguo"
"50034081","CENTRO DE EDUCACAO INFANTIL DANIELA DE ARAUJO FELICIO","Água Clara","","","","","","sem candidato nominal"
"50034421","INSTITUTO EDUCACIONAL CECILIA MEIRELES","Água Clara","INST EDUC CECILIA MEIRELES","0.6442","0.7556","0.6761","0.1978","abaixo do limiar ou ambíguo"
"50035223","EMEC EVA DE FREITAS MATHIAS","Água Clara","ESCOLA MUNICIPAL DO CAMPI EVA FREITAS NATHIAS","0.541","0.6829","0.4522","0.541","abaixo do limiar ou ambíguo"
"50035908","CENTRO EDUCACIONAL MARIA SOCORRO DA SILVA FAUSTINO","Água Clara","CENTRO EDUCACIONAL CAMILO QUEIROZ","0.4642","0.5","0.5932","0.4642","abaixo do limiar ou ambíguo"
"50029690","CENTRO DE EDUCACAO ESPECIAL DE ALCINOPOLIS - CEDEAL","Alcinópolis","","","","","","sem candidato nominal"
"50015109","ESCOLA ESPECIAL RENASCER","Amambai","","","","","","sem candidato nominal"
"50025074","EM PROFª MARIA BATAGLIN MACHADO","Amambai","","","","","","sem candidato nominal"
"50027085","CEI - DEBORAH ALMEIDA BARROS QUINZANI","Amambai","","","","","","sem candidato nominal"
"50029010","EM POLO INDIGENA MBO ERENDA TUPA I NANDEVA","Amambai","ESCOLA MUNICIPAL POLO INDIGENA MB ERENDA TUPA NANDEVA","0.6754","0.9189","0.4065","0.2272","abaixo do limiar ou ambíguo"
"50029029","ESCOLA MUNICIPAL MARLENE VILARINHO DE ALBUQUERQUE","Amambai","EM MARLENE VILARINHO","0.6569","0.7317","0.7816","0.2315","abaixo do limiar ou ambíguo"
"50029037","EM MITA RORY","Amambai","","","","","","sem candidato nominal"
"50029843","ESCOLA MUNICIPAL AYRTON SENNA DA SILVA","Amambai","ESCOLA AYRTON SENNA","0.6317","0.8","0.5217","0.1015","abaixo do limiar ou ambíguo"
"50030370","EE INDIGENA MBO EROY GUARANI KAIOWA","Amambai","ESCOLA MUNICIPAL POLO INDIGENA MBOEROY GUARANI KAIOWA","0.705","1","0.4615","0.1318","conflito de dependência administrativa"
"50036017","ESCOLA MUNICIPAL NOVO HORIZONTE","Amambai","ESCOLA MUNICIPAL","0.4937","0.6829","0.2703","0.0205","abaixo do limiar ou ambíguo"
"50036122","CEI ROSA MARIA OSORSKI","Amambai","","","","","","sem candidato nominal"
"50066811","CEI - PEQUENO APRENDIZ","Amambai","","","","","","sem candidato nominal"
"50001078","ESCOLA MUNICIPAL CIVICO-MILITAR TEODORO RONDON","Anastácio","ESCOLA ESTADUAL TEODORO RONDON","0.777","1","0.7385","0.3564","conflito de dependência administrativa"
"50001094","EE DEP CARLOS SOUZA MEDEIROS","Anastácio","","","","","","sem candidato nominal"
"50001108","EE ROBERTO SCAFF","Anastácio","","","","","","sem candidato nominal"
"50001116","EE CIVICO MILITAR MARIA CORREA DIAS","Anastácio","","","","","","sem candidato nominal"
"50001361","ESCOLA- POLO MUNICIPAL RURAL NOVO PROGRESSO","Anastácio","ESCOLA POLO MUNICIPAL ARACY MOREIRA DOS","0.4418","0.5797","0.3168","0.046","abaixo do limiar ou ambíguo"
"50001469","ESCOLA -POLO MUNICIPAL RURAL SAO MANOEL","Anastácio","ESCOLA POLO MUNICIPAL ARACY MOREIRA DOS","0.4549","0.5846","0.3556","0.0374","abaixo do limiar ou ambíguo"
"50001515","INSTITUTO EDUCACIONAL DE ANASTACIO","Anastácio","ESCOLA EDUCACIONAL ANASTACIO","0.556","0.6545","0.5778","0.556","abaixo do limiar ou ambíguo"
"50024078","ESCOLA MUNICIPAL JOSEFA MARIA DA CONCEICAO - DONA ZEFA","Anastácio","ESCOLA MUNICIPAL JARDIM INDEPENDENCIA","0.396","0.4675","0.4082","0.0199","abaixo do limiar ou ambíguo"
"50028316","CENTRO DE EDUCACAO INFANTIL JARDIM INDEPENDENCIA","Anastácio","ESCOLA MUNICIPAL JARDIM INDEPENDENCIA","0.6487","0.8182","0.5439","0.1409","abaixo do limiar ou ambíguo"
"50052802","CAOECS- CENTRO DE APOIO E ORIENTACAO ESPECIALIZADO CAMINHOS DO SABER- APAE ANASTACIO","Anastácio","","","","","","sem candidato nominal"
"50072951","CEI PROFª EDNAI PAIM AGUILLERA","Anastácio","","","","","","sem candidato nominal"
"50012800","EMR LUCIANO DA COSTA LIMA","Anaurilândia","","","","","","sem candidato nominal"
"50024639","ESCOLA DE EDUC ESP CAMINHO DA ESPERANCA","Anaurilândia","","","","","","sem candidato nominal"
"50026267","ESCOLA MUNICIPAL DO ENSINO FUNDAMENTAL PROFESSOR PAULO NEY","Anaurilândia","ESCOLA MUNICIPAL PROFESSOR PAULO NEY","0.6338","0.75","0.6494","0.2497","abaixo do limiar ou ambíguo"
"50027000","EMEI RISQUE E RABISQUE-POLO","Anaurilândia","E MUN DE ED INFANTIL RISQUE E RABISQUE","0.5847","0.6667","0.6591","0.5847","abaixo do limiar ou ambíguo"
"50032380","CAEE - CAMINHO DA ESPERANCA","Anaurilândia","","","","","","sem candidato nominal"
"50019473","EE SEN FILINTO MULLER","Angélica","","","","","","sem candidato nominal"
"50019511","EMEIEF NAPOLEAO BATISTA ALBUQUERQUE","Angélica","ESCOLA NAPOLEAO BATISTA","0.6599","0.7179","0.8261","0.6599","abaixo do limiar ou ambíguo"
"50029002","CEI - TEMPO FELIZ","Angélica","CEI NOVO TEMPO","0.418","0.5217","0.3636","0.418","abaixo do limiar ou ambíguo"
"50033034","EMEIEF MAURO FASCINCANI","Angélica","","","","","","sem candidato nominal"
"50034332","CENTRO DE EDUCACAO INFANTIL CANTINHO DO CEU","Angélica","","","","","","sem candidato nominal"
"50019520","EE LUIS VAZ DE CAMOES","Angélica","ESCOLA ESTADUAL LUIZ VAZ DE CAMOES","0.5759","0.8333","0.2278","0.5759","abaixo do limiar ou ambíguo"
"50023993","CENTRO DE EDUCACAO ESPECIAL VALQUIRIA ARRUDA DA SILVA","Angélica","","","","","","sem candidato nominal"
"50015311","ESCOLA MUNICIPAL MAIKA SANABRIA PINHEIRO","Antônio João","","","","","","sem candidato nominal"
"50026445","CENTRO DE EDUCACAO INFANTIL MUNDO ENCANTADO","Antônio João","CEI MUNDO ENCANTADO","0.6673","0.7647","0.7429","0.2865","abaixo do limiar ou ambíguo"
"50026453","CENTRO DE EDUCACAO INFANTIL DONA LILI","Antônio João","CEI DONA LILI","0.6076","0.6667","0.747","0.1951","abaixo do limiar ou ambíguo"
"50030914","CENTRO DE EDUCACAO ESPECIAL SEMENTE DE LUZ - APAE","Antônio João","","","","","","sem candidato nominal"
"50035401","CENTRO DE EDUCACAO INFANTIL PROFESSORA LUCILA DE ALMEIDA","Antônio João","EDUCACAO INFANTIL ALINE ESPINDOLA MARQUES","0.4952","0.4615","0.8039","0.0041","abaixo do limiar ou ambíguo"
"50024655","ESCOLA MUNICIPAL MBO EROY TUPA I ARANDU RENOI","Antônio João","ESCOLA MBOEROY TUPAI ARANDU RENOI","0.7297","0.9302","0.5882","0","abaixo do limiar ou ambíguo"
"50011006","CENTRO EDUC DE APARECIDA DO TABOADO - APAE","Aparecida do Taboado","","","","","","sem candidato nominal"
"50011014","CENTRO MUNICIPAL DE EDUCACAO INFANTIL - CMEI ADELICE BERNARDES DE MELO","Aparecida do Taboado","CRECHE E PRE ESCOLA ADELICE BERNARDES","0.6379","0.7143","0.75","0.6379","abaixo do limiar ou ambíguo"
"50026992","ESCOLA MUNICIPAL PROFESSOR JESUS JOSE DE SOUZA","Aparecida do Taboado","ESCOLA MUNICIPAL DE 1 GRAU PROFESSOR JES","0.5729","0.6774","0.5882","0.1197","abaixo do limiar ou ambíguo"
"50027689","ESCOLA RECANTO","Aparecida do Taboado","ESCOLA RECANTO OBJETIVO","0.66","0.75","0.75","0.2609","abaixo do limiar ou ambíguo"
"50031678","CMEI - PROFESSORA ROSALIA QUEIROZ DE OLIVEIRA","Aparecida do Taboado","","","","","","sem candidato nominal"
"50032690","CENTRO INTEGRADO SESI - SENAI APARECIDA DO TABOADO","Aparecida do Taboado","","","","","","sem candidato nominal"
"50032941","ESCOLA DO SESI APARECIDA DO TABOADO","Aparecida do Taboado","","","","","","sem candidato nominal"
"50034588","CENTRO DE ATENDIMENTO EDUCACIONAL ESPECIALIZADO DE APARECIDA DO TABOADO - MS","Aparecida do Taboado","","","","","","sem candidato nominal"
"50001582","ESCOLA MUNICIPAL CORONEL ANTONIO TRINDADE","Aquidauana","ESCOLA MUNICIPAL DE 1GRAU ANTONIO SANTOS","0.4704","0.6364","0.2917","0.0139","abaixo do limiar ou ambíguo"
"50001663","EE CEL JOSE ALVES RIBEIRO","Aquidauana","","","","","","sem candidato nominal"
"50001671","EE PROFª MARLY RUSSO RODRIGUES","Aquidauana","ESCOLA MARLI RUSSO RODRIGUES","0.6078","0.8","0.4301","0.6078","abaixo do limiar ou ambíguo"
"50001698","EE PROFª DORIS MENDES TRINDADE","Aquidauana","","","","","","sem candidato nominal"
"50001752","CENTRO DE EDUCACAO PROFISSIONAL DE AQUIDAUANA GERALDO AFONSO GARCIA FERREIRA","Aquidauana","CENTRO DE EDUCACAO PROF IRENE CICALISE","0.4227","0.5102","0.4091","0.4227","abaixo do limiar ou ambíguo"
"50001850","INSTITUTO EDUCACIONAL FALCAO","Aquidauana","","","","","","sem candidato nominal"
"50021990","EE MAL DEODORO DA FONSECA","Aquidauana","","","","","","sem candidato nominal"
"50026844","ESCOLA MUNICIPAL POLO PANTANEIRA","Aquidauana","ESCOLA MUNICIPAL DE 1GRAU ANTONIO SANTOS","0.4567","0.5806","0.3721","0.0221","abaixo do limiar ou ambíguo"
"50027719","CMEI BEZERRA DE MENEZES","Aquidauana","","","","","","sem candidato nominal"
"50031066","CENTRO MUNICIPAL EM ALFABETIZACAO ROTARY CLUB","Aquidauana","ESCOLA ESTADUAL ROTARY CLUB","0.5764","0.6667","0.7619","0.062","conflito de dependência administrativa"
"50031074","CMEI MARISA NOGUEIRA ROSA SCAFF","Aquidauana","","","","","","sem candidato nominal"
"50031236","CMEI - DONA MAFALDA","Aquidauana","","","","","","sem candidato nominal"
"50031252","CMEI - POLO VALDIR CATHCART FERREIRA","Aquidauana","","","","","","sem candidato nominal"
"50032321","CAEE - MARISA SCAFF","Aquidauana","","","","","","sem candidato nominal"
"50034359","CMEI - VEREADOR ADEMIR BRITES","Aquidauana","","","","","","sem candidato nominal"
"50082817","IFMS - CAMPUS AQUIDAUANA","Aquidauana","","","","","","sem candidato nominal"
"50002015","EM FRANKLIN CASSIANO","Aquidauana","ESOLA MUNICIPAL FRANKLIN CASSIANO","0.7001","0.8571","0.6486","0.7001","abaixo do limiar ou ambíguo"
"50002031","EM ANTONIO SANTOS RIBEIRO","Aquidauana","ESCOLA MUNICIPAL DE 1GRAU ANTONIO SANTOS","0.551","0.6667","0.5294","0.1852","abaixo do limiar ou ambíguo"
"50030400","EE INDIGENA DE EM PROF DOMINGOS VERISSIMO MARCOS - MIHIN","Aquidauana","ESCOLA ESTADUAL INDIGENA DE ENSINO MEDIO PROFESSOR DOMINGOS VERISSIMO MARCOS MIHIM","0.6513","0.8955","0.3696","0.6513","abaixo do limiar ou ambíguo"
"50029789","ESCOLA POLO MUNICIPAL INDIGENA ARANDU RENDA GUARANI KAIOWA E SALA DE EXTENSAO CHE RU APYCA RENDY","Aral Moreira","","","","","","sem candidato nominal"
"50029797","ESCOLA MUNICIPAL MARIA DE LOURDES FRAGELLI","Aral Moreira","ESCOLA MUNICIPAL","0.4594","0.56","0.4314","0.045","abaixo do limiar ou ambíguo"
"50032062","CENTRO DE EDUCACAO INFANTIL GERALDO ANTONIO LOPES","Aral Moreira","CENTRO DE EDUCACAO INFANTIL","0.5674","0.7077","0.4946","0.5674","abaixo do limiar ou ambíguo"
"50036041","CENTRO MUNICIPAL MULTIPROFISSIONAL DE ATENDIMENTO EDUCACIONAL ESPECIALIZADO ELIZETE CHECHETTO FABRIS","Aral Moreira","","","","","","sem candidato nominal"
"50082914","CENTRO DE ATENDIMENTO ESPECIAL LUZ E VIDA - APAE","Aral Moreira","","","","","","sem candidato nominal"
"50004719","EE JOAO RIBEIRO GUIMARAES","Bandeirantes","","","","","","sem candidato nominal"
"50004735","EM CUSTODIO FERREIRA GONCALVES POLO","Bandeirantes","","","","","","sem candidato nominal"
"50023730","CEEB - CENTRO DE EDUCACAO ESPECIAL BANDEIRANTES HERICLEIA PEREIRA DE SOUZA","Bandeirantes","","","","","","sem candidato nominal"
"50059858","CENTRO MUNICIPAL DE EDUCACAO INFANTIL PROF RAILSON FERREIRA DOS SANTOS-POLO","Bandeirantes","","","","","","sem candidato nominal"
"50013017","CENTRO EDUCACIONAL JUVENTUDE DO AMANHA","Bataguassu","CENTRO EDUCATIVO JUVENTUDE DO AMANHA","0.6376","0.8125","0.5149","0.2659","abaixo do limiar ou ambíguo"
"50013025","EE MANOEL DA COSTA LIMA","Bataguassu","","","","","","sem candidato nominal"
"50013050","EE PROF BRAZ SINIGAGLIA","Bataguassu","ESCOLA ESTADUAL PROF BRAZ","0.5104","0.6667","0.3733","0.5104","abaixo do limiar ou ambíguo"
"50013068","ESCOLA MUNICIPAL MARECHAL RONDON POLO E EXTENSAO","Bataguassu","ESCOLA MUNICIPAL MARECHAL RONDON","0.6885","0.7797","0.789","0.1653","abaixo do limiar ou ambíguo"
"50021931","ESCOLA DE EDUCACAO ESPECIAL PROF JOSE DOMINGOS CHIONHA","Bataguassu","ESCOLA MUNICIPAL PEDRO DOMINGUES","0.369","0.4595","0.3235","0.369","abaixo do limiar ou ambíguo"
"50025449","CEI - CASA DA VOVO DIVA","Bataguassu","CENTRO DE EDUCACAO INFANTIL CASA VOVO DIVA","0.5625","0.75","0.375","0.5625","abaixo do limiar ou ambíguo"
"50029983","ESCOLA MUNICIPAL - DO CAMPO PROF MARIA DA CONCEICAO","Bataguassu","ESCOLA MUNICIPAL MARECHAL RONDON","0.4438","0.5625","0.3656","0.0148","abaixo do limiar ou ambíguo"
"50031597","CENTRO DE EDUCACAO INFANTIL PREFEITO ENIO MARTINS","Bataguassu","CENTRO DE EDUCACAO INFANTIL","0.5097","0.7077","0.2727","0.0657","abaixo do limiar ou ambíguo"
"50032038","IIEB - INST IDEAL DE ENSINO DE BATAGUASSU","Bataguassu","CENTRO CULTURAL DE BATAGUASSU","0.4421","0.5641","0.3551","0.4421","abaixo do limiar ou ambíguo"
"50056808","CEI - IRMA PURA PAGANI","Bataguassu","","","","","","sem candidato nominal"
"50024876","ESCOLA MUNICIPAL PROFESSOR PEDRO DOMINGUES DE FIGUEIREDO","Bataguassu","ESCOLA MUNICIPAL PEDRO DOMINGUES","0.5978","0.7778","0.4444","0.2263","abaixo do limiar ou ambíguo"
"50025503","CENTRO DE EDUCACAO INFANTIL PROFESSORA ANA MARIA BERRO","Bataguassu","CENTRO DE EDUCACAO INFANTIL","0.6394","0.7302","0.7179","0.1543","abaixo do limiar ou ambíguo"
"50013181","EE BRAZ SINIGAGLIA","Batayporã","","","","","","sem candidato nominal"
"50029720","ESCOLA DE EDUCACAO ESPECIAL LUZ DO AMANHA","Batayporã","","","","","","sem candidato nominal"
"50034995","ESCOLA MUNICIPAL SHIOZO TAKAHASHI","Batayporã","ESCOLA MUNICIPAL ANIZIO TEIXEIRA DA SILV","0.4141","0.5397","0.3059","0.4141","abaixo do limiar ou ambíguo"
"50013831","COLEGIO CEFRON","Bela Vista","","","","","","sem candidato nominal"
"50013980","E M PROFESSORA CLOTILDE G DE CASTRO PINTO","Bela Vista","","","","","","sem candidato nominal"
"50014048","EE PROFª VERA GUIMARAES LOUREIRO","Bela Vista","","","","","","sem candidato nominal"
"50014056","INSTITUTO DE EDUCACAO DE BELA VISTA","Bela Vista","","","","","","sem candidato nominal"
"50014064","ESCOLA MUNICIPAL PEDRO AJALA","Bela Vista","ESCOLA MUNICIPAL DE ENSINO FUNDAMENTAL P","0.534","0.5517","0.7381","0.016","abaixo do limiar ou ambíguo"
"50021877","CENTRO DE EDUCACAO ESPECIAL RIO APA","Bela Vista","","","","","","sem candidato nominal"
"50024213","ESCOLA MUNICIPAL INDIGENA PIRACUA","Bela Vista","ESCOLA MUNICIPAL VERAS","0.4967","0.625","0.42","0.0057","abaixo do limiar ou ambíguo"
"50029525","COLEGIO CEFRON","Bela Vista","","","","","","sem candidato nominal"
"50030299","COLEGIO LOUREIRO","Bela Vista","","","","","","sem candidato nominal"
"50033760","CEIM IRMA ANGELINA","Bela Vista","","","","","","sem candidato nominal"
"50033778","CEIM PREFEITO WALTER ESCOBAR NUNES","Bela Vista","","","","","","sem candidato nominal"
"50033794","CEIM PROFESSORA ZULMIRA OSSUNA","Bela Vista","CEIM ZUMIRA OSSUNA","0.6321","0.7429","0.6598","0.6321","abaixo do limiar ou ambíguo"
"50035541","ESCOLA MUNICIPAL TUPI DE ALMEIDA MELLO","Bela Vista","ESCOLA MUN TUPI DE ALMEIDA MELO","0.705","0.875","0.625","0.2487","abaixo do limiar ou ambíguo"
"50026283","CEI - MARIA MADALENA FARIAS PINA","Bodoquena","","","","","","sem candidato nominal"
"50026879","EM JOAO BATISTA PACHECO","Bodoquena","ESCOLA PACHECO","0.5513","0.5217","0.8764","0.5513","abaixo do limiar ou ambíguo"
"50027387","CEI - BODOQUENA","Bodoquena","","","","","","sem candidato nominal"
"50033980","CENTRO DE ATENDIMENTO EDUCACIONAL ESPECIALIZADO DE BODOQUENA-CAEEB","Bodoquena","","","","","","sem candidato nominal"
"50034391","CENTRO DE EDUCACAO INFANTIL GILDETE AUSENI GOMES","Bodoquena","","","","","","sem candidato nominal"
"50014196","EE LUIZ DA COSTA FALCAO","Bonito","ESCOLA MUNICIPAL LUIZ DA COSTA FALCAO","0.7831","1","0.7619","0.7831","conflito de dependência administrativa"
"50014226","EM JOAO ALVES DA NOBREGA","Bonito","ESCOLA MUNICIPAL JOAO ALVES","0.5896","0.6957","0.6087","0.5896","abaixo do limiar ou ambíguo"
"50014234","ESCOLA MUNICIPAL JOAO ALVES DE ARRUDA","Bonito","ESCOLA MUNICIPAL JOAO ALVES","0.6237","0.8519","0.3673","0.0878","abaixo do limiar ou ambíguo"
"50014242","EM MANOEL INACIO DE FARIAS","Bonito","ESCOLA MUNICIPALMANOEL INACIO DE FARIAS","0.6289","0.7907","0.5333","0.6289","abaixo do limiar ou ambíguo"
"50014285","EPEPG SAGRADA FAMILIA","Bonito","ESCOLA SAGRADA FAMILIA","0.6582","0.8387","0.5316","0.6582","abaixo do limiar ou ambíguo"
"50014340","ESC ESP CAMINHO DA ESPERANCA - PESTALOZZI","Bonito","","","","","","sem candidato nominal"
"50027018","ESCOLA MUNICIPAL PROFESSORA IZAURA PINTO GUIMARAES","Bonito","ESCOLA MUN IZAURA PINTO MAGALHAES","0.6152","0.697","0.7042","0.1582","abaixo do limiar ou ambíguo"
"50027565","CEI - VERA LUCIA GHIZZI FIGUEIREDO","Bonito","","","","","","sem candidato nominal"
"50028103","CEI - HERMINIA TEIXEIRA SIQUEIRA","Bonito","","","","","","sem candidato nominal"
"50028839","COLEGIO HONORATO JACQUES","Bonito","ESCOLA EMR OZORIO JACQUES","0.4384","0.5517","0.3704","0.4384","abaixo do limiar ou ambíguo"
"50030302","RENOVO INSTITUTO EDUCACIONAL","Bonito","","","","","","sem candidato nominal"
"50033093","CENTRO DE ATENDIMENTO EDUCACIONAL ESPECIALIZADO TECENDO SONHOS","Bonito","","","","","","sem candidato nominal"
"50034294","ESCOLA INFANTIL NOVA GERACAO","Bonito","EDUCACAO INFANTIL","0.4417","0.56","0.3636","0.4417","abaixo do limiar ou ambíguo"
"50035606","CEI - IZALTINA VIEIRA COELHO","Bonito","","","","","","sem candidato nominal"
"50036440","ESCOLA BRACHA","Bonito","","","","","","sem candidato nominal"
"50036599","ESCOLA DE EDUCACAO INFANTIL TURMA DA MONICA","Bonito","EDUCACAO INFANTIL","0.5882","0.5882","0","0.5882","abaixo do limiar ou ambíguo"
"50027573","ESCOLA MUNICIPAL RURAL PROFESSOR FRANCISCO ANISIO CORREA FERREIRA","Bonito","ESCOLA MUNICIPAL FRANCISCO ANISIO","0.602","0.6914","0.6667","0.602","abaixo do limiar ou ambíguo"
"50011871","ESCOLA MUNICIPAL PAULO SIMOES BRAGA","Brasilândia","ESCOLA ESTADUAL PAULO SIMOES BRAGA","0.6608","1","0.2917","0.1827","conflito de dependência administrativa"
"50011880","ESCOLA MUNICIPAL ANTONIO HENRIQUE FILHO","Brasilândia","ESCOLA MUNICIPAL","0.5579","0.5833","0.7547","0.1142","abaixo do limiar ou ambíguo"
"50025031","ASSOC DE PAIS E AMIGOS DOS EXCEPCIONAIS FLORECER","Brasilândia","","","","","","sem candidato nominal"
"50028901","CENTRO EDUCACIONAL INFANTIL PROFESSORA CARMELITA BARBOSA CAITANO","Brasilândia","CENTRO EDUCACIONAL INFANTIL RAIO DE LUZ","0.4662","0.619","0.3168","0.4662","abaixo do limiar ou ambíguo"
"50035940","CENTRO EDUCACIONAL INFANTIL AURORA ANDRADE BERTOLEZ","Brasilândia","CENTRO EDUCACIONAL INFANTIL RAIO DE LUZ","0.5015","0.6667","0.3393","0.5015","abaixo do limiar ou ambíguo"
"50060848","CENTRO EDUCACIONAL INFANTIL PROFESSOR HENRIQUE MENDONCA QUINTINO","Brasilândia","CEI PROF HENRIQUE MENDONCA","0.5794","0.7037","0.5505","0.1109","abaixo do limiar ou ambíguo"
"50072838","ESCOLA MUNICIPAL RAIMUNDO PEDRO DE SOUZA","Brasilândia","ESCOLA MUNIPAL","0.4843","0.5217","0.6186","0.035","abaixo do limiar ou ambíguo"
"50015435","EM CANDIDO LEMES DOS SANTOS","Caarapó","ESCOLA ENSINO FUNDAMENTAL CANDIDO LEMES","0.5862","0.6154","0.7872","0.0081","abaixo do limiar ou ambíguo"
"50015460","EE PROFª CLEUZA APARECIDA VARGAS GALHARDO","Caarapó","ESCOLA ESTADUAL CLEUZA AP VARGAS GALHARD","0.6183","0.7308","0.6353","0.6183","abaixo do limiar ou ambíguo"
"50015559","CMEI PROFESSOR ARMANDO CAMPOS BELO","Caarapó","","","","","","sem candidato nominal"
"50021974","ESCOLA DE EDUCACAO ESPECIAL JULIO CESAR NOBRE","Caarapó","","","","","","sem candidato nominal"
"50024914","CMEI ARISTIDES MACIEL DA SILVA","Caarapó","ESCOLA DE ENSINO INFANTIL ARISTIDES MACI","0.561","0.6667","0.5679","0.1902","abaixo do limiar ou ambíguo"
"50028375","EM INDIGENA NANDEJARA - POLO","Caarapó","ESCOLA MUNICIPAL INDIGENA NANDEJARA POLO SAVERA","0.6209","0.7273","0.6538","0.1431","abaixo do limiar ou ambíguo"
"50030884","EE INDIGENA DE EM YVY POTY","Caarapó","ESCOLA ESTADUAL INDIGENA DE ENSINO MEDIO YVY POTY","0.588","0.7059","0.5783","0.588","abaixo do limiar ou ambíguo"
"50031384","CMEI FREI MATEUS","Caarapó","CMEI RITA TEREZA","0.3447","0.4615","0.2254","0.3447","abaixo do limiar ou ambíguo"
"50034324","CENTRO EDUCACIONAL E DE RECREACAO INFANTIL MUNDO ENCANTADO-ME","Caarapó","CENTRO EDUCACIONAL A CORUJINHA","0.5064","0.4615","0.8471","0.0032","abaixo do limiar ou ambíguo"
"50035614","COLEGIO INSPIRE SABER","Caarapó","","","","","","sem candidato nominal"
"50015567","EE PADRE JOSE DE ANCHIETA","Caarapó","","","","","","sem candidato nominal"
"50003070","CENTRO DE EDUCACAO ESPECIAL DE CAMAPUA - MS","Camapuã","CENTRO DE EDUCACAO INFANTIL PROF IRAIDES","0.3636","0.5","0.2062","0.3636","abaixo do limiar ou ambíguo"
"50003089","EE ABADIA FAUSTINO INACIO","Camapuã","","","","","","sem candidato nominal"
"50003119","ESCOLA MUNICIPAL CLAUDIO JOSE DE LIMA","Camapuã","ESCOLA MUNICIPAL DR SUDALYDIO RODRIGUES","0.3941","0.5231","0.2683","0.0199","abaixo do limiar ou ambíguo"
"50024388","CRECHE MENINO JESUS - ASSOCIACAO DE AMPARO AS CRIANCAS DE CAMAPUA","Camapuã","","","","","","sem candidato nominal"
"50031961","C EST DE EDUC PROFIS MARCIO ELIAS NERY","Camapuã","MARCIO ELIAS NERY","0.539","0.6829","0.4444","0.018","abaixo do limiar ou ambíguo"
"50035789","COLEGIO TRANSCENDER","Camapuã","FUTURAS INSTALACOES DO COLEGIO TRANSCEDER","0.5712","0.566","0.8471","0.5712","abaixo do limiar ou ambíguo"
"50005049","ATIVA IDADE EDUCACAO INFANTIL E ENSINO FUNDAMENTAL","Campo Grande","ESCOLA ATIVA IDADE","0.5352","0.5","0.866","0.0172","abaixo do limiar ou ambíguo"
"50005103","CEINF - PARAISO DA CRIANCA E CE FENNIX","Campo Grande","PARAISO DA CRIANCA COLEGIO FENNIX","0.6325","0.8","0.525","0.269","abaixo do limiar ou ambíguo"
"50005111","C EST ATEND AO DEF DA AUDIOCOMUNICACAO","Campo Grande","","","","","","sem candidato nominal"
"50005120","COLEGIO IMPACTO CENTRO DE ENSINO LTDA - ME","Campo Grande","COLEGIO IMPACTO","0.4958","0.6667","0.3171","0.0186","abaixo do limiar ou ambíguo"
"50005154","CEDAE - C ESP NO DESENV E ACOMP ESCOLAR","Campo Grande","ARENA DE ESTUDO DESENVOLVIMENTO ESCOLAR E PESSOAL","0.366","0.4545","0.3238","0.0025","abaixo do limiar ou ambíguo"
"50005162","CEGRAN - CENTRO DE ENSINO CAMPOGRANDENSE","Campo Grande","CEGRAN CENTRO DE ENSINO","0.5701","0.7308","0.45","0.0682","abaixo do limiar ou ambíguo"
"50005189","CENTRO DE EDUCACAO ESPECIAL GIRASSOL","Campo Grande","CENTRO DE EDUCACAO","0.491","0.6522","0.3333","0.0109","abaixo do limiar ou ambíguo"
"50005200","COLEGIO TICTAC E INSTITUTO PENRABEL","Campo Grande","INSTITUTO PENRABEL ENSINO FUNDAMENTAL E MEDIO","0.5389","0.6296","0.5714","0.0046","abaixo do limiar ou ambíguo"
"50005286","CENTRO DESENV DO POTENCIAL HUMANO RAIO DE LUZ","Campo Grande","","","","","","sem candidato nominal"
"50005316","ESCOLA CARROSSEL NOVO ESTILO","Campo Grande","ESCOLA CARROSSEL","0.5948","0.7368","0.5306","0.1202","abaixo do limiar ou ambíguo"
"50005588","CEI- JOSE EDUARDO MARTINS JALLAD - ZEDU","Campo Grande","EM CELINA MARTINS JALLAD","0.3957","0.5333","0.25","0.3957","abaixo do limiar ou ambíguo"
"50005596","CEI - MARIA APARECIDA MORAES DAVILA - SANTA CASA","Campo Grande","LAR NOSSA SENHORA APARECIDA","0.3685","0.5263","0.1622","0.3685","abaixo do limiar ou ambíguo"
"50005626","COLEGIO ADVENTISTA CAMPO-GRANDENSE","Campo Grande","COLEGIO ADVENTISTA","0.498","0.6957","0.2564","0.0662","abaixo do limiar ou ambíguo"
"50005731","EE ARACY EUDOCIAK","Campo Grande","ESCOLA IRACY EDUCIACK","0.4811","0.5","0.6579","0.4811","abaixo do limiar ou ambíguo"
"50005740","EE ELVIRA MATHIAS DE OLIVEIRA","Campo Grande","ESCOLA ESTADUAL AMANDO DE OLIVEIRA","0.396","0.5455","0.2222","0.021","abaixo do limiar ou ambíguo"
"50005804","EE PADRE FRANCO DELPIANO","Campo Grande","CRECHE ESCOLA ESPIRITA ANALIA FRANCO","0.3506","0.4706","0.2264","0.3506","abaixo do limiar ou ambíguo"
"50005820","EM PROFESSOR CARLOS HENRIQUE SCHRADER","Campo Grande","ESCOLA ESTADUAL PROF CARLOS HENRIQUE SCH","0.7664","0.9806","0.7442","0.4364","conflito de dependência administrativa"
"50005847","EM PROFESSORA HILDA DE SOUZA FERREIRA","Campo Grande","ESCOLA ESTADUAL PROFESSORA HILDA DE SOUZ","0.6202","0.7273","0.7857","0.6202","conflito de dependência administrativa"
"50005863","EE PROFª THEREZA NORONHA DE CARVALHO","Campo Grande","ESCOLA TEREZA NORONHA","0.4","0.5946","0.1205","0.4","abaixo do limiar ou ambíguo"
"50005880","EE PROF HENRIQUE CIRYLLO CORREA","Campo Grande","ESCOLA EST PROF HENRIQUE CIRYLLO CORREA","0.8018","0.9412","0.8395","0.0199","abaixo do limiar ou ambíguo"
"50005928","EE BLANCHE DOS SANTOS PEREIRA","Campo Grande","ESCOLA ESTADUAL BLANCHE S PEREIRA","0.6459","0.75","0.6957","0.2251","abaixo do limiar ou ambíguo"
"50005987","EE JOSE MAMEDE DE AQUINO","Campo Grande","","","","","","sem candidato nominal"
"50006045","EE MARIA ELIZA BOCAYUVA CORREA DA COSTA","Campo Grande","ESCOLA ESTADUAL MARIA ELIZA BOCAIUVA COR","0.6646","0.75","0.7677","0.3279","abaixo do limiar ou ambíguo"
"50006088","EE PROFª ALICE NUNES ZAMPIERE","Campo Grande","ALICE NUNES ZAMPIERE","0.6764","0.8947","0.4681","0.1776","abaixo do limiar ou ambíguo"
"50006100","EE PROF EMYGDIO CAMPOS WIDAL","Campo Grande","","","","","","sem candidato nominal"
"50006185","EE PROF ULISSES SERRA","Campo Grande","E E ULISSES SERRA","0.674","0.8462","0.5745","0.674","abaixo do limiar ou ambíguo"
"50006207","EE PROFª BRASILINA FERRAZ MANTERO","Campo Grande","ESCOLA ESTADUAL BRASILINA FERRAZ MONTEIR","0.6732","0.7391","0.8267","0.6732","abaixo do limiar ou ambíguo"
"50006290","EE ANTONIO DELFINO PEREIRA E C CULT ED TIA EVA","Campo Grande","ESCOLA ESTADUAL DELFINO PEREIRA","0.5489","0.5778","0.7333","0.5489","abaixo do limiar ou ambíguo"
"50006304","EM NICOLAU FRAGELLI","Campo Grande","ESCOLA AGRICOLA","0.3957","0.4762","0.3866","0.022","abaixo do limiar ou ambíguo"
"50006312","EE ORCIRIO THIAGO DE OLIVEIRA","Campo Grande","ESCOLA ESTADUAL ORCIRIO T DE OLIVEIRA","0.6421","0.8235","0.5057","0.2484","abaixo do limiar ou ambíguo"
"50006320","EE PROFª FAUSTA GARCIA BUENO","Campo Grande","ESCOLA ESTADUAL FAUSTA GARCIA BUENO","0.5979","0.8889","0.1798","0.2953","abaixo do limiar ou ambíguo"
"50006398","EE ARLINDO DE SAMPAIO JORGE","Campo Grande","EEPSG ARLINDO SAMPAIO JORGE","0.701","0.878","0.6024","0.701","abaixo do limiar ou ambíguo"
"50006436","EE MANOEL BONIFACIO NUNES DA CUNHA","Campo Grande","ESCOLA ESTADUAL MANOEL BONIFACIO","0.6718","0.7368","0.8267","0.6718","abaixo do limiar ou ambíguo"
"50006541","EM CEL SEBASTIAO LIMA","Campo Grande","ESCOLA ESTADUAL SEBASTIAO SANTANA DE OLI","0.4199","0.6061","0.3043","0.4199","conflito de dependência administrativa"
"50006568","EM ETALIVIO PEREIRA MARTINS","Campo Grande","ESCOLA MUNICIPAL ETALIVIO P MARTINS","0.6064","0.7429","0.561","0.2418","abaixo do limiar ou ambíguo"
"50006592","EM JOAO NEPOMUCENO","Campo Grande","","","","","","sem candidato nominal"
"50006614","EM JOSE RODRIGUES BENFICA","Campo Grande","EE JOSE BARBOSA RODRIGUES","0.3729","0.5789","0.1882","0.0001","conflito de dependência administrativa"
"50006649","EM PROFª ADAIR DE OLIVEIRA","Campo Grande","ESCOLA ESTADUAL ADAIR DE OLIVEIRA","0.7032","0.8571","0.7955","0.2716","conflito de dependência administrativa"
"50006665","EM PROFª BRIGIDA FERRAZ FOSS","Campo Grande","ESCOLA MUNICIPAL PROFESSORA ONEIDA RAMOS","0.3653","0.4706","0.2828","0.3653","abaixo do limiar ou ambíguo"
"50006681","EM PROFª ELIZABEL MARIA GOMES SALLES","Campo Grande","ESCOLA MUNICIPAL ELIZABEL MARIA GOMES","0.681","0.7727","0.7765","0.681","abaixo do limiar ou ambíguo"
"50006738","EM PROFª LEIRE PIMENTEL DE CARVALHO CORREA","Campo Grande","ESCOLA MUNICIPAL PROF LEIRE PIMENTEL DE","0.5873","0.6957","0.6","0.2084","abaixo do limiar ou ambíguo"
"50006800","EM JOAO EVANGELISTA VIEIRA DE ALMEIDA","Campo Grande","","","","","","sem candidato nominal"
"50006860","EM PROF MUCIO TEIXEIRA JR","Campo Grande","","","","","","sem candidato nominal"
"50007076","EM LEOVEGILDO DE MELO","Campo Grande","","","","","","sem candidato nominal"
"50007092","EM MAESTRO JOAO CORREA RIBEIRO","Campo Grande","ESCOLA MUNICIPAL JOAO DE PAULA RIBEIRO","0.3964","0.5263","0.2697","0.3964","abaixo do limiar ou ambíguo"
"50007149","EM ORLANDINA OLIVEIRA LIMA","Campo Grande","EM ORLANDINA OLIVEIRA LINA","0.6441","0.9091","0.3095","0.1955","abaixo do limiar ou ambíguo"
"50007181","EM PROF ANTONIO LOPES LINS","Campo Grande","ESCOLA MUNICIPAL ANTONIO LOPES LINS ANEXO","0.5796","0.7692","0.3951","0.2523","abaixo do limiar ou ambíguo"
"50007211","EM PROFª GONCALINA FAUSTINA DE OLIVEIRA","Campo Grande","ESCOLA MUNICIPAL GONCALINA FAUSTINA DE O","0.6493","0.7273","0.7632","0.205","abaixo do limiar ou ambíguo"
"50007220","EM PROF HERCULES MAYMONE","Campo Grande","ESCOLA ESTADUAL HERCULES MAYMONE","0.7131","0.875","0.7907","0.2338","conflito de dependência administrativa"
"50007238","EM PROFª LENITA DE SENA NACHIF","Campo Grande","ESCOLA MUNICIPAL PROFESSORA LENITA DE SE","0.6324","0.7333","0.6835","0.6324","abaixo do limiar ou ambíguo"
"50007270","EM PROF VIRGILIO ALVES DE CAMPOS","Campo Grande","ESCOLA ESTADUAL PROFESSOR SILVIO OLIVEIR","0.3485","0.5263","0.2198","0.3485","conflito de dependência administrativa"
"50007300","EM BERNARDO FRANCO BAIS","Campo Grande","COLEGIO SAO FRANCISCO","0.4154","0.5","0.4054","0.0165","abaixo do limiar ou ambíguo"
"50007335","EM PROFª IRACEMA DE SOUZA MENDONCA","Campo Grande","ESCOLA MUNIIPAL PROFESSORA IRACEMA DE SO","0.5016","0.5581","0.5981","0.5016","abaixo do limiar ou ambíguo"
"50007351","COLEGIO MULTIPLICANDO","Campo Grande","COLEGIO ALIANCADOS","0.4277","0.5714","0.2824","0.017","abaixo do limiar ou ambíguo"
"50007467","COLEGIO ABC DE EIEF","Campo Grande","COLEGIO ABC","0.621","0.75","0.6","0.1046","abaixo do limiar ou ambíguo"
"50007483","ESCOLA IDEAL","Campo Grande","ESCOLA REGULAR","0.5021","0.4545","0.8471","0.019","abaixo do limiar ou ambíguo"
"50007491","ESCOLA AMARELINHA YELLOW","Campo Grande","ESCOLA MAR E STEINER","0.4024","0.5405","0.2588","0.0404","abaixo do limiar ou ambíguo"
"50007505","INSTITUTO EDUCAP","Campo Grande","INSTITUTO YASSUDA","0.404","0.5517","0.2381","0.0009","abaixo do limiar ou ambíguo"
"50007530","COLEGIO BALAO MAGICO","Campo Grande","COLEGIO JOAO BATISTA","0.3901","0.5294","0.2381","0.0017","abaixo do limiar ou ambíguo"
"50007629","ESCOLA CRESCENDO EIEF","Campo Grande","CIEE CENTRO DE INTEGRACAO EMPRESA ESCOLA","0.3989","0.5","0.3421","0.0036","abaixo do limiar ou ambíguo"
"50007661","ESCOLA DE EDUCACAO INFANTIL FAZ DE CONTA E ENSINO FUNDAMENTAL NOVA GERACAO","Campo Grande","ESCOLA MM EDUCACAO INFANTIL E ENSINO FUN","0.4846","0.6526","0.3077","0.0035","abaixo do limiar ou ambíguo"
"50007688","CENTRO DE ENSINO CAMPO-GRANDENSE - CECAMP","Campo Grande","COLEGIO MILITAR DE CAMPO GRANDE","0.5012","0.6897","0.283","0.0192","abaixo do limiar ou ambíguo"
"50007734","O CASULO ESTABELECIMENTO DE ENSINO","Campo Grande","ESCOLA O CASULO","0.4636","0.5","0.5909","0.0342","abaixo do limiar ou ambíguo"
"50007742","METROPOLITANO INST DE EDUC E CULTURA","Campo Grande","EDUCACAO INFANTIL O QUINTAL METROPOLITANO","0.5331","0.5152","0.8219","0.5331","abaixo do limiar ou ambíguo"
"50007858","COLEGIO SALESIANO DOM BOSCO","Campo Grande","COLEGIO DOM BOSCO","0.6667","0.7568","0.7595","0.2161","abaixo do limiar ou ambíguo"
"50007912","COLEGIO PROF LOURIVAL MARTINS FAGUNDES","Campo Grande","CEINF MARIA DE LOURDES","0.3687","0.4762","0.2826","0.0092","abaixo do limiar ou ambíguo"
"50007998","ESCOLA DOMUS AUREA","Campo Grande","TOM MAIOR ESCOLA DE MUSICA","0.423","0.5556","0.3023","0.0362","abaixo do limiar ou ambíguo"
"50008064","ESCOLA ESPECIAL RAIO DE SOL","Campo Grande","ESCOLA COLIBRI EDUCACAO ESPECIAL","0.4135","0.5714","0.2278","0.0038","abaixo do limiar ou ambíguo"
"50008463","EE PROFª MARIA RITA DE CASSIA PONTES TEIXEIRA","Campo Grande","EE PROF MARIA DE LOURDES TOLEDO AREIAS","0.4191","0.5373","0.3306","0.0027","abaixo do limiar ou ambíguo"
"50008714","EM PROF ALDO DE QUEIROZ","Campo Grande","E E PROF SEVERINO DE QUEIROZ","0.426","0.625","0.1481","0.426","abaixo do limiar ou ambíguo"
"50009079","INST SMG CEGOS FLORIVALDO VARGAS - ISMAC","Campo Grande","","","","","","sem candidato nominal"
"50009087","NOTA 10 INTERNACIONAL - UNIDADE MAXIMA","Campo Grande","ESCOLA NOTA 10","0.4415","0.5","0.5057","0.0737","abaixo do limiar ou ambíguo"
"50009095","INSTITUTO DE EDUCACAO HARMONIA","Campo Grande","COLEGIO HARMONIA","0.5548","0.6087","0.6824","0.0846","abaixo do limiar ou ambíguo"
"50009168","ESCOLA DO SESC CAMILLO BONI","Campo Grande","ESCOLA SESI","0.4691","0.4516","0.7273","0.0571","abaixo do limiar ou ambíguo"
"50009206","ASSOCIACAO FILANTROPICA ACACIA MORENA","Campo Grande","CENTRO EDUCACIONAL ACACIA MORENA","0.5918","0.5902","0.8687","0.1849","abaixo do limiar ou ambíguo"
"50022890","INSTITUTO DE EDUC HARMONIA UNIDADE II","Campo Grande","ESCOLA HARMONIA","0.4325","0.4828","0.5122","0.0621","abaixo do limiar ou ambíguo"
"50022903","ASSOCIACAO ESCOLA CLINICA SANTA TEREZINHA","Campo Grande","ASSOCIACAO SANTA PATRICIA","0.4417","0.5769","0.3232","0.079","abaixo do limiar ou ambíguo"
"50022920","ESCOLA DE DESENVOLVIMENTO ESPECIAL JULIANO FERNANDES VARELA","Campo Grande","ESCOLA EDUCACIONAL JULIANO VARELA","0.5459","0.5185","0.8632","0.1083","abaixo do limiar ou ambíguo"
"50022938","ASEADEM- ASSOCIACAO ESPECIAL DE ATENDIMENTO AO DEFICIENTE MENTAL","Campo Grande","","","","","","sem candidato nominal"
"50022962","AMA - ASSOCIACAO DE PAIS E AMIGOS DO AUTISTA","Campo Grande","ASSOCIACAO SANTA PATRICIA","0.3791","0.5098","0.2424","0.0204","abaixo do limiar ou ambíguo"
"50022970","CAIRA - CENTRO ARCO IRIS DE REABILITACAO ALTERNATIVA","Campo Grande","MATERNA BERCARIO E EDUCACAO INFANTIL","0.3406","0.4865","0.15","0","abaixo do limiar ou ambíguo"
"50022997","EE JOSE ANTONIO PEREIRA","Campo Grande","ESCOLA ESTADUAL ADA TEIXEIRA SANTOS PEREIRA","0.3696","0.5","0.2292","0.0066","abaixo do limiar ou ambíguo"
"50023004","EE PROFª NEYDER SUELLY COSTA VIEIRA","Campo Grande","","","","","","sem candidato nominal"
"50023063","EMEI SANTA EDWIRGES","Campo Grande","CENTRO DE EDUCACAO INFANTIL SANTA EDWIRG","0.5946","0.6667","0.6972","0.5946","abaixo do limiar ou ambíguo"
"50023136","ASSOCIACAO CAMILLE FLAMMARION","Campo Grande","","","","","","sem candidato nominal"
"50023152","EM PROF LUIS ANTONIO DE SA CARVALHO","Campo Grande","ESCOLA MUNICIPAL PROF LUIZ CAVALLON","0.374","0.5128","0.2157","0.0431","abaixo do limiar ou ambíguo"
"50023195","EMEI LAR DE SHEILA","Campo Grande","CEINF LAR DE SHEILA","0.6838","0.7619","0.8132","0.6838","abaixo do limiar ou ambíguo"
"50023217","ASSOCIACAO EVANGELICA DE PROTECAO A CRIANCAS","Campo Grande","ASSOCIACAO SANTA PATRICIA","0.367","0.4912","0.24","0.367","abaixo do limiar ou ambíguo"
"50023225","EMEI SAO FRANCISCO DE ASSIS","Campo Grande","CEINF SAO FRANCISCO DE ASSIS","0.6097","0.8649","0.2826","0.0367","abaixo do limiar ou ambíguo"
"50023241","EMEI PEDACINHO DO CEU","Campo Grande","","","","","","sem candidato nominal"
"50023276","EMEI SANTA BARBARA","Campo Grande","EMEI MARTA GUARANI","0.3993","0.5333","0.2642","0.3993","abaixo do limiar ou ambíguo"
"50023284","EMEI SANTA TEREZINHA","Campo Grande","CEINF ST TEREZINHA","0.4941","0.5714","0.5376","0.0857","abaixo do limiar ou ambíguo"
"50023292","EM IRMA IRMA ZORZI","Campo Grande","","","","","","sem candidato nominal"
"50023306","EMEI PROFª CIRENE RODRIGUES LIMA","Campo Grande","ESCOLA MUNICIPAL MARIA TERESA RODRIGUES","0.4107","0.5366","0.3","0.4107","abaixo do limiar ou ambíguo"
"50023322","EMEI CORDEIRINHO DE JESUS","Campo Grande","CEINF MENINO DE JESUS DE PRAGA","0.3596","0.4889","0.2174","0.0016","abaixo do limiar ou ambíguo"
"50023330","CEI - PEQUENO PRINCIPE","Campo Grande","ESPACO PEQUENO APRENDUZ","0.3987","0.4706","0.4112","0.3987","abaixo do limiar ou ambíguo"
"50023365","EMEI PROFª ROSA MARIA RODRIGUES","Campo Grande","ESCOLA MUNICIPAL MARIA TERESA RODRIGUES","0.5144","0.7","0.3091","0.1072","abaixo do limiar ou ambíguo"
"50023381","CEI - FLAMINGOS","Campo Grande","CRECHE AMIGOS","0.4315","0.6154","0.1923","0.1106","abaixo do limiar ou ambíguo"
"50023403","EMEI ELEODES ESTEVAN","Campo Grande","ESCOLA ESTADUAL EMEI ELEODES ESTEVAN","0.76","1","0.6733","0.76","conflito de dependência administrativa"
"50023420","EMEI ANTONIO MARIO GONCALVES","Campo Grande","ESCOLA MUNICIPAL DOMINGOS GONCALVES GOME","0.3466","0.45","0.26","0.3466","abaixo do limiar ou ambíguo"
"50023438","EMEI O BOM PASTOR","Campo Grande","","","","","","sem candidato nominal"
"50023446","SOCIEDADE ASSISTENCIAL MEIMEI CASA DA CRIANCA MEIMEI","Campo Grande","","","","","","sem candidato nominal"
"50023888","ESPACO LIVRE","Campo Grande","CEI ESPACO","0.4631","0.6667","0.1915","0.0153","abaixo do limiar ou ambíguo"
"50024507","EM AGRICOLA GOV ARNALDO ESTEVAO DE FIGUEIREDO","Campo Grande","","","","","","sem candidato nominal"
"50024833","EM DES CARLOS GARCIA DE QUEIROZ","Campo Grande","E M CARLOS GARCIA DE QUIROS","0.6442","0.7895","0.5952","0.3051","abaixo do limiar ou ambíguo"
"50024990","CRECHE SANTA FE","Campo Grande","CRECHE","0.439","0.5882","0.2857","0.0087","abaixo do limiar ou ambíguo"
"50025058","ENERGIA EEIEF","Campo Grande","ESCOLA ENERGIA","0.5181","0.7059","0.3095","0.5181","abaixo do limiar ou ambíguo"
"50025120","ESC EVANGELICA PASTOR HILARIO COLOGNESI","Campo Grande","ESCOLA MUNICIPAL GERALDO CASTELO","0.3166","0.4516","0.1408","0.3166","abaixo do limiar ou ambíguo"
"50025180","ESCOLA TECNICA DO SUS PROFª ENA DE ARAUJO GALVAO","Campo Grande","ESCOLA MUNICIPAL PROFESSOR ERNESTO GARCIA DE ARAUJO","0.4271","0.5714","0.28","0.0797","abaixo do limiar ou ambíguo"
"50025716","EM PROFª IONE CATARINA GIANOTTI IGYDIO","Campo Grande","","","","","","sem candidato nominal"
"50025724","EM PROF FAUZE SCAFF GATTASS FILHO","Campo Grande","","","","","","sem candidato nominal"
"50025813","EMEI IRMA JUDITH BANDERA","Campo Grande","","","","","","sem candidato nominal"
"50025864","EMEI MARIA DE LOURDES VIEIRA CASTOLDI","Campo Grande","CEINF MARIA DE LOURDES","0.5841","0.5854","0.8506","0.177","abaixo do limiar ou ambíguo"
"50025872","EMEI OLINDA TOSHIMI NISHIO NASSU","Campo Grande","CEINF OLINDA T NISHIO NASSU","0.6167","0.7347","0.62","0.6167","abaixo do limiar ou ambíguo"
"50025880","EMEI LUCIA ANGELA DE CASTRO COSTA","Campo Grande","ASSOCIACAO SANTA PATRICIA","0.3334","0.4651","0.1731","0.3334","abaixo do limiar ou ambíguo"
"50025902","EMEI LUIZ CARLOS SOBRAL PETTENGILL","Campo Grande","CENTRO DE EDUCACAO INFANTIL LUIZ CARLOS","0.5159","0.5238","0.735","0.5159","abaixo do limiar ou ambíguo"
"50025910","EMEI ANTONIO RUSTIANO FERNANDES","Campo Grande","CENTRO DE EDUCACAO INFANTIL ANTONIO RUSSIANO FERNANDES","0.6943","0.8148","0.7273","0.6943","abaixo do limiar ou ambíguo"
"50025937","EMEI LAGEADO","Campo Grande","CEINF LAGEADO","0.6308","0.7059","0.7429","0.2635","abaixo do limiar ou ambíguo"
"50025953","EMEI FATIMA DE JESUS DINIZ SILVEIRA","Campo Grande","CEINF MENINO DE JESUS DE PRAGA","0.3212","0.4528","0.1556","0.3212","abaixo do limiar ou ambíguo"
"50025961","EMEI CLEOMAR BAPTISTA DOS SANTOS","Campo Grande","CEINF DOM ANTONIO BARBOSA","0.3866","0.5","0.2947","0.0594","abaixo do limiar ou ambíguo"
"50025970","EMEI PAULO SIUFI","Campo Grande","CENTRO DE EDUCACAO INFANIL PAUO SIUFI","0.4995","0.5833","0.5301","0.4995","abaixo do limiar ou ambíguo"
"50025988","EMEI IPIRANGA","Campo Grande","","","","","","sem candidato nominal"
"50026003","CENTRO DE EDUCACAO INFANTIL GIRASSOL","Campo Grande","CENTRO DE EDUCACAO INFANTIL","0.6406","0.8519","0.4324","0.0135","abaixo do limiar ou ambíguo"
"50026011","EMEI ATHENAS SA CARVALHO","Campo Grande","","","","","","sem candidato nominal"
"50026020","EMEI NEIDA GORDIN FREIRE","Campo Grande","","","","","","sem candidato nominal"
"50026038","EMEI JOAO GARCIA DE CARVALHO FILHO","Campo Grande","CENTRO DE EDUCACAO INFANTIL JOAO GARCIA","0.5103","0.5128","0.7397","0.5103","abaixo do limiar ou ambíguo"
"50026046","EMEI PROF OSVALDO MACIEL DE OLIVEIRA","Campo Grande","EMEI PROF LINA LEMES DE OLIVEIRA","0.445","0.6071","0.2637","0.0758","abaixo do limiar ou ambíguo"
"50026054","EMEI PIRATININGA","Campo Grande","","","","","","sem candidato nominal"
"50026070","EMEI PROFª MARIOLINA PEREIRA MENDES","Campo Grande","EMEI PROF LINA LEMES DE OLIVEIRA","0.4645","0.6182","0.3125","0.0713","abaixo do limiar ou ambíguo"
"50026089","EMEI MICHEL SCAFF","Campo Grande","","","","","","sem candidato nominal"
"50026097","EMEI MARY SADALLA SAAD","Campo Grande","CENTRO DE EDUCACAO INFANTIL MARY SADALLA SAAD","0.659","0.7778","0.68","0.659","abaixo do limiar ou ambíguo"
"50026100","EMEI PROFª MARIA JOSEFINA BEZERRA XAVIER","Campo Grande","","","","","","sem candidato nominal"
"50026119","EMEI MARCOS ROBERTO","Campo Grande","EMEI VERA ALBA CONGRO BASTOS","0.3634","0.4615","0.297","0.0091","abaixo do limiar ou ambíguo"
"50026127","EMEI PROFª MARIA ILDONEI DE LIMA PEDRA","Campo Grande","EMEI PROF ADELIA LEITE KRAWIEC","0.3486","0.4727","0.2136","0.0067","abaixo do limiar ou ambíguo"
"50026143","EMEI IBER GOMES DE SA","Campo Grande","","","","","","sem candidato nominal"
"50026151","EMEI ALBA LUCIA SPENGLER DOS SANTOS PEREIRA","Campo Grande","ESCOLA ESTADUAL ADA TEIXEIRA SANTOS PEREIRA","0.356","0.5","0.3115","0.356","conflito de dependência administrativa"
"50026178","EMEI PROFESSOR JORGE ANTONIO SIUFI","Campo Grande","CENTRO TECNICO PROFISSIONALIZANTE","0.3546","0.4545","0.28","0.3546","abaixo do limiar ou ambíguo"
"50026186","EMEI CLEBE BRAZIL FERREIRA","Campo Grande","CEINF CLEBE BRASIL FERREIRA","0.6012","0.7805","0.451","0.2457","abaixo do limiar ou ambíguo"
"50026194","EMEI PROFª THEREZINHA MANDETTA TRAD","Campo Grande","HERCULES MANDETTA","0.331","0.45","0.2","0.0359","abaixo do limiar ou ambíguo"
"50026208","EMEI ODETE TRINDADE BENITES","Campo Grande","","","","","","sem candidato nominal"
"50026216","EMEI VO FINA","Campo Grande","EMEI","0.3678","0.5","0.2222","0.0094","abaixo do limiar ou ambíguo"
"50026232","IEMS - INSTITUTO DE EDUCACAO PROFESSORA MARISA SERRANO","Campo Grande","IPOG INSTITUTO DE POS GRADUACAO","0.3623","0.4615","0.2927","0.0037","abaixo do limiar ou ambíguo"
"50026330","CORI-CENTRO DE EDUCACAO INFANTIL E ENSINO FUNDAMENTAL","Campo Grande","ESCOLA DE EDUCACAO INFANTIL E FUNDAMENTA","0.6042","0.8718","0.2449","0.0941","abaixo do limiar ou ambíguo"
"50026364","SOLETRANDO ESCOLA DE ED INFANTIL E ENSINO FUNDAMENTAL","Campo Grande","SOLETRANDO","0.5162","0.4615","0.885","0.0005","abaixo do limiar ou ambíguo"
"50026402","CENTRO EDUCACIONAL CONSTRUINDO O SABER","Campo Grande","ALFA BETA CENTRO EDUCACIONAL","0.4725","0.6316","0.3111","0.0165","abaixo do limiar ou ambíguo"
"50026429","ESCOLA DO SESI CAMPO GRANDE","Campo Grande","COLEGIO MILITAR DE CAMPO GRANDE","0.5469","0.8333","0.1163","0.0325","abaixo do limiar ou ambíguo"
"50026631","COLEGIO SAO FRANCISCO EIEFM","Campo Grande","COLEGIO SAO FRANCISCO","0.7593","0.878","0.8267","0.1081","abaixo do limiar ou ambíguo"
"50026658","CRECHE IRMA IRMA ZORZI","Campo Grande","","","","","","sem candidato nominal"
"50026720","ESCOLA CRIATIBRINCANDO DE EIEF LTDA","Campo Grande","ESCOLA CRIATIVIDADE","0.4673","0.5532","0.4783","0.1147","abaixo do limiar ou ambíguo"
"50026771","NOTA 10 - UNIDADE FELIZ IDADE","Campo Grande","ESCOLA NOTA 10","0.4729","0.5","0.6265","0.0759","abaixo do limiar ou ambíguo"
"50026895","EMEI PROFª MARLY SANT ANNA PINHEIRO","Campo Grande","ESCOLA MUNICIPAL PROFESSOR VANDERLEI ROSA","0.4119","0.45","0.5111","0.0794","abaixo do limiar ou ambíguo"
"50027166","ESCOLA MUNDO MAGICO E INSTITUTO MACHADO DE ASSIS","Campo Grande","ESCOLA DE EDUCACAO INFANTIL MUNDO MAGICO","0.3963","0.5405","0.2353","0.0195","abaixo do limiar ou ambíguo"
"50027182","ESCOLA DESPERTAR DE ENSINO FUNDAMENTAL","Campo Grande","ESCOLA DE ENSINO FUNDAMENTAL","0.5741","0.8421","0.2","0.0575","abaixo do limiar ou ambíguo"
"50027239","INSTITUTO JOAO BATISTA DE ENSINO","Campo Grande","COLEGIO JOAO BATISTA","0.5132","0.6897","0.3291","0.0013","abaixo do limiar ou ambíguo"
"50027352","EEIEF PARADIGMA","Campo Grande","ESCOLA PARADGMA","0.4167","0.6","0.172","0.4167","abaixo do limiar ou ambíguo"
"50027360","OBRAS SOCIAIS E COMUNITARIA DO AERO RANCHO","Campo Grande","","","","","","sem candidato nominal"
"50027590","COLEGIO POLI","Campo Grande","COLEGIO LICEU","0.5374","0.7619","0.25","0.0016","abaixo do limiar ou ambíguo"
"50027891","ESCOLA CARROSSEL EDUCAMP","Campo Grande","CENTRO EDUCACIONAL CARROSSEL","0.6404","0.6957","0.8041","0.0631","abaixo do limiar ou ambíguo"
"50027905","CENTRO DE EDUCACAO INFANTIL VO INEZ","Campo Grande","CENTRO DE EDUCACAO INFANTIL","0.6121","0.8846","0.2449","0.0053","abaixo do limiar ou ambíguo"
"50028022","ASSOC ESP DE APOIO A CRIANCA E AO ADOLESCENTE","Campo Grande","","","","","","sem candidato nominal"
"50028154","SESC ADMINISTRACAO REGIONAL NO ESTADO DO MATO GROSSO DO SUL","Campo Grande","UNIVERSIDADE ESTADUAL DO MATO GROSSO DO SUL","0.3875","0.5412","0.2","0.0733","abaixo do limiar ou ambíguo"
"50028227","COLEGIO VIP","Campo Grande","COLEGIO ABC","0.4797","0.6667","0.2553","0.0132","abaixo do limiar ou ambíguo"
"50028499","ASSOCIACAO CLUBE DE MAES CANTINHO DA AMIZADE","Campo Grande","ASSOCIACAO DE MAES TRABALHANDO A INCLUSA","0.4009","0.5352","0.2656","0.4009","abaixo do limiar ou ambíguo"
"50028510","COLEGIO RUI BARBOSA","Campo Grande","COLEGIO RUI BARBOSA UNIDADE CDA","0.7273","0.8571","0.7532","0.0473","abaixo do limiar ou ambíguo"
"50028537","CENTRO DE EDUCACAO PROFISSIONAL - SENAC CAMPO GRANDE","Campo Grande","SENAC MS CURSOS DE QUALIFICACAO PROFISSI","0.4724","0.4675","0.7021","0.0402","abaixo do limiar ou ambíguo"
"50028758","COLEGIO GERACAO RESULTADOS","Campo Grande","COLEGIO GERACAO 2001","0.5554","0.65","0.5862","0.1249","abaixo do limiar ou ambíguo"
"50028766","EEI TURMINHA DO PIU-PIU E EF EL - SHADAI","Campo Grande","","","","","","sem candidato nominal"
"50028782","FACULDADE DE TECNOLOGIA SENAI CAMPO GRANDE","Campo Grande","FACULDADE DE CAMPO GRANDE","0.5328","0.7368","0.2921","0.1195","abaixo do limiar ou ambíguo"
"50028847","CENTRO DE EDUCACAO INTEGRADA EIRELI","Campo Grande","CENTRO DE EDUCACAO INFANTIL","0.4923","0.6792","0.2737","0.0192","abaixo do limiar ou ambíguo"
"50028871","ESCOLA DE EDUCACAO INFANTIL SOSSEGO DA MAMAE","Campo Grande","CENTRO DE EDUCACAO INFANTIL COM PRE ESCO","0.5563","0.6","0.7089","0.0191","abaixo do limiar ou ambíguo"
"50029088","EMEI JOANA MENDES DOS SANTOS","Campo Grande","ESCOLA PLINIO MENDES DOS SANTOS","0.4775","0.6667","0.2469","0.1385","abaixo do limiar ou ambíguo"
"50029096","EMEI JARDIM CARIOCA","Campo Grande","","","","","","sem candidato nominal"
"50029100","EMEI ENGENHEIRO VALDEMIR CORREA DE RESENDE","Campo Grande","","","","","","sem candidato nominal"
"50029258","CENTRO DE ENSINO IMPACTO SS LTDA - ME","Campo Grande","COLEGIO IMPACTO","0.5543","0.6","0.7013","0.185","abaixo do limiar ou ambíguo"
"50029266","COLEGIO CBA ABC","Campo Grande","COLEGIO ABC","0.6781","0.7619","0.7912","0.0711","abaixo do limiar ou ambíguo"
"50029371","EE POLO PROFª REGINA LUCIA ANFFE NUNES BETINE","Campo Grande","","","","","","sem candidato nominal"
"50029380","EMEI PROF VALDOMIRO ALVES GONCALVES","Campo Grande","ESCOLA MUNICIPAL DOMINGOS GONCALVES GOME","0.3833","0.5231","0.2268","0.3833","abaixo do limiar ou ambíguo"
"50029584","EMEI TIA EVA","Campo Grande","ESCOLA JEVA","0.3819","0.5","0.2766","0.0081","abaixo do limiar ou ambíguo"
"50029940","ESCOLA BATISTA ERILASIO NOGUEIRA","Campo Grande","ESCOLA ESTADUAL BRASILINA FERRAZ MONTEIR","0.3873","0.5079","0.2785","0.0057","abaixo do limiar ou ambíguo"
"50030116","NOTA 10 - UNIDADE GARCAS","Campo Grande","NOTA 10","0.4831","0.6667","0.2683","0.0166","abaixo do limiar ou ambíguo"
"50030230","EMEI SONIA HELENA BALDO BERNARDO DOS SANTOS","Campo Grande","CEINF SONIA HELENA BALDO B DOS SANTOS","0.6555","0.7636","0.7","0.6555","abaixo do limiar ou ambíguo"
"50030248","EMEI PROF LAURA RODRIGUES DE OLIVEIRA","Campo Grande","CENTRO DE EDUCACAO INFANTIL LAURA RODRIGUES DE OLIVEIRA","0.6989","0.7778","0.8333","0.1972","abaixo do limiar ou ambíguo"
"50030272","CENTRO DE EDUCACAO PROFISSIONAL EZEQUIEL FERREIRA LIMA","Campo Grande","CENTRO EDUCACIONAL CARROSSEL","0.4088","0.5278","0.3137","0.0271","abaixo do limiar ou ambíguo"
"50030310","ESCOLA SALESIANA SAO DOMINGOS SAVIO","Campo Grande","ESCOLA PLINIO MENDES DOS SANTOS","0.3817","0.5","0.2759","0.0117","abaixo do limiar ou ambíguo"
"50030469","COLEGIO DE ENSINO MEDIO NOVA GERACAO","Campo Grande","COLEGIO NOVA GERACAO","0.6358","0.8","0.5376","0.0958","abaixo do limiar ou ambíguo"
"50030485","CEC-COLEGIO EVANGELICO CAMPO-GRANDENSE","Campo Grande","COLEGIO EVANGELICO","0.6232","0.6531","0.8395","0.1249","abaixo do limiar ou ambíguo"
"50030604","LAR CRECHE NOSSA SENHORA DO PERPETUO SOCORRO","Campo Grande","CRECHE PERPETUO SOCORRO","0.6228","0.6667","0.8056","0.2107","abaixo do limiar ou ambíguo"
"50031058","EM NERONE MAIOLINO","Campo Grande","","","","","","sem candidato nominal"
"50031147","ESPACO EDUCACIONAL INTERAGIR","Campo Grande","ESPACO INFANTIL","0.4137","0.5926","0.1782","0.003","abaixo do limiar ou ambíguo"
"50031198","COLEGIO REI LEAO","Campo Grande","COLEGIO REINO CRESCER","0.4572","0.5806","0.3738","0.0162","abaixo do limiar ou ambíguo"
"50031287","CENTRO DE CAPACITACAO DE PROFISSIONAIS DA EDUCACAO E DE ATENDIMENTO AS PESSOAS COM SURDEZ - CAS","Campo Grande","CENTRO ESTADUAL DE EDUCACAO DE JOVENS E ADOLESCENTES PROFESSORA IGNES DE LAMONICA GUIMARAES","0.3418","0.4667","0.2018","0.3418","abaixo do limiar ou ambíguo"
"50031295","CENTRO ESTADUAL DE EDUCACAO ESPECIAL E INCLUSIVA","Campo Grande","CENTRO DE EDUCACAO EMEI CLOTILDE CHAIA","0.3905","0.5479","0.1951","0.0073","abaixo do limiar ou ambíguo"
"50031465","CEIAN- ANANDAMOYI","Campo Grande","","","","","","sem candidato nominal"
"50031503","EMEI MICHELI REGINA LOCATELLI","Campo Grande","CENTRO DE EDUCACAO INFANTIL MICHELE REGINA LOCATELLI","0.6293","0.76","0.608","0.6293","abaixo do limiar ou ambíguo"
"50031716","C EDUCACIONAL LATINO AMERICANO","Campo Grande","MATERNA BERCARIO E EDUCACAO INFANTIL","0.3826","0.4912","0.3","0","abaixo do limiar ou ambíguo"
"50031783","NOTA 10 INTERNACIONAL - UNIDADE GENERAL OSORIO","Campo Grande","ESCOLA GENERAL OSORIO","0.5081","0.5581","0.6234","0.5081","abaixo do limiar ou ambíguo"
"50032003","EMEI MARIA DULCE PRATA CANCADO","Campo Grande","ESC ESTADUAL MARIA CONSTANCA","0.3703","0.4898","0.2564","0.0024","abaixo do limiar ou ambíguo"
"50032100","COLEGIO BIONATUS II","Campo Grande","BIONATUS","0.6197","0.875","0.297","0.1702","abaixo do limiar ou ambíguo"
"50032399","CAEE - CENTRO DE ATENDIMENTO EDUCACIONAL ESPECIALIZADO DA ASSOCIACAO PESTALOZZI DE CAMPO GRANDE MS","Campo Grande","CENTRO ESTADUAL DE EDUCACAO DE JOVENS E ADOLESCENTES PROFESSORA IGNES DE LAMONICA GUIMARAES","0.3767","0.4903","0.2796","0.0021","abaixo do limiar ou ambíguo"
"50032470","CAEE - GIRASSOL","Campo Grande","CEINF GIRASSOL","0.415","0.6087","0.1446","0.415","abaixo do limiar ou ambíguo"
"50032631","EMEI SANTA EMILIA","Campo Grande","","","","","","sem candidato nominal"
"50032640","ASSOCIACAO TAGARELA","Campo Grande","ASSOCIACAO SANTA PATRICIA","0.3954","0.5128","0.2979","0.3954","abaixo do limiar ou ambíguo"
"50032704","ASSUPERO - ASSOCIACAO UNIFICADA PAULISTA DE ENSINO RENOVADO OBJETIVO","Campo Grande","","","","","","sem candidato nominal"
"50032968","ESC DE EDUC PROFISSIONAL DA FUNDACAO SOCIAL DO TRABALHO DE CG - FUNSAT","Campo Grande","CENTRO SOCIAL DOM BOSCO EDUCACAO E RESPONSABILIDADE SOCIAL","0.3532","0.4717","0.2338","0.3532","abaixo do limiar ou ambíguo"
"50033069","CENTRO DE APOIO PEDAGOGICO AO DEFICIENTE VISUAL - CAP-DV-MS","Campo Grande","","","","","","sem candidato nominal"
"50033239","COLEGIO CLASSE A UNIDADE II","Campo Grande","COLEGIO CLASSE A","0.5774","0.8333","0.2338","0.1983","abaixo do limiar ou ambíguo"
"50033247","ESCOLA TECNICA EDUCA","Campo Grande","ESCOLA COLIBRI EDUCACAO ESPECIAL","0.3764","0.4889","0.2821","0.0022","abaixo do limiar ou ambíguo"
"50033344","CEAMETEA-CENTRO ESTADUAL DE APOIO MULTIDISCIPLINAR EDUCACIONAL","Campo Grande","ESCOLA ESTADUAL DE ATENDIMENTO MULTIDISCIPLINAR PARA ALTAS HABILIDADES","0.4739","0.5299","0.5591","0.0514","abaixo do limiar ou ambíguo"
"50033441","ESCOLA PRIMEIRA INFANCIA","Campo Grande","ESCOLA BILINGUE PRIME","0.3894","0.5128","0.275","0.0022","abaixo do limiar ou ambíguo"
"50033450","COLEGIO BIONATUS-ENSINO FUNDAMENTAL","Campo Grande","BIONATUS","0.5737","0.56","0.8713","0.0472","abaixo do limiar ou ambíguo"
"50033484","CENTEC CURSOS TECNICOS LTDA-ME","Campo Grande","","","","","","sem candidato nominal"
"50033573","ESCOLA MON PETIT KIDS - AJEL EDUCACIONAL - EPP","Campo Grande","ESCOLA MON PETIT","0.5621","0.56","0.8267","0.0649","abaixo do limiar ou ambíguo"
"50033611","COLEGIO REFFERENCIAL","Campo Grande","COLEGIO E CURSO REFFERENCIAL","0.6693","0.8571","0.5301","0.0476","abaixo do limiar ou ambíguo"
"50033638","REDE DE ENSINO TECNICO CETEPS","Campo Grande","","","","","","sem candidato nominal"
"50033735","INSTITUTO DA CRIANCA E DO ADOLESCENTE PRIMEIROS PASSOS","Campo Grande","","","","","","sem candidato nominal"
"50033883","CENTRO EDUCACIONAL JEAN PIAGET","Campo Grande","ALFA BETA CENTRO EDUCACIONAL","0.4843","0.68","0.241","0.0072","abaixo do limiar ou ambíguo"
"50033921","MATERNA BERCARIO LTDA EPP","Campo Grande","MATERNA BERCARIO E EDUCACAO INFANTIL","0.6274","0.6512","0.8602","0.0168","abaixo do limiar ou ambíguo"
"50033930","INSTITUTO DE EDUCACAO COOPERAR LTDA","Campo Grande","IPOG INSTITUTO DE POS GRADUACAO","0.3912","0.5357","0.2273","0.0201","abaixo do limiar ou ambíguo"
"50033972","CENTRO DE ATENDIMENTO EDUCACIONAL ESPECIALIZADO O CASULO","Campo Grande","CENTRO EDUCACIONAL SUPER ACAO","0.4484","0.5135","0.5","0.0063","abaixo do limiar ou ambíguo"
"50034073","ESCOLA CONQUISTA DE EDUCACAO INFANTIL E ENSINO FUNDAMENTAL EIRELE-ME","Campo Grande","ESCOLA DE EDUCACAO INFANTIL E ENSINO FUN","0.5258","0.7253","0.2927","0.044","abaixo do limiar ou ambíguo"
"50034162","COLEGIO RUI BARBOSA -UNIDADE AERO RANCHO","Campo Grande","COLEGIO RUI BARBOSA UNIDADE CDA","0.5297","0.7797","0.1782","0.07","abaixo do limiar ou ambíguo"
"50034197","COLEGIO MASTER LTDA","Campo Grande","COLEGIO PINTE O 7","0.3892","0.4828","0.3457","0.0191","abaixo do limiar ou ambíguo"
"50034219","ESCOLA DE EDUCACAO FUNDAMENTAL ALFA LTDA -ME","Campo Grande","ESCOLA DE EDUCACAO INFANTIL E FUNDAMENTA","0.4878","0.7143","0.1728","0.0078","abaixo do limiar ou ambíguo"
"50034227","ESCOLA DE EDUCACAO FUNDAMENTAL BETA LTDA -ME","Campo Grande","ESCOLA MUNICIPAL DE ENSINO FUNDAMENTAL N","0.48","0.6667","0.2564","0.0024","abaixo do limiar ou ambíguo"
"50034286","BERCARIO BABY TIME","Campo Grande","MATERNA BERCARIO E EDUCACAO INFANTIL","0.3509","0.4865","0.1895","0","abaixo do limiar ou ambíguo"
"50034308","EMEI PROF ELZA FRANCISCA DE SOUZA MACIEL","Campo Grande","CEINF NOROESTE PROF ELZA FRANCISCA","0.5782","0.5806","0.8393","0.1952","abaixo do limiar ou ambíguo"
"50034383","CENTRO DE EDUCACAO PROFISSIONAL-SENAC TURISMO E GASTRONOMIA","Campo Grande","CENTRO EDUCACIONAL CARROSSEL","0.3967","0.5","0.3333","0.0106","abaixo do limiar ou ambíguo"
"50034430","ESCOLA ABC JUNIOR","Campo Grande","COLEGIO ABC","0.5066","0.5","0.7561","0.0725","abaixo do limiar ou ambíguo"
"50034472","CASA DE MARIA","Campo Grande","CENTRO DE EDUCACAO DE CRIANCAS","0.3983","0.5333","0.26","0.0065","abaixo do limiar ou ambíguo"
"50034499","CENTRO DE ESTUDOS ASES DA EDUCACAO LTDA","Campo Grande","SALAS DE ESTUDOS","0.5108","0.72","0.2478","0.0706","abaixo do limiar ou ambíguo"
"50034537","COLEGIO MON GEANT ENSINO FUNDAMENTAL I E II LTDA","Campo Grande","ESCOLA MON GEANT","0.4741","0.4516","0.7467","0.026","abaixo do limiar ou ambíguo"
"50034561","GEMS - CENTRO EDUCACIONAL MS LTDA - EDC - ESCOLA DE CURSOS","Campo Grande","ALFA BETA CENTRO EDUCACIONAL","0.3761","0.4776","0.3077","0.0088","abaixo do limiar ou ambíguo"
"50034570","CENTRO DE EXCELENCIA EM BOVINOCULTURA DE CORTE","Campo Grande","CEGRAN CENTRO DE ENSINO","0.3662","0.4828","0.2574","0.3662","abaixo do limiar ou ambíguo"
"50034600","CENTRO ESTADUAL DE FORMACAO DE PROFESSORES INDIGENAS DE MS","Campo Grande","CENTRO ESTADUAL DE EDUCACAO DE JOVENS E ADOLESCENTES PROFESSORA IGNES DE LAMONICA GUIMARAES","0.363","0.4959","0.2136","0.363","abaixo do limiar ou ambíguo"
"50034626","ESCOLA ESTADUAL PROFESSOR ALBERTO ELPIDIO FERREIRA DIAS - PROFESSOR TITO","Campo Grande","ESCOLA ESTADUAL PROFESSORA JOELINA DE AL","0.3927","0.5316","0.2424","0.0044","abaixo do limiar ou ambíguo"
"50034685","COLEGIO PRIMAVERA","Campo Grande","CEIP CENTRO EDUCACIONAL INFANTIL PRIMAVE","0.5023","0.4615","0.8312","0.1123","abaixo do limiar ou ambíguo"
"50034839","COLEGIO HARMONIA - UNIDADE II","Campo Grande","COLEGIO HARMONIA","0.6358","0.875","0.359","0.0326","abaixo do limiar ou ambíguo"
"50034855","INSTITUTO VIEIRA DE EDUCACAO LTDA","Campo Grande","LIBERA LIMES INSTITUTO DE ENSINO","0.4391","0.5405","0.4","0.0175","abaixo do limiar ou ambíguo"
"50034952","HUBY CURSOS","Campo Grande","","","","","","sem candidato nominal"
"50035010","GRUPO EDUCACIONAL ATOS","Campo Grande","ALFA BETA CENTRO EDUCACIONAL","0.4267","0.5116","0.4211","0.0365","abaixo do limiar ou ambíguo"
"50035088","COLEGIO MAESTRIA - ENEM E VESTIBULARES","Campo Grande","COLEGIO REFFERENCIAL VESTIBULARES","0.4565","0.623","0.2703","0.0302","abaixo do limiar ou ambíguo"
"50035126","COLEGIO CONSTRUINDO O FUTURO","Campo Grande","CANTINHO CONSTRUINDO SONHOS","0.3684","0.5","0.2247","0.0092","abaixo do limiar ou ambíguo"
"50035134","SUPREMA KIDS ESCOLA DE EDUCACAO INFANTIL","Campo Grande","ESCOLA DE EDUCACAO INFANTIL","0.5729","0.807","0.2791","0.0192","abaixo do limiar ou ambíguo"
"50035150","EMEI PROFª LUZINETE CEZAR GONCALVES","Campo Grande","ESCOLA MUNICIPAL DE EDUCACAO INFANTIL PTOFESSORA LUZINETE CEZAR GONCALVES","0.636","0.6875","0.8067","0.2848","abaixo do limiar ou ambíguo"
"50035266","EMEI PROFª IRACEMA DA CUNHA BARRETO","Campo Grande","CEINF PROF IRACEMA C BARRETO","0.644","0.7727","0.6341","0.271","abaixo do limiar ou ambíguo"
"50035274","EM PROFª AGLAIR MARIA ALVES","Campo Grande","E E PROF FLAVINA MARIA DA SILVA","0.3311","0.4615","0.1728","0.3311","abaixo do limiar ou ambíguo"
"50035282","INSTITUTO KOCH EL SHADAY","Campo Grande","INSTITUTO YASSUDA","0.3786","0.5143","0.2299","0.3786","abaixo do limiar ou ambíguo"
"50035320","COLEGIO ADVENTISTA VILAS BOAS","Campo Grande","COLEGIO ADVENTISTA","0.5424","0.7805","0.225","0.1476","abaixo do limiar ou ambíguo"
"50035371","COLEGIO DE EDUCACAO INFANTIL MONTEIRO LOBATO LTDA","Campo Grande","COLEGIO MONTEIRO LOBATO","0.5884","0.6842","0.6316","0.1458","abaixo do limiar ou ambíguo"
"50035428","CRECHE NOSSA SENHORA AUXILIADORA - UNIDADE II","Campo Grande","COLEGIO NOSSA SENHORA AUXILIADORA","0.6798","0.989","0.2564","0.0515","abaixo do limiar ou ambíguo"
"50035452","ESCOLA ESPECIAL O CASULO","Campo Grande","ESCOLA O CASULO","0.4863","0.6875","0.2308","0.0948","abaixo do limiar ou ambíguo"
"50035517","ESCOLA ESPLENDOR DO SABER","Campo Grande","ESCOLA CAMINHO DO SABER","0.3925","0.55","0.198","0.0016","abaixo do limiar ou ambíguo"
"50035576","INSTY COLEGIO E CURSOS","Campo Grande","MAESTRIA COLEGIO ECURSOS","0.5157","0.7179","0.2716","0.0563","abaixo do limiar ou ambíguo"
"50035649","ASSOCIACAO SUL MATO GROSSENSE DE AMPARO A CRIANCA E AO ADOLESCENTE-ASSOMAT","Campo Grande","","","","","","sem candidato nominal"
"50035690","COLEGIO EVORA","Campo Grande","COLEGIO EVANGELICO","0.4498","0.5926","0.3171","0","abaixo do limiar ou ambíguo"
"50035703","COLEGIO STATUS - UNIDADE II","Campo Grande","COLEGIO STATUS","0.7338","0.8333","0.835","0.3456","abaixo do limiar ou ambíguo"
"50035720","ESCOLA INTEGRADA HORIZONTE - CAEEH","Campo Grande","ESCOLA DE EDUCACAO ESPECIAL ESCOLA INTEGRADA HORIZONTE","0.6925","0.766","0.8369","0.3041","abaixo do limiar ou ambíguo"
"50035738","CEI - CLAUDETE DE OLIVEIRA DA VERA CRUZ","Campo Grande","CEINF MARIA DE OLIVEIRA LIMA","0.3103","0.4528","0.1136","0.3103","abaixo do limiar ou ambíguo"
"50035746","ESCOLA MATER CARMELI","Campo Grande","ESCOLA TURMA DA MONICA","0.4236","0.5714","0.2667","0.0018","abaixo do limiar ou ambíguo"
"50035754","ESCOLA PROFª NAZARETH MENDES SILVA - EP NMS","Campo Grande","ESCOLA LAR DE NAZARE","0.3674","0.4898","0.2453","0.3674","abaixo do limiar ou ambíguo"
"50035770","CENTRO DE ATENDIMENTO EDUCACIONAL ESPECIALIZADO MARCELO TAKAHASHI","Campo Grande","CENTRO EDUCACIONAL MARECHAL RONDON","0.3731","0.4819","0.2857","0.0025","abaixo do limiar ou ambíguo"
"50035797","ESCOLA SOMAE","Campo Grande","ESCOLA SONHO MEU","0.4857","0.6957","0.2093","0.0251","abaixo do limiar ou ambíguo"
"50035827","ESCOLA MUNDO MAGICO UNIDADE II","Campo Grande","ESCOLA DE EDUCACAO INFANTIL MUNDO MAGICO","0.6138","0.6667","0.7711","0.0566","abaixo do limiar ou ambíguo"
"50035851","ESCOLA IMAGINAR UNIDADE II","Campo Grande","ESCOLA IMAGINAR","0.7586","0.875","0.8312","0.3422","abaixo do limiar ou ambíguo"
"50035860","ESCOLA IMAGINAR UNIDADE III","Campo Grande","ESCOLA IMAGINAR","0.5704","0.8235","0.2299","0.1566","abaixo do limiar ou ambíguo"
"50035975","EMEI PROFª DULCE COUTRIM DE FREITAS","Campo Grande","","","","","","sem candidato nominal"
"50036009","DESAFIO CENTRO EDUCACIONAL","Campo Grande","ALFA BETA CENTRO EDUCACIONAL","0.5355","0.6809","0.4359","0.0352","abaixo do limiar ou ambíguo"
"50036033","COLEGIO STATUS - UNIDADE JARDIM DOS ESTADOS","Campo Grande","COLEGIO ADVENTISTA JARDIM DOS ESTADOS","0.5085","0.7164","0.2474","0.1119","abaixo do limiar ou ambíguo"
"50036050","GAPPE ESCOLA DE EDUCACAO INFANTIL E ENSINO FUNDAMENTAL LTDA","Campo Grande","ESCOLA DE EDUCACAO INFANTIL E ENSINO FUN","0.5566","0.7952","0.2444","0.0023","abaixo do limiar ou ambíguo"
"50036068","MAPLE BEAR - UNIDADE II","Campo Grande","MAPLE BEAR ESCOLA","0.6042","0.8889","0.2041","0.6042","abaixo do limiar ou ambíguo"
"50036130","INSTITUTO DE EDUCACAO BOA NOVA","Campo Grande","INSTITUTO SAO VICENTE","0.4349","0.5455","0.3721","0.0421","abaixo do limiar ou ambíguo"
"50036157","GRAU TECNICO - CAMPO GRANDE CENTRO","Campo Grande","CAMPO GRANDE ESCOLA DE COREANO","0.4538","0.6316","0.2391","0.0146","abaixo do limiar ou ambíguo"
"50036165","ESCOLA AMARELINHA YELLOW - UNIDADE II","Campo Grande","ESCOLA MUNICIPAL PADRE TOMAZ GHIRARDELLI","0.3686","0.4516","0.3409","0.0048","abaixo do limiar ou ambíguo"
"50036173","COLEGIO FUTURO LTDA","Campo Grande","ESCOLA NOVO FUTURO","0.4288","0.5556","0.3243","0.0464","abaixo do limiar ou ambíguo"
"50036181","ESCOLA AGUAPE","Campo Grande","ESCOLA AGAPPE","0.573","0.8182","0.2526","0.0568","abaixo do limiar ou ambíguo"
"50036254","INSTITUTO VIVA ENSINO FUNDAMENTAL BILINGUE","Campo Grande","INSTITUTO PENRABEL ENSINO FUNDAMENTAL E MEDIO","0.6316","0.6316","0","0.0558","abaixo do limiar ou ambíguo"
"50036319","CENTRO EDUCACIONAL MADRE CLARA RICCI","Campo Grande","JOAO E MARIA CENTRO EDUCACIONAL","0.6667","0.6667","0","0.0226","abaixo do limiar ou ambíguo"
"50036335","ASSOCIACAO EDUCACIONAL CAMINHO SEGURO","Campo Grande","CENTRO EDUCACIONAL CARROSSEL","0.5862","0.5862","0","0.0288","abaixo do limiar ou ambíguo"
"50036394","ESCOLA BILINGUE HARMONIA - UNIDADE I","Campo Grande","COLEGIO HARMONIA","0.6364","0.6364","0","0","abaixo do limiar ou ambíguo"
"50036424","REFERENCIAL CURSOS LTDA","Campo Grande","COLEGIO E CURSO REFFERENCIAL","0.7778","0.7778","0","0.3127","abaixo do limiar ou ambíguo"
"50036432","RED HOUSE INTERNACIONAL SCHOOL","Campo Grande","","","","","","sem candidato nominal"
"50036459","ESCOLA BIOVILLA LTDA - ME","Campo Grande","ESCOLA BIO VILLA","0.8125","0.8125","0","0.2078","abaixo do limiar ou ambíguo"
"50036491","COLEGIO SAO FRANCISCO DE ASSIS","Campo Grande","CEINF SAO FRANCISCO DE ASSIS","0.6097","0.8649","0.2826","0.0228","abaixo do limiar ou ambíguo"
"50036513","CENTRO INTEGRADO DA CRIANCA E DO ADOLESCENTE","Campo Grande","CIEE CENTRO DE INTEGRACAO EMPRESA ESCOLA","0.507","0.507","0","0.007","abaixo do limiar ou ambíguo"
"50036564","ESCOLA PLANETA UNIDADE JARDIM DOS ESTADOS","Campo Grande","COLEGIO ADVENTISTA JARDIM DOS ESTADOS","0.6829","0.6829","0","0.1723","abaixo do limiar ou ambíguo"
"50036580","CENTRO EDUCACIONAL CONSTRUINDO O SABER - UNIDADE II","Campo Grande","ALFA BETA CENTRO EDUCACIONAL","0.4191","0.5455","0.3111","0.0148","abaixo do limiar ou ambíguo"
"50036661","INSTITUTO MURANO EDUCACIONAL","Campo Grande","INSTITUTO YASSUDA","0.5517","0.5517","0","0.0063","abaixo do limiar ou ambíguo"
"50038206","EDUCANDARIO ESPIRITA BLAISE PASCAL","Campo Grande","ESCOLA ESPIRITA BLAISE PASCAL","0.6683","0.7755","0.7211","0.6683","abaixo do limiar ou ambíguo"
"50041207","EMEI RAMZA BEDOGLIN DOMINGOS","Campo Grande","","","","","","sem candidato nominal"
"50041606","EMEI LAFAYETE CAMARA DE OLIVEIRA","Campo Grande","EMEI ALOINA DE OLIVEIRA SOARES","0.396","0.5385","0.2391","0.0269","abaixo do limiar ou ambíguo"
"50041800","EMEI MARIA CARLOTA TIBAU DE VASCONCELOS","Campo Grande","CEINF MARIA CARLOTA TIBAU DE VASCONCELOS","0.6573","0.9153","0.3457","0.2128","abaixo do limiar ou ambíguo"
"50042807","ESCOLA CRISTA ESTACAO CRIANCA","Campo Grande","ESC ESTADUAL MARIA CONSTANCA","0.4255","0.5714","0.274","0.0267","abaixo do limiar ou ambíguo"
"50043609","CEI - NOVA ESPERANCA","Campo Grande","COLEGIO NOVA GERACAO","0.4212","0.5455","0.3191","0.4212","abaixo do limiar ou ambíguo"
"50051806","COLEGIO DE ENSINO FUNDAMENTAL NOVA GERACAO","Campo Grande","COLEGIO NOVA GERACAO","0.5627","0.6667","0.5745","0.0647","abaixo do limiar ou ambíguo"
"50059866","EMEI REGINA VITORAZZI SEBBEN","Campo Grande","","","","","","sem candidato nominal"
"50059882","EMEI SANDRA MARA GOBBO","Campo Grande","CEINF SANDRA MARA GOBBO","0.7187","0.8485","0.7407","0.3506","abaixo do limiar ou ambíguo"
"50059890","EM PROFESSORA ANA LUCIA DE OLIVEIRA BATISTA","Campo Grande","ESCOLA MUNICIPAL ANA LUCIA DE OLIVEIRA B","0.6071","0.7317","0.5902","0.2056","abaixo do limiar ou ambíguo"
"50059904","EM PROFESSORA IRACEMA MARIA VICENTE","Campo Grande","ESCOLA INTEGRAL IRACEMA MARIA VICENTE","0.6216","0.75","0.6022","0.2451","abaixo do limiar ou ambíguo"
"50059912","EMEI CARLOS NEI DA SILVA","Campo Grande","ESCOLA MUNICIPAL CARLOS VILHALVA CRISTALDO","0.3742","0.5143","0.2128","0.3742","abaixo do limiar ou ambíguo"
"50060015","NOVAESCOLA","Campo Grande","NOVA ESCOLA ENSINO MEDIO","0.5367","0.6207","0.5843","0.0062","abaixo do limiar ou ambíguo"
"50069802","COLEGIO JESUS CRIANCA","Campo Grande","CENTRO DE EDUCACAO DE CRIANCAS","0.4854","0.6667","0.2772","0.0393","abaixo do limiar ou ambíguo"
"50070800","ESCOLA PADRAO LTDA","Campo Grande","ESCOLA PADRAO","0.6674","0.8462","0.549","0.221","abaixo do limiar ou ambíguo"
"50071807","CROE - SONHO ENCANTADO","Campo Grande","","","","","","sem candidato nominal"
"50072846","EM JOSE MAURO MESSIAS DA SILVA - POETA DAS MORENINHAS","Campo Grande","","","","","","sem candidato nominal"
"50082825","IFMS - CAMPUS CAMPO GRANDE","Campo Grande","COLEGIO MILITAR DE CAMPO GRANDE","0.4711","0.6667","0.2222","0.0951","abaixo do limiar ou ambíguo"
"50022849","EM OITO DE DEZEMBRO","Campo Grande","ESCOLA MUNICIPAL 8 DE DEZEMBRO","0.599","0.7778","0.449","0.1579","abaixo do limiar ou ambíguo"
"50009257","EM AGRICOLA BARAO DO RIO BRANCO","Campo Grande","ESCOLA AGRICOLA","0.3633","0.5","0.2051","0.0133","abaixo do limiar ou ambíguo"
"50014366","EE DR RUBENS DE CASTRO PINTO","Caracol","","","","","","sem candidato nominal"
"50014374","ESCOLA MUNICIPAL DE ENSINO FUNDAMENTAL JOAO JOSE LEITE DA SILVA POLO","Caracol","ESCOLA MUNICIPAL JOAO JOSE MARTINS LEITE","0.5676","0.6154","0.7158","0.5676","abaixo do limiar ou ambíguo"
"50014382","EMR INACIO SILVESTRE MONTEIRO","Caracol","ESCOLA MUNICIPAL INACIO MONTEIRO","0.5792","0.6316","0.7216","0.5792","abaixo do limiar ou ambíguo"
"50010174","CENTRO MUNICIPAL DE EDUCACAO VEREADORA ILMA ALVES DA COSTA","Cassilândia","CENTRO DE EDUCACAO LUAIR MONTEIRO MALTA","0.3851","0.4634","0.3762","0.3851","abaixo do limiar ou ambíguo"
"50010182","ESCOLA MUNICIPAL ANTONIO PAULINO","Cassilândia","ESCOLA MUNICIPAL AMIM JOSE","0.4779","0.6","0.4074","0.0009","abaixo do limiar ou ambíguo"
"50010530","COLEGIO GERACAO","Cassilândia","","","","","","sem candidato nominal"
"50010549","COLEGIO INTELECTUS","Cassilândia","","","","","","sem candidato nominal"
"50010573","EM AMIN JOSE","Cassilândia","ESCOLA MUNICIPAL AMIM JOSE","0.6489","0.7143","0.7925","0.3111","abaixo do limiar ou ambíguo"
"50022113","CMEI - JURACY LUCAS","Cassilândia","CRECHEVJURACY LUCAS","0.6682","0.7407","0.8037","0.6682","abaixo do limiar ou ambíguo"
"50022130","CMEI MARIA PARREIRA LEAL","Cassilândia","","","","","","sem candidato nominal"
"50028219","CMEI - RICARDO BARBOSA SANDOVAL","Cassilândia","","","","","","sem candidato nominal"
"50029444","EM ADRIELE BARBOSA SILVA","Cassilândia","ESCOLA MUNICIPAL ADRIELE","0.4666","0.5","0.6024","0.4666","abaixo do limiar ou ambíguo"
"50030892","ESCOLA EVANGELICA AVIVAMENTO BIBLICO","Cassilândia","ESCOLA EVANGELICA","0.5512","0.6383","0.5979","0.5512","abaixo do limiar ou ambíguo"
"50031694","CENTRO MUNICIPAL DE EDUCACAO INFANTIL LUAIR MONTEIRO MALTA RIGONATO","Cassilândia","CENTRO DE EDUCACAO LUAIR MONTEIRO MALTA","0.547","0.6813","0.4792","0.547","abaixo do limiar ou ambíguo"
"50035495","ESCOLA MUNICIPAL MARIA APARECIDA DE PAULA","Cassilândia","ESCOLA MUNICIPAL ADRIELE","0.4647","0.6071","0.3396","0.0574","abaixo do limiar ou ambíguo"
"50036386","COLEGIO ANGLO CASSILANDIA","Cassilândia","INSTITUTO EDUCACIONAL DE CASSILANDIA","0.6471","0.6471","0","0.6471","abaixo do limiar ou ambíguo"
"50010620","EM INDAIA DO SUL - POLO","Cassilândia","","","","","","sem candidato nominal"
"50010638","CENTRO EDUCACIONAL DE CHAPADAO DO SUL - APAE","Chapadão do Sul","CENTRO EDUCACIONAL APAE","0.6138","0.7273","0.6265","0.6138","abaixo do limiar ou ambíguo"
"50010662","CEPE - CENTRO POSITIVO DE ENSINO","Chapadão do Sul","CEPE","0.5061","0.5","0.7541","0.5061","abaixo do limiar ou ambíguo"
"50010697","ESCOLA MUNICIPAL CECILIA MEIRELES","Chapadão do Sul","ESCOLA MUNICIAPAL AROEIRA","0.4474","0.6275","0.2247","0.0348","abaixo do limiar ou ambíguo"
"50025740","CENTRO DE EDUCACAO INFANTIL DONA DALILA","Chapadão do Sul","CENTRO EDUCACIONAL APAE","0.396","0.5283","0.2632","0.396","abaixo do limiar ou ambíguo"
"50030060","ESCOLA MUNICIPAL ERICO VERISSIMO","Chapadão do Sul","ESCOLA MUNICIPAL PEDRA BRANCA","0.4168","0.5283","0.3434","0.0373","abaixo do limiar ou ambíguo"
"50030698","CENTRO DE EDUCACAO INFANTIL FLAMBOYANT","Chapadão do Sul","","","","","","sem candidato nominal"
"50031600","CEI EDUCATIVA","Chapadão do Sul","","","","","","sem candidato nominal"
"50034138","CENTRO ESTADUAL DE EDUCACAO PROFISSIONAL ARLINDO NECKEL","Chapadão do Sul","CENTRO EDUCACIONAL APAE","0.4012","0.4706","0.4211","0.4012","abaixo do limiar ou ambíguo"
"50035657","ESCOLA MUNICIPAL MANOEL DE BARROS","Chapadão do Sul","ESCOLA MUNICIPAL PEDRA BRANCA","0.445","0.566","0.3619","0.0054","abaixo do limiar ou ambíguo"
"50035878","CENTRO DE EDUCACAO INFANTIL PROFESSORA ERICA SCHWETER","Chapadão do Sul","","","","","","sem candidato nominal"
"50050800","CEPROSUL","Chapadão do Sul","","","","","","sem candidato nominal"
"50009281","EM FRANCISCO NOGUEIRA SOBRINHO","Corguinho","ESCOLA MUN DE 1 GRAU FRANC N SOBRINHO","0.5373","0.5581","0.7356","0.5373","abaixo do limiar ou ambíguo"
"50009311","EM FREI OTAVIO JOAO SIMIONATO POLO","Corguinho","","","","","","sem candidato nominal"
"50009443","EMEI ARCO-IRIS","Corguinho","","","","","","sem candidato nominal"
"50031333","APAE DE CORGUINHO","Corguinho","","","","","","sem candidato nominal"
"50019554","EE CEL SAPUCAIA","Coronel Sapucaia","","","","","","sem candidato nominal"
"50019597","EM NANDE REKO ARANDU","Coronel Sapucaia","ESCOLA ESTADUAL NANDE REKO ARANDU","0.6899","1","0.4034","0.1072","conflito de dependência administrativa"
"50024841","ESCOLA DE EDUC ESPECIAL PORTAL DE LUZ","Coronel Sapucaia","","","","","","sem candidato nominal"
"50031317","CEI - MUNDO ENCANTADO","Coronel Sapucaia","CENTRO DE EDUCACAO INFANTIL MUNDO ENCANTADO","0.6623","0.7647","0.7238","0.6623","abaixo do limiar ou ambíguo"
"50032984","CEI - CRESCER E APRENDER","Coronel Sapucaia","","","","","","sem candidato nominal"
"50032992","MBO EROY ARANDU","Coronel Sapucaia","MBOEROY MITA NHEMONGOY","0.3619","0.4516","0.3148","0.0041","abaixo do limiar ou ambíguo"
"50037404","CENTRO EDUCATIVO PINGO DE GENTE","Coronel Sapucaia","ESCOLA INFANTIL PINGO DE GENTE","0.4686","0.5714","0.4396","0.1069","abaixo do limiar ou ambíguo"
"50000039","ESCOLA DO SESI CORUMBA","Corumbá","SESI","0.4561","0.5","0.5618","0.0407","abaixo do limiar ou ambíguo"
"50000101","COLEGIO ADVENTISTA DE CORUMBA","Corumbá","EDUCACAO ADVENTISTA","0.6331","0.72","0.7179","0.1536","abaixo do limiar ou ambíguo"
"50000110","ESCOLA EVANGELICA ASSEMBLEIA DE DEUS","Corumbá","","","","","","sem candidato nominal"
"50000152","EE MARIA HELENA ALBANEZE","Corumbá","","","","","","sem candidato nominal"
"50000160","EE ROTARY CLUB","Corumbá","","","","","","sem candidato nominal"
"50000225","EE NATHERCIA POMPEO DOS SANTOS","Corumbá","ESCOLA NATHERCIA POMPEU DOS SANTOS","0.6919","0.9","0.5152","0.6919","abaixo do limiar ou ambíguo"
"50000276","EM FERNANDO DE BARROS E CEMEI MARIA CANDELARIA PEREIRA LEITE E EXTENSAO","Corumbá","","","","","","sem candidato nominal"
"50000284","ESCOLA MUNICIPAL DE EDUCACAO INTEGRAL LUIZ FEITOSA RODRIGUES","Corumbá","ESCOLA MUNICIPAL CIRIACO DE TOLEDO","0.4041","0.4938","0.3768","0.0188","abaixo do limiar ou ambíguo"
"50000322","ESCOLA MUNICIPAL DE EDUCACAO INTEGRAL TILMA FERNANDES VEIGA E CEMEI PARTEIRA VALODIA SERRA","Corumbá","ESCOLA MUNICIPAL TILMA FERNANDES","0.4958","0.5333","0.6353","0.1496","abaixo do limiar ou ambíguo"
"50000330","EM CYRIACO FELIX DE TOLEDO","Corumbá","ESCOLA MUNICIPAL CIRIACO DE TOLEDO","0.5556","0.6207","0.6567","0.5556","abaixo do limiar ou ambíguo"
"50000349","ESCOLA MUNICIPAL DE EDUCACAO INTEGRAL RACHID BARDAUIL","Corumbá","ESCOLA MNICIPAL CASSIO LEITE DE BARROS E","0.3899","0.4557","0.413","0.0133","abaixo do limiar ou ambíguo"
"50000357","ENAM - ESCOLA NEUSA ASSAD MALTA","Corumbá","ESCOLA SANTA INES","0.4505","0.5263","0.4776","0.0484","abaixo do limiar ou ambíguo"
"50000411","INSTITUTO EDUC JOSE CARLOS MACENA DE BRITTO","Corumbá","ESCOLA MACENA DE BRITO","0.4524","0.4545","0.6563","0.4524","abaixo do limiar ou ambíguo"
"50000438","ESC ESPECIALIZADA REINO DO AMOR-APAE","Corumbá","","","","","","sem candidato nominal"
"50000551","IBEC - INSTITUTO BARUKI DE ED E CULTURA","Corumbá","","","","","","sem candidato nominal"
"50000594","CEMEI ESTRELINHA VERDE","Corumbá","ESTRELINHA VERDE","0.6834","0.8485","0.6053","0.6834","abaixo do limiar ou ambíguo"
"50024752","ESCOLA MUNICIPAL RURAL DE EDUCACAO INTEGRAL EUTROPIA GOMES PEDROSO","Corumbá","ESCOLA MUNICIPAL EUTROPIA GOMES PEDROSO","0.6714","0.8261","0.6122","0.2882","abaixo do limiar ou ambíguo"
"50024779","EMR POLO CARLOS CARCANO","Corumbá","","","","","","sem candidato nominal"
"50025384","CEMEI PARTEIRA MARIA BENVINDA RABELLO","Corumbá","CENTRO MUNICIPAL DE EDUCACAO INFANTIL MARIA BENVINDA RABELO","0.587","0.6207","0.7778","0.2376","abaixo do limiar ou ambíguo"
"50025406","CEMEI PARTEIRA ANA GONCALVES DO NASCIMENTO","Corumbá","","","","","","sem candidato nominal"
"50025422","CEMEI PARTEIRA INOCENCIA CAMBARA","Corumbá","CEMEI PARTEIRA ROSA JOSETTI","0.364","0.5098","0.1842","0.364","abaixo do limiar ou ambíguo"
"50027492","EMR POLO PAIOLZINHO","Corumbá","ESCOLA PAIOLZINHO","0.6151","0.8571","0.3218","0.6151","abaixo do limiar ou ambíguo"
"50028030","FATEC SENAI CORUMBA","Corumbá","","","","","","sem candidato nominal"
"50030051","EM DR CASSIO LEITE DE BARROS","Corumbá","ESCOLA MNICIPAL CASSIO LEITE DE BARROS E","0.6352","0.7619","0.6263","0.1956","abaixo do limiar ou ambíguo"
"50030132","ESCOLA TENIR LTDA","Corumbá","COLEGIO TENIR","0.6053","0.6667","0.7385","0.1936","abaixo do limiar ou ambíguo"
"50030329","ESCOLINHA DE ARTES ACALANTO","Corumbá","ESCOLA SANTA INES","0.4442","0.5405","0.4194","0.062","abaixo do limiar ou ambíguo"
"50031023","ESCOLA MUNICIPAL ALMIRANTE TAMANDARE - CEMEI LAIDA MENACHO","Corumbá","ESCOLA MUNICIPAL TILMA FERNANDES","0.3964","0.5195","0.2857","0.019","abaixo do limiar ou ambíguo"
"50031988","CEMEI PROFª HELIA DA COSTA REIS","Corumbá","CENTRO DE EDUCACAO INFANTIL PROF HELIA DA COSTA REIS","0.6652","0.7234","0.8333","0.6652","abaixo do limiar ou ambíguo"
"50032313","ESCOLA MUNICIPAL RURAL POLO PORTO DA MANGA E EXTENSOES","Corumbá","ESCOLA MUNICIPAL RURAL POLO PORTO ESPERANCA E EXTENSOES","0.5907","0.8478","0.25","0.2222","abaixo do limiar ou ambíguo"
"50032682","CEMEI PROFESSORA EUNICE AJALA ROCHA","Corumbá","","","","","","sem candidato nominal"
"50035894","BABU - CENTRO DE DESENVOLVIMENTO INFANTIL","Corumbá","CENTRO DE EDUCACAO INFANTIL","0.4411","0.5965","0.274","0.0308","abaixo do limiar ou ambíguo"
"50035924","EM PROF ERCY CARDOSO E CEMEI PROF TELMA DA COSTA RODRIGUES","Corumbá","","","","","","sem candidato nominal"
"50055801","CENTRO DE EDUCACAO PROFISSIONAL - SENAC CORUMBA","Corumbá","ESCOLA PROFISSIONAL","0.4445","0.6471","0.1667","0.0331","abaixo do limiar ou ambíguo"
"50082833","IFMS - CAMPUS CORUMBA","Corumbá","UFMS CAMPUS DO PANTANAL","0.3664","0.4848","0.2532","0.3664","abaixo do limiar ou ambíguo"
"50082892","EM PROF DJALMA DE SAMPAIO BRASIL E CEMEI SERV CARMO","Corumbá","","","","","","sem candidato nominal"
"50030566","ESCOLA MUNICIPAL RURAL DE EDUCACAO INTEGRAL POLO LUIZ DE ALBUQUERQUE DE MELO PEREIRA E CACERES E EXT","Corumbá","ESCOLA LUIS DE ALBUQUERQUE DE MELO PEREI","0.6075","0.6364","0.8189","0.1542","abaixo do limiar ou ambíguo"
"50029746","EE INDIGENA JOAO Q DE CARVALHO - TOGHOPANAA","Corumbá","ESCOLA ESTADUAL JOAO QUIRINO DE CARVALHO","0.3831","0.5641","0.1282","0.3831","abaixo do limiar ou ambíguo"
"50032267","ESCOLA MUNICIPAL RURAL DE EDUCACAO INTEGRAL POLO PARAGUAI MIRIM E EXTENSOES","Corumbá","ESCOLA MUNICIPAL PARAGUAI MIRIM","0.4647","0.5934","0.3721","0.0178","abaixo do limiar ou ambíguo"
"50032275","ESCOLA MUNICIPAL RURAL DE EDUCACAO INTEGRAL POLO SAO LOURENCO E EXTENSOES","Corumbá","ESCOLA MUNICIPAL RURAL POLO PORTO ESPERANCA E EXTENSOES","0.4574","0.6606","0.1839","0.0286","abaixo do limiar ou ambíguo"
"50000624","EM LUDOVINA PORTOCARRERO","Corumbá","ESCOLA LUDOVINA","0.5163","0.5385","0.7018","0.5163","abaixo do limiar ou ambíguo"
"50032283","ESCOLA MUNICIPAL RURAL DE EDUCACAO INTEGRAL POLO SEBASTIAO ROLON E EXTENSOES","Corumbá","EMREIP SEBASTIAO ROLON E EXTENSOES","0.5256","0.7586","0.2124","0.0364","abaixo do limiar ou ambíguo"
"50032291","ESCOLA MUNICIPAL RURAL DE EDUCACAO INTEGRAL POLO SANTA AURELIA E EXTENSOES","Corumbá","ESCOLA MUNICIPAL SANTA AURELIA","0.4608","0.5641","0.4272","0.02","abaixo do limiar ou ambíguo"
"50030558","ESCOLA MUNICIPAL RURAL DE EDUCACAO INTEGRAL POLO PORTO ESPERANCA E EXTENSOES","Corumbá","ESCOLA MUNICIPAL RURAL POLO PORTO ESPERANCA E EXTENSOES","0.5685","0.8462","0.1687","0.1901","abaixo do limiar ou ambíguo"
"50010700","EE JOSE FERREIRA DA COSTA","Costa Rica","","","","","","sem candidato nominal"
"50010727","ESCOLA MUNICIPAL FRANCISCO MARTINS CARRIJO","Costa Rica","ESCOLA MUNICIPAL VALE DO AMANHECER","0.3736","0.4848","0.2807","0.0112","abaixo do limiar ou ambíguo"
"50010956","CENTRO DE EDUCACAO INFANTIL AMBROSINA PAES COELHO","Costa Rica","CENTRO DE EDUCACAO INFANTIL","0.5282","0.7077","0.3441","0.0101","abaixo do limiar ou ambíguo"
"50030655","CENTRO DE EDUCACAO INFANTIL DAVINA CORREA DE OLIVEIRA","Costa Rica","CENTRO DE EDUCACAO INFANTIL","0.5873","0.6765","0.6458","0.1013","abaixo do limiar ou ambíguo"
"50030973","CENTRO DE EDUCACAO INFANTIL SONHO DE NINAR","Costa Rica","CEI SONHO DE NINAR","0.6413","0.6923","0.8155","0.0603","abaixo do limiar ou ambíguo"
"50034669","CENTRO DE EDUCACAO INFANTIL SONHO DA VOVO LUZIA GOMES DA COSTA","Costa Rica","CENTRO DE EDUCACAO SONHO MEU","0.4905","0.5946","0.4685","0.0114","abaixo do limiar ou ambíguo"
"50003453","CENTRO DE EDUCACAO ESPECIAL DE COXIM","Coxim","CENTRO DE EDUCACAO INFANTIL","0.4214","0.566","0.2708","0.0045","abaixo do limiar ou ambíguo"
"50003461","EE PADRE NUNES","Coxim","","","","","","sem candidato nominal"
"50003526","EE SEMIRAMIS CARLOTA BENEVIDES DA ROCHA","Coxim","ESTENCAO DA ESCOLA SEMIRAMIS","0.3657","0.4912","0.2353","0.3657","abaixo do limiar ou ambíguo"
"50003631","CENTRO DE EDUCACAO PROFISSIONAL ENSINO FUNDAMENTAL E MEDIO SANTA TERESA","Coxim","","","","","","sem candidato nominal"
"50022172","CEI - ZULEIDE POMPEU DOS SANTOS","Coxim","","","","","","sem candidato nominal"
"50026860","CEI - NELY MARTINS","Coxim","","","","","","sem candidato nominal"
"50030744","CEI - ILDON TORQUATO RIBEIRO","Coxim","ESCOLA MUNICIPAL ANTONIO TORQUATO","0.4345","0.5455","0.3704","0.0447","abaixo do limiar ou ambíguo"
"50031368","CENTRO DE EDUCACAO INFANTIL LEONORA DA SILVA BEZERRA","Coxim","CENTRO DE EDUCACAO INFANTIL","0.5257","0.6866","0.3846","0.0406","abaixo do limiar ou ambíguo"
"50031872","CENTRO MUNICIPAL DE PRE-ESCOLAR CAMINHO DAS LETRAS","Coxim","CRECHE CAMINHO DAS LETRAS","0.6902","0.7742","0.8085","0.328","abaixo do limiar ou ambíguo"
"50033824","ESCOLA MUNICIPAL DE PRE-ESCOLAR E ENSINO FUNDAMENTAL MARIA LUCIA BATISTA","Coxim","ESCOLA MUNICIPAL WILIAN TAVARES DE OLIVE","0.3829","0.4632","0.3684","0.3829","abaixo do limiar ou ambíguo"
"50036084","EDUCANDO COM AMOR ESCOLA INFANTIL - ECAEI","Coxim","CENTRO DE EDUCAO INFANTIL","0.432","0.55","0.35","0.432","abaixo do limiar ou ambíguo"
"50044818","CEI - MARIA SANTANA DE ARAUJO","Coxim","","","","","","sem candidato nominal"
"50082841","IFMS - CAMPUS COXIM","Coxim","","","","","","sem candidato nominal"
"50019651","EE EDWIRGES COELHO DERZI","Deodápolis","","","","","","sem candidato nominal"
"50019775","CEI- JOAO PEDRO PELEGRINE DE SOUZA","Deodápolis","","","","","","sem candidato nominal"
"50024620","ESCOLA ESPECIAL CRIANCA FELIZ - APAE","Deodápolis","ESCOLA MUNICIPAL ELIZABETE L CAMPOS POLO","0.4826","0.4762","0.7207","0.4826","abaixo do limiar ou ambíguo"
"50031180","OS GLOBINHOS CENTRO EDUCACIONAL DE DEODAPOLIS","Deodápolis","OS GLOBINHOS","0.5666","0.6667","0.5895","0.1563","abaixo do limiar ou ambíguo"
"50033948","ESCOLA DE EDUCACAO INFANTIL E ENSINO FUNDAMENTAL CRESCER E APRENDER","Deodápolis","ESCOLA ESTADUAL DE ENSINO FUNDAMENTAL ED","0.4905","0.6154","0.419","0.0959","abaixo do limiar ou ambíguo"
"50034944","ESCOLA MUNICIPAL CICERO REINALDO DA SILVA","Deodápolis","ESCOLA MUNICIPAL","0.4583","0.5714","0.4","0.4583","abaixo do limiar ou ambíguo"
"50035592","EM JOSE REIS DOS SANTOS POLO","Deodápolis","ESCOLA ESTADUAL JOSE REIS DOS SANTOS","0.793","1","0.8","0.793","conflito de dependência administrativa"
"50002163","ESCOLA MUNICIPAL PROFESSOR JOSE PINTO DA SILVA","Dois Irmãos do Buriti","ESCOLA POLO MUNICIPAL PROFESSOR PINTO","0.576","0.6885","0.5735","0.2106","abaixo do limiar ou ambíguo"
"50025368","CENTRO POLO MUNICIPAL DE EDUCACAO INFANTIL ANJOS DO DIA","Dois Irmãos do Buriti","CENTRO DE EDUCACAO INFANTIL","0.4738","0.6667","0.2326","0.4738","abaixo do limiar ou ambíguo"
"50031457","CENTRO MUNICIPAL DE EDUCACAO INFANTIL SIDINEI MARQUES ROSA","Dois Irmãos do Buriti","CENTRO DE EDUCACAO INFANTIL","0.4488","0.6027","0.2889","0.0788","abaixo do limiar ou ambíguo"
"50031686","CAEEPP - C DE ATENDIMENTO EDUCACIONAL ESPECIALIZADO PASSO A PASSO","Dois Irmãos do Buriti","","","","","","sem candidato nominal"
"50035967","CMEI PROFESSORA ELISABETE PEREIRA DA SILVA","Dois Irmãos do Buriti","","","","","","sem candidato nominal"
"50037005","EE INDIGENA CACIQUE NDETI REGINALDO","Dois Irmãos do Buriti","ESCOLA MUNICIPAL CACIQUE NDETI REGINALDO","0.7127","1","0.4912","0.2931","conflito de dependência administrativa"
"50002481","ESCOLA MUNICIPAL NERO MENEZES DE AVILA","Dois Irmãos do Buriti","ESCOLA MUNICIPAL CACIQUE NDETI REGINALDO","0.3604","0.4776","0.2472","0.001","abaixo do limiar ou ambíguo"
"50022156","EM MIRENA AMELIA BATISTA","Douradina","","","","","","sem candidato nominal"
"50029754","EM DE EDUC INDIGENA JOAOZINHO CARAPE FERNANDO","Douradina","ESCOLA MUNICIPAL DE EDUCACAO INDIGENA JOAOZINHO CARAPE FERNANDO","0.7057","0.9167","0.5283","0.7057","abaixo do limiar ou ambíguo"
"50015664","APAE-DOURADOS-MS","Dourados","SENAC DOURADOS","0.4246","0.56","0.2979","0.0374","abaixo do limiar ou ambíguo"
"50015770","CENTRO ESTADUAL DE EDUCACAO DE JOVENS E ADULTOS DE DOURADOS-CEEJA MS","Dourados","CEEP CENTRO ESTADUAL DE EDUCACAO PROFISSIONAL","0.4456","0.5263","0.4587","0.4456","abaixo do limiar ou ambíguo"
"50015834","ESCOLA DO SESI DOURADOS","Dourados","SENAC DOURADOS","0.4816","0.6957","0.1935","0.0278","abaixo do limiar ou ambíguo"
"50015877","ESCOLA PRESBITERIANA ERASMO BRAGA","Dourados","ESCOLA ERASMO BRAGA","0.6404","0.7111","0.7674","0.6404","abaixo do limiar ou ambíguo"
"50015931","EM ROTARY DR NELSON DE ARAUJO","Dourados","","","","","","sem candidato nominal"
"50016040","EM AURORA PEDROSO DE CAMARGO","Dourados","","","","","","sem candidato nominal"
"50016199","EM LAUDEMIRA COUTINHO DE MELO","Dourados","ESCOLA MUNICIPAL LAUDEMIRA","0.4843","0.5714","0.5","0.4843","abaixo do limiar ou ambíguo"
"50016245","EM INDIGENA TENGATUI MARANGATU - POLO","Dourados","","","","","","sem candidato nominal"
"50016342","EM VER ALBERTINA PEREIRA DE MATOS","Dourados","ESC MUN ALBERTINA P DE MATOS","0.5677","0.619","0.7073","0.5677","abaixo do limiar ou ambíguo"
"50016385","ESCOLA FRANCISCANA IMACULADA CONCEICAO","Dourados","ESCOLA FRANCISCANA IMAVULADA CONCEICAO","0.6606","0.9412","0.2963","0.053","abaixo do limiar ou ambíguo"
"50016393","ESCOLA PRESBITERIANA MACKENZIE VITAL BRASIL","Dourados","","","","","","sem candidato nominal"
"50016407","ESCOLA ESPECIALIZADA ARCO IRIS - ASSOCIACAO PESTALOZZI DE DOURADOS","Dourados","ESCOLA DE EDUCACAO ESPECIAL MARIA JULIA RIBEIRO","0.3583","0.4792","0.2353","0.3583","abaixo do limiar ou ambíguo"
"50016415","EE ANTONIA DA SILVEIRA CAPILE","Dourados","ESCOLA MINICIPAL ROSA ANTUNES DA SILVEIRA CAMARA","0.3231","0.4528","0.1628","0.3231","abaixo do limiar ou ambíguo"
"50016431","EE RAMONA DA SILVA PEDROSO","Dourados","CEIM PEDRO DA SILVA MOTA","0.505","0.7333","0.1935","0.166","abaixo do limiar ou ambíguo"
"50016504","EM PROFª ANTONIA CANDIDA DE MELO","Dourados","","","","","","sem candidato nominal"
"50016539","EM PROF MANOEL SANTIAGO DE OLIVEIRA","Dourados","ESCOLA MUNICIPAL MANOEL SANTIAGO","0.5512","0.6842","0.4884","0.5512","abaixo do limiar ou ambíguo"
"50016555","EM PROF CLORI BENEDETTI DE FREITAS","Dourados","","","","","","sem candidato nominal"
"50016580","EM LOIDE BONFIM ANDRADE","Dourados","ESCOLA LOIDE BONFIM","0.6284","0.7407","0.6506","0.1409","abaixo do limiar ou ambíguo"
"50016598","EM ETALIVIO PENZO","Dourados","","","","","","sem candidato nominal"
"50016679","SERVICO DE EDUCACAO INTEGRAL","Dourados","ESCOLA DE EDUCACAO INFANTIL","0.4131","0.5532","0.2697","0.0023","abaixo do limiar ou ambíguo"
"50022512","EM NEIL FIORAVANTI","Dourados","ESCOLA IZABEL MUZZI FIORAVANTI","0.3732","0.5455","0.1348","0.3732","abaixo do limiar ou ambíguo"
"50023675","CEART - CENTRO EDUCACIONAL ANTONIO RAPOSO TAVARES","Dourados","CENTRO EDUCACIONAL ZOE","0.3997","0.5333","0.2655","0.023","abaixo do limiar ou ambíguo"
"50025228","CEIM - MARIA MADALENA DE AGUIAR-RAIO DE SOL","Dourados","CEIM MARIA DE NAZARE","0.3933","0.5306","0.2474","0.3933","abaixo do limiar ou ambíguo"
"50025279","CEIM - KATIA MARQUES BARBOSA","Dourados","CEIM PROF ARGEMIRA RODEIGUES BARBOSA","0.3546","0.4906","0.1942","0.3546","abaixo do limiar ou ambíguo"
"50025287","CEIM IVO BENEDITO CARNEIRO","Dourados","ESCOLA CEIM WILSON BENEDITO CARNEIRO","0.576","0.7692","0.381","0.576","abaixo do limiar ou ambíguo"
"50025309","CEIM - SARAH PENZO","Dourados","","","","","","sem candidato nominal"
"50026984","CEIM - RECANTO DA CRIANCA","Dourados","CENTRO DE EDUCACAO INFANTIL MUNICIPAL RECANTO DA CRIANCA","0.6374","0.7647","0.6279","0.1124","abaixo do limiar ou ambíguo"
"50028286","CEIM - DECIO ROSA BASTOS","Dourados","ESCOLA MUNICIPAL CLARICE BASTOS ROSA","0.3944","0.5333","0.2453","0.3944","abaixo do limiar ou ambíguo"
"50028294","CEIM - RECANTO RAIZES","Dourados","","","","","","sem candidato nominal"
"50028308","CEIM VITTORIO FEDRIZZI","Dourados","CENTRO DE EDUCACAO INFANTIL VITTORIO FEDRIZZI","0.6427","0.7895","0.5895","0.6427","abaixo do limiar ou ambíguo"
"50028545","FACULDADE DE TECNOLOGIA SENAI DOURADOS","Dourados","FACULDADE MULTIVIX DOURADOS","0.3973","0.5455","0.2273","0.0034","abaixo do limiar ou ambíguo"
"50028561","CENTRO DE EDUCACAO PROFISSIONAL - SENAC DOURADOS","Dourados","SENAC DOURADOS","0.5289","0.6667","0.4444","0.0201","abaixo do limiar ou ambíguo"
"50028863","SONHOS E MIMOS RECREACAO INFANTIL EIRELI","Dourados","CEMINHA EDUCACAO INFANTIL","0.4128","0.5","0.3953","0.4128","abaixo do limiar ou ambíguo"
"50029134","CENTRO EDUCACIONAL CEMA-CEMINHA","Dourados","CEMINHA EDUCACAO INFANTIL","0.5375","0.5","0.875","0.0131","abaixo do limiar ou ambíguo"
"50029142","ESC DE RECR E EF NOVOS TEMPOS DO SABER LTDA","Dourados","","","","","","sem candidato nominal"
"50029150","ELITE DOURADOS","Dourados","ELITE REDE DE ENSINO","0.5405","0.5","0.8864","0.1336","abaixo do limiar ou ambíguo"
"50029509","CEIM - CELSO DE ALMEIDA","Dourados","","","","","","sem candidato nominal"
"50029711","INSTITUTO EDUCACIONAL DA IGREJA PRESBITERIANA INDEPENDENTE DE DOURADOS","Dourados","INSTITUTO EDUCACIONAL ALECRIM DOURADO","0.4137","0.5474","0.2857","0.4137","abaixo do limiar ou ambíguo"
"50030027","CEIM - PROF MARIO KUMAGAI","Dourados","","","","","","sem candidato nominal"
"50030035","CEIM - DALVA VERA MARTINES","Dourados","ESCOLA MUNICIPAL RAMAO MARTINS","0.3718","0.5185","0.1935","0.0383","abaixo do limiar ou ambíguo"
"50030043","EM INDIGENA AGUSTINHO","Dourados","","","","","","sem candidato nominal"
"50030388","EE INDIGENA DE EM INT GUATEKA - MARCAL DE SOUZA","Dourados","","","","","","sem candidato nominal"
"50030426","EM INDIGENA ARAPORA","Dourados","ESCOLA ARAPOTI","0.5258","0.6667","0.4324","0.5258","abaixo do limiar ou ambíguo"
"50030590","COLEGIO LUMIERE ENSINO FUNDAMENTAL","Dourados","ESCOLA LUMIERE","0.4625","0.5217","0.5349","0.0258","abaixo do limiar ou ambíguo"
"50030906","CEIM - CLAUDINA DA SILVA TEIXEIRA","Dourados","","","","","","sem candidato nominal"
"50031325","CEI MARIA ALICE SILVESTRE","Dourados","CEIM MARIA DE LOURDES SILVA","0.3698","0.5294","0.16","0.0344","abaixo do limiar ou ambíguo"
"50032208","EM PROFª IRIA LUCIA WILHELM KONZEN","Dourados","","","","","","sem candidato nominal"
"50032402","CEIM PROFESSOR GUILHERME SILVEIRA GOMES","Dourados","CEIM GUILHERME S GOMES","0.6217","0.6809","0.7674","0.6217","abaixo do limiar ou ambíguo"
"50032577","ASSOCIACAO EDUCACIONAL CEMINHA","Dourados","CEMINHA EDUCACAO INFANTIL","0.5565","0.5306","0.875","0.1399","abaixo do limiar ou ambíguo"
"50032895","COLEGIO UNIGRAN - UNIDADE II","Dourados","UNIGRAN","0.6308","0.8571","0.382","0.0259","abaixo do limiar ou ambíguo"
"50033115","IFMS - CAMPUS DOURADOS","Dourados","SENAC DOURADOS","0.3784","0.4828","0.3043","0.3784","abaixo do limiar ou ambíguo"
"50033476","COLEGIO DOM BOSCO DE ENSINO FUNDAMENTAL E ENSINO MEDIO","Dourados","ESCOLA ENSINO FUNDAMENTAL EXTENSAO MARAN","0.4343","0.575","0.2991","0.0563","abaixo do limiar ou ambíguo"
"50033506","UNIDADE ESCOLAR DE EDUCACAO INF GIZ DE CERA","Dourados","ESCOLA INFANTIL GIZ DE CERA","0.5316","0.5333","0.7727","0.0621","abaixo do limiar ou ambíguo"
"50033549","CEIM - CLAUDETE PEREIRA LIMA","Dourados","CEIM AUSTRILIO FERREIRA DE SOUZA","0.3652","0.4898","0.2366","0.0038","abaixo do limiar ou ambíguo"
"50033590","INSTITUTO EDUCACIONAL WINGS LTDA-ME","Dourados","INSTITUTO EDUCACIONAL ALECRIM DOURADO","0.4375","0.6032","0.2444","0.4375","abaixo do limiar ou ambíguo"
"50033700","CENTRO ESTADUAL DE EDUCACAO PROFISSIONAL PROFESSORA EVANILDE COSTA DA SILVA","Dourados","CEEP CENTRO ESTADUAL DE EDUCACAO PROFISSIONAL","0.537","0.7143","0.3619","0.537","abaixo do limiar ou ambíguo"
"50033891","CEIM PROFª LUCIA LICHT MARTINS","Dourados","CEIM PROFESSOR BERTILO BINSFELD","0.385","0.4783","0.3404","0.0529","abaixo do limiar ou ambíguo"
"50033956","CEIM PROFESSORA ZELI DA SILVA RAMOS","Dourados","CEIM PEDRO DA SILVA MOTA","0.4477","0.619","0.2459","0.4477","abaixo do limiar ou ambíguo"
"50035096","CENTRO DE EDUCACAO INFANTIL PINGO DE GENTE","Dourados","CENTRO DE EDUCACAO INFANTIL","0.5644","0.7931","0.2796","0.104","abaixo do limiar ou ambíguo"
"50035118","COLEGIO PARAISO LTDA","Dourados","PARAISO INFANTIL 1","0.4705","0.5","0.6173","0.0912","abaixo do limiar ou ambíguo"
"50035231","CEI - INSTITUTO CRESCER - UNIDADE I","Dourados","INSTITUTO EDUCACIONAL ALECRIM DOURADO","0.3569","0.4865","0.2128","0.3569","abaixo do limiar ou ambíguo"
"50035355","COLEGIO INTERAGIR JARDIM EUROPA","Dourados","COLEGIO INTERAGIR","0.4921","0.7143","0.1895","0.4921","abaixo do limiar ou ambíguo"
"50035487","ESCOLA E HOTELZINHO MUNDO DA ALEGRIA","Dourados","MUNDO DA ALEGRIA","0.5119","0.6875","0.3294","0.1719","abaixo do limiar ou ambíguo"
"50035819","EDUCANDARIO ESPIRITA ALLAN KARDEC","Dourados","ESCOLA DE EDUCACAO ESPECIAL MARIA JULIA RIBEIRO","0.3565","0.4638","0.2651","0.3565","abaixo do limiar ou ambíguo"
"50035916","INSTITUTO MAXIMOS","Dourados","INSTITUTO EDUCACIONAL ALECRIM DOURADO","0.3799","0.4865","0.3011","0.3799","abaixo do limiar ou ambíguo"
"50036025","CENTRO DE ATENDIMENTO EDUCACIONAL ESPECIALIZADO AS PESSOAS COM TEA DA AAGD","Dourados","","","","","","sem candidato nominal"
"50036106","ESCOLA PRESBITERIANA ERASMO BRAGA MISSAO CAIUA","Dourados","ESCOLA ERASMO BRAGA","0.4496","0.5714","0.3664","0.4496","abaixo do limiar ou ambíguo"
"50036378","INSTITUTO EDUCACIONAL CAMINHO DO SABER LTDA","Dourados","INSTITUTO EDUCACIONAL ALECRIM DOURADO","0.5714","0.5714","0","0.5714","abaixo do limiar ou ambíguo"
"50036530","CENTRO EDUCACIONAL NOVA GERACAO LTDA","Dourados","ESCOLA GERACAO RENOVADA","0.7143","0.7143","0","0.0743","abaixo do limiar ou ambíguo"
"50036548","COLEGIO DOCE ENCANTO","Dourados","","","","","","sem candidato nominal"
"50036637","SONIA DE FATIMA APARECIDA DA SILVA NOVACHINSKI LTDA - ME","Dourados","","","","","","sem candidato nominal"
"50036645","IEAD - INSTITUTO EDUCACIONAL ALECRIM DOURADO FILIAL","Dourados","INSTITUTO EDUCACIONAL ALECRIM DOURADO","0.64","0.8684","0.3908","0.64","abaixo do limiar ou ambíguo"
"50036653","IEAD - INSTITUTO EDUCACIONAL ALECRIM DOURADO FILIAL 2","Dourados","INSTITUTO EDUCACIONAL ALECRIM DOURADO","0.633","0.8571","0.3908","0.633","abaixo do limiar ou ambíguo"
"50040600","ESCOLA MUNICIPAL INDIGENA LACUI ROQUE ISNARD","Dourados","ESCOLA MUNICIPAL BERNARDINA CORREA DE ALMEIDA","0.4326","0.5974","0.2391","0.0222","abaixo do limiar ou ambíguo"
"50046802","IEGRAN - INSTITUTO EDUCACIONAL DA GRANDE DOURADOS LTDA","Dourados","INSTITUTO EDUCACIONAL ALECRIM DOURADO","0.4795","0.641","0.3158","0.025","abaixo do limiar ou ambíguo"
"50059823","NOTA10 INTERNACIONAL - UNIDADE DOURADOS","Dourados","UNIVERSIDADE FEDERAL DA GRANDE DOURADOS","0.3791","0.4776","0.3191","0.043","abaixo do limiar ou ambíguo"
"50059955","ESCOLA ADVENTISTA DOURADOS - I","Dourados","ESCOLA ADVENTISTA","0.6849","0.7692","0.8","0.2851","abaixo do limiar ou ambíguo"
"50078801","EM PREF LUIZ ANTONIO ALVARES GONCALVES","Dourados","ESCOLA MUNICIPAL PREFEITO LUIZ ANTONIO","0.5625","0.5417","0.8718","0.201","abaixo do limiar ou ambíguo"
"50016873","EE ANTONIO VICENTE AZAMBUJA","Dourados","","","","","","sem candidato nominal"
"50030434","EM JOSE EDUARDO CANUTO ESTOLANO - PEREQUETE","Dourados","ESCOLA MUNICIPAL JOSE E CANUTO ESTOLANO","0.5368","0.64","0.5385","0.5368","abaixo do limiar ou ambíguo"
"50016938","EM DOM AQUINO CORREA","Dourados","ESCOLA DAM AQUINO","0.5016","0.5455","0.6286","0.5016","abaixo do limiar ou ambíguo"
"50029495","EM INDIGENA PA I CHIQUITO- CHIQUITO PEDRO","Dourados","ESCOLA PAI CHIQUITO","0.4864","0.5","0.6786","0.4864","abaixo do limiar ou ambíguo"
"50022261","APAE - ASSOC DE PAIS E AMIGOS DOS EXCEPCIONAIS DE ELDORADO","Eldorado","","","","","","sem candidato nominal"
"50020315","CENTRO DE EDUCACAO INFANTIL ITAMAR EVARISTO DA SILVA","Eldorado","CENTRO DE EDUCACAO INFANTIL","0.5491","0.6866","0.4746","0.5491","abaixo do limiar ou ambíguo"
"50017381","CENTRO DE EDUCACAO ESPECIAL DE FATIMA DO SUL","Fátima do Sul","CENTRO DE EDUCACAO PARTICULAR","0.4021","0.5574","0.2174","0.4021","abaixo do limiar ou ambíguo"
"50017411","EE VILA BRASIL","Fátima do Sul","","","","","","sem candidato nominal"
"50017527","INSTITUTO EDUCACIONAL REINO DO SABER","Fátima do Sul","","","","","","sem candidato nominal"
"50022032","EM FAVO DE MEL","Fátima do Sul","","","","","","sem candidato nominal"
"50029851","CEIM - PINGO DE GENTE","Fátima do Sul","","","","","","sem candidato nominal"
"50031970","CEIM PROF IVELY MONTEIRO","Fátima do Sul","","","","","","sem candidato nominal"
"50036270","CEIM - CASTELINHO ENCANTADO","Fátima do Sul","","","","","","sem candidato nominal"
"50063839","CENTRO DE EDUCACAO INFANTIL MUNICIPAL FAVO DE MEL","Fátima do Sul","CENTRO DE EDUCACAO PARTICULAR","0.423","0.5455","0.3261","0.423","abaixo do limiar ou ambíguo"
"50064819","CEIM - ABELHINHA","Fátima do Sul","","","","","","sem candidato nominal"
"50017560","EE JONAS BELARMINO DA SILVA","Fátima do Sul","","","","","","sem candidato nominal"
"50020340","CENTRO DE EDUCACAO ESPECIAL PEQUENO PRINCIPE","Glória de Dourados","CENTRO MUNICIPAL DE EDUCACAO INFAMTIL","0.4339","0.5143","0.4423","0.0343","abaixo do limiar ou ambíguo"
"50020366","EE HILDA BERGO DUARTE","Glória de Dourados","","","","","","sem candidato nominal"
"50020382","EE PROFª VANIA MEDEIROS LOPES","Glória de Dourados","","","","","","sem candidato nominal"
"50033727","CMEI - PROF LUIZ PINHEIRO SILVA","Glória de Dourados","","","","","","sem candidato nominal"
"50036092","CENTRO DE ENSINO GERACAO FUTURA","Glória de Dourados","","","","","","sem candidato nominal"
"50020609","EE WEIMAR TORRES","Glória de Dourados","","","","","","sem candidato nominal"
"50014420","EE ALZIRO LOPES","Guia Lopes da Laguna","","","","","","sem candidato nominal"
"50014447","EMEI PROFª CANDINHA","Guia Lopes da Laguna","","","","","","sem candidato nominal"
"50025660","CEI - VITALINA MARTINEZ SILVA","Guia Lopes da Laguna","CEI VITALINA MARTINES","0.605","0.8293","0.3495","0.605","abaixo do limiar ou ambíguo"
"50027751","ESCOLA ESPECIALIZADA RECANTO FELIZ","Guia Lopes da Laguna","","","","","","sem candidato nominal"
"50035550","ELITE MULTIENSINO E EDUCACAO","Guia Lopes da Laguna","","","","","","sem candidato nominal"
"50020668","EE MARCILIO AUGUSTO PINTO","Iguatemi","","","","","","sem candidato nominal"
"50020684","ESCOLA MUNICIPAL RURAL JOAO PAULO I","Iguatemi","ESCOLA MUNICIPAL STA ROSA","0.4141","0.56","0.2574","0.0078","abaixo do limiar ou ambíguo"
"50020749","ESCOLA MUNICIPAL DE EDUCACAO INFANTIL - POLO - PROFESSOR GILBERTO DE ARAUJO TEIXEIRA","Iguatemi","","","","","","sem candidato nominal"
"50024434","CENTRO EDUCACIONAL PROFESSOR SALVADOR NOGUEIRA - POLO","Iguatemi","","","","","","sem candidato nominal"
"50024850","ESCOLA ATIVA","Iguatemi","","","","","","sem candidato nominal"
"50026437","EE PAULO FREIRE","Iguatemi","","","","","","sem candidato nominal"
"50026666","CEI - MENINO JESUS","Iguatemi","CENTRO DE EDUCACAO INFANTIL MENINO JESUS","0.6608","0.7143","0.8381","0.6608","abaixo do limiar ou ambíguo"
"50035991","CMEI PADRE JOAO EVANGELISTA ROCHA CATARINO","Iguatemi","","","","","","sem candidato nominal"
"50011243","CEI - PROF OLIVALTO ELIAS DA SILVA","Inocência","","","","","","sem candidato nominal"
"50025430","CEINF - MARGARIDA TOMAZIA DE PAULA - VO NONA-POLO","Inocência","","","","","","sem candidato nominal"
"50028588","C EDUC PROFª ALANIRA BENEDITA DE C BRITO-APAE","Inocência","","","","","","sem candidato nominal"
"50011278","ESCOLA MUNICIPAL CIRILO ANOENA DA COSTA - POLO","Inocência","ESCOLA MUNICIPAL","0.4599","0.549","0.4598","0.0652","abaixo do limiar ou ambíguo"
"50031910","ESCOLA ESTADUAL JOAO PONCE DE ARRUDA","Inocência","ESCOLA ESTADUAL","0.5323","0.6047","0.6055","0.5323","abaixo do limiar ou ambíguo"
"50017594","CENTRO DE EDUCACAO ESPECIAL BRISA","Itaporã","","","","","","sem candidato nominal"
"50026577","CENTRO MUNICIPAL DE EDUCACAO INFANTIL MARIA RODRIGUES DIAS","Itaporã","","","","","","sem candidato nominal"
"50034553","CENTRO DE ATENDIMENTO EDUCACIONAL ESPECIALIZADO PEDRA BONITA","Itaporã","","","","","","sem candidato nominal"
"50017772","EE PRINCESA IZABEL","Itaporã","","","","","","sem candidato nominal"
"50020757","EE LEOPOLDO DALMOLIN","Itaquiraí","","","","","","sem candidato nominal"
"50020765","EE MANOEL GUILHERME DOS SANTOS","Itaquiraí","ESCOLA ESTADUAL MANUEL GUILHERME","0.6344","0.7059","0.7568","0.6344","abaixo do limiar ou ambíguo"
"50020811","CEI SITIO DO PICA PAU AMARELO","Itaquiraí","ESCOLA ESTADUAL PICA PAU","0.4991","0.5","0.7273","0.4991","abaixo do limiar ou ambíguo"
"50026259","EE PROF JOSE JUAREZ RIBEIRO DE OLIVEIRA","Itaquiraí","","","","","","sem candidato nominal"
"50028065","CENTRO EDUCACIONAL INFANTIL INTEGRAL SAO CARLOS BORROMEO","Itaquiraí","CRECHE SAO CARLOS BARROMEU","0.517","0.5417","0.6966","0.517","abaixo do limiar ou ambíguo"
"50028472","CENTRO EDUCACIONAL DE ITAQUIRA","Itaquiraí","ESCOLA AGRICOLA DE ITAQUIRAI","0.479","0.6087","0.3908","0.479","abaixo do limiar ou ambíguo"
"50029045","CENTRO DE EDUCACAO INFANTIL PEQUENO PRINCIPE","Itaquiraí","CEI PEQUENO PRINCINPE","0.6425","0.7568","0.6667","0.6425","abaixo do limiar ou ambíguo"
"50031554","EM SANTA ROSA -POLO","Itaquiraí","","","","","","sem candidato nominal"
"50032178","ESCOLA DE EDUCACAO ESPECIAL RAIO DE SOL","Itaquiraí","","","","","","sem candidato nominal"
"50072889","CEI PROF MARLENE PEREIRA KAMAKURA","Itaquiraí","","","","","","sem candidato nominal"
"50020854","EE ANGELINA JAIME TEBET","Ivinhema","ESCOLA ESTADUAL ANGELINA TEBET","0.6716","0.7586","0.7742","0.6716","abaixo do limiar ou ambíguo"
"50020870","EMR BENEDITA FIGUEIRO DE OLIVEIRA - POLO","Ivinhema","","","","","","sem candidato nominal"
"50020897","COLEGIO SUPREMUS SABER","Ivinhema","","","","","","sem candidato nominal"
"50022490","CENTRO DE EDUCACAO ESPECIAL CANTINHO FELIZ SAO PAULO APOSTOLO - APAE","Ivinhema","CENTRO DE EDUCACAO ESPECIAL","0.5305","0.5823","0.6517","0.5305","abaixo do limiar ou ambíguo"
"50032445","CENTRO DE ATENDIMENTO EDUCACIONAL ESPECIALIZADO DA APAE DE IVINHEMA","Ivinhema","CENTRO DE EDUCACAO ESPECIAL","0.4836","0.4938","0.6824","0.0945","abaixo do limiar ou ambíguo"
"50034790","ESCOLA MUNICIPAL PROFESSORA INES APARECIDA JACOMELI- POLO","Ivinhema","ESCOLA MUNICIPAL PROFESSOR LUIZINHO POLO","0.4899","0.6027","0.4471","0.0322","abaixo do limiar ou ambíguo"
"50036351","EM PROFESSOR ANDRE GERALDO DOS SANTOS","Ivinhema","","","","","","sem candidato nominal"
"50060830","CEI - PRE-ESCOLAR JOSE JOAQUIM DE BRITO","Japorã","CENTRO DE EDUCAO ENFANTIL JOSE JOAQUIN DE BRITO","0.529","0.5098","0.819","0.529","abaixo do limiar ou ambíguo"
"50021036","EPMEIEF JOSE DE ALENCAR","Japorã","ESCOLA POLO MUNICIPAL JOSE DE ALENCAR","0.5691","0.7407","0.4225","0.5691","abaixo do limiar ou ambíguo"
"50029460","EM INDIGENA DE EIEF MBO EHAO TEKOHA GUARANI POLO","Japorã","TEKONA GUARANI","0.476","0.5714","0.4681","0.476","abaixo do limiar ou ambíguo"
"50064800","CEI - ODINA GONCALVES FRANZONI","Japorã","CENTRO DE EDUCACAO INFANTIL ODINA GONCALVES FRANZONI","0.6364","0.84","0.4444","0.6364","abaixo do limiar ou ambíguo"
"50022385","EMREF DIONIZIO ANTONIO VIEIRA","Jaraguari","E M DIONISIO ANTONIO VIEIRA","0.6217","0.8085","0.4632","0.6217","abaixo do limiar ou ambíguo"
"50025457","CEINF- SANTA RITA DE CASSIA-POLO","Jaraguari","","","","","","sem candidato nominal"
"50014641","EE CEL JUVENCIO","Jardim","ESC ESTADUAL CEL JUVENCIO ENS FUNDAMENTAL E MEDIO","0.5032","0.4762","0.8","0.5032","abaixo do limiar ou ambíguo"
"50014692","ESCOLA MUNICIPAL CIVICO MILITAR MAJOR ALBERTO RODRIGUES DA COSTA","Jardim","ESCOLA MUNICIPAL BERNADINO MACHADO DA SI","0.4118","0.4944","0.4048","0.0275","abaixo do limiar ou ambíguo"
"50014706","EM OSWALDO FERNANDES MONTEIRO-POLO","Jardim","ESCOLA MUNICIPAL OSWALDO MONTEIRO","0.5084","0.7027","0.2796","0.0925","abaixo do limiar ou ambíguo"
"50014730","EM PROFª BERACY BRUNET BARBOSA","Jardim","ESCOLA MUNICIPAL BERACY BRUNET BARBOSA","0.68","0.9","0.4691","0.68","abaixo do limiar ou ambíguo"
"50014749","EM PROFª RUFINA LOUREIRO CALDAS","Jardim","","","","","","sem candidato nominal"
"50014803","ESCOLA GIRASSOL","Jardim","GIRASSOL JUNIOR","0.5365","0.7","0.3944","0.1099","abaixo do limiar ou ambíguo"
"50014838","ESC ESPEC JARDIM DE AMOR - PESTALOZZI","Jardim","ESCOLA ESPECIALIZADA PESTALZZI DE JARDIM","0.5881","0.5938","0.8462","0.5881","abaixo do limiar ou ambíguo"
"50027743","CENTRO EDUCACIONAL EVANGELICO NOAH S ARC","Jardim","","","","","","sem candidato nominal"
"50033042","CENTRO INTEGRADO DE EDUCACAO INFANTIL APARECIDA DA SILVA JACOB","Jardim","CIEI APARECIDA DA SILVA JACOB","0.5999","0.6792","0.6875","0.5999","abaixo do limiar ou ambíguo"
"50033182","IFMS - CAMPUS JARDIM","Jardim","","","","","","sem candidato nominal"
"50021060","EE PROF JOAQUIM ALFREDO SOARES VIANNA","Jateí","ESCOLA ESTADUAL JOAQUIM SOARES VIANA","0.5681","0.6957","0.5263","0.5681","abaixo do limiar ou ambíguo"
"50021109","EMR PROF JOVELINO CELESTINO DOS SANTOS-POLO","Jateí","","","","","","sem candidato nominal"
"50017802","ESCOLA MUNICIPAL DORACI DE FREITAS FERNANDES-POLO","Juti","ESCOLA MUNICIPAL","0.5249","0.5","0.8267","0.1451","abaixo do limiar ou ambíguo"
"50030795","CEIM - MARCY BRANDAO FERNANDES-POLO","Juti","","","","","","sem candidato nominal"
"50000683","EM 17 DE MARCO","Ladário","","","","","","sem candidato nominal"
"50000691","EM FAROL DO NORTE","Ladário","","","","","","sem candidato nominal"
"50000748","SOCIEDADE DE INSTRUCAO E BENEFICENCIA - COLEGIO SAO MIGUEL","Ladário","SIB COLEGIO SAO MIGUEL","0.5143","0.4545","0.8941","0.5143","abaixo do limiar ou ambíguo"
"50026607","CEMEI - PROF ANTONIO FLORENCIO DE MACEDO","Ladário","CRECHE ANTONIO FLORENCIO DE MACEDO","0.7047","0.8235","0.7467","0.0371","abaixo do limiar ou ambíguo"
"50031767","CEMEI - NEUSA ASSAD MALTA","Ladário","","","","","","sem candidato nominal"
"50032518","ESCOLA PARTICULAR SHALOM EL SHADAY","Ladário","ESCOLA SHALOM EL SHADAY","0.6271","0.75","0.6234","0.6271","abaixo do limiar ou ambíguo"
"50032666","CEMEI - MARIANO DA SILVA CARNEIRO","Ladário","","","","","","sem candidato nominal"
"50032674","EM IRMA REGULA","Ladário","ESCOLA MUNICIPAL DE ENSINO FUNDAMENTAL IRMA REGULA","0.5742","0.6667","0.6186","0.5742","abaixo do limiar ou ambíguo"
"50032798","EMR MARIA ANA RUSO","Ladário","","","","","","sem candidato nominal"
"50033204","CEMEI - ROSA PEDROSSIAN","Ladário","CEMEI PADRE ERNESTO SASSIDA","0.4038","0.4737","0.4235","0.4038","abaixo do limiar ou ambíguo"
"50039407","ESCOLA MUNICIPAL DE EDUCACAO INFANTIL E ENSINO FUNDAMENTAL MARQUES DE TAMANDARE","Ladário","ESCOLA MUNICIPAL DE ENSINO FUNDAMENTAL IRMA REGULA","0.5201","0.6486","0.4536","0.0051","abaixo do limiar ou ambíguo"
"50059998","ESCOLA MUNICIPAL DE EDUCACAO INFANTIL E ENSINO FUNDAMENTAL FRANCISCO MENDES SAMPAIO","Ladário","CENTRO MUNICIPAL DE EDUCACAO INFANTIL","0.4865","0.5577","0.5412","0.0205","abaixo do limiar ou ambíguo"
"50017810","ESCOLA POLO MEIEF CAMPANARIO","Laguna Carapã","","","","","","sem candidato nominal"
"50017829","EE ALVARO MARTINS DOS SANTOS","Laguna Carapã","","","","","","sem candidato nominal"
"50029908","MBO EROY JEGUAKA POTY ESCOLA COCAR DE FLORES","Laguna Carapã","ESCOLA MUNICIPAL JEGUAKA POTY","0.4396","0.5263","0.4356","0.0084","abaixo do limiar ou ambíguo"
"50029916","MBO EROGA OKARA POTY ESCOLA TERREIRO DE FLORES","Laguna Carapã","ESCOLA MBOEROGA OKARA POTY","0.5665","0.7","0.5094","0.5665","abaixo do limiar ou ambíguo"
"50031724","C DE ATENDIMENTO ESPECIAL AMOR E VIDA - APAE","Laguna Carapã","","","","","","sem candidato nominal"
"50017942","CENTRO DE EDUCACAO ESPECIAL CASINHA FELIZ","Maracaju","APAE CENTRO DE ED ESPECIAL","0.5143","0.5714","0.6154","0.1458","abaixo do limiar ou ambíguo"
"50018000","ESCOLA PAROQUIAL NOSSA SRA APARECIDA","Maracaju","ESCOLA JOSE PEREIRA DA ROSA","0.3864","0.4528","0.4063","0.0165","abaixo do limiar ou ambíguo"
"50018019","EE CIVICO MILITAR CEL LIMA DE FIGUEIREDO","Maracaju","E E CORONEL DE LIMA","0.575","0.6667","0.6216","0.575","abaixo do limiar ou ambíguo"
"50018086","ESCOLA MUNICIPAL PROFESSORA IRMA DE LIMA MATOS","Maracaju","ESCOLA MUNICIPAL","0.4413","0.5957","0.2766","0.038","abaixo do limiar ou ambíguo"
"50022520","CENTRO INTEGRADO DE EDUCACAO INFANTIL WALTRUDES FERREIRA MUZZI","Maracaju","CIEI MUN WALTRUDES FERREIRA MUZZI","0.5829","0.6774","0.6265","0.1195","abaixo do limiar ou ambíguo"
"50025341","CENTRO INTEGRADO DE EDUCACAO INFANTIL NOSSA SENHORA AUXILIADORA","Maracaju","CENTRO DE EDUCACAO INTEGRADA RAIO DE LUZ","0.4143","0.5455","0.2927","0.4143","abaixo do limiar ou ambíguo"
"50025350","CENTRO INTEGRADO DE EDUCACAO INFANTIL SAO BENEDITO","Maracaju","CENTRO DE EDUCACAO INTEGRADA RAIO DE LUZ","0.4487","0.6053","0.2826","0.4487","abaixo do limiar ou ambíguo"
"50028391","CIEI SRª MARIA DALPHINA REZENDE DE CASTRO","Maracaju","","","","","","sem candidato nominal"
"50028685","CATE - CENTRO EDUCACIONAL E TREINAMENTO ESPECIALIZADO","Maracaju","","","","","","sem candidato nominal"
"50031392","CENTRO INTEGRADO DE EDUCACAO INFANTIL GREGORIA MARTINS","Maracaju","CRECHE GREGORIO MARTINS","0.4879","0.5333","0.6047","0.0515","abaixo do limiar ou ambíguo"
"50033328","CENTRO INTEGRADO SESI SENAI MARACAJU","Maracaju","CENTRO DE EDUCACAO INTEGRADA RAIO DE LUZ","0.4392","0.5625","0.3478","0.4392","abaixo do limiar ou ambíguo"
"50033387","ESCOLA DO SESI MARACAJU","Maracaju","SESI","0.4594","0.5","0.5745","0.0333","abaixo do limiar ou ambíguo"
"50034642","ESCOLA MUNICIPAL PROFESSORA CECILIA DE CASTRO MINERVINI","Maracaju","ESCOLA MUNICIPAL","0.4226","0.5","0.433","0.0256","abaixo do limiar ou ambíguo"
"50036467","ESCOLA MUNICIPAL DO CAMPO LAURINDO STRAGLIOTTO","Maracaju","ESCOLA MUNICIPAL AGRICOLA LAURINDO STRAGLIOTO","0.8","0.8","0","0.2815","abaixo do limiar ou ambíguo"
"50049801","ESCOLA MUNICIPAL INDIGENA VELARIO SUCURIY","Maracaju","ESCOLA INDIGENA SUCURIU","0.4748","0.6071","0.3784","0.0264","abaixo do limiar ou ambíguo"
"50064827","NOTA 10 - UNIDADE MARACAJU","Maracaju","","","","","","sem candidato nominal"
"50065807","ESCOLA NOSSA SENHORA APARECIDA","Maracaju","ESCOLA JOSE PEREIRA DA ROSA","0.4014","0.5","0.3514","0.0134","abaixo do limiar ou ambíguo"
"50018221","ESCOLA MUNICIPAL JULIO MULLER","Maracaju","ESCOLA MUNICIPAL","0.5738","0.7179","0.4948","0.1012","abaixo do limiar ou ambíguo"
"50032160","ESCOLA MUNICIPAL CIRO ANIZ","Maracaju","ESCOLA MINICIPAL CIRO ANIZ","0.7055","0.9091","0.5455","0.1115","abaixo do limiar ou ambíguo"
"50033166","CENTRO INTEGRADO DE EDUCACAO INFANTIL JOANA SAYD","Maracaju","CENTRO DE EDUCACAO INTEGRADA RAIO DE LUZ","0.5184","0.6216","0.5116","0.5184","abaixo do limiar ou ambíguo"
"50002503","CENTRO DE EDUCACAO INFANTIL SAO FRANCISCO DE ASSIS","Miranda","","","","","","sem candidato nominal"
"50002546","EE CARMELITA CANALE REBUA","Miranda","","","","","","sem candidato nominal"
"50002562","EE DONA ROSA PEDROSSIAN","Miranda","","","","","","sem candidato nominal"
"50002570","EMU 15 DE OUTUBRO","Miranda","","","","","","sem candidato nominal"
"50002783","EMR POLO RAIMUNDO DOS SANTOS","Miranda","ESCOLA MUNICIPAL INDIGENA EXTENSAO LUIS RAIMUNDO","0.3785","0.4571","0.3656","0.3785","abaixo do limiar ou ambíguo"
"50002830","EMU WALDEMAR JOAO DE SOUZA","Miranda","","","","","","sem candidato nominal"
"50002864","ESCOLA DE EDUCACAO BASICA E PROFISSIONAL FUNDACAO BRADESCO","Miranda","","","","","","sem candidato nominal"
"50024256","EMU ESTANISLAU BOSSAY","Miranda","","","","","","sem candidato nominal"
"50026461","CAIC - MARIA HENRIQUETA REBUA SIUFI","Miranda","","","","","","sem candidato nominal"
"50028413","EMI POLO PRESIDENTE JOAO FIGUEIREDO","Miranda","","","","","","sem candidato nominal"
"50028421","CENTRO INFANTIL OLIVA PROENCA BOSSAY","Miranda","","","","","","sem candidato nominal"
"50028596","COLEGIO NOSSA SENHORA DO CARMO","Miranda","","","","","","sem candidato nominal"
"50033263","ESCOLA ESTADUAL INDIGENA CACIQUE VICENTE DE ALMEIDA","Miranda","ESCOLA ESTADUAL INDIGENA CACIQUE TIMOTEO","0.5836","0.7342","0.4938","0.1951","abaixo do limiar ou ambíguo"
"50035835","CENTRO DE EDUCACAO INFANTIL EDILES MORAES DE SOUZA","Miranda","","","","","","sem candidato nominal"
"50063804","CENTRO DE EDUCACAO INFANTIL VO EMILIANA","Miranda","","","","","","sem candidato nominal"
"50063820","CEEMVIRG - CENTRO DE EDUCACAO ESPECIAL MARIA VIRGINIA ROSARIO GARRIDO","Miranda","","","","","","sem candidato nominal"
"50082809","EE INDIGENA PROF ATANASIO ALVES","Miranda","","","","","","sem candidato nominal"
"50021141","CENTRO DE EDUCACAO ESPECIAL RAIO DE LUZ - APAE","Mundo Novo","","","","","","sem candidato nominal"
"50021150","CENTRO DE EDUCACAO INFANTIL PAULO FREIRE","Mundo Novo","ESCOLA DE EDUCACAO INFANTIL","0.5875","0.5965","0.8372","0.5875","abaixo do limiar ou ambíguo"
"50021168","COLEGIO ADVENTISTA DE MUNDO NOVO","Mundo Novo","ESCOLA PARTICULAR ADVENTISTA","0.4056","0.4865","0.4","0.4056","abaixo do limiar ou ambíguo"
"50021176","CENTRO EDUCACIONAL DE MUNDO NOVO - MICKEY","Mundo Novo","ESCOLA DO MICKEY","0.4563","0.5263","0.5","0.4563","abaixo do limiar ou ambíguo"
"50027050","CENTRO DE EDUCACAO INFANTIL GUAICURU","Mundo Novo","ESCOLA DE EDUCACAO INFANTIL","0.4725","0.6364","0.3","0.4725","abaixo do limiar ou ambíguo"
"50030515","CENTRO DE EDUCACAO INFANTIL MONTEIRO LOBATO","Mundo Novo","CENTRO DE ENSINO MONTEIRO LOBATO","0.6806","0.7647","0.7941","0.2383","abaixo do limiar ou ambíguo"
"50031996","CENTRO DE EDUCACAO INFANTIL JOSE HONORATO DA SILVA","Mundo Novo","ESCOLA MUNICIPAL JOSE HONORATO","0.5887","0.6286","0.7654","0.1788","abaixo do limiar ou ambíguo"
"50048805","CENTRO DE APOIO E REINTEGRACAO INFANTIL - CEI - CARI","Mundo Novo","","","","","","sem candidato nominal"
"50021290","CIEI - MARIA JOSE DA SILVA CANCADO","Naviraí","ESC MUN PROF JOSE CARLOS DA SILVA","0.3712","0.4545","0.3438","0.3712","abaixo do limiar ou ambíguo"
"50021303","CEDEN - CENTRO DE ED ESPECIAL NAVIRAIENSE","Naviraí","CENTRO DE APOIO EDUCACAO ESPECIAL","0.3864","0.4918","0.3133","0.3864","abaixo do limiar ou ambíguo"
"50021346","EE EURICO GASPAR DUTRA","Naviraí","ESCOLA ESTAD EURICO G DUTRA","0.5816","0.5806","0.8525","0.5816","abaixo do limiar ou ambíguo"
"50021400","EMEIEF VER ODERCIO NUNES DE MATOS","Naviraí","ESCOLA MUNICIPAL ODERCIO NUNES DE MATOS","0.6938","0.9143","0.4884","0.0833","abaixo do limiar ou ambíguo"
"50021419","EMEIEF CANDIDO DE MARCO - POLO E EXTENSOES","Naviraí","ESCOLA PUBLICA MUNICIPAL CANDIDO DE MOURA","0.3793","0.4516","0.382","0.3793","abaixo do limiar ou ambíguo"
"50021427","EMEF MARECHAL RONDON","Naviraí","ESCOLA MUNICIPAL MARECHAL CANDIDO RONDON","0.6146","0.6667","0.7742","0.6146","abaixo do limiar ou ambíguo"
"50022610","COLEGIO OBJETIVO MINIE","Naviraí","COLEGIO MAXI REINO","0.4106","0.4706","0.4571","0.0079","abaixo do limiar ou ambíguo"
"50029991","CIEI - PROFESSORA AZENA RICCO DE FREITAS","Naviraí","","","","","","sem candidato nominal"
"50032054","ESCOLA DO SESI NAVIRAI","Naviraí","COLEGIO NAVIRAI","0.5888","0.75","0.4762","0.0758","abaixo do limiar ou ambíguo"
"50032500","CENTRO DE EDUCACAO PROFISSIONAL - SENAC NAVIRAI","Naviraí","IFMS E CENTRO EDUCACAO PROFISSIONALSENADOR RAMEZ TEBET","0.5112","0.6744","0.3579","0.1065","abaixo do limiar ou ambíguo"
"50032607","CENTRO DE EDUCACAO E TECNOLOGIA SENAI NAVIRAI","Naviraí","CENTRO DE APOIO EDUCACAO ESPECIAL","0.4303","0.5152","0.4267","0.007","abaixo do limiar ou ambíguo"
"50033212","IFMS - CAMPUS NAVIRAI","Naviraí","COLEGIO NAVIRAI","0.4175","0.5455","0.3051","0.0546","abaixo do limiar ou ambíguo"
"50033514","CENTRO DE EDUCACAO PROFISSIONAL IPED-MS","Naviraí","IFMS E CENTRO EDUCACAO PROFISSIONALSENADOR RAMEZ TEBET","0.468","0.625","0.3095","0.0249","abaixo do limiar ou ambíguo"
"50033913","COLEGIO NAVIRAI-ENSINO FUNDAMENTAL E MEDIO","Naviraí","COLEGIO NAVIRAI","0.5518","0.5306","0.8571","0.0739","abaixo do limiar ou ambíguo"
"50034871","PRO MAIS EDUCACIONAL","Naviraí","","","","","","sem candidato nominal"
"50035290","CIEI PROFESSORA ANAI MARIA RAMOS RICCI","Naviraí","","","","","","sem candidato nominal"
"50014897","EE PADROEIRA DO BRASIL","Nioaque","","","","","","sem candidato nominal"
"50014927","ESCOLA MUNICIPAL DR JOSE GARCIA NETTO","Nioaque","DOUTOR JOSE GARCIA NETO POLO","0.7029","0.9677","0.3958","0.0005","abaixo do limiar ou ambíguo"
"50025619","CEI - RITA LOPES DE ANDREA","Nioaque","","","","","","sem candidato nominal"
"50026828","ESCOLA MUNICIPAL 03 DE DEZEMBRO","Nioaque","ESCOLA MUNICIPAL 3 DE DEZEMBRO E ESTADUAL UIRAPURU","0.5431","0.7059","0.4054","0.1394","abaixo do limiar ou ambíguo"
"50031953","CASA DA CRIANCA ANDRE LUIZ","Nioaque","","","","","","sem candidato nominal"
"50032569","EE UIRAPURU","Nioaque","ESCOLA MUNICIPAL 3 DE DEZEMBRO E ESTADUAL UIRAPURU","0.4513","0.6364","0.3529","0.4513","conflito de dependência administrativa"
"50033557","ESCOLA ESPECIALIZADA JOSE CORRAL MARTINS","Nioaque","SECRETARIA DA ESCOLA INFANTIL MUNICIPAL","0.4136","0.4928","0.4156","0.0113","abaixo do limiar ou ambíguo"
"50034596","ESCOLA INFANTIL CANTINHO DO SABER LTDA","Nioaque","","","","","","sem candidato nominal"
"50062816","CENTRO EDUCACIONAL INFANTIL MINA DO SABER","Nioaque","","","","","","sem candidato nominal"
"50018256","ESCOLA MUNICIPAL LEONOR DE SOUZA ARAUJO","Nova Alvorada do Sul","ESCOLA MUNICIPAL ADENISALDO ARAUJO REZEN","0.5074","0.6176","0.4786","0.1644","abaixo do limiar ou ambíguo"
"50023543","ESCOLA MUNICIPAL AGRICOLA JOAQUIM DOMINGOS","Nova Alvorada do Sul","E M EXTENSAO JOAQUIM DOMINGOS E UNIME","0.4483","0.5714","0.3614","0.0516","abaixo do limiar ou ambíguo"
"50031414","ESCOLA MUNICIPAL PROFESSOR JOSE HENRIQUE DIMICIANO PORTO","Nova Alvorada do Sul","ESCOLA PROF JOSE HENRIQUE D PORTO","0.6677","0.8","0.6604","0.6677","abaixo do limiar ou ambíguo"
"50031791","CENTRO MUNICIPAL DE EDUCACAO INFANTIL IZAURA FLAVIO MARQUES - POLO","Nova Alvorada do Sul","CENTRO MUNICIPAL DE EDUCACAO INFANTIL","0.5502","0.7356","0.3619","0.0633","abaixo do limiar ou ambíguo"
"50033174","ESCOLA DE EDUCACAO ALVORADA","Nova Alvorada do Sul","","","","","","sem candidato nominal"
"50034987","ESCOLA MUNICIPAL PROFESSORA LEIA DE SOUZA SILVA","Nova Alvorada do Sul","ESCOLA MUNICIPAL JANET ALVES ZIELASKO G","0.399","0.5075","0.3243","0.0206","abaixo do limiar ou ambíguo"
"50035029","CENTRO DE EDUCACAO ESPECIAL VANDEIR JOSE GONCALVES - VANDINHO","Nova Alvorada do Sul","","","","","","sem candidato nominal"
"50072935","APAE DE NOVA ALVORADA DO SUL","Nova Alvorada do Sul","","","","","","sem candidato nominal"
"50013351","ESCOLA ADVENTISTA DE NOVA ANDRADINA","Nova Andradina","IPED NOVA ANDRADINA","0.5026","0.6316","0.427","0.0086","abaixo do limiar ou ambíguo"
"50013475","COLEGIO OBJETIVO ANAEC - NOVA ANDRADINA","Nova Andradina","IPED NOVA ANDRADINA","0.4471","0.5854","0.3238","0.0259","abaixo do limiar ou ambíguo"
"50013491","EM MACHADO DE ASSIS - POLO","Nova Andradina","","","","","","sem candidato nominal"
"50027611","CEI - PAULO SILVEIRA FATTOR","Nova Andradina","","","","","","sem candidato nominal"
"50028081","CENTRO DE EDUCACAO INFANTIL- SHALOM","Nova Andradina","CENTRO DE EDUCACAO INFANTIL","0.6467","0.8846","0.3778","0.0449","abaixo do limiar ou ambíguo"
"50029207","CENTRO DE RECREACAO E ENSINO INFANTIL LUCIANE FERNANDES ABELHA","Nova Andradina","CRECHE LUCIANE F ABELHA","0.4826","0.48","0.7114","0.0911","abaixo do limiar ou ambíguo"
"50030736","CEINF ODILA CARRARA","Nova Andradina","","","","","","sem candidato nominal"
"50031430","EM ANTONIO JOAQUIM DE MOURA ANDRADE","Nova Andradina","ESCOLA MUNICIPAL JOAQUIM DE MOURA ANDRADE","0.6231","0.8372","0.4","0.1993","abaixo do limiar ou ambíguo"
"50031546","AGENCIA SENAI NOVA ANDRADINA","Nova Andradina","IPED NOVA ANDRADINA","0.4823","0.6","0.4242","0.0264","abaixo do limiar ou ambíguo"
"50032437","CENTRO DE ATENDIMENTO EDUCACIONAL ESPECIALIZADO - CAEE - NOVA ANDRADINA","Nova Andradina","IPED NOVA ANDRADINA","0.3745","0.4643","0.3333","0.3745","abaixo do limiar ou ambíguo"
"50034200","CEINF - PROFª MARLY MORETTI HERNANDES","Nova Andradina","","","","","","sem candidato nominal"
"50035339","ESCOLA IPED MS - NOVA","Nova Andradina","IPED NOVA ANDRADINA","0.3921","0.5","0.3158","0.0212","abaixo do limiar ou ambíguo"
"50036246","EM MARIA IMACULADA FERNANDES","Nova Andradina","","","","","","sem candidato nominal"
"50059971","CEINF PROF LUIZ CARLOS SAMPAIO","Nova Andradina","ESC EST LUIZ CARLOS SAMPAIO","0.537","0.7234","0.3404","0.537","abaixo do limiar ou ambíguo"
"50062808","CEINF - PEQUENO PRINCIPE","Nova Andradina","PEQUENO PRINCIPE","0.6198","0.8485","0.3604","0.6198","abaixo do limiar ou ambíguo"
"50072900","IFMS - CAMPUS NOVA ANDRADINA","Nova Andradina","IPED NOVA ANDRADINA","0.4844","0.6316","0.3571","0.0615","abaixo do limiar ou ambíguo"
"50023624","EM PROF DELMIRO SALVIONE BONIN","Nova Andradina","DELMIRO SALVIONE BINNIM","0.5678","0.7907","0.2982","0.0337","abaixo do limiar ou ambíguo"
"50031449","CEINF - MONTEIRO LOBATO","Nova Andradina","","","","","","sem candidato nominal"
"50082884","EE PROF LUIZ CARLOS SAMPAIO","Nova Andradina","ESC EST LUIZ CARLOS SAMPAIO","0.5685","0.7619","0.3696","0.5685","abaixo do limiar ou ambíguo"
"50021494","ESCOLA MUNICIPAL PROFESSOR EDUARDO PEREIRA CALADO","Novo Horizonte do Sul","ESCOLA MUNICIPAL","0.5229","0.5385","0.7273","0.5229","abaixo do limiar ou ambíguo"
"50027026","E DE ED ESPECIAL RENASCER","Novo Horizonte do Sul","","","","","","sem candidato nominal"
"50032461","CAEE - NOVO HORIZONTE DO SUL","Novo Horizonte do Sul","","","","","","sem candidato nominal"
"50010972","EE VER KENDI NAKAI","Paraíso das Águas","ESCOLA ESTADUAL VEREADOR KENDI NAKAI","0.6183","0.8276","0.4045","0.6183","abaixo do limiar ou ambíguo"
"50035410","ESCOLA MUNICIPAL KOU TAKAHASHI","Paraíso das Águas","ESCOLA MUNICIPAL","0.5091","0.7","0.2889","0.0001","abaixo do limiar ou ambíguo"
"50011316","ESCOLA CAMINHO LTDA EPP","Paranaíba","ESCOLA CAMINHO","0.6891","0.7742","0.8041","0.3089","abaixo do limiar ou ambíguo"
"50011324","CENTRO EDUCACIONAL PARANAIBENSE CEP","Paranaíba","CENTRO EDUCACIONAL INFANTIL","0.4644","0.6182","0.3119","0.4644","abaixo do limiar ou ambíguo"
"50011448","EM MAJOR FRANCISCO FAUSTINO DIAS","Paranaíba","","","","","","sem candidato nominal"
"50011464","EM PROFª LIDUVINA MOTTA CAMARGO","Paranaíba","EE LIDUVINA","0.3935","0.4667","0.5354","0.3935","conflito de dependência administrativa"
"50022709","CEINF DONA MARLENE MARIA DE SENE SOUZA - POLO","Paranaíba","","","","","","sem candidato nominal"
"50025678","EM PROF IGNACIO JOSE DA SILVA","Paranaíba","","","","","","sem candidato nominal"
"50029215","CEI - LOURDES MORAIS PAIVA","Paranaíba","","","","","","sem candidato nominal"
"50030728","CEI - LAR TERESA SPINELLI","Paranaíba","LAR TERESA SPINELI ENSINO PRIVADO","0.6495","0.7895","0.6154","0.1181","abaixo do limiar ou ambíguo"
"50030949","CEINF ANTONIA MAINARDI OVIDIO","Paranaíba","CEIF ANTONIA M OVIDIO","0.6363","0.7143","0.7442","0.6363","abaixo do limiar ou ambíguo"
"50032119","CEINF CAIO SILVA BEVILAQUA - POLO","Paranaíba","","","","","","sem candidato nominal"
"50032429","CAEE - UNIDADE EDUCACIONAL APAEANA PARA APRENDIZAGENS E DESENVOLVIMENTO","Paranaíba","","","","","","sem candidato nominal"
"50033999","CEINF IRMA DULCE","Paranaíba","","","","","","sem candidato nominal"
"50034510","CENTRO DE EDUCACAO INFANTIL LAR TERESA SPINELLI","Paranaíba","LAR TERESA SPINELI ENSINO PRIVADO","0.571","0.6522","0.641","0.1158","abaixo do limiar ou ambíguo"
"50035215","EM PROFª CLOTILDE BOLMICAR DE FREITAS","Paranaíba","","","","","","sem candidato nominal"
"50035932","CEINF FRANCISCA FERREIRA DA SILVA - DONA CHIQUINHA","Paranaíba","","","","","","sem candidato nominal"
"50036327","CEI PROFESSOR OSMAR HIGINO BARRETO","Paranaíba","","","","","","sem candidato nominal"
"50022717","EM CAPITAO ALTINO LOPES","Paranaíba","","","","","","sem candidato nominal"
"50021621","ESCOLA MUNICIPAL POLO SAO JOSE","Paranhos","ESCOLA MUNICIPAL MARCOS FREIRE","0.5311","0.5882","0.64","0.0346","abaixo do limiar ou ambíguo"
"50022628","CENTRO DE EDUCACAO INFANTIL MAMAE ANTONIA","Paranhos","CENTRO EDUCACIONAL MAMAE ANTONIA","0.5615","0.7333","0.411","0.5615","abaixo do limiar ou ambíguo"
"50028600","CENTRO DE EDUCACAO INFANTIL CRIANCA FELIZ","Paranhos","CENTRO EDUCACIONAL CRIANCA FELIZ","0.6627","0.7333","0.8","0.6627","abaixo do limiar ou ambíguo"
"50031210","CENTRO DE EDUCACAO INFANTIL MONTEIRO LOBATO","Paranhos","CEI MONTEIRO LOBATO","0.5305","0.7647","0.2169","0.1874","abaixo do limiar ou ambíguo"
"50031562","ESCOLA DE EDUCACAO ESPECIAL DIFERENCAS QUE NOS UNEM","Paranhos","","","","","","sem candidato nominal"
"50032372","CAEE - SOMOS TODOS IGUAIS NA DIFERENCA","Paranhos","","","","","","sem candidato nominal"
"50024400","CENTRO DE EDUCACAO ESPECIAL BEM-ME-QUER","Pedro Gomes","","","","","","sem candidato nominal"
"50018310","CENTRO DE EDUC ESPECIAL DE PONTA PORA","Ponta Porã","CENTRO EDUCACAO ESPECIAL APAE","0.5582","0.5818","0.7595","0.1615","abaixo do limiar ou ambíguo"
"50018337","ELITE PONTA PORA","Ponta Porã","ESCOLA ELITE","0.4485","0.4706","0.6027","0.017","abaixo do limiar ou ambíguo"
"50018353","EE DEP FERNANDO C CAPIBERIBE SALDANHA","Ponta Porã","ESCOLA ESTADUAL FERNANDO CC SALDANHA","0.5704","0.6667","0.6042","0.1314","abaixo do limiar ou ambíguo"
"50018418","EE PROFª GENI MARQUES MAGALHAES","Ponta Porã","ESCOLA ESTADUAL GENI MARQUES","0.5652","0.6061","0.7287","0.5652","abaixo do limiar ou ambíguo"
"50018426","ESCOLA MUNICIPAL LIONS CLUBE DE PONTA PORA","Ponta Porã","ESCOLA ESTADUAL LIONS CLUBE","0.5592","0.6667","0.6957","0.1203","conflito de dependência administrativa"
"50018469","EE CORONEL RAMIRO NORONHA","Ponta Porã","ESCOLA NORONHA","0.4722","0.5714","0.4533","0.4722","abaixo do limiar ou ambíguo"
"50018477","ESCOLA POLO MUNICIPAL IGNES ANDREAZZA","Ponta Porã","ESCOLA MUNICIPAL","0.5717","0.5652","0.8511","0.1377","abaixo do limiar ou ambíguo"
"50018531","ESCOLA POLO MUNICIPAL MARCONDES FERNANDES PEREIRA","Ponta Porã","ESCOLA MUNICIPAL ORLANDO MENDES","0.4108","0.5714","0.2174","0.0256","abaixo do limiar ou ambíguo"
"50018540","ESCOLA MUNICIPAL MARIA LIGIA BORGES GARCIA","Ponta Porã","ESCOLA MUNICIPAL","0.4378","0.56","0.3486","0.0164","abaixo do limiar ou ambíguo"
"50018566","ESCOLA MUNICIPAL PREFEITO ADE MARQUES","Ponta Porã","ESCOLA ADE MARQUES","0.4798","0.6923","0.1944","0.0078","abaixo do limiar ou ambíguo"
"50018639","ESCOLA MUNICIPAL COOPORA","Ponta Porã","ESCOLA MUNICIPAL","0.5629","0.8","0.2574","0.0005","abaixo do limiar ou ambíguo"
"50018663","ESCOLA MAGSUL","Ponta Porã","ESCOLA","0.5052","0.625","0.4528","0.0087","abaixo do limiar ou ambíguo"
"50018671","ESCOLA MAPPE - MODERNA ASSOCIACAO PONTAPORANENSE DE ENSINO","Ponta Porã","","","","","","sem candidato nominal"
"50018680","CEPS - CENTRO EDUC PERPETUO SOCORRO","Ponta Porã","","","","","","sem candidato nominal"
"50019058","EM INDIGENA JATAYVARY","Ponta Porã","","","","","","sem candidato nominal"
"50023608","CEINF PROF EURORA RAMOS DE OLIVEIRA","Ponta Porã","","","","","","sem candidato nominal"
"50024736","ESCOLA DE RECREACAO E ENSINO FUNDAMENTAL NOVA EPOCA","Ponta Porã","ESCOLA NOVA EPOCA","0.5338","0.5","0.8608","0.154","abaixo do limiar ou ambíguo"
"50027450","CEINF PROF JOANA FERREIRA FRANCO BARRIOS","Ponta Porã","CEINF ANCELMO SOARES FRANCA","0.3224","0.4561","0.1522","0.3224","abaixo do limiar ou ambíguo"
"50028405","CEINF PROF CONRADO CANTEIRO","Ponta Porã","CEINF PROF MARIO OCARIS ROSSI","0.356","0.4681","0.2532","0.356","abaixo do limiar ou ambíguo"
"50028456","EE PROF JOSE EDSON DOMINGOS DOS SANTOS","Ponta Porã","ESCOLA ESTADUAL JOSE EDSON DOMINGOS DOS","0.6313","0.7619","0.6111","0.6313","abaixo do limiar ou ambíguo"
"50029339","CEMA - CENTRO EDUCATIVO DE ED INF E ENS FUND MIGUEL ANGELO","Ponta Porã","CENTRO DE EDUCACAO INFANTIL","0.3824","0.5","0.2785","0.3824","abaixo do limiar ou ambíguo"
"50029347","ESCOLA MAGSUL JUNIOR DE ENSINO FUNDAMENTAL","Ponta Porã","ESCOLA PUBLICA DE NIVEL FUNDAMENTAL","0.4165","0.5946","0.1839","0.4165","abaixo do limiar ou ambíguo"
"50029355","ESCOLA MAGSUL JUNIOR DE EI","Ponta Porã","ESCOLA MUNICIPAL","0.3618","0.4571","0.3014","0.0103","abaixo do limiar ou ambíguo"
"50029860","ESCOLA MUNICIPAL RURAL NOVA CONQUISTA","Ponta Porã","NOVA ITAMARATI RURAL NOVA CONQUISTA","0.5207","0.6667","0.413","0.0526","abaixo do limiar ou ambíguo"
"50029878","EM INDIGENA MITA TAVYTERA","Ponta Porã","","","","","","sem candidato nominal"
"50030183","CEINF PROF EUGENIA GONZALES DA SILVA","Ponta Porã","","","","","","sem candidato nominal"
"50030647","ESCOLA POLO MUNICIPAL RURAL JUVENAL FROES","Ponta Porã","ESCOLA MUNICIPAL","0.4836","0.5306","0.5946","0.0539","abaixo do limiar ou ambíguo"
"50030922","ESCOLA POLO MUN PROF DORA LANDOLFI","Ponta Porã","ESCOLA MUNICIPAL PROFESSORA DORA LANDOLFI","0.6884","0.9091","0.48","0.3063","abaixo do limiar ou ambíguo"
"50031309","CEINF ELPIDIO PELUFFO","Ponta Porã","","","","","","sem candidato nominal"
"50033190","ESCOLA MUNICIPAL PROF ZAIRA PORTELA","Ponta Porã","ESCOLA ZAIRA PORTELA","0.6164","0.8462","0.3529","0.1219","abaixo do limiar ou ambíguo"
"50034057","ESCOLA MUNICIPAL PREFEITO ORLANDO MENDES GONCALVES","Ponta Porã","ESCOLA MUNICIPAL ORLANDO MENDES","0.6376","0.7324","0.7059","0.1729","abaixo do limiar ou ambíguo"
"50034065","CENTRO CULTURAL DONA IRACEMA","Ponta Porã","","","","","","sem candidato nominal"
"50034316","SENAC PONTA PORA","Ponta Porã","FAP FACULDADE DE PONTA PORA","0.4593","0.5455","0.4658","0.4593","abaixo do limiar ou ambíguo"
"50035304","CEINF PROFESSORA CAROLINA NACHREINER PELUSCH","Ponta Porã","","","","","","sem candidato nominal"
"50036610","CEINF PROFª MARIA APARECIDA DORNELES","Ponta Porã","CEINF PROF MARIO OCARIS ROSSI","0.4815","0.4815","0","0.4815","abaixo do limiar ou ambíguo"
"50019120","EE PEDRO AFONSO PEREIRA GOLDONI","Ponta Porã","ESCOLA MUNICIPAL PEDRO AFONSO","0.4726","0.5882","0.5495","0.4726","conflito de dependência administrativa"
"50082850","IFMS - CAMPUS PONTA PORA","Ponta Porã","","","","","","sem candidato nominal"
"50000764","EM INDIGENA EJIWAJEGI - POLO E EXTENSOES","Porto Murtinho","ESCOLA EJIWAJEGUI POLO EXTENSAO","0.6305","0.7647","0.6015","0.6305","abaixo do limiar ou ambíguo"
"50000802","E M CIVICO-MILITAR CLAUDIO DE OLIVEIRA","Porto Murtinho","","","","","","sem candidato nominal"
"50000829","EMR DE EDUCACAO INFANTIL E ENSINO FUNDAMENTAL BONIFACIO GOMES POLO E EXTENSOES","Porto Murtinho","EMR BONIFACIO GOMES POLO","0.4494","0.5","0.5361","0.0271","abaixo do limiar ou ambíguo"
"50028944","EMEI PRIMEIROS PASSOS","Porto Murtinho","","","","","","sem candidato nominal"
"50029932","ALFA CENTRO EDUCACIONAL","Porto Murtinho","","","","","","sem candidato nominal"
"50031805","CEINF - RAFAEL CORTADA CODORNIZ","Porto Murtinho","","","","","","sem candidato nominal"
"50031821","CENTRO MUNICIPAL DE EDUCACAO ESPECIAL LEANDRO ROLON ROMERO","Porto Murtinho","ESCOLA MUNICIPAL DE EDUCACAO INFANTIL","0.3905","0.5366","0.2222","0.3905","abaixo do limiar ou ambíguo"
"50032488","CAEE - LEANDRO ROLON ROMERO","Porto Murtinho","","","","","","sem candidato nominal"
"50034405","EM INDIGENA KOINUKUNOEN","Porto Murtinho","","","","","","sem candidato nominal"
"50039202","EM PROFª IZA MARIA GAUNA","Porto Murtinho","","","","","","sem candidato nominal"
"50011936","EE DR JOAO PONCE DE ARRUDA","Ribas do Rio Pardo","","","","","","sem candidato nominal"
"50011960","EM USINA DO MIMOSO - POLO","Ribas do Rio Pardo","ESCOLA USINA MIMOSO CENTAURO","0.5486","0.7143","0.4068","0.1193","abaixo do limiar ou ambíguo"
"50022024","ESCOLA MUNICIPAL SAO SEBASTIAO","Ribas do Rio Pardo","ESCOLA MUNICIPAL","0.5076","0.7","0.283","0.0119","abaixo do limiar ou ambíguo"
"50023560","CENTRO EDUCACIONAL ROSA MOSSO","Ribas do Rio Pardo","ESCOLA CENTRO SOCIAL","0.3623","0.4762","0.2581","0.3623","abaixo do limiar ou ambíguo"
"50026690","ESCOLA CLINICA ARCO-IRIS DE EDUCACAO INFANTIL E ENSINO FUNDAMENTAL - ASSOCIACAO PESTALOZZI","Ribas do Rio Pardo","ESCOLA DE ENSINO FUNDAMENTAL","0.3817","0.46","0.3711","0.017","abaixo do limiar ou ambíguo"
"50027603","ESCOLA MUNICIPAL IRACY DA SILVA ALMEIDA","Ribas do Rio Pardo","ESCOLA MUNICIPAL DE ENSINO FUNDAMENTA PR","0.4969","0.5075","0.701","0.0553","abaixo do limiar ou ambíguo"
"50031007","ESCOLA MUNICIPAL PROF MAREIDE MONTEIRO DE LIMA","Ribas do Rio Pardo","ESCOLA MUNICIPAL DE PRIMEIRO AO NONO ANO","0.4534","0.5833","0.3529","0.0455","abaixo do limiar ou ambíguo"
"50031643","EMEI IVONE ARAUJO BARROS ABES","Ribas do Rio Pardo","","","","","","sem candidato nominal"
"50033026","ESCOLA MUNICIPAL DE EDUCACAO INFANTIL CRIANCEIRAS","Ribas do Rio Pardo","CEINF CRIANCEIRAS","0.6181","0.7273","0.6429","0.1963","abaixo do limiar ou ambíguo"
"50034898","ESCOLA MUNICIPAL DE EDUCACAO INFANTIL SAO JOAO","Ribas do Rio Pardo","CRECHE SAO JOAO","0.5925","0.6667","0.6891","0.1602","abaixo do limiar ou ambíguo"
"50036220","ESCOLA MUNICIPAL DE EDUCACAO INFANTIL AQUARELA","Ribas do Rio Pardo","ESCOLA MUNICIPAL","0.5185","0.5185","0","0.005","abaixo do limiar ou ambíguo"
"50036289","ESCOLA DO SESI RIBAS DO RIO PARDO","Ribas do Rio Pardo","","","","","","sem candidato nominal"
"50036416","ESCOLA PADRAO - UNIDADE RIBAS DO RIO PARDO","Ribas do Rio Pardo","","","","","","sem candidato nominal"
"50019252","EE ETALIVIO PEREIRA MARTINS","Rio Brilhante","","","","","","sem candidato nominal"
"50019287","ESCOLA MUNICIPAL PREFEITO SIRIO BORGES","Rio Brilhante","ESCOLA SIRIO BORGES","0.6595","0.7143","0.8333","0.2311","abaixo do limiar ou ambíguo"
"50019295","EE PROFª LIGIA TEREZINHA MARTINS","Rio Brilhante","ESCOLA ESTADUAL PROFESSORA LIGIA TEREZIN","0.5937","0.7692","0.449","0.5937","abaixo do limiar ou ambíguo"
"50019309","ESCOLA MUNICIPAL SIDNEY COELHO NOGUEIRA","Rio Brilhante","ESCOLA MUNICIPAL OACIR VIDAL","0.4148","0.5517","0.2796","0.0336","abaixo do limiar ou ambíguo"
"50024337","ESCOLA FAMILIA AGRICOLA ROSALVO DA ROCHA RODRIGUES","Rio Brilhante","","","","","","sem candidato nominal"
"50026798","CENTRO EDUCACIONAL MUNICIPAL CRIANCA ESPERANCA IV","Rio Brilhante","ESCOLA CRIANCA ESPERANCA 5","0.7048","0.9867","0.3579","0.027","abaixo do limiar ou ambíguo"
"50030876","CENTRO DE EDUCACAO INFANTIL SONIA BORGES SILVEIRA","Rio Brilhante","CENTRO DE EDUCACAO INFANTIL ANA PERES S","0.5448","0.6757","0.4842","0.006","abaixo do limiar ou ambíguo"
"50031201","ESCOLA MUNICIPAL DE EDUCACAO INFANTIL E ENSINO FUNDAMENTAL SAO JUDAS","Rio Brilhante","CENTRO DE EDUCACAO INFANTIL ANA PERES S","0.4258","0.4667","0.525","0.083","abaixo do limiar ou ambíguo"
"50031538","CENTRO DE EDUCACAO INFANTIL ANA PERES DA SILVA DONA NITA","Rio Brilhante","CENTRO DE EDUCACAO INFANTIL ANA PERES S","0.6885","0.7949","0.7527","0.2031","abaixo do limiar ou ambíguo"
"50031759","CENTRO EDUCACIONAL MUNICIPAL DE EDUCACAO INFANTIL E ENSINO FUNDAMENTAL CRIANCA ESPERANCA VI","Rio Brilhante","CENTRO EDUCACIONAL MUNICIPAL CRIANCA E","0.5306","0.5893","0.6355","0.0767","abaixo do limiar ou ambíguo"
"50036343","ESCOLA DE EDUCACAO CATIVANTE - UNIDADE II","Rio Brilhante","","","","","","sem candidato nominal"
"50036505","CENTRO DE EDUCACAO INFANTIL MUNICIPAL ANTONIO SERGIO CAETANO - PROFESSOR CAETANO","Rio Brilhante","CENTRO DE EDUCACAO INFANTIL ANA PERES S","0.5474","0.5474","0","0.0319","abaixo do limiar ou ambíguo"
"50043404","CENTRO EDUCACIONAL MUNICIPAL DE EDUCACAO INFANTIL E ENSINO FUNDAMENTAL CRIANCA ESPERANCA V","Rio Brilhante","ESCOLA CRIANCA ESPERANCA 5","0.5701","0.6122","0.7327","0.0752","abaixo do limiar ou ambíguo"
"50044001","ESCOLA DE EDUCACAO CATIVANTE","Rio Brilhante","CENTRO DE EDUCACAO INFANTIL ANA PERES S","0.425","0.5","0.4423","0.0334","abaixo do limiar ou ambíguo"
"50059920","CENTRO DE EDUCACAO INFANTIL ELISA NANTES FLORES","Rio Brilhante","CENTRO DE EDUCACAO INFANTIL ANA PERES S","0.5854","0.75","0.4632","0.086","abaixo do limiar ou ambíguo"
"50024221","CENTRO DE ED ESP RIO NEGRO - APAE","Rio Negro","","","","","","sem candidato nominal"
"50004042","CEDERV - C DE EDUC ESPECIAL DE RIO VERDE","Rio Verde de Mato Grosso","","","","","","sem candidato nominal"
"50026623","CEI - MENINO JESUS","Rio Verde de Mato Grosso","","","","","","sem candidato nominal"
"50029304","CEI - PEQUENO PRINCIPE","Rio Verde de Mato Grosso","","","","","","sem candidato nominal"
"50030205","AGENCIA SENAI RIO VERDE DE MATO GROSSO LUIZ CLAUDIO SABEDOTTI FORNARI","Rio Verde de Mato Grosso","","","","","","sem candidato nominal"
"50031937","CEI VENANCIA GONCALVES FERREIRA","Rio Verde de Mato Grosso","","","","","","sem candidato nominal"
"50033751","CEI - HEITOR E HELOISA","Rio Verde de Mato Grosso","CENTRO DE EDUCACAO INFANTIL HEITOR E HELOISA","0.6445","0.75","0.6903","0.6445","abaixo do limiar ou ambíguo"
"50045814","CENTRO DE EDUCACAO INFANTIL PROINFANCIA PEQUENO APRENDIZ","Rochedo","","","","","","sem candidato nominal"
"50025015","EMEI ANTONIO ARCANJO DOS SANTOS JUNIOR","Santa Rita do Pardo","","","","","","sem candidato nominal"
"50025023","EM RAIMUNDO CANDIDO DE ARAUJO","Santa Rita do Pardo","","","","","","sem candidato nominal"
"50028260","ESCOLA ESPECIAL AGRIPINO COSTA LIMA","Santa Rita do Pardo","ESCOLA ESTADUAL JOSE FERREIRA LIMA","0.4164","0.5085","0.3889","0.4164","abaixo do limiar ou ambíguo"
"50029967","CEI - RUTH SOILLET DE OLIVEIRA LIMA","Santa Rita do Pardo","","","","","","sem candidato nominal"
"50036238","CENTRO EDUCACIONAL MAGNIFIC LTDA","Santa Rita do Pardo","","","","","","sem candidato nominal"
"50004336","ASSOC DE PAIS E AMIGOS DOS EXCEPCIONAIS","São Gabriel do Oeste","","","","","","sem candidato nominal"
"50024663","CENTRO MUNICIPAL DE EDUCACAO INFANTIL MUNDO DA CRIANCA","São Gabriel do Oeste","CRECHE MUNDO DA CRIANCA","0.6551","0.7333","0.7711","0.2217","abaixo do limiar ou ambíguo"
"50024671","CENTRO MUNICIPAL DE EDUCACAO INFANTIL JARDIM GRAMADO","São Gabriel do Oeste","CMEI JARDIM GRAMADO","0.5854","0.75","0.4632","0.1899","abaixo do limiar ou ambíguo"
"50027638","EE PROFª CREUZA APARECIDA DELLA COLETA","São Gabriel do Oeste","ESCOLA ESTADUAL PROFESSORA CREUZA APAREC","0.6272","0.6818","0.7865","0.6272","abaixo do limiar ou ambíguo"
"50028707","ESCOLA JUNIOR","São Gabriel do Oeste","ESCOLA","0.4422","0.625","0.2105","0.012","abaixo do limiar ou ambíguo"
"50030540","CENTRO MUNICIPAL DE EDUCACAO INFANTIL PEQUENO CIDADAO","São Gabriel do Oeste","ESCOLA DE EDUCACAO INFANTIL","0.4945","0.5217","0.6579","0.1141","abaixo do limiar ou ambíguo"
"50031864","CENTRO MUNICIPAL DE EDUCACAO INFANTIL CRIANCA FELIZ","São Gabriel do Oeste","CMEI CRIANCA FELIZ","0.6615","0.7333","0.7957","0.2337","abaixo do limiar ou ambíguo"
"50034529","CENTRO DE EDUCACAO E RECREACAO INFANTIL FUTURO BRILHANTE","São Gabriel do Oeste","FUTURO BRILHANTE","0.5099","0.6222","0.4773","0.1048","abaixo do limiar ou ambíguo"
"50036521","LH EDUCACAO E RECREACAO INFANTIL LTDA","São Gabriel do Oeste","ESCOLA DE EDUCACAO INFANTIL","0.5556","0.5556","0","0.5556","abaixo do limiar ou ambíguo"
"50021656","CENTRO DE EDUCACAO ESPECIAL SETEQUEDENSE - CEES","Sete Quedas","","","","","","sem candidato nominal"
"50021672","ESCOLA IMACULADO CORACAO DE MARIA","Sete Quedas","","","","","","sem candidato nominal"
"50026526","CENTRO EDUCACIONAL INFANTIL MEUS FILHOS","Sete Quedas","CENTRO EDUCACIONAL INFANTIL PROFESSORA SOLIRIA","0.5522","0.6957","0.4651","0.5522","abaixo do limiar ou ambíguo"
"50030000","ESCOLA MUNICIPAL INACIO DE CASTRO","Sete Quedas","ESCOLA MUNICIPAL ELOI","0.4383","0.6087","0.2342","0.0286","abaixo do limiar ou ambíguo"
"50036114","COLEGIO EDUCARE LTDA","Sete Quedas","","","","","","sem candidato nominal"
"50022768","ESCOLA MUNICIPAL DO CAMPO PROFESSOR JOSE DODO DA ROCHA","Selvíria","ESCOLA MUNICIPAL JOAQUIM CAMARGO","0.4119","0.5294","0.3218","0.0143","abaixo do limiar ou ambíguo"
"50030752","CEI - SELVIRIA ALEXANDRE","Selvíria","","","","","","sem candidato nominal"
"50034774","CENTRO DE EDUCACAO INFANTIL IZABEL BARBOSA DOS SANTOS","Selvíria","CENTRO DE EDUCACAO INFANTIL","0.4806","0.6765","0.2353","0.4806","abaixo do limiar ou ambíguo"
"50009826","CENTRO DE EDUCACAO ESPECIAL DE SIDROLANDIA - APAE","Sidrolândia","CENTRO MUNICIPAL DE EDUCACAO INFANTIL","0.4007","0.5278","0.2826","0.0121","abaixo do limiar ou ambíguo"
"50009885","EM PORFIRIA LOPES DO NASCIMENTO","Sidrolândia","ESCOLA PORFIRIA","0.5061","0.4828","0.7952","0.5061","abaixo do limiar ou ambíguo"
"50009893","EM PROFª NATALIA MORAES DE OLIVEIRA","Sidrolândia","","","","","","sem candidato nominal"
"50026968","CMEI - JOAO LEMES DE SOUZA","Sidrolândia","EMI EXTENSAO AIDE DE SOUZA","0.4063","0.5","0.3704","0.0088","abaixo do limiar ou ambíguo"
"50030760","EE KOPENOTI DE EM PROF LUCIO DIAS","Sidrolândia","","","","","","sem candidato nominal"
"50031619","EM LEONIDA LA ROSA BALBUENA","Sidrolândia","","","","","","sem candidato nominal"
"50031627","CMEI - PROFESSORA TELMA FERREIRA RABERO","Sidrolândia","","","","","","sem candidato nominal"
"50032194","AGENCIA SENAI SIDROLANDIA","Sidrolândia","UNIGRAN EAD UNIDADE SIDROLANDIA","0.3791","0.4762","0.3226","0.0228","abaixo do limiar ou ambíguo"
"50032305","CAEE - SIDROLANDIA","Sidrolândia","UNIGRAN EAD UNIDADE SIDROLANDIA","0.458","0.5882","0.359","0.458","abaixo do limiar ou ambíguo"
"50035983","ESCOLA MUNICIPAL SANDRO LUIZ GONZALES","Sidrolândia","ESCOLA MUNICIPAL OLINDA BRITO DE SOUZA","0.5545","0.5625","0.7912","0.0313","abaixo do limiar ou ambíguo"
"50036297","EE INDIGENA FLAVIANA ALCANTARA FIGUEIREDO","Sidrolândia","","","","","","sem candidato nominal"
"50037803","CMEI - CANTINHO FELIZ","Sidrolândia","","","","","","sem candidato nominal"
"50060813","CMEI PROF MICHELLE MARIA CANEJO","Sidrolândia","","","","","","sem candidato nominal"
"50030086","CMEI - PROFª ELZA ALVES LEME","Sidrolândia","CMEI ELZA ALVES LEMES","0.6999","0.8276","0.7184","0.6999","abaixo do limiar ou ambíguo"
"50004620","EE COMANDANTE MAURICIO COUTINHO DUTRA","Sonora","","","","","","sem candidato nominal"
"50004638","ESCOLA MUNICIPAL FRANCESCO BATTISTA GIOBBI","Sonora","ESC MUN FRANCESCO BATTISTA GIOBBI","0.6159","0.88","0.2703","0.2362","abaixo do limiar ou ambíguo"
"50022652","EM LUIGI GAZZOLO","Sonora","","","","","","sem candidato nominal"
"50027670","CMEI - LORENZO GIOBBI","Sonora","","","","","","sem candidato nominal"
"50027778","CEDESO - C DE EDUC ESPECIAL DE SONORA","Sonora","","","","","","sem candidato nominal"
"50032496","AGENCIA SENAI SONORA","Sonora","","","","","","sem candidato nominal"
"50036262","CEMEI FRANCISCO GIOBBI","Sonora","ESC MUN FRANCESCO BATTISTA GIOBBI","0.5532","0.5532","0","0.5532","abaixo do limiar ou ambíguo"
"50044800","CMEI - LUCIANO SAMURIO DA SILVA","Sonora","CENTRO DE EDUCACAO LUCIANO SAMURIO","0.5836","0.8387","0.2444","0.5836","abaixo do limiar ou ambíguo"
"50021796","EE PROF CLETO DE MORAES COSTA","Tacuru","ESCOLA ESTADUAL PROFESSOR CLETO DE MORAI","0.6719","0.7692","0.75","0.6719","abaixo do limiar ou ambíguo"
"50026518","CEI - CENTRO EDUCACIONAL INFANTIL SORRISO DA CRIANCA","Tacuru","CENTRO EDUCACIONAL INFANTIL","0.6023","0.7164","0.608","0.6023","abaixo do limiar ou ambíguo"
"50029894","ESCOLA MUNICIPAL INDIGENA UBALDO ARANDU KWE - MI - POLO","Tacuru","ESCOLA MUNICIPAL UBALDO URENDU KWE MI","0.5921","0.75","0.4889","0.5921","abaixo do limiar ou ambíguo"
"50033050","ESCOLA MUNICIPAL TOMASIA DE VARGAS - POLO","Tacuru","ESCOLA TOMAZIA VARGA","0.5911","0.7826","0.4074","0.5911","abaixo do limiar ou ambíguo"
"50034260","ESCOLA DE EDUCACAO ESPECIAL NOVA ESPERANCA","Tacuru","","","","","","sem candidato nominal"
"50027131","ESCOLA DE EDUCACAO ESPECIAL NOVOS HORIZONTES","Taquarussu","APAE NOVOS HORIZONTES","0.6354","0.7","0.7748","0.6354","abaixo do limiar ou ambíguo"
"50010069","EM ASSENTAMENTO CAMPO VERDE","Terenos","ESCOLA MUNICIPAL CAMPO VERDE","0.5433","0.6667","0.5","0.5433","abaixo do limiar ou ambíguo"
"50010093","ESCOLA ESPECIAL RAIO DE LUZ - PESTALOZZI","Terenos","ASSOCIACAO PESTALOZI","0.4861","0.4762","0.7339","0.4861","abaixo do limiar ou ambíguo"
"50025635","CMEI - SANTA ANA","Terenos","","","","","","sem candidato nominal"
"50029533","EM ISABEL DE CAMPOS WIDAL RODRIGUES","Terenos","ESCOLA M ISABEL C W RODRIGUES","0.6098","0.7179","0.6333","0.6098","abaixo do limiar ou ambíguo"
"50031082","ESCOLA MUNICIPAL ROSA IDALINA BRAGA BARBOZA","Terenos","ESCOLA MUNICIPAL ALVARO LOPES","0.4325","0.5484","0.3559","0.0477","abaixo do limiar ou ambíguo"
"50032151","ESCOLA MUNICIPAL PROFª VILMA FATIMA DE ASSIS BARRETO","Terenos","ESCOLA MUNICIPAL VILMA DE FATIMA","0.5024","0.7143","0.2292","0.139","abaixo do limiar ou ambíguo"
"50032364","CAEE - TERENOS","Terenos","","","","","","sem candidato nominal"
"50012118","EE DOM AQUINO CORREA","Três Lagoas","ESCOLA DOM AQUINO","0.6459","0.7273","0.75","0.28","abaixo do limiar ou ambíguo"
"50012169","EE PROF JOAO MAGIANO PINTO","Três Lagoas","","","","","","sem candidato nominal"
"50012177","EE JOAO PONCE DE ARRUDA","Três Lagoas","ESCOLA ESADUAL JOAO PONCE","0.549","0.5517","0.7957","0.549","abaixo do limiar ou ambíguo"
"50012185","C E I DIOGENES DE LIMA","Três Lagoas","CENTRO DE EDUCACAO INFANTIL DIOGENES DE LIMA","0.6482","0.7333","0.7442","0.6482","abaixo do limiar ou ambíguo"
"50012207","EM FLAUSINA DE ASSUNCAO MARINHO","Três Lagoas","","","","","","sem candidato nominal"
"50012266","EM PRESIDENTE MEDICI","Três Lagoas","","","","","","sem candidato nominal"
"50012274","EM PROFª MARIA DE LOURDES LOPES","Três Lagoas","","","","","","sem candidato nominal"
"50012304","EM SENADOR FILINTO MULLER","Três Lagoas","","","","","","sem candidato nominal"
"50012320","ESCOLA DO SESI TRES LAGOAS","Três Lagoas","ESCOLA SESI","0.4683","0.6","0.3704","0.4683","abaixo do limiar ou ambíguo"
"50012479","CENTRO EDUCACIONAL DE TRES LAGOAS","Três Lagoas","CENTRO EDUCACIONAL PROF DONADONI","0.4437","0.5714","0.3441","0.0112","abaixo do limiar ou ambíguo"
"50012487","EXITUS SISTEMA DE ENSINO","Três Lagoas","SISTEMA FIEMS SESI","0.3696","0.5185","0.1852","0.3696","abaixo do limiar ou ambíguo"
"50023772","CEI - GUANABARA","Três Lagoas","","","","","","sem candidato nominal"
"50023780","EM GAL NELSON CUSTODIO DE OLIVEIRA","Três Lagoas","GENERAL NELSOM CUSTODIO DE OLIVEIRA","0.6462","0.8077","0.5593","0.6462","abaixo do limiar ou ambíguo"
"50023799","CEI - DONA DIVA GARCIA DE SOUZA","Três Lagoas","","","","","","sem candidato nominal"
"50023802","CEI - PROFESSORA ELIZIA OLIVEIRA DOS SANTOS","Três Lagoas","","","","","","sem candidato nominal"
"50023810","CEI - NILZA TEBET THOME","Três Lagoas","CENTRO DE EDUCACAO INFANTIL NILZA TEBET","0.4687","0.5806","0.4182","0.4687","abaixo do limiar ou ambíguo"
"50024701","COLEGIO HERMESINDO ALONSO GONZALEZ","Três Lagoas","","","","","","sem candidato nominal"
"50024787","CEI - OLGA SALATI MARCONDES","Três Lagoas","","","","","","sem candidato nominal"
"50027425","CEI - JACI CAMBUI FERREIRA","Três Lagoas","ESCOLA ESTADUAL JOZE FERREIRA","0.3544","0.5","0.1707","0.3544","abaixo do limiar ou ambíguo"
"50028251","SESC TRES LAGOAS","Três Lagoas","ESCOLA SESI","0.4088","0.5455","0.2716","0.4088","abaixo do limiar ou ambíguo"
"50029312","UNITRES","Três Lagoas","","","","","","sem candidato nominal"
"50030280","CENTRO DE EDUCACAO PROFISSIONAL - SENAC TRES LAGOAS","Três Lagoas","CENTRO EDUCACIONAL PROF DONADONI","0.3931","0.5143","0.2857","0.0161","abaixo do limiar ou ambíguo"
"50030337","FACULDADE DE TECNOLOGIA SENAI TRES LAGOAS JOSE PAULO RIMOLI","Três Lagoas","","","","","","sem candidato nominal"
"50030612","CEI -PROFESSORA MARONITA PEREIRA DOS SANTOS","Três Lagoas","CEI PROF MARIA APARECIDA DO NASCIMENTO CASTRO","0.3549","0.5","0.1728","0.0302","abaixo do limiar ou ambíguo"
"50030965","CEI - NOVO ALVORADA","Três Lagoas","CENTRO DE EDUCACAO INFANTIL NOVO ALVORAD","0.5865","0.6897","0.6111","0.5865","abaixo do limiar ou ambíguo"
"50031350","ESCOLA MUNICIPAL PROF ELSON LOT RIGO","Três Lagoas","ESCOLA MUNICIPAL","0.4561","0.6364","0.2366","0.0077","abaixo do limiar ou ambíguo"
"50031490","CEI - PROF NEIFE DE SOUZA LIMA","Três Lagoas","","","","","","sem candidato nominal"
"50031775","COLEGIO HY","Três Lagoas","COLEGIO MACKENZIE","0.366","0.5217","0.1636","0.366","abaixo do limiar ou ambíguo"
"50032046","ESCOLA PREMIER","Três Lagoas","ESCOLA","0.4297","0.5882","0.25","0.0194","abaixo do limiar ou ambíguo"
"50032089","EE LUIZ LOPES DE CARVALHO","Três Lagoas","ESCOLA PROF LUIZ LOPES","0.571","0.5714","0.8333","0.571","abaixo do limiar ou ambíguo"
"50032950","ANGLO TRES LAGOAS","Três Lagoas","","","","","","sem candidato nominal"
"50033832","CENTRO DE EDUCACAO INFANTIL PROFª ANDREA MARTINEZ TABANEZ","Três Lagoas","CEI PROFESSORA ANDREA MARTINEZ TABANEZ","0.6824","0.8571","0.5806","0.1685","abaixo do limiar ou ambíguo"
"50034758","CENTRO DE EDUCACAO INFANTIL NOVO OESTE II","Três Lagoas","CENTRO DE EDUCACAO INFANTIL CEI","0.6082","0.8","0.4314","0.0249","abaixo do limiar ou ambíguo"
"50034766","ESCOLA MUNICIPAL PROFESSORA ELAINE DE SA COSTA","Três Lagoas","ESCOLA MUNICIPAL","0.455","0.5957","0.3294","0.0171","abaixo do limiar ou ambíguo"
"50034782","CENTRO EDUCACIONAL SELETO LTDA","Três Lagoas","DAMASIO EDUCACIONAL","0.4373","0.5581","0.3509","0.0037","abaixo do limiar ou ambíguo"
"50034847","COLEGIO MIEZA","Três Lagoas","COLEGIO MACKENZIE","0.525","0.6154","0.5517","0.525","abaixo do limiar ou ambíguo"
"50035398","COLEGIO BILINGUE MB DE TRES LAGOAS - MAPLE BEAR TRES LAGOAS","Três Lagoas","","","","","","sem candidato nominal"
"50035479","INSTITUTO EDUCACIONAL PISTORI","Três Lagoas","BECARIO PISTORI","0.44","0.5","0.5","0.0535","abaixo do limiar ou ambíguo"
"50035622","CEI - PROF EDNEIA BORGES","Três Lagoas","","","","","","sem candidato nominal"
"50035630","CEI - JARDIM DAS ACACIAS","Três Lagoas","","","","","","sem candidato nominal"
"50036211","INSTITUTO PRESBITERIANO SIAO","Três Lagoas","INSTITUTO JOAO VITAR","0.4762","0.4762","0","0.4762","abaixo do limiar ou ambíguo"
"50036360","CMEI - MAIS PARQUE","Três Lagoas","ESCOLA MUNICIPAL JOAQUIM MARQUES","0.4545","0.4545","0","0.4545","abaixo do limiar ou ambíguo"
"50038800","EMEC - ANTONIO CAMARGO GARCIA","Três Lagoas","ESCOLA MUNICIPAL ANTONIO GARCIA","0.5382","0.6857","0.4348","0.5382","abaixo do limiar ou ambíguo"
"50040200","COLEGIO SALESIANO DOM BOSCO DE TRES LAGOAS","Três Lagoas","ESCOLA REGULAR SALESIANO","0.5627","0.5357","0.8868","0.5627","abaixo do limiar ou ambíguo"
"50063812","CENTRO DE ENSINO E TECNOLOGIA APLICADA - CETEA","Três Lagoas","","","","","","sem candidato nominal"
"50072919","EMTI PROFª MARLENE NORONHA GONCALVES","Três Lagoas","","","","","","sem candidato nominal"
"50082868","IFMS - CAMPUS TRES LAGOAS","Três Lagoas","","","","","","sem candidato nominal"
"50035258","EM DE EDUCACAO NO CAMPO ARAPUA","Três Lagoas","","","","","","sem candidato nominal"
"50019406","ESCOLA MUNICIPAL DE EDUCACAO INFANTIL E ENSINO FUNDAMENTAL ANTONIA ALVES FEITOSA","Vicentina","ESCOLA ANTONIA ALVES FEITOSA","0.5832","0.6545","0.6824","0.2053","abaixo do limiar ou ambíguo"
"50019414","ESCOLA MUNICIPAL DE EDUCACAO INFANTIL E ENSINO FUNDAMENTAL JOSE DO PATROCINIO - POLO E EXTENSAO","Vicentina","","","","","","sem candidato nominal"
"50028987","COLEGIO NOVA DIMENSAO SS LTDA","Campo Grande","NOVA DIMENSAO","0.7092","0.7857","0.8539","0.1007","colisão de candidato CNEFE"
"50023080","EMEI SAO JOSE","Campo Grande","ESCOLA SAO JOSE","0.6904","1","0.2708","0.0928","colisão de candidato CNEFE"
"50035509","COLEGIO STATUS - UNIDADE 3","Campo Grande","COLEGIO STATUS","0.6784","1","0.2245","0.2363","colisão de candidato CNEFE"
"50035959","ESCOLA DE EDUCACAO INFANTIL E ENSINO FUNDAMENTAL NOVO FUTURO LTDA","Campo Grande","ESCOLA DE EDUCACAO INFANTIL E FUNDAMENTA","0.6459","0.9609","0.1928","0.1307","colisão de candidato CNEFE"
"50032143","ESCOLA DE EDUCACAO INFANTIL E ENSINO FUNDAMENTAL MIL CONTOS","Campo Grande","ESCOLA DE EDUCACAO INFANTIL E FUNDAMENTA","0.6393","0.9682","0.15","0.0855","colisão de candidato CNEFE"
"50026631","COLEGIO SAO FRANCISCO EIEFM","Campo Grande","","","","","","ponte INEP 2022 rejeitada por colisão de endereço CNEFE"
"50032143","ESCOLA DE EDUCACAO INFANTIL E ENSINO FUNDAMENTAL MIL CONTOS","Campo Grande","","","","","","ponte INEP 2022 rejeitada por colisão de endereço CNEFE"
